"tumor","exp_sig3","rat_sig3","sig_max_wl","max_wl"
"SIM-00001",11.7536201275588,0.189574518186432,"Signature_5",0.719503351824916
"SIM-00002",0,0,"Signature_5",0.999999994440121
"SIM-00003",46.177765459859,0.624023857565662,"Signature_3",0.999999999999415
"SIM-00004",39.9477914706822,0.518802486632236,"Signature_5",0.952680158059335
"SIM-00005",16.3780127464291,0.327560254928582,"Signature_3",0.999014630231146
"SIM-00006",28.2631271236894,0.448621065455387,"Signature_3",0.99990917582263
"SIM-00007",46.5241854347848,0.58891373968082,"Signature_3",0.999999998203574
"SIM-00008",29.3462464467992,0.438003678310436,"Signature_3",0.999999999995419
"SIM-00009",15.0310582961686,0.294726633258209,"Signature_3",0.968888382596908
"SIM-00010",20.8425573722558,0.49625136600609,"Signature_3",0.987431931826286
"SIM-00011",19.1589305969581,0.35479501105478,"Signature_5",0.569024675347675
"SIM-00012",24.768295106273,0.516006148047354,"Signature_3",0.999996833650046
"SIM-00013",28.723380562757,0.39347096661311,"Signature_3",0.99999995385794
"SIM-00014",30.4752130416003,0.516529034603395,"Signature_3",0.999999444971209
"SIM-00015",38.5011849597386,0.687521159995332,"Signature_3",0.999999999999991
"SIM-00016",19.595141766638,0.445344131059955,"Signature_3",0.999999998020255
"SIM-00017",26.6376136097931,0.332970170122413,"Signature_5",0.554549774145302
"SIM-00018",40.0885554333943,0.400885554333943,"Signature_3",0.998270336625246
"SIM-00019",13.8735970808992,0.21677495438905,"Signature_3",0.6927861671835
"SIM-00020",25.8141811266267,0.409748906771853,"Signature_3",0.999947027271324
"SIM-00021",0,0,"Signature_5",0.999505791656398
"SIM-00022",11.7986999367555,0.310492103598829,"Signature_3",0.724183654295429
"SIM-00023",23.003867170402,0.338292164270618,"Signature_5",0.997638694272749
"SIM-00024",16.130464471902,0.224034228776416,"Signature_5",0.999733567440961
"SIM-00025",31.6337609121078,0.536165439188268,"Signature_3",0.999992097759973
"SIM-00026",40.7999547019526,0.516455122809527,"Signature_3",0.99906312146971
"SIM-00027",28.5623958091866,0.328303400105593,"Signature_3",0.999719244519013
"SIM-00028",46.0085435593604,0.414491383417661,"Signature_3",0.999959800234037
"SIM-00029",19.3934519808717,0.346311642515566,"Signature_5",0.675273345422777
"SIM-00030",37.2439880907798,0.653403299838241,"Signature_3",0.999999998372713
"SIM-00031",28.3114466515058,0.367681125344231,"Signature_3",0.999928570247161
"SIM-00032",17.271511046073,0.375467631436369,"Signature_3",0.999999994957411
"SIM-00033",28.0301841303321,0.483279036729864,"Signature_3",0.999979400843666
"SIM-00034",24.3572257314477,0.37472654971458,"Signature_3",0.996902362813974
"SIM-00035",0,0,"Signature_5",0.999987350456312
"SIM-00036",44.6152668915636,0.637360955593766,"Signature_3",0.999999999994474
"SIM-00037",26.52403619157,0.56434119556532,"Signature_3",0.999979701315224
"SIM-00038",22.2182763277332,0.2709545893626,"Signature_3",0.977475232577884
"SIM-00039",29.6150685710201,0.448713160166971,"Signature_3",0.999912930302248
"SIM-00040",26.2448344459494,0.452497145619818,"Signature_3",0.999999598179471
"SIM-00041",18.0192140136646,0.310676103683873,"Signature_3",0.68297913641476
"SIM-00042",11.4317302481722,0.219840966311003,"Signature_5",0.886421080334369
"SIM-00043",20.1779770302178,0.388038019811881,"Signature_3",0.990851211750235
"SIM-00044",42.4734764245479,0.75845493615264,"Signature_3",0.999999999999478
"SIM-00045",29.5589610477221,0.537435655413129,"Signature_3",0.999999999870996
"SIM-00046",36.0319626925049,0.537790487947834,"Signature_3",0.999999999999982
"SIM-00047",24.7929318869855,0.619823297174637,"Signature_3",0.999999999784756
"SIM-00048",40.2699680317035,0.583622725097153,"Signature_3",0.999921767214309
"SIM-00049",40.3065445444804,0.639786421340959,"Signature_3",0.999999999999856
"SIM-00050",4.82189578422186,0.080364929737031,"Signature_5",0.99999998651679
"SIM-00051",41.9253944310136,0.551649926723864,"Signature_3",0.931469292112327
"SIM-00052",43.0442485251449,0.58167903412358,"Signature_3",0.999999999866958
"SIM-00053",16.1471734704914,0.221194157130019,"Signature_3",0.670404658725137
"SIM-00054",20.8604786842183,0.443839972004645,"Signature_3",0.999858831464729
"SIM-00055",24.3923255492437,0.348461793560624,"Signature_3",0.999738409553166
"SIM-00056",12.3664885958412,0.257635179080026,"Signature_3",0.58457680581536
"SIM-00057",11.8740009032676,0.312473707980727,"Signature_3",0.999370169586741
"SIM-00058",43.9560633015572,0.505242106914451,"Signature_3",0.99999851602603
"SIM-00059",0,0,"Signature_5",0.999999999999995
"SIM-00060",21.0271465797483,0.512857233652397,"Signature_3",0.999999481817952
"SIM-00061",38.1974949734936,0.707361018027659,"Signature_3",0.999990100393197
"SIM-00062",25.8650152681539,0.359236323168804,"Signature_3",0.715395791876396
"SIM-00063",41.3175424615467,0.573854756410371,"Signature_3",0.999999739731191
"SIM-00064",15.7145931713026,0.357149844802332,"Signature_3",0.999966697924059
"SIM-00065",3.9937133284192,0.107938198065384,"Signature_5",0.996863131739787
"SIM-00066",58.2840557835895,0.647600619817661,"Signature_3",1
"SIM-00067",17.2923280395018,0.326270340367958,"Signature_3",0.999983233587758
"SIM-00068",0,0,"Signature_5",0.999998583625824
"SIM-00069",13.5279733974455,0.294086378205336,"Signature_5",0.834476867185937
"SIM-00070",19.6473318785874,0.43660737507972,"Signature_5",0.993432258983442
"SIM-00071",0,0,"Signature_5",0.999813657839459
"SIM-00072",45.4356292494777,0.597837226966812,"Signature_3",0.999999999999994
"SIM-00073",25.4196711217863,0.385146532148278,"Signature_3",0.974844179263449
"SIM-00074",32.9136971604983,0.374019285914753,"Signature_3",0.999999996372398
"SIM-00075",24.3129358006159,0.357543173538469,"Signature_3",0.999711034382017
"SIM-00076",13.273621050863,0.457711070719414,"Signature_5",0.867109721822397
"SIM-00077",32.8185150796772,0.497250228479957,"Signature_3",0.999405328003839
"SIM-00078",25.8529495110596,0.445740508811373,"Signature_3",0.999555041031366
"SIM-00079",5.47904982944784,0.152195828595773,"Signature_3",0.99930731251905
"SIM-00080",36.5902135875426,0.580797041072106,"Signature_3",0.999999998998802
"SIM-00081",11.3777054469075,0.299413301234408,"Signature_3",0.968226959392086
"SIM-00082",30.9066695998823,0.429259299998365,"Signature_5",0.987833053834511
"SIM-00083",18.8548428458505,0.418996507685567,"Signature_5",0.965913709992162
"SIM-00084",24.3044753301487,0.458575006229221,"Signature_3",0.999973219081463
"SIM-00085",7.95915300245306,0.159183060049061,"Signature_3",0.957937313355843
"SIM-00086",22.4517150662373,0.345411001019035,"Signature_3",0.99993065995429
"SIM-00087",11.6920646710208,0.19167319132821,"Signature_3",0.978542257938867
"SIM-00088",22.5760490380037,0.425963189396296,"Signature_3",0.999999962457669
"SIM-00089",12.906872853018,0.268893184437875,"Signature_3",0.691077642008636
"SIM-00090",32.903648610712,0.700077630015149,"Signature_3",0.999999999926687
"SIM-00091",37.9440805388804,0.592876258420006,"Signature_3",0.999999999999863
"SIM-00092",28.451049757968,0.748711835735999,"Signature_3",0.999999989112414
"SIM-00093",32.6684903785126,0.441466086196116,"Signature_3",0.999991808448934
"SIM-00094",30.681756376581,0.472027021178169,"Signature_3",0.99999984567519
"SIM-00095",49.7115028164092,0.764792351021681,"Signature_3",0.999999999999999
"SIM-00096",0,0,"Signature_5",0.999999999969002
"SIM-00097",31.3105432894361,0.530687174397222,"Signature_3",0.999997828518881
"SIM-00098",19.0569091535711,0.414280633773284,"Signature_3",0.999970375127208
"SIM-00099",23.5619665237991,0.280499601473799,"Signature_5",0.556197685725131
"SIM-00100",15.7645753222645,0.303164910043549,"Signature_5",0.504017712685974
"SIM-00101",21.2546878559519,0.462058431651129,"Signature_3",0.999999971066947
"SIM-00102",31.720962928762,0.566445766585036,"Signature_3",0.999999956875184
"SIM-00103",20.166001295123,0.504150032378076,"Signature_3",0.999999997592627
"SIM-00104",23.406137715814,0.458943876780666,"Signature_3",0.998846740482521
"SIM-00105",45.4375934406161,0.575159410640711,"Signature_3",0.999999999935736
"SIM-00106",29.0612617503232,0.392719753382747,"Signature_3",0.999842897865805
"SIM-00107",45.6426780088395,0.59276205206285,"Signature_3",0.999999968969546
"SIM-00108",50.6310655261926,0.830017467642503,"Signature_3",1
"SIM-00109",0,0,"Signature_5",0.999999995187399
"SIM-00110",83.6008314552369,0.844452842982191,"Signature_3",1
"SIM-00111",0,0,"Signature_5",0.997924390767382
"SIM-00112",24.2112133308233,0.456815345864591,"Signature_5",0.653933365568004
"SIM-00113",18.6087569046531,0.3154026594009,"Signature_3",0.999999999866742
"SIM-00114",19.871968628638,0.405550380176285,"Signature_3",0.999999985152547
"SIM-00115",0,0,"Signature_5",0.999985577845255
"SIM-00116",0,0,"Signature_3",0.996196690239848
"SIM-00117",0,0,"Signature_3",0.98377064562321
"SIM-00118",0,0,"Signature_5",0.942273095659321
"SIM-00119",20.9974925036083,0.368377061466813,"Signature_3",0.951293592209281
"SIM-00120",35.7259760092352,0.533223522525898,"Signature_3",0.999999999999989
"SIM-00121",55.4879631602475,0.6234602602275,"Signature_3",0.99999999999854
"SIM-00122",17.735617236875,0.39412482748611,"Signature_3",0.996931301864116
"SIM-00123",38.9898291882092,0.51302406826591,"Signature_3",0.999999388190351
"SIM-00124",0,0,"Signature_5",0.990086248033193
"SIM-00125",51.0147384308599,0.629811585566171,"Signature_3",0.999999999469312
"SIM-00126",26.0589835904156,0.521179671808312,"Signature_3",0.99876777903484
"SIM-00127",27.3329925979686,0.463271060982519,"Signature_3",0.999999908141151
"SIM-00128",23.2973248894671,0.337642389702422,"Signature_3",0.999990786727598
"SIM-00129",15.723992354039,0.62895969416156,"Signature_3",0.999818932677249
"SIM-00130",31.3149352045144,0.329630896889625,"Signature_5",0.560127006610572
"SIM-00131",0,0,"Signature_5",0.999999999995104
"SIM-00132",33.1233956480215,0.624969729207954,"Signature_3",0.999999800593244
"SIM-00133",6.51858912695349,0.112389467706095,"Signature_5",0.99977534296551
"SIM-00134",14.764888569257,0.227152131834724,"Signature_5",0.895938115424378
"SIM-00135",17.40798156943,0.435199539235749,"Signature_3",0.999786286796923
"SIM-00136",35.8332567681315,0.459400727796558,"Signature_3",0.999999772580975
"SIM-00137",10.9584143992269,0.210738738446671,"Signature_5",0.999988300761269
"SIM-00138",35.824005966014,0.651345563018436,"Signature_3",0.999999999983557
"SIM-00139",24.6948482374615,0.493896964749231,"Signature_3",0.998499062550257
"SIM-00140",24.9427561005329,0.461902890750609,"Signature_3",0.999504387732919
"SIM-00141",17.7936531989259,0.363135779569915,"Signature_3",0.999999989488504
"SIM-00142",11.7601891261814,0.336005403605181,"Signature_3",0.545512118463617
"SIM-00143",12.4545957430292,0.244207759667239,"Signature_5",0.775821344862512
"SIM-00144",17.7995627229206,0.278118167545634,"Signature_3",0.992904639798436
"SIM-00145",0,0,"Signature_5",0.999993469816273
"SIM-00146",29.5191498240394,0.398907430054586,"Signature_3",0.999999998577759
"SIM-00147",18.5693142664321,0.247590856885761,"Signature_5",0.961935931424769
"SIM-00148",24.805311030373,0.590602643580309,"Signature_3",0.999996418766981
"SIM-00149",0,0,"Signature_5",0.999999999999999
"SIM-00150",42.4229491597851,0.623866899408605,"Signature_3",0.999999997833479
"SIM-00151",25.9977132750447,0.553142835639249,"Signature_3",0.999999944583909
"SIM-00152",18.7831312696876,0.243936769736203,"Signature_3",0.999962006549549
"SIM-00153",0,0,"Signature_5",0.999524519343052
"SIM-00154",0,0,"Signature_3",0.959152894022805
"SIM-00155",7.17177429623534,0.155908136874681,"Signature_5",0.991630454533841
"SIM-00156",42.0155263369504,0.52519407921188,"Signature_3",0.99999998866533
"SIM-00157",12.7665447104247,0.26596968146718,"Signature_3",0.999971596556496
"SIM-00158",12.4862507868758,0.235589637488223,"Signature_5",0.999968813433326
"SIM-00159",33.0191124238275,0.471701606054678,"Signature_3",0.99999995645046
"SIM-00160",16.2741818979546,0.406854547448866,"Signature_3",0.989510905119359
"SIM-00161",20.7702811294114,0.364390897007217,"Signature_5",0.886540078442629
"SIM-00162",38.9800810078056,0.5413900139973,"Signature_3",0.99999999157917
"SIM-00163",10.5762359286583,0.220338248513714,"Signature_3",0.587701407883748
"SIM-00164",49.3345061486298,0.714992842733765,"Signature_3",0.999999999999938
"SIM-00165",42.165326295744,0.479151435178909,"Signature_3",0.99936451675606
"SIM-00166",34.8548763275323,0.810578519244937,"Signature_3",0.999999986247049
"SIM-00167",24.1254204606144,0.26806022734016,"Signature_5",0.736275201524061
"SIM-00168",10.6023375175212,0.225581649308961,"Signature_5",0.999918927204346
"SIM-00169",41.9358122923129,0.524197653653911,"Signature_3",0.999624190588735
"SIM-00170",27.7220608630466,0.565756344143807,"Signature_3",0.999927379987674
"SIM-00171",14.2918640999321,0.250734457893546,"Signature_3",0.99999843496765
"SIM-00172",26.7919355780957,0.81187683569987,"Signature_3",0.999999999990874
"SIM-00173",20.204057908095,0.367346507419908,"Signature_3",0.999945273757687
"SIM-00174",29.7585099836874,0.487844425962089,"Signature_3",0.999951324962964
"SIM-00175",16.957720120363,0.3083221840066,"Signature_5",0.971917692811021
"SIM-00176",37.804980327029,0.581615081954292,"Signature_3",0.999999986578677
"SIM-00177",35.9385237079431,0.513407481542045,"Signature_3",0.999692958270901
"SIM-00178",40.3628101215086,0.568490283401529,"Signature_3",0.999999973971955
"SIM-00179",40.9734253060522,0.569075351472947,"Signature_3",1
"SIM-00180",11.4806895042693,0.239181031338943,"Signature_5",0.949052783143845
"SIM-00181",15.4472798500528,0.367792377382209,"Signature_3",0.99730978280878
"SIM-00182",40.6878424749301,0.542504566332401,"Signature_3",0.999999999005033
"SIM-00183",13.6004512871296,0.388584322489416,"Signature_3",0.999913454939669
"SIM-00184",13.0679631669762,0.21422890437666,"Signature_5",0.954400093374439
"SIM-00185",24.8208966719336,0.636433247998299,"Signature_3",0.999999999946433
"SIM-00186",14.0489437602999,0.280978875205997,"Signature_5",0.998314677617027
"SIM-00187",25.2844040267487,0.428549220792351,"Signature_3",0.998762554445647
"SIM-00188",38.2234371539213,0.53835826977354,"Signature_5",0.553595134807504
"SIM-00189",12.2010574158306,0.225945507700568,"Signature_3",0.999975759222278
"SIM-00190",30.2448935894498,0.657497686727169,"Signature_3",0.999999462171695
"SIM-00191",27.4829278220818,0.518545807963808,"Signature_3",0.999161014593571
"SIM-00192",0,0,"Signature_5",0.99988083291605
"SIM-00193",40.585220259421,0.75157815295224,"Signature_3",0.999999999999829
"SIM-00194",19.6503039323333,0.288975057828431,"Signature_3",0.981561288064359
"SIM-00195",0,0,"Signature_5",0.999908374683019
"SIM-00196",18.5988186613719,0.432530666543532,"Signature_3",0.998070011434809
"SIM-00197",29.9021350114345,0.415307430714368,"Signature_3",0.993598435509544
"SIM-00198",35.5449911083216,0.522720457475317,"Signature_3",0.999999998769699
"SIM-00199",25.3969900869589,0.409628872370304,"Signature_3",0.99999999999918
"SIM-00200",23.0378726826243,0.31558729702225,"Signature_5",0.608527178077463
"SIM-00201",10.9795038654317,0.219590077308633,"Signature_3",0.829634419259676
"SIM-00202",35.0283141662925,0.648672484560973,"Signature_3",0.999999987932932
"SIM-00203",17.5996735317331,0.25881872840784,"Signature_5",0.999093142652332
"SIM-00204",38.6770632893304,0.604329113895787,"Signature_3",0.999999999999681
"SIM-00205",20.1744545706485,0.360258117333008,"Signature_3",0.818464982841243
"SIM-00206",42.0708202117287,0.609722032054039,"Signature_3",1
"SIM-00207",8.43322535000933,0.401582159524254,"Signature_3",0.999833815112112
"SIM-00208",28.7872834290257,0.564456537824033,"Signature_3",0.999999979150832
"SIM-00209",33.9284225619645,0.514067008514614,"Signature_3",0.999904674162576
"SIM-00210",0,0,"Signature_5",0.999999999999984
"SIM-00211",7.59553625376913,0.245017298508682,"Signature_5",0.989665403334862
"SIM-00212",15.3220490038439,0.414109432536323,"Signature_3",0.997248489072548
"SIM-00213",16.0585682276424,0.341671664417922,"Signature_3",0.547680245220879
"SIM-00214",13.5923216297163,0.339808040742908,"Signature_5",0.955765089793247
"SIM-00215",24.7793964012337,0.485870517671249,"Signature_3",0.999986764179231
"SIM-00216",19.702792508944,0.303119884752985,"Signature_3",0.99964228427633
"SIM-00217",25.7663391104074,0.396405217083191,"Signature_3",0.999993485483452
"SIM-00218",14.2160835782481,0.355402089456201,"Signature_5",0.611697315898261
"SIM-00219",36.4041481607145,0.413683501826301,"Signature_3",0.689610712277748
"SIM-00220",0,0,"Signature_5",0.99999985067299
"SIM-00221",41.4539136727589,0.476481766353551,"Signature_3",0.999999999962241
"SIM-00222",24.8418699805582,0.496837399611163,"Signature_5",0.998048734158399
"SIM-00223",31.0709644287704,0.398345697804749,"Signature_5",0.866408324282609
"SIM-00224",44.9285711716658,0.632796777065716,"Signature_3",1
"SIM-00225",50.2234310060487,0.517767329959265,"Signature_3",0.999999999999994
"SIM-00226",16.2509752500187,0.246226897727556,"Signature_3",0.998672114755314
"SIM-00227",15.5675806561775,0.345946236803945,"Signature_3",0.960682860958549
"SIM-00228",24.1850969318995,0.525762976780423,"Signature_3",0.99899779432098
"SIM-00229",20.3715580808002,0.333959968537708,"Signature_3",0.999997308865251
"SIM-00230",17.1109095565368,0.275982412202207,"Signature_3",0.993197863335459
"SIM-00231",19.9181094313161,0.569088840894745,"Signature_3",0.991831762892799
"SIM-00232",14.663433239087,0.271545059983093,"Signature_5",0.999990425977699
"SIM-00233",53.3673613098362,0.833865020466191,"Signature_3",1
"SIM-00234",36.4011463371574,0.55153252025996,"Signature_3",0.999999690514632
"SIM-00235",0,0,"Signature_5",0.999991924685509
"SIM-00236",25.2617691011243,0.443188931598673,"Signature_3",0.999999994140623
"SIM-00237",16.5162027766457,0.246510489203668,"Signature_5",0.606068983105895
"SIM-00238",10.3094935117508,0.198259490610593,"Signature_3",0.99916838876475
"SIM-00239",37.7464213317275,0.517074264818185,"Signature_3",0.999999999999857
"SIM-00240",26.8570401836181,0.358093869114907,"Signature_3",0.999999997270735
"SIM-00241",5.60179764807414,0.155605490224282,"Signature_3",0.698115450269545
"SIM-00242",22.5305140462435,0.285196380332196,"Signature_5",0.791692513638285
"SIM-00243",30.6648820809061,0.511081368015102,"Signature_3",0.999999995327485
"SIM-00244",19.8051567431807,0.341468219710013,"Signature_3",0.999999999771459
"SIM-00245",15.2750674579653,0.391668396358086,"Signature_3",0.99988504562961
"SIM-00246",36.1268884601184,0.501762339723866,"Signature_3",0.973065470712592
"SIM-00247",19.6371973609669,0.35703995201758,"Signature_3",0.992454290972504
"SIM-00248",26.4721621450911,0.551503378022731,"Signature_3",0.999998149131172
"SIM-00249",28.5508713599579,0.380678284799439,"Signature_3",0.999992478410723
"SIM-00250",12.2383986308283,0.222516338742332,"Signature_3",0.999939813245721
"SIM-00251",45.0828416344106,0.479604698238411,"Signature_3",0.999999999999723
"SIM-00252",17.5976827756604,0.266631557206976,"Signature_5",0.999889068281607
"SIM-00253",2.93956663231378,0.0459307286299029,"Signature_5",0.999999999994337
"SIM-00254",7.69654723966656,0.187720664382111,"Signature_3",0.99996227276327
"SIM-00255",17.1491048570658,0.612468030609493,"Signature_3",0.999974526480736
"SIM-00256",17.524890646563,0.297032044857,"Signature_5",0.999999169293367
"SIM-00257",13.4380521685847,0.559918840357696,"Signature_3",0.710712744364079
"SIM-00258",0,0,"Signature_5",0.999858109622362
"SIM-00259",17.9751123773906,0.209012934620821,"Signature_5",0.999729583926856
"SIM-00260",28.6490999776741,0.454747618693239,"Signature_3",0.999998813183639
"SIM-00261",16.8099388484123,0.2849142177697,"Signature_3",0.999999546404318
"SIM-00262",24.162485957745,0.493111958321326,"Signature_3",0.998367939282065
"SIM-00263",45.1561507092363,0.728325011439295,"Signature_3",1
"SIM-00264",19.3578410402836,0.496354898468811,"Signature_3",0.999971384894461
"SIM-00265",11.437651388818,0.254170030862622,"Signature_3",0.996095820097135
"SIM-00266",20.4851235666786,0.35319178563239,"Signature_3",0.998911845152771
"SIM-00267",50.3986273758901,0.741156284939561,"Signature_3",1
"SIM-00268",21.7749603168063,0.395908369396478,"Signature_3",0.999999461914488
"SIM-00269",0,0,"Signature_5",0.998769210428346
"SIM-00270",32.4472386006508,0.444482720556861,"Signature_3",0.999999999028654
"SIM-00271",26.8342534190906,0.638910795692633,"Signature_3",0.999686215195225
"SIM-00272",47.6856193997558,0.671628442250082,"Signature_3",1
"SIM-00273",17.0875973836401,0.488217068104004,"Signature_3",0.971074164952391
"SIM-00274",37.6967493263193,0.516393826387936,"Signature_3",0.99999997984884
"SIM-00275",20.7125451916559,0.345209086527598,"Signature_3",0.991745314497397
"SIM-00276",38.9491201049457,0.683317896577995,"Signature_3",0.999999999999517
"SIM-00277",0,0,"Signature_3",0.999999216880953
"SIM-00278",21.8971663208108,0.456190965016892,"Signature_3",0.999999324181422
"SIM-00279",0,0,"Signature_5",0.999999940732157
"SIM-00280",50.0110925475355,0.819853976189107,"Signature_3",1
"SIM-00281",32.2341462725977,0.418625276267503,"Signature_3",0.999999972717305
"SIM-00282",37.4541910661897,0.585221735409214,"Signature_3",0.999999989461501
"SIM-00283",26.1432776048251,0.396110266739775,"Signature_3",0.999999999996125
"SIM-00284",38.8531785560924,0.616717119937975,"Signature_3",0.999999999845121
"SIM-00285",28.4695625842502,0.749199015375004,"Signature_3",0.99999999878997
"SIM-00286",44.1003550267626,0.572731883464449,"Signature_3",0.999885617270251
"SIM-00287",6.43772441082339,0.123802392515834,"Signature_5",0.99614468326149
"SIM-00288",25.3381115488027,0.395907992950042,"Signature_3",0.999999999975134
"SIM-00289",0,0,"Signature_5",0.999897244262275
"SIM-00290",23.1432176040379,0.350654812182392,"Signature_3",0.984955412386486
"SIM-00291",53.0632117916213,0.631704902281206,"Signature_3",0.999910161123859
"SIM-00292",16.2736025099367,0.254275039217761,"Signature_5",0.999999022163754
"SIM-00293",27.8852665387157,0.429004100595626,"Signature_3",0.999998762374146
"SIM-00294",16.029260516223,0.302438877664584,"Signature_3",0.999887330414279
"SIM-00295",34.8273901742497,0.710763064780605,"Signature_3",0.999999999538334
"SIM-00296",40.1628755188328,0.680726703709031,"Signature_3",0.999999999308897
"SIM-00297",35.2309838531344,0.550484122705226,"Signature_3",0.999950859583956
"SIM-00298",17.8681627262288,0.270729738276195,"Signature_5",0.999998718329834
"SIM-00299",9.41725621428553,0.294289256696423,"Signature_5",0.619632265183962
"SIM-00300",31.5214944226403,0.67067009409873,"Signature_3",0.999999999122694
"SIM-00301",30.4500839586988,0.461364908465133,"Signature_3",0.999999997317218
"SIM-00302",16.7117699805386,0.348161874594554,"Signature_3",0.999996012544003
"SIM-00303",52.2033856525092,0.607016112238479,"Signature_3",0.999999999999733
"SIM-00304",60.0923119951865,0.706968376413959,"Signature_3",0.999999999999825
"SIM-00305",43.6738624092749,0.507835609410173,"Signature_3",0.999999999999943
"SIM-00306",12.0027593912525,0.16905294917257,"Signature_5",0.808530907280792
"SIM-00307",36.4336408353404,0.461185327029625,"Signature_3",0.998145252801549
"SIM-00308",42.0125188226853,0.600178840324076,"Signature_3",0.999994959415229
"SIM-00309",14.3275294642366,0.223867647878696,"Signature_5",0.999877539554167
"SIM-00310",46.8332202980691,0.688723827912781,"Signature_3",0.999999999993605
"SIM-00311",10.4181096166368,0.196568105974278,"Signature_5",0.878572916241025
"SIM-00312",39.6779464430053,0.629808673698497,"Signature_3",0.99999999999988
"SIM-00313",19.5659589111689,0.205957462222831,"Signature_5",0.755013221166344
"SIM-00314",29.6347546048821,0.604790910303716,"Signature_3",0.999999999970887
"SIM-00315",26.789104680637,0.439165650502245,"Signature_3",0.999990201429845
"SIM-00316",11.6493156474958,0.190972387663865,"Signature_5",0.999961417416673
"SIM-00317",39.2039584422792,0.576528800621753,"Signature_3",0.999999729166997
"SIM-00318",13.2485439142718,0.179034377219889,"Signature_5",0.999999842481066
"SIM-00319",24.6384622550266,0.502825760306666,"Signature_3",0.999958968587146
"SIM-00320",35.5682573269338,0.624004514507611,"Signature_3",0.999999999999984
"SIM-00321",34.2905858327148,0.562140751355981,"Signature_3",0.999997457953386
"SIM-00322",9.19956115743187,0.153326019290531,"Signature_5",0.997744921774293
"SIM-00323",25.022529613657,0.463380178030686,"Signature_3",0.989288795895973
"SIM-00324",35.6969108723669,0.469696195689039,"Signature_3",0.999994147725518
"SIM-00325",38.4276415674977,0.556922341557938,"Signature_3",1
"SIM-00326",16.5637733519129,0.290592514945841,"Signature_3",0.991497138749659
"SIM-00327",23.7936398855558,0.403282031958573,"Signature_3",0.995959260767502
"SIM-00328",8.90881221385428,0.168090796487817,"Signature_3",0.999989998190895
"SIM-00329",0,0,"Signature_5",0.993706736720012
"SIM-00330",26.1040898428703,0.474619815324914,"Signature_3",0.999848792954729
"SIM-00331",30.7305949651204,0.512176582752006,"Signature_3",0.99999999724186
"SIM-00332",41.1482019441655,0.63304926067947,"Signature_3",0.999834331071811
"SIM-00333",16.0313719012723,0.232338723206845,"Signature_3",0.869134184389855
"SIM-00334",23.4637022775837,0.345054445258583,"Signature_5",0.989612479209337
"SIM-00335",31.4172524624799,0.515036925614425,"Signature_3",0.999999987380469
"SIM-00336",18.2942654587182,0.2903851660114,"Signature_5",0.675191098188346
"SIM-00337",27.7457259407356,0.308285843785951,"Signature_5",0.558421424642991
"SIM-00338",30.2540155341214,0.420194660196131,"Signature_3",0.999912422681418
"SIM-00339",19.9900065545617,0.243780567738557,"Signature_3",0.654678826627862
"SIM-00340",6.30810823359721,0.143366096218118,"Signature_5",0.999531147324615
"SIM-00341",29.21363975528,0.478912127135737,"Signature_3",0.999993920606878
"SIM-00342",29.7396946162355,0.691620805028732,"Signature_3",0.999999999501758
"SIM-00343",12.4181803928141,0.443506442600503,"Signature_3",0.990245106141261
"SIM-00344",26.9879227137412,0.374832259913072,"Signature_5",0.999981053877624
"SIM-00345",1.16513109810585,0.0151315727026734,"Signature_5",0.999999999983541
"SIM-00346",11.5258656017848,0.182950247647378,"Signature_3",0.999990446944475
"SIM-00347",27.4973703683033,0.423036467204667,"Signature_3",0.999969524790656
"SIM-00348",27.0566916445535,0.474678800781641,"Signature_3",0.957156285481564
"SIM-00349",18.4015727596229,0.575049148738215,"Signature_3",0.999981650329702
"SIM-00350",16.5419458332441,0.232985152580903,"Signature_5",0.999981289405157
"SIM-00351",21.6378133494623,0.393414788172042,"Signature_5",0.811306942454105
"SIM-00352",23.5753515761045,0.523896701691211,"Signature_3",0.996505246557928
"SIM-00353",31.6692206782423,0.458974212728149,"Signature_3",0.999968200804366
"SIM-00354",14.0432398116543,0.234053996860906,"Signature_3",0.993550814126858
"SIM-00355",0,0,"Signature_5",1
"SIM-00356",27.0106852288948,0.403144555655146,"Signature_3",0.999999990581173
"SIM-00357",18.4108254524077,0.292235324641392,"Signature_3",0.95730053569178
"SIM-00358",0,0,"Signature_5",1
"SIM-00359",33.3516923338353,0.694826923621568,"Signature_3",0.999999939377699
"SIM-00360",41.1980900436774,0.722773509538201,"Signature_3",0.999999999999999
"SIM-00361",30.1420786802996,0.449881771347755,"Signature_3",0.9999999380423
"SIM-00362",29.475759594929,0.589515191898581,"Signature_3",0.999999979300423
"SIM-00363",37.5210229681751,0.507040850921285,"Signature_3",0.681821373162495
"SIM-00364",24.109514125269,0.408635832631679,"Signature_3",0.99448315591554
"SIM-00365",16.9833790669103,0.273925468821134,"Signature_3",0.999988274593673
"SIM-00366",26.5601258264041,0.542043384212328,"Signature_3",0.999999197878082
"SIM-00367",37.6794594641594,0.710933197436969,"Signature_3",0.999999999994394
"SIM-00368",29.4551073000924,0.499239106781228,"Signature_3",0.999996060421305
"SIM-00369",29.8085047875002,0.56242461863208,"Signature_3",0.999999999999668
"SIM-00370",22.2564593696722,0.364859989666757,"Signature_3",0.99999927817325
"SIM-00371",36.5089165900398,0.588853493387738,"Signature_3",0.999999929285009
"SIM-00372",0,0,"Signature_5",0.999999086979961
"SIM-00373",28.2700658895275,0.38726117656887,"Signature_3",0.992106046944831
"SIM-00374",33.6046435243,0.448061913657334,"Signature_3",0.998805914399949
"SIM-00375",37.5142494394126,0.535917849134465,"Signature_3",0.999999268841324
"SIM-00376",11.608311952075,0.313738160866892,"Signature_3",0.995266820097852
"SIM-00377",36.1019682790534,0.707881730961832,"Signature_3",0.999999999777423
"SIM-00378",19.5347629134079,0.315076821183998,"Signature_5",0.749061933894008
"SIM-00379",46.7879205938433,0.75464388054586,"Signature_3",0.999999999998519
"SIM-00380",16.3574336102607,0.302915437227049,"Signature_3",0.999935217690148
"SIM-00381",19.9285823829164,0.376010988356912,"Signature_3",0.999841905536999
"SIM-00382",20.7315050202736,0.545565921586147,"Signature_3",0.98119783001786
"SIM-00383",16.1000710022389,0.392684658591192,"Signature_3",0.991451485025397
"SIM-00384",25.6838626023385,0.535080470882052,"Signature_3",0.999999999698506
"SIM-00385",26.2906368729017,0.40447133650618,"Signature_3",0.999990775845089
"SIM-00386",14.9740011062141,0.318595768217322,"Signature_3",0.874963673775118
"SIM-00387",18.3696519768408,0.42720120876374,"Signature_3",0.999311435660389
"SIM-00388",16.8663973178724,0.366660811258095,"Signature_3",0.999602190358
"SIM-00389",16.8419707665621,0.27609788141905,"Signature_3",0.98452053298846
"SIM-00390",34.0753346790544,0.668143817236362,"Signature_3",0.99999999987837
"SIM-00391",24.0135667488602,0.461799360555004,"Signature_3",0.981839614154965
"SIM-00392",45.6586774814779,0.496289972624759,"Signature_3",0.999953187651675
"SIM-00393",16.360096586519,0.282070630802053,"Signature_3",0.863051910047304
"SIM-00394",20.3416846048535,0.535307489601408,"Signature_3",0.967353265970594
"SIM-00395",30.6984663751598,0.568490118058515,"Signature_3",0.999999999999993
"SIM-00396",41.9641577398995,0.518076021480241,"Signature_3",0.999999582630626
"SIM-00397",18.2213712415872,0.39611676612146,"Signature_3",0.932798548756598
"SIM-00398",22.240344286873,0.364595807981525,"Signature_3",0.999999912681454
"SIM-00399",32.6539183720093,0.526676102774344,"Signature_3",0.999999707552394
"SIM-00400",28.2059481913348,0.397266875934292,"Signature_3",0.994503215844643
"SIM-00401",43.0633829402616,0.729887846445112,"Signature_3",0.999999999962184
"SIM-00402",20.7013038379421,0.328592124411779,"Signature_5",0.99999999908854
"SIM-00403",14.2840043115164,0.52903719672283,"Signature_3",0.559405580539765
"SIM-00404",24.8018290662523,0.506159776862291,"Signature_3",0.99999764352645
"SIM-00405",44.3753629669172,0.887507259338344,"Signature_3",1
"SIM-00406",17.4708532816935,0.426118372724232,"Signature_3",0.999999967000428
"SIM-00407",17.5121604262154,0.312717150468132,"Signature_5",0.999978851748758
"SIM-00408",12.2341437520207,0.313695993641556,"Signature_3",0.946275664070564
"SIM-00409",14.5876792227744,0.310376153676051,"Signature_3",0.999965780820145
"SIM-00410",21.8199432297987,0.294864097699983,"Signature_3",0.999678441347254
"SIM-00411",18.957485638099,0.291653625201524,"Signature_5",0.999756709853822
"SIM-00412",43.0421823362167,0.742106592003736,"Signature_3",0.999999999999993
"SIM-00413",18.1346543453447,0.335826932321198,"Signature_3",0.999754611443639
"SIM-00414",44.5355700044818,0.500399662971705,"Signature_3",0.999999999971028
"SIM-00415",39.6191218600318,0.582634145000467,"Signature_3",0.99999999992756
"SIM-00416",24.4666637560364,0.429239715018183,"Signature_3",0.999986936183878
"SIM-00417",44.2444200891678,0.606087946426956,"Signature_3",0.99999998943036
"SIM-00418",19.6894068439894,0.468795401047368,"Signature_3",0.997572941527132
"SIM-00419",15.0405387816946,0.4423687876969,"Signature_3",0.999060499124203
"SIM-00420",27.3881685496263,0.636934152316891,"Signature_3",0.999999972449603
"SIM-00421",29.9787923816297,0.356890385495592,"Signature_3",0.999999262557348
"SIM-00422",52.3340514479901,0.679663005818053,"Signature_3",0.999999999999989
"SIM-00423",2.23918257526223,0.373197095877039,"Signature_3",0.987095691594136
"SIM-00424",14.2447715218073,0.229754379383988,"Signature_5",0.917837766997524
"SIM-00425",12.6330200103023,0.229691272914588,"Signature_5",0.952104723515497
"SIM-00426",20.2316567149559,0.321137408173904,"Signature_3",0.999104860360682
"SIM-00427",18.8395080271914,0.428170636981623,"Signature_3",0.999973582569236
"SIM-00428",25.3059313893037,0.436309161884546,"Signature_3",0.988531889533151
"SIM-00429",0,0,"Signature_5",0.999759639235875
"SIM-00430",21.2052124310149,0.415788479039508,"Signature_3",0.999987242532041
"SIM-00431",0,0,"Signature_5",0.999945573515829
"SIM-00432",32.655393149341,0.379713873829546,"Signature_3",0.999999999988823
"SIM-00433",31.417817209604,0.476027533478849,"Signature_3",0.999999632728176
"SIM-00434",18.3301990189617,0.286409359671277,"Signature_3",0.935841233090617
"SIM-00435",0,0,"Signature_3",0.912901431834176
"SIM-00436",18.165537956401,0.422454371079092,"Signature_3",0.996852432010801
"SIM-00437",44.8429282747902,0.503853126683036,"Signature_3",0.999886709246787
"SIM-00438",9.29300589563689,0.299774383730222,"Signature_3",0.907655107958561
"SIM-00439",6.9102429925731,0.104700651402623,"Signature_5",0.999999885773289
"SIM-00440",20.7699618466221,0.314696391615486,"Signature_3",0.583363035891187
"SIM-00441",15.0351622285936,0.518453869951502,"Signature_3",0.999995471472008
"SIM-00442",14.5479510990029,0.227311735921921,"Signature_5",0.999999163466939
"SIM-00443",39.7377599498031,0.503009619617761,"Signature_3",0.999999999999575
"SIM-00444",52.2221692252074,0.687133805594834,"Signature_3",0.999999999999493
"SIM-00445",48.6155800961741,0.540173112179712,"Signature_3",0.999999999852168
"SIM-00446",7.42358074626194,0.265127883795069,"Signature_5",0.824426401925034
"SIM-00447",39.2022443206924,0.603111451087575,"Signature_3",0.999999999999937
"SIM-00448",31.3711283106837,0.540881522597994,"Signature_3",0.99999978087589
"SIM-00449",29.5294486804553,0.415907727893737,"Signature_3",0.999669995120931
"SIM-00450",17.3178494706337,0.279320152752156,"Signature_3",0.62271709915524
"SIM-00451",14.6817692289076,0.248843546252672,"Signature_5",0.999898311506149
"SIM-00452",31.110250288463,0.510004103089557,"Signature_5",0.996390635950846
"SIM-00453",0,0,"Signature_5",0.99999875206741
"SIM-00454",0,0,"Signature_5",0.999989075869226
"SIM-00455",46.5435553497894,0.560765727105896,"Signature_3",0.999690161070977
"SIM-00456",21.6604824385988,0.309435463408555,"Signature_5",0.996092853203067
"SIM-00457",16.9012971005301,0.296513984219825,"Signature_5",0.916016195616386
"SIM-00458",26.9985442712209,0.613603278891383,"Signature_3",0.999916939335884
"SIM-00459",32.7595050049382,0.511867265702159,"Signature_3",0.999990861314001
"SIM-00460",11.2629277126317,0.268164945538849,"Signature_5",0.751095489241642
"SIM-00461",39.1763731359902,0.45030313949414,"Signature_3",0.998650135714319
"SIM-00462",3.36442076437951,0.0764641082813525,"Signature_5",0.999943655319935
"SIM-00463",22.3070922604661,0.455246780825839,"Signature_5",0.581238732144045
"SIM-00464",35.2269586930831,0.690724680256531,"Signature_3",0.99999999993829
"SIM-00465",0,0,"Signature_5",0.999999992376382
"SIM-00466",50.0158809255508,0.675890282777714,"Signature_3",1
"SIM-00467",39.6334120224839,0.825696083801748,"Signature_3",0.999999999989682
"SIM-00468",24.9868624827225,0.509935969035153,"Signature_3",0.99850586484422
"SIM-00469",9.30044657831571,0.147626136163741,"Signature_5",0.955130933442631
"SIM-00470",12.8085326172744,0.200133322144913,"Signature_3",0.992460012647721
"SIM-00471",29.8328064811701,0.693786197236514,"Signature_3",0.999999999992118
"SIM-00472",37.8358283075375,0.556409239816728,"Signature_3",0.999747528664167
"SIM-00473",7.83783469853212,0.301455180712774,"Signature_3",0.999454455871393
"SIM-00474",10.035123252667,0.218154853318849,"Signature_5",0.810046279880595
"SIM-00475",7.48662241147475,0.311942600478114,"Signature_3",0.987464414708034
"SIM-00476",24.3671208329107,0.427493347945802,"Signature_3",0.999999291022642
"SIM-00477",24.7226081851307,0.35829866934972,"Signature_3",0.906239981439846
"SIM-00478",29.0199241848439,0.558075465093153,"Signature_3",0.999999560804748
"SIM-00479",44.0365136901392,0.506166824024588,"Signature_3",0.999999999586365
"SIM-00480",20.4152026732455,0.314080041126854,"Signature_5",0.866678815172312
"SIM-00481",27.2913571465752,0.505395502714356,"Signature_3",0.999950650987159
"SIM-00482",35.0962295947869,0.494313092884322,"Signature_3",0.811188382745868
"SIM-00483",32.8300516643314,0.395542791136523,"Signature_3",0.715210993429893
"SIM-00484",0,0,"Signature_5",0.992445297401251
"SIM-00485",34.3239508620184,0.62407183385488,"Signature_3",0.999864900172874
"SIM-00486",18.0574853646981,0.228575764110103,"Signature_5",0.99996130464876
"SIM-00487",31.4913068813844,0.470019505692305,"Signature_3",0.999999924219292
"SIM-00488",16.3050251062704,0.286053072039832,"Signature_3",0.998650635297239
"SIM-00489",19.224384769831,0.320406412830517,"Signature_5",0.999890668717685
"SIM-00490",43.8046302550222,0.521483693512169,"Signature_3",0.999997286422074
"SIM-00491",28.873571666163,0.370173995720038,"Signature_3",0.999999342641825
"SIM-00492",39.0477391638872,0.542329710609545,"Signature_3",0.999999999999371
"SIM-00493",49.6146878768367,0.689092887178287,"Signature_3",1
"SIM-00494",19.4168580428013,0.431485734284474,"Signature_3",0.999999473576497
"SIM-00495",31.4243219821932,0.571351308767148,"Signature_3",0.999323714044115
"SIM-00496",22.788288454906,0.356067007107906,"Signature_5",0.999793227957268
"SIM-00497",49.5552580076896,0.825920966794827,"Signature_3",1
"SIM-00498",42.9864494198272,0.5808979651328,"Signature_3",1
"SIM-00499",10.1204962928471,0.171533835471985,"Signature_5",0.999996292847694
"SIM-00500",0,0,"Signature_5",0.911232653594375
"SIM-00501",18.9987739259526,0.41301682447723,"Signature_3",0.99999999997033
"SIM-00502",5.91705348792541,0.0924539607488345,"Signature_5",0.999977295742464
"SIM-00503",22.033914020915,0.333847182135076,"Signature_3",0.991971642143479
"SIM-00504",10.4419890872603,0.261049727181508,"Signature_3",0.998377101634167
"SIM-00505",41.0808329046935,0.526677344931968,"Signature_3",0.999999986026888
"SIM-00506",6.47793553777229,0.106195664553644,"Signature_3",0.763802875825583
"SIM-00507",15.3295806322877,0.247251300520769,"Signature_3",0.664202446689037
"SIM-00508",13.5511497790608,0.322646423310972,"Signature_3",0.999986851511172
"SIM-00509",34.1007817538849,0.725548547954997,"Signature_3",0.999999999829663
"SIM-00510",15.2430152278034,0.34643216426826,"Signature_5",0.974093960465725
"SIM-00511",16.6454124464412,0.282125634685444,"Signature_3",0.998825824869529
"SIM-00512",33.2604026653606,0.489123568608244,"Signature_3",0.999989341459235
"SIM-00513",37.3886763381456,0.667654934609743,"Signature_3",0.999999874521405
"SIM-00514",21.1056773242033,0.490829705214031,"Signature_3",0.999999999946932
"SIM-00515",42.7304689894506,0.700499491630338,"Signature_3",0.999999999999376
"SIM-00516",27.4395477066632,0.489991923333272,"Signature_3",0.999998023175768
"SIM-00517",0,0,"Signature_3",0.9867356763622
"SIM-00518",37.8280242802473,0.652207315176678,"Signature_3",0.999999999998603
"SIM-00519",25.9011810335383,0.498099635260352,"Signature_3",0.902232441991947
"SIM-00520",0,0,"Signature_5",0.999495759524802
"SIM-00521",23.9048123170217,0.612943905564658,"Signature_3",0.999999940337386
"SIM-00522",20.3184289235309,0.398400567128057,"Signature_3",0.999986492783587
"SIM-00523",22.8294871431134,0.496293198763336,"Signature_3",0.999999156800222
"SIM-00524",17.3385951555212,0.333434522221562,"Signature_5",0.958997690307138
"SIM-00525",35.3983161259272,0.47835562332334,"Signature_3",0.847471080679229
"SIM-00526",12.8244492205516,0.241970740010407,"Signature_5",0.999999250935979
"SIM-00527",34.7312495107648,0.510753669275953,"Signature_3",0.999804946490201
"SIM-00528",12.6813011267457,0.372979444904286,"Signature_3",0.997783505221383
"SIM-00529",25.9624307233087,0.432707178721812,"Signature_3",0.71508785991369
"SIM-00530",37.8097741147235,0.556026089922404,"Signature_3",0.999999999186593
"SIM-00531",23.3487986263195,0.424523611387628,"Signature_3",0.999999999991775
"SIM-00532",11.9762798510748,0.35224352503161,"Signature_5",0.858655231421172
"SIM-00533",35.8001217582651,0.586887241938772,"Signature_3",0.999997745678139
"SIM-00534",25.8305074612023,0.587056987754598,"Signature_3",0.999999996712442
"SIM-00535",0,0,"Signature_5",0.99999999723905
"SIM-00536",48.28428990132,0.804738165021999,"Signature_3",1
"SIM-00537",25.9366691237237,0.399025678826519,"Signature_3",0.999980367186295
"SIM-00538",28.2483279902681,0.403547542718115,"Signature_3",0.999999971514586
"SIM-00539",17.8599016664279,0.576125860207353,"Signature_5",0.952425563357772
"SIM-00540",34.3832552806933,0.537238363760833,"Signature_3",0.999999999986419
"SIM-00541",31.9073361800239,0.48344448757612,"Signature_3",0.999999999999126
"SIM-00542",0,0,"Signature_5",0.999961257921022
"SIM-00543",22.107919377441,0.526379032796213,"Signature_3",0.999992518181614
"SIM-00544",36.3195635918034,0.558762516796975,"Signature_3",0.999933258229989
"SIM-00545",20.5804786533666,0.354835838851148,"Signature_5",0.997383340719119
"SIM-00546",55.6403410434719,0.732109750571998,"Signature_3",0.999999999595985
"SIM-00547",41.6340132959563,0.507731869462882,"Signature_3",0.999999999344671
"SIM-00548",37.108179069718,0.407782187579319,"Signature_3",0.99999987319269
"SIM-00549",33.459444633197,0.531102295765032,"Signature_3",0.999995852431474
"SIM-00550",29.1783543824451,0.448897759729925,"Signature_3",0.678181615885632
"SIM-00551",29.7285514682907,0.512561232211909,"Signature_3",0.999616252057063
"SIM-00552",9.76352872694765,0.119067423499362,"Signature_5",1
"SIM-00553",34.6126509851648,0.567420507953521,"Signature_3",0.999999915938748
"SIM-00554",10.3973340347429,0.324916688585715,"Signature_3",0.58224454198477
"SIM-00555",17.213377878848,0.220684331780102,"Signature_3",0.935784740126462
"SIM-00556",15.4702945577298,0.2714086764514,"Signature_3",0.995360105910912
"SIM-00557",31.6115904265397,0.478963491311207,"Signature_3",0.999999911964183
"SIM-00558",32.3161366968724,0.557174770635731,"Signature_3",0.999999999861578
"SIM-00559",0,0,"Signature_5",0.999993987407443
"SIM-00560",20.0169702675772,0.281929158698271,"Signature_3",0.804304201187118
"SIM-00561",38.9506822222378,0.763738867102701,"Signature_3",0.999999999999973
"SIM-00562",6.30116131856609,0.112520737831537,"Signature_5",0.999975336615328
"SIM-00563",17.5368673744083,0.28285269958723,"Signature_3",0.999951539726308
"SIM-00564",31.3373744676219,0.531141940129185,"Signature_3",0.999982448013625
"SIM-00565",16.7203462878732,0.288281832549537,"Signature_5",0.985817416119739
"SIM-00566",28.4827242589198,0.508620076052139,"Signature_3",0.999999999988513
"SIM-00567",38.793612335914,0.570494299057559,"Signature_3",0.999999999998394
"SIM-00568",0,0,"Signature_5",0.999843656689713
"SIM-00569",20.9957350364726,0.524893375911815,"Signature_3",0.98979727364389
"SIM-00570",26.5432316793867,0.500815692063901,"Signature_3",0.999714227110603
"SIM-00571",26.1168660596199,0.522337321192399,"Signature_3",0.999999999749616
"SIM-00572",11.4141237515512,0.223806348069632,"Signature_5",0.979681603280945
"SIM-00573",10.2184115039939,0.164813088774095,"Signature_5",0.999874002569513
"SIM-00574",42.5965273240791,0.495308457256734,"Signature_3",0.999999999999996
"SIM-00575",24.4409992820687,0.47001921696286,"Signature_3",0.999999971036063
"SIM-00576",39.4994647542778,0.55633048949687,"Signature_3",0.999999999999931
"SIM-00577",36.7293095043074,0.459116368803842,"Signature_3",0.999922838756714
"SIM-00578",23.9440482044423,0.380064257213369,"Signature_3",0.997563027650496
"SIM-00579",9.56717682209321,0.245312226207518,"Signature_5",0.676655644794092
"SIM-00580",31.5066249648643,0.64299234622172,"Signature_3",0.999999999544224
"SIM-00581",13.7971086537806,0.530658025145409,"Signature_3",0.998608225416529
"SIM-00582",18.0912650882148,0.30152108480358,"Signature_5",0.999981333285194
"SIM-00583",11.8945623956178,0.191847780574481,"Signature_3",0.929313633551494
"SIM-00584",23.8008645785292,0.425015438902307,"Signature_3",0.999999999290462
"SIM-00585",23.3939595899177,0.441395463960711,"Signature_5",0.522396994296511
"SIM-00586",36.8478152109641,0.614130253516068,"Signature_3",0.999999999997112
"SIM-00587",17.1119840230691,0.335529098491552,"Signature_5",0.951312664478224
"SIM-00588",11.9839289808808,0.217889617834197,"Signature_5",0.991432348542779
"SIM-00589",31.4774381358567,0.655779961163681,"Signature_3",0.999850455534477
"SIM-00590",37.2605060527732,0.653693088645143,"Signature_3",0.999999999938989
"SIM-00591",23.7309612921091,0.527354695380201,"Signature_3",0.999097997220796
"SIM-00592",32.570787900074,0.533947342624164,"Signature_3",0.999771960506143
"SIM-00593",28.1126148396639,0.460862538355145,"Signature_3",0.999998145377218
"SIM-00594",7.76508225425908,0.221859492978831,"Signature_5",0.999966159236649
"SIM-00595",49.9020884345415,0.744807290067784,"Signature_3",0.999999999999984
"SIM-00596",32.369670257213,0.483129406824075,"Signature_3",0.999941556837434
"SIM-00597",9.5959929065367,0.171357016188155,"Signature_5",0.971070106238784
"SIM-00598",37.9053235478289,0.665005676277701,"Signature_3",0.999999997821537
"SIM-00599",0,0,"Signature_3",0.679619373059327
"SIM-00600",28.4032818384132,0.676268615200313,"Signature_3",0.999994238258388
"SIM-00601",38.8354850276026,0.497890833687213,"Signature_3",0.999994622680647
"SIM-00602",11.6319515417835,0.223691375803528,"Signature_3",0.884076453496297
"SIM-00603",37.6998751084181,0.698145835341076,"Signature_3",0.999999999999961
"SIM-00604",42.2628094526008,0.556089598060537,"Signature_3",0.99999940588111
"SIM-00605",9.07117268123624,0.13955650278825,"Signature_5",0.999999696685748
"SIM-00606",11.9105372569374,0.29050090870579,"Signature_5",0.917074372952946
"SIM-00607",13.3338529950256,0.218587754016814,"Signature_5",0.750273843429746
"SIM-00608",0,0,"Signature_3",0.993032930577095
"SIM-00609",47.7963773290698,0.582882650354509,"Signature_3",0.999999999995517
"SIM-00610",10.0004364751594,0.135141033448099,"Signature_5",0.999469362065262
"SIM-00611",26.4990360581334,0.327148593310288,"Signature_5",0.999986561322801
"SIM-00612",26.6376863104494,0.683017597703831,"Signature_3",0.999999837007461
"SIM-00613",3.88236405342868,0.0792319194577281,"Signature_5",0.997628958152456
"SIM-00614",18.3279660135971,0.436380143180882,"Signature_3",0.999961161994532
"SIM-00615",26.8301396547209,0.400449845592849,"Signature_3",0.9981928488382
"SIM-00616",24.2532474912484,0.307003132800613,"Signature_5",0.942342200850087
"SIM-00617",30.5228460032002,0.462467363684851,"Signature_3",0.999999960682426
"SIM-00618",23.178744085677,0.515083201903933,"Signature_3",0.999999801243111
"SIM-00619",36.9405496057808,0.586357930250488,"Signature_3",0.999999999978985
"SIM-00620",20.3276662259049,0.344536715693303,"Signature_3",0.999999969779601
"SIM-00621",40.642545012043,0.635039765813172,"Signature_3",0.999999998405734
"SIM-00622",27.1589888379944,0.405358042358126,"Signature_3",0.999891338535925
"SIM-00623",23.1265775281685,0.537827384376011,"Signature_3",0.999999885963749
"SIM-00624",22.5119988614328,0.478978699179422,"Signature_3",0.999999999394153
"SIM-00625",0,0,"Signature_5",0.999999984743495
"SIM-00626",18.377100777384,0.31684656512731,"Signature_5",0.955471105656081
"SIM-00627",47.5381337107305,0.601748527983931,"Signature_3",0.999998092644048
"SIM-00628",17.0084492274923,0.239555622922427,"Signature_5",0.994760833539104
"SIM-00629",7.77032145098264,0.155406429019653,"Signature_5",0.999993308347745
"SIM-00630",12.796113680256,0.228502030004572,"Signature_5",0.964445707922457
"SIM-00631",40.1968283619106,0.658964399375584,"Signature_3",0.999999999985685
"SIM-00632",15.0419118491918,0.231414028449104,"Signature_5",0.999039680656859
"SIM-00633",0,0,"Signature_5",0.999999831729291
"SIM-00634",31.1732006422171,0.384854328916261,"Signature_3",0.999998952761585
"SIM-00635",31.8732838572056,0.650475180759297,"Signature_3",0.999999929087558
"SIM-00636",23.9913112605659,0.292576966592267,"Signature_5",0.999116091806612
"SIM-00637",17.7283355770692,0.412286873885331,"Signature_3",0.999914209946274
"SIM-00638",14.2033573496886,0.330310636039269,"Signature_5",0.705514360174889
"SIM-00639",15.4244587394696,0.385611468486739,"Signature_5",0.950465166972795
"SIM-00640",0,0,"Signature_5",0.999288666432538
"SIM-00641",24.9184180383333,0.415306967305555,"Signature_3",0.996473516834425
"SIM-00642",14.4343015060191,0.267301879741094,"Signature_5",0.993351375095914
"SIM-00643",17.1412398551556,0.311658906457375,"Signature_3",0.99550970104552
"SIM-00644",29.4885204902025,0.491475341503376,"Signature_3",0.998012350804766
"SIM-00645",0,0,"Signature_5",0.993212434034184
"SIM-00646",23.3572383715919,0.467144767431839,"Signature_3",0.999999990143497
"SIM-00647",28.5868148780645,0.635262552845878,"Signature_3",0.999999999999752
"SIM-00648",23.7594057406344,0.505519271077328,"Signature_3",0.999344522881728
"SIM-00649",23.6478998336847,0.352953728860965,"Signature_5",0.998147941624361
"SIM-00650",0,0,"Signature_5",0.999998180084995
"SIM-00651",32.5236173334515,0.570589777779851,"Signature_3",0.971021986773162
"SIM-00652",7.53236319318634,0.0953463695340044,"Signature_5",0.999999999987986
"SIM-00653",40.28833179417,0.69462641024431,"Signature_3",0.999999999999977
"SIM-00654",42.8979062545601,0.571972083394134,"Signature_3",1
"SIM-00655",39.4669613231447,0.789339226462893,"Signature_3",0.99999999998534
"SIM-00656",21.2596695813111,0.312642199725164,"Signature_3",0.997372611012717
"SIM-00657",31.0782183648526,0.478126436382348,"Signature_3",0.998460355585175
"SIM-00658",35.2618189185634,0.511040853892223,"Signature_3",0.999461398355161
"SIM-00659",10.1332897812029,0.247153409297633,"Signature_3",0.987848362939927
"SIM-00660",23.1523456175444,0.538426642268475,"Signature_3",0.999998505330593
"SIM-00661",40.1310108121749,0.627047043940232,"Signature_3",0.999999995936135
"SIM-00662",24.9223237534038,0.453133159152796,"Signature_5",0.635659025665986
"SIM-00663",19.9197013718191,0.362176388578529,"Signature_3",0.996780603596247
"SIM-00664",40.63418629696,0.472490538336745,"Signature_3",0.999999999999364
"SIM-00665",16.8515933942199,0.300921310611069,"Signature_3",0.991607640096069
"SIM-00666",58.884646051485,0.701007691089107,"Signature_3",1
"SIM-00667",36.9476418607993,0.55145734120596,"Signature_3",0.999999987242991
"SIM-00668",20.0625486691157,0.308654594909472,"Signature_3",0.999999998804583
"SIM-00669",21.6382348505103,0.379618155272111,"Signature_3",0.995129936902261
"SIM-00670",31.7980169715062,0.538949440195021,"Signature_3",0.999999802027462
"SIM-00671",30.2585324231271,0.369006492964964,"Signature_3",0.999979395567596
"SIM-00672",21.1074102359053,0.363920866136299,"Signature_3",0.993565186038914
"SIM-00673",31.8340371538781,0.578800675525056,"Signature_3",0.999999999999864
"SIM-00674",49.9564761285057,0.76856117120778,"Signature_3",0.999999999999559
"SIM-00675",16.0457379486086,0.411429178169451,"Signature_3",0.999961403085783
"SIM-00676",23.2507569598318,0.400875119997101,"Signature_5",0.999525638264881
"SIM-00677",0,0,"Signature_5",0.98781624859767
"SIM-00678",37.5272671210328,0.521212043347677,"Signature_3",0.999643947538903
"SIM-00679",12.8931607484166,0.14486697470131,"Signature_5",0.983026325905437
"SIM-00680",35.2771557891398,0.496861349142813,"Signature_3",0.999999999537952
"SIM-00681",18.4480584350439,0.233519727025872,"Signature_3",0.888447530527616
"SIM-00682",23.8585174285255,0.340835963264651,"Signature_5",0.936171607023528
"SIM-00683",16.7381310007274,0.315813792466555,"Signature_5",0.723913539215638
"SIM-00684",21.9014682175804,0.438029364351608,"Signature_3",0.999951459755238
"SIM-00685",20.9993071301132,0.446793768725813,"Signature_3",0.999999999740842
"SIM-00686",14.6642490667746,0.357664611384747,"Signature_3",0.999991182240461
"SIM-00687",15.1538580304291,0.207587096307249,"Signature_3",0.998748608766723
"SIM-00688",16.6604633091141,0.297508273377037,"Signature_3",0.999502930930463
"SIM-00689",11.8259981324709,0.23188231632296,"Signature_3",0.614960594440169
"SIM-00690",17.4557368082467,0.286159619807323,"Signature_3",0.717951994023551
"SIM-00691",25.3077843507398,0.683994171641617,"Signature_3",0.99997676533979
"SIM-00692",17.2251538770829,0.400584973885649,"Signature_3",0.999999903571089
"SIM-00693",19.0240168847878,0.365846478553612,"Signature_3",0.893547268819758
"SIM-00694",30.0590541477197,0.442044913937055,"Signature_3",0.999650677319208
"SIM-00695",25.2065794883864,0.442220692778708,"Signature_3",0.999999858663084
"SIM-00696",46.6617216930683,0.696443607359229,"Signature_3",1
"SIM-00697",26.3586168565736,0.356197525088833,"Signature_3",0.993913292329548
"SIM-00698",40.3850738668586,0.602762296520278,"Signature_3",0.999999999902946
"SIM-00699",39.9175109724152,0.614115553421772,"Signature_3",0.99999999999994
"SIM-00700",34.5283607933868,0.421077570651059,"Signature_3",0.99999593879796
"SIM-00701",0,0,"Signature_5",0.999999999993238
"SIM-00702",17.794847280077,0.296580788001283,"Signature_5",0.944724625698846
"SIM-00703",21.8799881470917,0.508836933653295,"Signature_3",0.988513965240371
"SIM-00704",15.0465086777914,0.327098014734595,"Signature_3",0.99984142546691
"SIM-00705",15.0748638831812,0.259911446261745,"Signature_5",0.988187753839833
"SIM-00706",12.4773819652676,0.43025455052647,"Signature_3",0.999551690969799
"SIM-00707",18.4807372681189,0.473865058156894,"Signature_3",0.981076511212014
"SIM-00708",17.105487920686,0.397802044667116,"Signature_3",0.997314688270518
"SIM-00709",40.3201376849841,0.438262366141132,"Signature_3",0.806455675760414
"SIM-00710",13.5980336731627,0.468897712867679,"Signature_3",0.99999356806918
"SIM-00711",11.8844531038992,0.208499177261389,"Signature_5",0.556200789193917
"SIM-00712",43.4572139829126,0.689797047347819,"Signature_3",0.999999999993909
"SIM-00713",35.6691387147567,0.532375204697861,"Signature_3",0.999999999486554
"SIM-00714",30.7550192637844,0.521271512945499,"Signature_3",0.999986161479516
"SIM-00715",0,0,"Signature_5",0.999999994873662
"SIM-00716",35.6628854151115,0.50946979164445,"Signature_3",0.999998672972011
"SIM-00717",24.3193185208565,0.486386370417129,"Signature_3",0.999999999240281
"SIM-00718",0,0,"Signature_3",0.978969396793613
"SIM-00719",39.5026858202168,0.519772181844957,"Signature_3",0.999999955777048
"SIM-00720",19.5556539668301,0.488891349170754,"Signature_3",0.998164194082725
"SIM-00721",26.8522904616438,0.372948478633942,"Signature_3",0.96145326424101
"SIM-00722",14.6533088410249,0.430979671794851,"Signature_3",0.996370896170257
"SIM-00723",27.3891841357634,0.547783682715269,"Signature_3",0.99992612485091
"SIM-00724",6.7052669738732,0.0918529722448383,"Signature_3",0.999651558598221
"SIM-00725",14.1129995244214,0.381432419578956,"Signature_5",0.501953622674732
"SIM-00726",40.5672024901758,0.587930470872113,"Signature_3",0.999999999987213
"SIM-00727",9.91029337048029,0.176969524472862,"Signature_3",0.957069005441355
"SIM-00728",0,0,"Signature_5",0.994522759759415
"SIM-00729",26.5437331495143,0.363612782870058,"Signature_3",0.999761231190699
"SIM-00730",16.8684537617318,0.344254158402691,"Signature_3",0.999999991281321
"SIM-00731",8.20310623373068,0.182291249638459,"Signature_5",0.999972485157182
"SIM-00732",30.10036438839,0.342049595322614,"Signature_3",0.999994719766347
"SIM-00733",42.5814359795845,0.686797354509427,"Signature_3",1
"SIM-00734",0,0,"Signature_5",0.999999983124544
"SIM-00735",12.6146943733105,0.206798268414927,"Signature_3",0.955859555679492
"SIM-00736",12.8283341482739,0.217429392343626,"Signature_5",0.982253785758457
"SIM-00737",17.6974576361747,0.299956909087707,"Signature_3",0.989206168606416
"SIM-00738",9.32277989459946,0.175901507445273,"Signature_5",0.999996640580641
"SIM-00739",39.3832659320102,0.546989804611252,"Signature_3",0.999999999876999
"SIM-00740",32.6346167456018,0.429402851915813,"Signature_3",0.998787607180519
"SIM-00741",0,0,"Signature_5",0.999903993571958
"SIM-00742",19.9778827566819,0.224470592771707,"Signature_3",0.857615999663139
"SIM-00743",9.97166871288499,0.262412334549605,"Signature_5",0.995833569183644
"SIM-00744",22.3721892644316,0.430234408931377,"Signature_3",0.999999921048845
"SIM-00745",23.8142319419407,0.372097374092823,"Signature_5",0.980644059142544
"SIM-00746",38.271953234601,0.510292709794681,"Signature_3",0.999999958242679
"SIM-00747",9.6710536285542,0.32236845428514,"Signature_5",0.565628264804442
"SIM-00748",31.0028819482492,0.492109237273796,"Signature_5",0.998629654836147
"SIM-00749",33.3576877427284,0.617734958198674,"Signature_3",0.99999972382837
"SIM-00750",66.6699434724749,0.823085721882406,"Signature_3",1
"SIM-00751",41.5017837288597,0.628814904982723,"Signature_3",0.999999999999953
"SIM-00752",21.2376133920945,0.35995954901855,"Signature_5",0.679922358296163
"SIM-00753",46.3279917790796,0.609578839198416,"Signature_3",0.99999999999994
"SIM-00754",29.5936077363693,0.616533494507694,"Signature_3",0.999999313189068
"SIM-00755",27.9224623318929,0.436288473935827,"Signature_3",0.997004062105914
"SIM-00756",23.1891939781693,0.279387879255051,"Signature_5",0.565059798221867
"SIM-00757",35.1803435762532,0.54123605501928,"Signature_3",0.999999999742798
"SIM-00758",22.3619624881226,0.496932499736057,"Signature_3",0.999999270115965
"SIM-00759",23.4251660467825,0.433799371236714,"Signature_3",0.997082589066719
"SIM-00760",6.7092300408684,0.104831719388569,"Signature_5",0.661010279397812
"SIM-00761",16.5874285901107,0.34557142896064,"Signature_3",0.999991673381382
"SIM-00762",60.5433809827447,0.644078521093029,"Signature_3",1
"SIM-00763",41.9705342331767,0.85654151496279,"Signature_3",0.99999999999992
"SIM-00764",14.1362232409557,0.191030043796699,"Signature_5",0.986600490567801
"SIM-00765",24.9389006272194,0.498778012544388,"Signature_5",0.511500218846841
"SIM-00766",12.0818240927046,0.294678636407428,"Signature_5",0.95947115844132
"SIM-00767",18.9296542933681,0.378593085867363,"Signature_3",0.99991598507477
"SIM-00768",41.6478591651339,0.495807847203976,"Signature_3",0.999999991980605
"SIM-00769",23.9556470395276,0.427779411420135,"Signature_3",0.999994577790023
"SIM-00770",17.7138971583681,0.520996975246121,"Signature_3",0.999994825688572
"SIM-00771",18.2848620873867,0.457121552184668,"Signature_3",0.99824299778428
"SIM-00772",24.1546650475065,0.3716102315001,"Signature_3",0.91479494226974
"SIM-00773",17.6272716009276,0.503636331455075,"Signature_3",0.999982911508748
"SIM-00774",18.2129575206091,0.267837610597193,"Signature_3",0.954976151499124
"SIM-00775",20.4088778877573,0.377942183106617,"Signature_3",0.999572874238394
"SIM-00776",25.4639320069648,0.424398866782746,"Signature_5",0.664199004476579
"SIM-00777",15.3806390646789,0.341791979215087,"Signature_5",0.875673651167529
"SIM-00778",21.4501319897382,0.397224666476634,"Signature_3",0.988350361899674
"SIM-00779",38.7745167022177,0.546119953552362,"Signature_3",0.999999996232937
"SIM-00780",24.9223974068438,0.256931932029317,"Signature_3",0.959111119999099
"SIM-00781",17.8072648251177,0.342447400483032,"Signature_3",0.984272796584771
"SIM-00782",30.4287679565189,0.434696685093127,"Signature_3",0.999999791578233
"SIM-00783",30.6876343287579,0.420378552448739,"Signature_3",0.999999910081103
"SIM-00784",0,0,"Signature_5",0.999845157968309
"SIM-00785",35.9828998901474,0.749643747711405,"Signature_3",0.999999988267342
"SIM-00786",25.6333108261395,0.557245887524772,"Signature_3",0.958395704852507
"SIM-00787",32.431212890071,0.444263190274945,"Signature_3",0.747839212070404
"SIM-00788",38.9172830134165,0.56401859439734,"Signature_3",0.999999999906799
"SIM-00789",17.6279661014225,0.303930450024525,"Signature_3",0.998438861453409
"SIM-00790",24.3882329609637,0.541960732465859,"Signature_3",0.999730922555878
"SIM-00791",20.024985599919,0.322983638708371,"Signature_3",0.999998138443986
"SIM-00792",41.0021294798479,0.672166057046686,"Signature_3",0.999999993377329
"SIM-00793",37.9837052029997,0.45763500244578,"Signature_5",0.505989007063065
"SIM-00794",35.0708304872809,0.493955358975788,"Signature_3",0.999999999999801
"SIM-00795",16.5346472622817,0.344471817964201,"Signature_3",0.621643323702033
"SIM-00796",31.5192327035118,0.594702503839844,"Signature_3",0.999981311489702
"SIM-00797",13.0031472777824,0.250060524572739,"Signature_3",0.807906929664812
"SIM-00798",52.3023646093329,0.662055248219404,"Signature_3",0.999999999996054
"SIM-00799",7.86027053177077,0.170875446342843,"Signature_3",0.981749930453924
"SIM-00800",22.3838991381141,0.373064985635235,"Signature_3",0.674915874525399
"SIM-00801",32.6572679096452,0.510269811088207,"Signature_3",0.99980368892447
"SIM-00802",11.2400145832992,0.178412929893638,"Signature_5",0.958183161692976
"SIM-00803",26.7904818760382,0.653426387220444,"Signature_3",0.999999999463421
"SIM-00804",23.4956869442482,0.398231982105902,"Signature_5",0.643192227266144
"SIM-00805",7.52919497471913,0.418288609706618,"Signature_3",0.99890450535456
"SIM-00806",36.6167878829666,0.463503644088185,"Signature_3",0.999997747457189
"SIM-00807",34.6027311850864,0.49432473121552,"Signature_3",0.999999999990353
"SIM-00808",29.3166056275967,0.35751958082435,"Signature_5",0.999264584946288
"SIM-00809",22.0358310389795,0.423765981518837,"Signature_3",0.999979542224343
"SIM-00810",38.3879202665949,0.485923041349302,"Signature_3",0.99999999999999
"SIM-00811",18.382075272385,0.437668458866309,"Signature_3",0.948792115143386
"SIM-00812",18.1762494372562,0.336597211801041,"Signature_3",0.944128762424018
"SIM-00813",38.620787913612,0.633127670714951,"Signature_3",0.999999999997934
"SIM-00814",19.657808889081,0.364033497945945,"Signature_5",0.972171251437538
"SIM-00815",28.6848353359709,0.562447751685703,"Signature_3",0.999999988215157
"SIM-00816",33.5852356889356,0.466461606790772,"Signature_3",0.999999999990137
"SIM-00817",29.9949423039702,0.405337058161759,"Signature_3",0.999999935241615
"SIM-00818",38.0419885715166,0.551333167703139,"Signature_3",1
"SIM-00819",19.5259633298842,0.443771893861004,"Signature_3",0.999999998933942
"SIM-00820",20.8094655472883,0.281208993882274,"Signature_5",0.999998597281141
"SIM-00821",0,0,"Signature_5",0.999953865466614
"SIM-00822",38.3244519249611,0.539781013027621,"Signature_3",0.999999866803346
"SIM-00823",37.7964486047133,0.674936582227023,"Signature_3",0.999999999961121
"SIM-00824",32.2596989312048,0.42446972277901,"Signature_3",0.999959009419227
"SIM-00825",0,0,"Signature_5",0.99999997892562
"SIM-00826",21.9038615046717,0.438077230093434,"Signature_5",0.998745953111588
"SIM-00827",21.9851277334698,0.379053926439135,"Signature_3",0.984707333980653
"SIM-00828",32.7678459825042,0.72817435516676,"Signature_3",0.999999345370254
"SIM-00829",46.6925853961517,0.648508130502107,"Signature_3",1
"SIM-00830",23.8163491673792,0.466987238576064,"Signature_3",0.999999944259679
"SIM-00831",24.5564678921726,0.430815226178467,"Signature_3",0.999999977243982
"SIM-00832",24.268374070499,0.41842024259481,"Signature_3",0.999770360864248
"SIM-00833",9.77953544763556,0.227431056921757,"Signature_5",0.889487837033297
"SIM-00834",27.4974871046542,0.51882051140857,"Signature_3",0.999906868419855
"SIM-00835",19.9786426401877,0.363248048003413,"Signature_5",0.998276895726885
"SIM-00836",27.247877303755,0.432505988948493,"Signature_3",0.999865872633968
"SIM-00837",19.7954774710032,0.341301335706952,"Signature_5",0.828734799834668
"SIM-00838",22.3132083161137,0.464858506585703,"Signature_3",0.997603701436242
"SIM-00839",0,0,"Signature_5",0.999999999999421
"SIM-00840",26.814979767032,0.400223578612418,"Signature_3",0.998195552647241
"SIM-00841",40.3190635507073,0.584334254358077,"Signature_3",0.999999864388741
"SIM-00842",0,0,"Signature_5",0.999605585895984
"SIM-00843",14.8403755659189,0.361960379656559,"Signature_5",0.986764254406417
"SIM-00844",4.68440263403293,0.0996681411496367,"Signature_5",0.999672369752053
"SIM-00845",0,0,"Signature_5",0.999990825360936
"SIM-00846",0,0,"Signature_5",0.99999700033814
"SIM-00847",41.1648744346484,0.623710218706794,"Signature_3",0.999999999999968
"SIM-00848",55.8536895201339,0.754779588109917,"Signature_3",1
"SIM-00849",42.1269776043322,0.601813965776175,"Signature_3",0.999999360647559
"SIM-00850",31.0622352796674,0.477880542764114,"Signature_3",0.999999997206945
"SIM-00851",11.3259950748256,0.390551554304333,"Signature_5",0.994401809499098
"SIM-00852",31.9047382328668,0.437051208669408,"Signature_5",0.983330626049506
"SIM-00853",34.9473798143546,0.47226188938317,"Signature_3",0.998717735678477
"SIM-00854",27.8250926201441,0.403262211886147,"Signature_3",0.998957734296505
"SIM-00855",1.8973419818589,0.0311039669157196,"Signature_5",0.999995453696375
"SIM-00856",27.3363889060382,0.497025252837058,"Signature_3",0.999077820164739
"SIM-00857",15.1132073181997,0.359838269480944,"Signature_3",0.994225515828212
"SIM-00858",11.1130860509147,0.191604931912323,"Signature_3",0.993353632262116
"SIM-00859",4.07484649097521,0.107232802394084,"Signature_5",0.50646538268509
"SIM-00860",35.8815955005939,0.552024546162983,"Signature_3",0.999999999945661
"SIM-00861",8.49614679480076,0.149055206926329,"Signature_5",0.999999635035468
"SIM-00862",16.2320164246481,0.284772217976282,"Signature_5",0.999981501771608
"SIM-00863",30.4067146746272,0.596210091659357,"Signature_3",0.999962710457065
"SIM-00864",31.1533809320648,0.415378412427531,"Signature_3",0.999659873179922
"SIM-00865",20.229861567482,0.36124752799075,"Signature_3",0.892222303941235
"SIM-00866",21.3148696284305,0.473663769520678,"Signature_3",0.999992616082539
"SIM-00867",14.2293861727653,0.284587723455306,"Signature_3",0.928144329400159
"SIM-00868",26.000992532574,0.509823382991647,"Signature_3",0.999992094462848
"SIM-00869",0,0,"Signature_5",0.999993668319053
"SIM-00870",19.4723042072314,0.42331096102677,"Signature_3",0.993108947933936
"SIM-00871",25.3792755738995,0.43015721311694,"Signature_5",0.999998548513466
"SIM-00872",40.7357004984546,0.479243535275936,"Signature_3",0.999999999990277
"SIM-00873",25.7022304761248,0.389427734486739,"Signature_3",0.99999990108321
"SIM-00874",14.9544732796253,0.148064091877478,"Signature_3",0.64323341295426
"SIM-00875",12.4405398929602,0.282739543021822,"Signature_3",0.981325462919735
"SIM-00876",38.8999285143697,0.733960915365466,"Signature_3",0.999999996120031
"SIM-00877",19.8820069073518,0.284028670105026,"Signature_5",0.986304202911721
"SIM-00878",33.6032715601238,0.525051118126934,"Signature_3",0.999999999882925
"SIM-00879",21.6226594013622,0.423973713752199,"Signature_5",0.853413170472068
"SIM-00880",29.5890357803894,0.580177172164497,"Signature_3",0.999993515289998
"SIM-00881",14.544406377232,0.26934085883763,"Signature_5",0.617997241147999
"SIM-00882",29.8550634062148,0.533126132253835,"Signature_3",0.999998638347983
"SIM-00883",32.5662096280181,0.310154377409696,"Signature_3",0.932200708173019
"SIM-00884",24.2154756737145,0.3969750110445,"Signature_3",0.990103737666831
"SIM-00885",0,0,"Signature_5",0.999998618486971
"SIM-00886",38.1036493067779,0.846747762372843,"Signature_3",0.999999999999994
"SIM-00887",0,0,"Signature_5",0.984896306861486
"SIM-00888",15.9576043343095,0.241781883853175,"Signature_5",0.997003209935322
"SIM-00889",28.5326691211801,0.425860733151942,"Signature_3",0.740211085802024
"SIM-00890",3.73162023224283,0.0583065661287943,"Signature_5",0.999997120192995
"SIM-00891",34.4467839579851,0.574113065966418,"Signature_3",0.999998057458691
"SIM-00892",13.4937548565294,0.465301891604462,"Signature_3",0.999995669464746
"SIM-00893",26.3237872896415,0.572256245426989,"Signature_3",0.999999999983141
"SIM-00894",23.3817054451403,0.467634108902807,"Signature_3",0.999999999454072
"SIM-00895",16.3639516882477,0.240646348356583,"Signature_5",0.999539503398664
"SIM-00896",20.1874326860229,0.517626479128792,"Signature_5",0.999849154663644
"SIM-00897",13.8439033453556,0.230731722422593,"Signature_3",0.858208200344441
"SIM-00898",16.0236211846261,0.254343193406763,"Signature_3",0.99999997667023
"SIM-00899",10.3440279037684,0.211102610280988,"Signature_3",0.985931026634642
"SIM-00900",17.1248251891562,0.356767191440754,"Signature_3",0.859353155498009
"SIM-00901",30.4656056905022,0.454710532694063,"Signature_3",0.999999815642431
"SIM-00902",39.017614143434,0.619327208625936,"Signature_3",0.999999999999992
"SIM-00903",17.7249024319743,0.377125583659028,"Signature_5",0.836519215940787
"SIM-00904",28.1555874547262,0.433162883918865,"Signature_3",0.999999999666627
"SIM-00905",32.4565570683499,0.484426224900745,"Signature_3",0.999999999700663
"SIM-00906",20.5830359497994,0.281959396572594,"Signature_3",0.999565648685236
"SIM-00907",22.8054825765911,0.438566972626752,"Signature_3",0.999992825132119
"SIM-00908",48.0694927058963,0.696659314578207,"Signature_3",0.999999999995222
"SIM-00909",27.5798810334482,0.520375113838644,"Signature_5",0.568530644473316
"SIM-00910",12.4008318254598,0.238477535104997,"Signature_3",0.999614504629336
"SIM-00911",34.4765402816753,0.400890003275295,"Signature_3",0.99999999116247
"SIM-00912",31.3244814802311,0.40681144779521,"Signature_3",0.999843986111861
"SIM-00913",4.10076305810147,0.0585823294014496,"Signature_5",0.999942817175488
"SIM-00914",31.3838981071566,0.5411016915027,"Signature_3",0.999999999915451
"SIM-00915",19.5467732603548,0.48866933150887,"Signature_3",0.980300632205266
"SIM-00916",13.6234945628566,0.234887837290631,"Signature_5",0.886444468859702
"SIM-00917",0,0,"Signature_5",0.998180600054564
"SIM-00918",18.6441125830271,0.466102814575677,"Signature_5",0.985073471484382
"SIM-00919",15.9228836910695,0.284337208769099,"Signature_3",0.646191617195262
"SIM-00920",29.9000387279492,0.506780317422869,"Signature_3",0.999999991285223
"SIM-00921",4.97584729015932,0.0938839111350815,"Signature_5",0.999999999996271
"SIM-00922",13.1002905708861,0.311911680259194,"Signature_3",0.999258804790763
"SIM-00923",21.4348479413511,0.428696958827022,"Signature_3",0.99995994274363
"SIM-00924",25.6892645081777,0.535193010587036,"Signature_3",0.997221419167965
"SIM-00925",35.4407840077929,0.421914095330867,"Signature_3",0.999805353081122
"SIM-00926",20.2810337942397,0.327113448294189,"Signature_3",0.999975160676976
"SIM-00927",6.53770458238019,0.0751460296825309,"Signature_5",0.99999999505801
"SIM-00928",13.363024268969,0.334075606724224,"Signature_3",0.998559238386148
"SIM-00929",13.6310667208524,0.239141521418463,"Signature_5",0.99996137767021
"SIM-00930",36.6014510441703,0.435731560049646,"Signature_3",0.999999999995849
"SIM-00931",23.4183998209644,0.418185711088651,"Signature_3",0.99999991782698
"SIM-00932",27.8177008827405,0.534955786206549,"Signature_3",0.999999950730583
"SIM-00933",11.3675887481493,0.192670995731344,"Signature_5",0.999981199972958
"SIM-00934",36.1661784371366,0.634494358546257,"Signature_3",0.999999999981155
"SIM-00935",20.5681733030612,0.467458484160481,"Signature_3",0.974602602481238
"SIM-00936",35.1883020186773,0.509975391575033,"Signature_3",0.999990045724576
"SIM-00937",15.4481663165431,0.214557865507543,"Signature_3",0.841121589739083
"SIM-00938",22.2599176506668,0.285383559623934,"Signature_3",0.999950956843061
"SIM-00939",28.4917772530686,0.518032313692156,"Signature_3",0.999999375417478
"SIM-00940",21.7711117590979,0.356903471460622,"Signature_3",0.852428630531466
"SIM-00941",47.0905841119015,0.771976788719697,"Signature_3",1
"SIM-00942",36.4030759245244,0.551561756432189,"Signature_3",0.999999999973733
"SIM-00943",10.3969331953846,0.288803699871793,"Signature_3",0.999973526023102
"SIM-00944",20.6286314051673,0.573017539032425,"Signature_3",0.999997946458949
"SIM-00945",13.5671140745992,0.36667875877295,"Signature_3",0.722158077327959
"SIM-00946",19.5340657357964,0.383020896780321,"Signature_5",0.78943487959203
"SIM-00947",23.9981573288305,0.315765228010927,"Signature_3",0.999997090216551
"SIM-00948",20.918771178926,0.307628987925382,"Signature_5",0.916234621972741
"SIM-00949",28.8177546188441,0.480295910314069,"Signature_3",0.999999999989114
"SIM-00950",53.270560215937,0.543577145060581,"Signature_3",0.999999988514174
"SIM-00951",21.5041530497241,0.488730751130094,"Signature_3",0.93159369925296
"SIM-00952",20.412424094854,0.364507573122393,"Signature_3",0.99998029109789
"SIM-00953",33.075527098919,0.525008366649507,"Signature_3",0.999999995520336
"SIM-00954",52.4700531744285,0.664177888283905,"Signature_3",0.999999999968777
"SIM-00955",15.7142724572132,0.245535507143956,"Signature_5",0.999999970564623
"SIM-00956",4.03690157903754,0.0961167042627985,"Signature_5",0.912376450057793
"SIM-00957",35.2282170120146,0.404922034620857,"Signature_3",0.999999270240598
"SIM-00958",31.0805428335506,0.425760860733569,"Signature_3",0.999999998977043
"SIM-00959",4.54169425038767,0.227084712519384,"Signature_3",0.973692523997594
"SIM-00960",42.0761186257363,0.609798820662845,"Signature_3",0.999999627083071
"SIM-00961",13.8851677969666,0.514265473961725,"Signature_5",0.99981156301102
"SIM-00962",16.0475866547126,0.534919555157087,"Signature_3",0.990984023569971
"SIM-00963",45.2222229612201,0.525839801874652,"Signature_3",0.999999999996584
"SIM-00964",30.3057064398177,0.594229538035641,"Signature_3",0.999996000489485
"SIM-00965",0,0,"Signature_5",0.999838509852572
"SIM-00966",18.0606520931613,0.384269193471516,"Signature_3",0.990606484098034
"SIM-00967",6.65536176761798,0.105640662978063,"Signature_5",0.999999835856232
"SIM-00968",29.5819721975271,0.416647495739818,"Signature_3",0.892261405499632
"SIM-00969",35.9970609516817,0.438988548191241,"Signature_3",0.994210424982102
"SIM-00970",34.1423047651988,0.4321810729772,"Signature_3",0.999999999801587
"SIM-00971",20.234362912422,0.331710867416753,"Signature_3",0.969345146807581
"SIM-00972",23.7208907112,0.504699802365957,"Signature_3",0.999999997482085
"SIM-00973",25.7614473299107,0.338966412235667,"Signature_3",0.999985714502723
"SIM-00974",24.1856636861128,0.493584973185975,"Signature_3",0.999995062551735
"SIM-00975",16.877565387131,0.351615945565229,"Signature_3",0.99847817510906
"SIM-00976",12.4489397922476,0.175337180172502,"Signature_3",0.99997873988287
"SIM-00977",64.0168862853282,0.790331929448496,"Signature_3",1
"SIM-00978",25.1739158352341,0.503478316704683,"Signature_3",0.999999861810464
"SIM-00979",22.0357544445767,0.440715088891533,"Signature_5",0.99973188012948
"SIM-00980",13.0004065671026,0.371440187631503,"Signature_3",0.999957868651161
"SIM-00981",32.1252849800084,0.465583840289976,"Signature_3",0.999998306745847
"SIM-00982",51.6161596747011,0.607248937349424,"Signature_3",0.999999999948776
"SIM-00983",35.3984744092406,0.544591913988317,"Signature_3",0.999999985020731
"SIM-00984",27.3550721317485,0.374727015503405,"Signature_3",0.999999935574462
"SIM-00985",20.3402558381589,0.350694066175153,"Signature_3",0.999053684792657
"SIM-00986",17.3080264690409,0.326566537151715,"Signature_3",0.999479029346178
"SIM-00987",16.4724650582233,0.257382266534739,"Signature_3",0.99686283875421
"SIM-00988",37.0510349589441,0.607394015720395,"Signature_3",0.99999997486771
"SIM-00989",30.2731128097614,0.720788400232414,"Signature_3",0.999999998783377
"SIM-00990",56.2102194046506,0.545730285482045,"Signature_3",0.999999999999831
"SIM-00991",36.619506487743,0.475578006334325,"Signature_3",0.999876807666712
"SIM-00992",27.4368378454786,0.59645299664084,"Signature_3",0.999470600458118
"SIM-00993",26.2197390508525,0.336150500651956,"Signature_3",0.998956491941541
"SIM-00994",0,0,"Signature_5",0.993525484981526
"SIM-00995",21.1033089780713,0.439652270376486,"Signature_3",0.995237337501913
"SIM-00996",33.0583448718969,0.500884013210559,"Signature_3",0.999993228442399
"SIM-00997",21.2983776840359,0.349153732525178,"Signature_3",0.999649009087737
"SIM-00998",14.977079421922,0.318661264296212,"Signature_5",0.929882545730941
"SIM-00999",13.7642007773353,0.32009769249617,"Signature_3",0.997534405897443
"SIM-01000",16.5482716944789,0.719490073672996,"Signature_3",0.999980735826959
"SIM-01001",27.1195448256731,0.387422068938187,"Signature_3",0.999976187700991
"SIM-01002",47.9421362303133,0.622625145848225,"Signature_3",0.999999999999999
"SIM-01003",16.1187942890853,0.240579019240079,"Signature_5",0.999045807125074
"SIM-01004",0,0,"Signature_5",0.999999999998983
"SIM-01005",27.9870832078342,0.538213138612196,"Signature_3",0.999989578094293
"SIM-01006",20.2556454388481,0.578732726824232,"Signature_3",0.999940681066939
"SIM-01007",25.7460044678815,0.429100074464691,"Signature_3",0.999999992561794
"SIM-01008",7.28785321252494,0.140151023317787,"Signature_5",0.999983634861935
"SIM-01009",14.064970092854,0.293020210267793,"Signature_5",0.971708237260424
"SIM-01010",20.4450897590158,0.408901795180315,"Signature_3",0.93019326202638
"SIM-01011",9.7012599973771,0.186562692257252,"Signature_5",0.999999756099544
"SIM-01012",28.25528166292,0.533118521941888,"Signature_3",0.999999685255231
"SIM-01013",6.44482779568231,0.165251994761085,"Signature_5",0.999145270485954
"SIM-01014",27.7945357033964,0.63169399325901,"Signature_3",0.998769695075034
"SIM-01015",20.2334356136888,0.289049080195555,"Signature_5",0.952592140438918
"SIM-01016",0,0,"Signature_3",0.894089630434985
"SIM-01017",22.41882947616,0.307107253098082,"Signature_5",0.999892411463881
"SIM-01018",18.2155521879376,0.433703623522324,"Signature_3",0.971431720421363
"SIM-01019",16.1856435735094,0.227966810894498,"Signature_5",0.999691977880696
"SIM-01020",15.4600974748696,0.441717070710559,"Signature_3",0.99999490696356
"SIM-01021",28.3353601599801,0.578272656326125,"Signature_3",0.999999981775917
"SIM-01022",47.3193234835266,0.591491543544083,"Signature_3",0.999999159436
"SIM-01023",2.28252216386561,0.0616897882125841,"Signature_5",0.984229961935981
"SIM-01024",35.60125206756,0.556269563555625,"Signature_3",0.999999974667493
"SIM-01025",11.0756492003096,0.212993253852108,"Signature_3",0.999999921526209
"SIM-01026",15.7227890062018,0.314455780124036,"Signature_5",0.949454077786076
"SIM-01027",32.8383985659782,0.462512655858848,"Signature_3",0.999999999991648
"SIM-01028",4.51272426775714,0.14102263336741,"Signature_5",0.900073495965935
"SIM-01029",13.6633965099956,0.220377363064445,"Signature_3",0.914357199485104
"SIM-01030",30.1743853356268,0.450363960233236,"Signature_3",0.999504336089783
"SIM-01031",24.7095573798749,0.433501006664471,"Signature_3",0.998592387404736
"SIM-01032",29.1805802629525,0.494586106151737,"Signature_3",0.999999997517922
"SIM-01033",12.7732231165776,0.206019727686736,"Signature_5",0.993791474297399
"SIM-01034",27.7528966163534,0.298418243186596,"Signature_5",0.991315041839879
"SIM-01035",68.1674175766633,0.792644390426317,"Signature_3",1
"SIM-01036",24.645331995526,0.465006264066528,"Signature_3",0.8829532665081
"SIM-01037",20.1299261501087,0.359462966966227,"Signature_5",0.818840732922848
"SIM-01038",10.1078185292373,0.288794815121066,"Signature_3",0.6371147753333
"SIM-01039",12.0926817189511,0.212152310858791,"Signature_3",0.998447704693635
"SIM-01040",45.9178569727763,0.612238092970351,"Signature_3",1
"SIM-01041",28.4783317331245,0.558398661433814,"Signature_3",0.999999999996457
"SIM-01042",20.8502580891545,0.359487208433698,"Signature_5",0.881905977875915
"SIM-01043",56.6451332803568,0.583970446189246,"Signature_3",0.999999999997291
"SIM-01044",15.0498362039523,0.221321120646357,"Signature_5",0.9981917306269
"SIM-01045",24.8092949817426,0.451078090577138,"Signature_3",0.999906292774812
"SIM-01046",12.9168872009685,0.615089866712784,"Signature_3",0.999999040494933
"SIM-01047",38.778122341469,0.70505676984489,"Signature_3",1
"SIM-01048",39.6911327331275,0.559030038494754,"Signature_3",0.999985079993854
"SIM-01049",23.8778879010133,0.434143416382061,"Signature_3",0.999982906995582
"SIM-01050",36.7867494832045,0.49711823625952,"Signature_3",0.999999998992441
"SIM-01051",10.0621020207985,0.218741348278228,"Signature_3",0.99993929686063
"SIM-01052",13.8525754411064,0.200761962914585,"Signature_3",0.999670033697794
"SIM-01053",31.5175558173764,0.516681242907809,"Signature_3",0.999999993686606
"SIM-01054",34.4875807123599,0.676227072791371,"Signature_3",0.999999978275497
"SIM-01055",13.2533112400612,0.228505366207951,"Signature_5",0.873700113145689
"SIM-01056",23.4355913666139,0.488241486804455,"Signature_3",0.999999996515428
"SIM-01057",30.1666125826786,0.486558267462558,"Signature_3",0.999972639909588
"SIM-01058",29.0252761624387,0.617559067285929,"Signature_3",0.999999641185627
"SIM-01059",44.8600243328211,0.631831328631283,"Signature_3",1
"SIM-01060",6.60433108640951,0.188695173897414,"Signature_5",0.988845080142137
"SIM-01061",82.6630304039974,0.861073233374973,"Signature_3",1
"SIM-01062",42.9836988853994,0.573115985138659,"Signature_3",0.999960524427109
"SIM-01063",17.9085882181654,0.389317135177508,"Signature_3",0.999913338735117
"SIM-01064",37.7849652872419,0.547608192568723,"Signature_3",0.999999999040133
"SIM-01065",26.6590756378516,0.512674531497145,"Signature_3",0.999999999820506
"SIM-01066",11.6624046074256,0.204603589603959,"Signature_3",0.993643061349911
"SIM-01067",15.0607880180983,0.235324812782786,"Signature_3",0.999963132272332
"SIM-01068",22.8471278220389,0.466267914735488,"Signature_3",0.631110818730371
"SIM-01069",14.866915821106,0.203656381111041,"Signature_3",0.95710359093577
"SIM-01070",31.8530153866217,0.677723731630248,"Signature_3",0.999999997191541
"SIM-01071",25.2489249323661,0.526019269424293,"Signature_3",0.999998189809424
"SIM-01072",31.4744994825166,0.53346609292401,"Signature_3",0.999997118534532
"SIM-01073",27.9585513718462,0.458336907735184,"Signature_3",0.999999999817255
"SIM-01074",24.3946789303003,0.469128440967314,"Signature_3",0.999815412050996
"SIM-01075",28.4772411413522,0.452019700656383,"Signature_3",0.983833223822322
"SIM-01076",44.3056352728759,0.521242767916187,"Signature_3",0.999999999999998
"SIM-01077",57.1766753631985,0.969096192596585,"Signature_3",1
"SIM-01078",29.342238841526,0.55362714795332,"Signature_3",0.985773378104823
"SIM-01079",48.5548709119014,0.724699565849275,"Signature_3",0.999999999999631
"SIM-01080",15.5715836972683,0.370751992792102,"Signature_3",0.998682915720624
"SIM-01081",17.3012792176289,0.443622544041768,"Signature_3",0.99852938248289
"SIM-01082",17.3516092982754,0.165253421888337,"Signature_5",0.999998571081784
"SIM-01083",26.3224226180191,0.398824585121502,"Signature_5",0.995394026506413
"SIM-01084",12.9441127769556,0.205462107570724,"Signature_3",0.999999999923039
"SIM-01085",22.5699495503682,0.358253167466161,"Signature_3",0.999999840317405
"SIM-01086",30.6052372686824,0.373234600837591,"Signature_3",0.890558859826083
"SIM-01087",30.162912162004,0.615569635959265,"Signature_3",0.999999995210601
"SIM-01088",18.6333799235029,0.310556332058382,"Signature_5",0.895489908152343
"SIM-01089",22.1583240935963,0.434476943011692,"Signature_3",0.999945352359476
"SIM-01090",25.1478875966558,0.32240881534174,"Signature_3",0.999992949538512
"SIM-01091",25.3003979680658,0.421673299467764,"Signature_3",0.999999994974318
"SIM-01092",16.5699211321678,0.301271293312142,"Signature_3",0.676739140094175
"SIM-01093",63.9746951650253,0.710829946278059,"Signature_3",0.999999999999899
"SIM-01094",44.7727644838385,0.481427575095038,"Signature_3",0.999999996691435
"SIM-01095",0,0,"Signature_5",0.627397198211756
"SIM-01096",64.5108582641884,0.848827082423531,"Signature_3",1
"SIM-01097",27.637058848754,0.484860681557087,"Signature_3",0.999999999687003
"SIM-01098",41.0143697209607,0.603152495896481,"Signature_3",0.999999999959978
"SIM-01099",32.3976712672516,0.443803715989748,"Signature_3",0.999999914037814
"SIM-01100",26.6104277150264,0.511738994519739,"Signature_3",0.999966193940952
"SIM-01101",39.2990698414224,0.485173701745955,"Signature_3",0.999864425575347
"SIM-01102",24.1704264335189,0.503550550698311,"Signature_3",0.99999999990379
"SIM-01103",33.176575245998,0.473951074942829,"Signature_3",0.999999978278621
"SIM-01104",22.5552022895528,0.341745489235648,"Signature_3",0.999999989248946
"SIM-01105",15.1581326511546,0.199449113830982,"Signature_3",0.999407789365334
"SIM-01106",16.5155237618408,0.266379415513561,"Signature_3",0.847682836141704
"SIM-01107",4.0452640275139,0.066315803729736,"Signature_5",0.999927189092531
"SIM-01108",21.609874195517,0.441017840724836,"Signature_3",0.999958789689893
"SIM-01109",19.5832606789771,0.515348965236239,"Signature_3",0.996432616139769
"SIM-01110",19.478441946271,0.572895351360912,"Signature_3",0.975598118734237
"SIM-01111",18.6138177559931,0.326558206245494,"Signature_3",0.986999676996547
"SIM-01112",21.6698280209578,0.361163800349297,"Signature_3",0.999586152310114
"SIM-01113",26.8116731218223,0.525719080820045,"Signature_3",0.999999999999861
"SIM-01114",18.7867183215363,0.313111972025605,"Signature_5",0.905318296551527
"SIM-01115",27.1386023346815,0.347930799162583,"Signature_3",0.99989778115533
"SIM-01116",32.9929369333311,0.370707156554282,"Signature_3",0.999999999999987
"SIM-01117",25.8707527712553,0.538974016067819,"Signature_3",0.999545417555412
"SIM-01118",11.9782460031523,0.176150676516946,"Signature_3",0.999340053379566
"SIM-01119",17.5736053231953,0.313814380771344,"Signature_3",0.917089345270219
"SIM-01120",26.0563494974043,0.554390414838389,"Signature_3",0.999555622283014
"SIM-01121",26.5285970111802,0.384472420451887,"Signature_3",0.999783229699499
"SIM-01122",35.9485566320016,0.506317699042276,"Signature_3",0.99999999999999
"SIM-01123",31.2491368456071,0.428070367748042,"Signature_3",0.999999999959912
"SIM-01124",21.667978036629,0.433359560732581,"Signature_3",0.999880274938071
"SIM-01125",24.2269561451889,0.550612639663385,"Signature_3",0.999999999993027
"SIM-01126",0,0,"Signature_3",0.991758116088238
"SIM-01127",35.479693018952,0.581634311786098,"Signature_3",0.999999995198772
"SIM-01128",22.8454252237428,0.400796933749874,"Signature_3",0.892207495251884
"SIM-01129",7.86492201974685,0.117386895817117,"Signature_5",0.998780417066815
"SIM-01130",30.9579508590303,0.372987359747353,"Signature_3",0.996305045615979
"SIM-01131",24.5378414145511,0.55767821396707,"Signature_3",0.999973273873584
"SIM-01132",10.2506651757665,0.170844419596108,"Signature_5",0.914249183127045
"SIM-01133",34.8039752519703,0.600068538827075,"Signature_3",0.999999999315911
"SIM-01134",0,0,"Signature_3",0.997752558597068
"SIM-01135",22.9621997042113,0.459243994084226,"Signature_3",0.982132149478537
"SIM-01136",31.4729999956346,0.48419999993284,"Signature_3",0.999995377691914
"SIM-01137",15.5748211955643,0.502413586953687,"Signature_3",0.809527117393643
"SIM-01138",29.5142726029475,0.508866769016337,"Signature_3",0.999999960474714
"SIM-01139",19.452507853401,0.432277952297799,"Signature_3",0.999870422961874
"SIM-01140",14.5307167526281,0.279436860627464,"Signature_3",0.99999822447026
"SIM-01141",24.4264073028367,0.354005902939662,"Signature_3",0.992484443252398
"SIM-01142",26.018058737375,0.46460819173884,"Signature_5",0.696615079185721
"SIM-01143",43.6173378299236,0.479311404724435,"Signature_3",0.999990247579369
"SIM-01144",11.5418167312842,0.221958014063158,"Signature_5",0.998973500973265
"SIM-01145",17.6205073956204,0.359602191747354,"Signature_3",0.999866554057691
"SIM-01146",6.74696689062243,0.293346386548801,"Signature_3",0.984879692212311
"SIM-01147",11.8543624275159,0.179611551932059,"Signature_5",0.999998008900497
"SIM-01148",26.3346461887304,0.342008392061434,"Signature_3",0.999999629220889
"SIM-01149",41.0533953016206,0.673006480354436,"Signature_3",0.999999999999906
"SIM-01150",26.0433704344295,0.388707021409396,"Signature_3",0.999999940916597
"SIM-01151",26.1116626910127,0.466279690910941,"Signature_3",0.999982017037183
"SIM-01152",5.27153034282618,0.117145118729471,"Signature_5",0.581818034091406
"SIM-01153",42.6457340554071,0.687834420248501,"Signature_3",1
"SIM-01154",19.2601284608876,0.300939507201368,"Signature_3",0.999906122613619
"SIM-01155",38.6675689514777,0.502176220149061,"Signature_3",0.999999999999946
"SIM-01156",38.6853041204357,0.655683120685351,"Signature_3",0.999999999492693
"SIM-01157",17.3877160186919,0.334379154205614,"Signature_3",0.999785084863399
"SIM-01158",29.8083119637482,0.552005777106447,"Signature_3",0.959318230678189
"SIM-01159",15.2974358460764,0.478044870189887,"Signature_3",0.999477822915961
"SIM-01160",38.8471124669388,0.571281065690277,"Signature_3",0.999999999999994
"SIM-01161",27.9786625716622,0.682406404186882,"Signature_3",0.999999830781855
"SIM-01162",17.6485820604998,0.315153251080354,"Signature_3",0.997206323534413
"SIM-01163",21.7982721293671,0.519006479270645,"Signature_3",0.999999999720834
"SIM-01164",28.7370690248232,0.442108754228049,"Signature_3",0.999981586355867
"SIM-01165",26.7086024803111,0.317959553337037,"Signature_5",0.832725920783439
"SIM-01166",0,0,"Signature_5",0.983097842992851
"SIM-01167",14.7226570340944,0.313248022002009,"Signature_3",0.973567806959947
"SIM-01168",15.3081344281397,0.332785531046516,"Signature_5",0.846683588984985
"SIM-01169",19.0258689631173,0.396372270064945,"Signature_3",0.999798656608693
"SIM-01170",9.19793412507624,0.155897188560614,"Signature_5",0.99996063353021
"SIM-01171",37.5460171614744,0.586656518148038,"Signature_3",0.999973123172496
"SIM-01172",39.120912865129,0.535902915960671,"Signature_3",0.999995282245053
"SIM-01173",18.0251172811566,0.429169459075157,"Signature_3",0.99989170939615
"SIM-01174",17.3714981388794,0.304763125243498,"Signature_3",0.999647235129214
"SIM-01175",15.1491750185659,0.256765678280779,"Signature_3",0.80921682581725
"SIM-01176",22.0395284573539,0.468926137390508,"Signature_3",0.999999879166532
"SIM-01177",4.72203496227981,0.0908083646592272,"Signature_3",0.714122170865859
"SIM-01178",25.1513824274509,0.441252323288612,"Signature_3",0.999991543820573
"SIM-01179",0,0,"Signature_5",0.972388167641755
"SIM-01180",17.1118975219642,0.462483716809843,"Signature_3",0.999048905003876
"SIM-01181",4.32697264687122,0.070933977817561,"Signature_5",0.99999216862274
"SIM-01182",14.8375288764004,0.26977325229819,"Signature_5",0.988985944445828
"SIM-01183",8.31944680141275,0.15998936156563,"Signature_5",0.874941876585141
"SIM-01184",0,0,"Signature_5",0.99660981224801
"SIM-01185",42.7902448393575,0.555717465446201,"Signature_3",0.99999999999684
"SIM-01186",4.05133301568467,0.0578761859383524,"Signature_5",0.999999999998169
"SIM-01187",7.74170339168061,0.133477644684148,"Signature_3",0.972492358745341
"SIM-01188",35.6832777885163,0.405491793051322,"Signature_3",0.97888135795285
"SIM-01189",30.8159121612317,0.550284145736281,"Signature_3",0.864607526383261
"SIM-01190",0,0,"Signature_5",0.984829465623537
"SIM-01191",36.7132887901969,0.592149819196724,"Signature_3",0.999999971245495
"SIM-01192",19.9710174762517,0.307246422711564,"Signature_3",0.88836836841055
"SIM-01193",46.3408427279563,0.652687925745863,"Signature_3",0.999999999998469
"SIM-01194",30.3529431137077,0.365698109803707,"Signature_3",0.999999999999842
"SIM-01195",19.4394270077659,0.373835134764729,"Signature_3",0.999988427041678
"SIM-01196",21.1186653369392,0.377119023873914,"Signature_3",0.999999195579976
"SIM-01197",0,0,"Signature_5",0.999999850005941
"SIM-01198",13.7808315726578,0.275616631453155,"Signature_5",0.99893078555242
"SIM-01199",48.071104381242,0.546262549786841,"Signature_3",0.999999997130393
"SIM-01200",42.9242534866756,0.703676286666813,"Signature_3",0.999999999999992
"SIM-01201",18.512126290407,0.617070876346899,"Signature_3",0.99999693799915
"SIM-01202",52.3207162180513,0.638057514854285,"Signature_3",0.999999967620944
"SIM-01203",32.3969071253814,0.483535927244499,"Signature_3",0.999986843829021
"SIM-01204",33.6374250819938,0.51749884741529,"Signature_3",0.999998484287119
"SIM-01205",20.3223428534523,0.383440431197212,"Signature_3",0.99999982268152
"SIM-01206",19.3206607516644,0.471235628089377,"Signature_3",0.999321168215979
"SIM-01207",28.8063693962263,0.612901476515453,"Signature_3",0.999984213674773
"SIM-01208",37.8856213718237,0.498495018050312,"Signature_3",0.999646506619447
"SIM-01209",29.4916234955209,0.460806617117514,"Signature_3",0.999999970082102
"SIM-01210",36.1016927092385,0.611893096766755,"Signature_3",0.999999996598179
"SIM-01211",41.9007677450791,0.722427030087571,"Signature_3",0.999999996824639
"SIM-01212",31.820757737963,0.353563974866256,"Signature_3",0.995992002803319
"SIM-01213",31.1999849719585,0.367058646728924,"Signature_3",0.999855787126344
"SIM-01214",27.5579807168856,0.45929967861476,"Signature_3",0.999994446068386
"SIM-01215",21.0838773749055,0.334664720236595,"Signature_3",0.840415467876183
"SIM-01216",26.6798352974283,0.410459004575819,"Signature_3",0.999955391524448
"SIM-01217",17.4663234553643,0.388140521230318,"Signature_5",0.99679837102715
"SIM-01218",12.741186187226,0.240399739381622,"Signature_5",0.998810676374594
"SIM-01219",19.8812979760478,0.462355766884832,"Signature_3",0.999982575870914
"SIM-01220",21.1664333289944,0.572065765648498,"Signature_3",0.999999901010953
"SIM-01221",27.0388595179054,0.47436595645448,"Signature_3",0.999999990182679
"SIM-01222",48.8558062901366,0.763371973283385,"Signature_3",0.999999998160741
"SIM-01223",47.3502874616467,0.591878593270584,"Signature_3",0.999991526362194
"SIM-01224",39.7660668079918,0.828459725166496,"Signature_3",1
"SIM-01225",0,0,"Signature_5",0.975527957025974
"SIM-01226",40.2941669018157,0.601405476146503,"Signature_3",0.999999999999909
"SIM-01227",51.4499767209817,0.535937257510226,"Signature_3",0.999999995259995
"SIM-01228",23.9862013364354,0.374784395881804,"Signature_3",0.971461669373629
"SIM-01229",12.3921151318972,0.247842302637944,"Signature_5",0.993575086425243
"SIM-01230",31.5261569999095,0.394076962498869,"Signature_3",0.999994766475623
"SIM-01231",39.9345134021541,0.493018683977211,"Signature_3",0.999978300020433
"SIM-01232",18.9821208581237,0.327277945829719,"Signature_3",0.989344280755648
"SIM-01233",24.5978937268819,0.424101615980722,"Signature_3",0.999999996007828
"SIM-01234",18.2043388503589,0.455108471258972,"Signature_3",0.996819934596192
"SIM-01235",17.653546055892,0.275836657123312,"Signature_3",0.999997580689431
"SIM-01236",8.93032937656005,0.186048528678334,"Signature_5",0.999771136072849
"SIM-01237",17.0574499663923,0.213218124579904,"Signature_5",0.501277681919149
"SIM-01238",32.5926484745601,0.42885063782316,"Signature_3",0.99999999962606
"SIM-01239",24.6244488383685,0.410407480639475,"Signature_3",0.996155021449709
"SIM-01240",24.9717530090825,0.674912243488717,"Signature_3",0.99999999999996
"SIM-01241",11.6875671446959,0.365236473271747,"Signature_5",0.991888163235606
"SIM-01242",25.2071833446474,0.61480934986945,"Signature_3",0.999999349394617
"SIM-01243",42.9012156275806,0.557158644514033,"Signature_3",0.999999496284251
"SIM-01244",24.5693105792906,0.522751288921076,"Signature_5",0.628535438103109
"SIM-01245",40.4995562056116,0.642850098501772,"Signature_3",0.999999999999955
"SIM-01246",32.8999190141389,0.361537571583944,"Signature_3",0.999994510885322
"SIM-01247",33.1593467083926,0.562022825565975,"Signature_3",0.999999896679398
"SIM-01248",28.0937119284435,0.56187423856887,"Signature_3",0.999999973223974
"SIM-01249",21.166873627345,0.28603883280196,"Signature_3",0.912015135386236
"SIM-01250",56.5152890122404,0.78493456961445,"Signature_3",1
"SIM-01251",31.6846455380993,0.528077425634988,"Signature_3",0.999977564485203
"SIM-01252",3.18295176371769,0.0757845658028021,"Signature_3",0.630433241132088
"SIM-01253",22.9583042238395,0.425153781922954,"Signature_3",0.999999980433065
"SIM-01254",21.2310786483663,0.321683009823732,"Signature_3",0.900970335636993
"SIM-01255",33.0074230210854,0.446046257041694,"Signature_3",0.999973709611008
"SIM-01256",26.534156945965,0.473824231177946,"Signature_3",0.999937219369042
"SIM-01257",14.9317430435516,0.3047294498684,"Signature_5",0.764042912903893
"SIM-01258",1.27221074266723,0.0219346679770213,"Signature_5",0.999875130485538
"SIM-01259",18.4126178721504,0.227316270026549,"Signature_3",0.540800629503479
"SIM-01260",23.9958945720009,0.436288992218197,"Signature_3",0.999998379763126
"SIM-01261",24.7522957817778,0.348623884250391,"Signature_5",0.666726718141799
"SIM-01262",40.7425593471617,0.667910808969865,"Signature_3",0.999999999999968
"SIM-01263",31.0051056391965,0.563729193439937,"Signature_3",0.999999909548703
"SIM-01264",13.4532252240539,0.249133800445443,"Signature_5",0.999843471887687
"SIM-01265",35.1155489018373,0.487715956969962,"Signature_3",0.999994733523467
"SIM-01266",22.3739521351727,0.456611268064749,"Signature_3",0.949910396464591
"SIM-01267",23.3167209564553,0.41637001707956,"Signature_3",0.999999553194129
"SIM-01268",21.9988339197412,0.297281539455962,"Signature_3",0.8526795895748
"SIM-01269",26.1715812944416,0.726988369290045,"Signature_3",0.999999676196081
"SIM-01270",45.1196003631837,0.673426871092293,"Signature_3",0.999999999999679
"SIM-01271",25.6423681633529,0.534216003403186,"Signature_3",0.999999955348097
"SIM-01272",11.1722102031426,0.196003687774431,"Signature_5",0.946862420066759
"SIM-01273",29.0201658381736,0.674887577631944,"Signature_3",0.999823707595654
"SIM-01274",9.04502674789983,0.323036669567851,"Signature_5",0.971304477059987
"SIM-01275",18.6262011068236,0.248349348090982,"Signature_5",0.99999999993164
"SIM-01276",45.7651374701488,0.663262861886215,"Signature_3",0.999999722299162
"SIM-01277",30.8623894463494,0.65664658396488,"Signature_3",0.999999031240319
"SIM-01278",27.331492773139,0.427054574580296,"Signature_3",0.999096645615628
"SIM-01279",31.9310246690151,0.449732741817114,"Signature_3",0.585682961101761
"SIM-01280",49.1790077917891,0.745136481693774,"Signature_3",1
"SIM-01281",43.8655961294726,0.654710389992129,"Signature_3",0.999999999857085
"SIM-01282",39.3866350663199,0.605948231789537,"Signature_3",0.999999999915125
"SIM-01283",9.71118276165905,0.176566959302892,"Signature_3",0.799758720102699
"SIM-01284",22.3738604184832,0.414330748490429,"Signature_3",0.999999999999993
"SIM-01285",32.2432767391802,0.586241395257821,"Signature_3",0.999999999712621
"SIM-01286",19.7359597496357,0.58046940440105,"Signature_3",0.999940998551281
"SIM-01287",22.2247488188526,0.483146713453316,"Signature_3",0.671362871570429
"SIM-01288",22.9657446071672,0.358839759486987,"Signature_3",0.999600311679398
"SIM-01289",19.2610425845671,0.36341589782202,"Signature_3",0.998991977802548
"SIM-01290",42.9266050707317,0.499146570589904,"Signature_3",0.999971171714366
"SIM-01291",44.7635715175403,0.61319960982932,"Signature_3",0.999999099065722
"SIM-01292",33.3808338832331,0.498221401242285,"Signature_3",0.534163714911268
"SIM-01293",18.2882129311447,0.381004436065514,"Signature_3",0.793135633977293
"SIM-01294",10.3360040673135,0.279351461278742,"Signature_5",0.99456257128028
"SIM-01295",28.4630360984714,0.444734939038616,"Signature_3",0.947345227113293
"SIM-01296",19.5105289340587,0.415117636894866,"Signature_3",0.999700589448125
"SIM-01297",25.2686501953748,0.459430003552268,"Signature_3",0.99998585522708
"SIM-01298",16.5915665432705,0.267605911988234,"Signature_5",0.999999897118018
"SIM-01299",18.9924089969821,0.345316527217856,"Signature_5",0.995134512063451
"SIM-01300",52.6937704619536,0.786474185999308,"Signature_3",1
"SIM-01301",34.6422337592147,0.597279892400253,"Signature_3",0.999997319854702
"SIM-01302",40.8477438224537,0.62842682803775,"Signature_3",0.999999999999998
"SIM-01303",29.0254969726669,0.475827819224048,"Signature_3",0.999999999911991
"SIM-01304",29.0421918036161,0.414888454337373,"Signature_3",0.880786124415844
"SIM-01305",19.2101115951579,0.392043093778733,"Signature_3",0.999993390877496
"SIM-01306",28.8196363858473,0.472453055505693,"Signature_3",0.999965183432431
"SIM-01307",14.2078152805262,0.263107690380114,"Signature_3",0.845512987805644
"SIM-01308",0,0,"Signature_5",0.999999918499116
"SIM-01309",8.81529229260226,0.163246153566708,"Signature_5",0.946632195864662
"SIM-01310",0,0,"Signature_5",0.999988678562779
"SIM-01311",16.4757126778771,0.499264020541731,"Signature_3",0.999999983410025
"SIM-01312",30.4515011130291,0.400677646224067,"Signature_3",0.999837671687328
"SIM-01313",0,0,"Signature_5",0.999999973492555
"SIM-01314",22.1370904089679,0.409946118684591,"Signature_3",0.994803834096426
"SIM-01315",16.5195027329359,0.367100060731909,"Signature_3",0.998781890314739
"SIM-01316",14.864711985497,0.190573230583294,"Signature_5",0.999824199284947
"SIM-01317",20.2371035210058,0.546948743810967,"Signature_3",0.999999809761176
"SIM-01318",0,0,"Signature_5",0.999998931575117
"SIM-01319",27.3430723040829,0.569647339668394,"Signature_3",0.999999058384245
"SIM-01320",0,0,"Signature_5",0.99996604689349
"SIM-01321",41.1863619983721,0.508473604918174,"Signature_3",0.99998351634669
"SIM-01322",22.9316018572023,0.533293066446565,"Signature_3",0.999992025616532
"SIM-01323",46.1591941099466,0.668973827680386,"Signature_3",1
"SIM-01324",13.3546578245745,0.215397706847975,"Signature_5",0.997775204117876
"SIM-01325",44.2273071137569,0.597666312348066,"Signature_3",0.999999999995584
"SIM-01326",22.5279833198217,0.336238557012263,"Signature_3",0.978146532526415
"SIM-01327",28.6522401073202,0.447691251676879,"Signature_3",0.999998341273873
"SIM-01328",7.23221802537112,0.0951607634917253,"Signature_5",0.997193122272085
"SIM-01329",38.2110259169317,0.64764450706664,"Signature_3",0.999999960322711
"SIM-01330",40.44937800149,0.663104557401476,"Signature_3",0.999999999999169
"SIM-01331",6.78989628946115,0.144465878499173,"Signature_5",0.989007313463182
"SIM-01332",31.1168422039319,0.587110230262865,"Signature_3",0.999996627101503
"SIM-01333",19.6269687347845,0.306671386481008,"Signature_5",0.999911896429678
"SIM-01334",26.1633318449932,0.594621178295299,"Signature_3",0.999999999531276
"SIM-01335",43.1237951934282,0.880077452927106,"Signature_3",1
"SIM-01336",9.40513294194829,0.128837437560935,"Signature_5",0.998469735148282
"SIM-01337",30.3654687433647,0.440079257150214,"Signature_3",0.99017287778587
"SIM-01338",30.0239608445369,0.53614215793816,"Signature_3",0.999999945605847
"SIM-01339",0,0,"Signature_5",0.999999891265751
"SIM-01340",27.6945501613922,0.52253868229042,"Signature_3",0.999999741325132
"SIM-01341",51.7868612459707,0.772938227551801,"Signature_3",0.999999999999624
"SIM-01342",0,0,"Signature_5",0.999985854402727
"SIM-01343",12.8975917590005,0.24803061075001,"Signature_5",0.999995547107311
"SIM-01344",52.5015070473876,0.656268838092345,"Signature_3",0.999999999999713
"SIM-01345",21.7939650415698,0.427332647873917,"Signature_3",0.99987372662316
"SIM-01346",34.3001104681711,0.50441338923781,"Signature_3",0.999998378580969
"SIM-01347",32.8082023544711,0.462087357105226,"Signature_3",0.998836420229715
"SIM-01348",14.3159078988288,0.292161385690384,"Signature_3",0.997440014953738
"SIM-01349",28.4282959967329,0.379043946623106,"Signature_3",0.999999923555007
"SIM-01350",10.5911179393252,0.240707225893756,"Signature_5",0.998369066753954
"SIM-01351",24.8709817135926,0.299650382091477,"Signature_5",0.994369560258556
"SIM-01352",9.34070782448283,0.190626690295568,"Signature_5",0.999999993092912
"SIM-01353",22.0798351249787,0.266022109939503,"Signature_3",0.999991413710914
"SIM-01354",36.6326750463267,0.452255247485514,"Signature_3",0.999999999970959
"SIM-01355",20.8809804547931,0.360016904392985,"Signature_3",0.9196939737845
"SIM-01356",25.1595185067325,0.503190370134649,"Signature_3",0.999999998428263
"SIM-01357",28.355830864204,0.727072586261642,"Signature_3",0.999999995042737
"SIM-01358",14.3179383390709,0.275344968059055,"Signature_3",0.92960384701405
"SIM-01359",26.1701486171579,0.594776104935406,"Signature_3",0.999999797558902
"SIM-01360",18.3633424835907,0.333878954247103,"Signature_5",0.999885285058474
"SIM-01361",28.4579602982666,0.482338310140112,"Signature_3",0.999992417043384
"SIM-01362",24.9788070392489,0.60923919607924,"Signature_3",0.999999088514415
"SIM-01363",19.105864883414,0.424574775186978,"Signature_3",0.999939341152581
"SIM-01364",17.9760551331625,0.428001312694344,"Signature_3",0.999857978928832
"SIM-01365",27.8249308702122,0.545586879808082,"Signature_3",0.999999999238369
"SIM-01366",27.9310750733505,0.38793159824098,"Signature_3",0.999999999999914
"SIM-01367",19.6779694617673,0.322589663307661,"Signature_5",0.95637034001873
"SIM-01368",16.1611845098095,0.577185161064626,"Signature_3",0.99993681104691
"SIM-01369",20.490280230635,0.249881466227256,"Signature_3",0.998491759240214
"SIM-01370",26.4961120353215,0.473144857773599,"Signature_3",0.999999993252805
"SIM-01371",57.5881437355547,0.654410724267667,"Signature_3",1
"SIM-01372",28.1701918432246,0.521670219318975,"Signature_3",0.999999997573443
"SIM-01373",44.7555849415338,0.604805201912619,"Signature_3",0.999999999999877
"SIM-01374",40.6023597058118,0.63441187040331,"Signature_3",0.999999999987304
"SIM-01375",19.4327539200489,0.323879232000815,"Signature_3",0.691305842367743
"SIM-01376",34.6133367781118,0.596781668588135,"Signature_3",0.999999999995497
"SIM-01377",9.48704564853343,0.18602050291242,"Signature_5",0.999938288847913
"SIM-01378",25.1682588704823,0.322669985519004,"Signature_3",0.956934392352049
"SIM-01379",25.5087592040995,0.331282587066227,"Signature_3",0.991027055061251
"SIM-01380",31.9753398498655,0.551298962928715,"Signature_3",0.985696828783814
"SIM-01381",36.5954634170194,0.494533289419181,"Signature_3",0.999999999979926
"SIM-01382",38.3925507202724,0.650721198648685,"Signature_3",0.999999999944982
"SIM-01383",35.1384784829066,0.501978264041523,"Signature_3",0.999323885351389
"SIM-01384",0,0,"Signature_3",0.927375042333287
"SIM-01385",15.4291767875397,0.328280357181696,"Signature_3",0.983767067080279
"SIM-01386",12.5056820921215,0.284220047548215,"Signature_3",0.999673649498707
"SIM-01387",33.481692603727,0.515102963134262,"Signature_3",0.99992341305144
"SIM-01388",33.0533436339845,0.550889060566409,"Signature_3",0.999999999995482
"SIM-01389",33.5405997115498,0.568484740873726,"Signature_3",0.999999999543335
"SIM-01390",30.3231830156305,0.452584821128813,"Signature_3",0.999999971795595
"SIM-01391",33.9719062545685,0.566198437576141,"Signature_3",0.999999994088
"SIM-01392",15.7832232500147,0.358709619318517,"Signature_3",0.976702816034821
"SIM-01393",26.9322227696351,0.464348668441984,"Signature_3",0.999999999799421
"SIM-01394",25.775045697417,0.444397339610638,"Signature_3",0.999999548102168
"SIM-01395",0,0,"Signature_5",0.99999360990722
"SIM-01396",16.4056927215252,0.282856771060779,"Signature_5",0.999842940762115
"SIM-01397",0,0,"Signature_5",0.999999999907524
"SIM-01398",17.0535133147394,0.289042598554906,"Signature_3",0.572206828479597
"SIM-01399",32.0838336099682,0.562874273859091,"Signature_3",0.999999978435314
"SIM-01400",8.15549262733246,0.194178395888868,"Signature_5",0.716977184747081
"SIM-01401",4.72205812047506,0.071546335158713,"Signature_5",0.990529666928808
"SIM-01402",36.3436034105426,0.586187151782945,"Signature_3",0.99999999837805
"SIM-01403",16.6649554661329,0.292367639756717,"Signature_3",0.99999734023068
"SIM-01404",24.5083766886834,0.480556405660458,"Signature_3",0.999999993193105
"SIM-01405",0,0,"Signature_5",0.999999991719565
"SIM-01406",17.9791994623199,0.26834626063164,"Signature_5",0.992676959433993
"SIM-01407",20.4522213373769,0.475633054357602,"Signature_3",0.550516218051893
"SIM-01408",25.5580734524645,0.425967890874408,"Signature_3",0.660198182930132
"SIM-01409",0,0,"Signature_3",0.832476083114107
"SIM-01410",27.9894252906898,0.368281911719603,"Signature_3",0.999981632607478
"SIM-01411",39.5417157607456,0.617839308761651,"Signature_3",1
"SIM-01412",16.9832083489043,0.346596088753149,"Signature_3",0.854472761176277
"SIM-01413",12.1902118973029,0.206613760971236,"Signature_5",0.977727596619407
"SIM-01414",37.957832181147,0.446562731542906,"Signature_3",0.999999999999754
"SIM-01415",0,0,"Signature_5",0.999999365763322
"SIM-01416",17.4089310961712,0.295066628748665,"Signature_3",0.990778105998945
"SIM-01417",20.1120522299051,0.319238924284207,"Signature_3",0.991258618753808
"SIM-01418",43.4196587140877,0.563891671611529,"Signature_3",0.999999591110539
"SIM-01419",26.7602556426046,0.352108626876376,"Signature_3",0.999999944118837
"SIM-01420",38.316962701069,0.504170561856171,"Signature_3",0.999993506607514
"SIM-01421",22.0699062779729,0.367831771299548,"Signature_3",0.997713060564789
"SIM-01422",23.463788152079,0.782126271735968,"Signature_3",0.99999826513076
"SIM-01423",11.9304822023599,0.178066898542685,"Signature_5",0.999999825985466
"SIM-01424",20.1118755658363,0.254580703365017,"Signature_3",0.996107226934697
"SIM-01425",22.0417009842721,0.380029327315037,"Signature_3",0.526354824000896
"SIM-01426",43.1541282489226,0.567817476959508,"Signature_3",0.999999716330148
"SIM-01427",49.7611591617908,0.585425401903421,"Signature_3",0.999999999999682
"SIM-01428",35.2807671807293,0.496912213813089,"Signature_3",0.999993084042734
"SIM-01429",32.3313182858542,0.442894771039099,"Signature_3",0.999999999999944
"SIM-01430",0,0,"Signature_5",0.99999965955027
"SIM-01431",42.7860151845917,0.62920610565576,"Signature_3",0.999999961124982
"SIM-01432",26.2247038499713,0.672428303845417,"Signature_3",0.999999225149492
"SIM-01433",19.6296623569103,0.236501956107353,"Signature_3",0.997094195844377
"SIM-01434",16.7640382562676,0.41910095640669,"Signature_5",0.873893743763734
"SIM-01435",38.2057950391335,0.434156761808336,"Signature_3",0.999999999999558
"SIM-01436",25.881058387792,0.454053655926176,"Signature_3",0.998752470257212
"SIM-01437",18.5417496668777,0.243970390353653,"Signature_5",0.99495207436195
"SIM-01438",18.3570071373223,0.367140142746447,"Signature_5",0.859859437150043
"SIM-01439",22.7177105878996,0.34950323981384,"Signature_3",0.954028625831942
"SIM-01440",31.7813784605683,0.36955091233219,"Signature_3",0.917403078136172
"SIM-01441",19.3281478915951,0.357928664659169,"Signature_3",0.999998929934117
"SIM-01442",57.2248865115019,0.752959033046078,"Signature_3",1
"SIM-01443",0,0,"Signature_5",0.999999991587385
"SIM-01444",31.9904632810741,0.515975214210873,"Signature_3",0.999999973915157
"SIM-01445",0,0,"Signature_5",0.98402329356129
"SIM-01446",11.4696858167848,0.249340996017061,"Signature_3",0.955564666697902
"SIM-01447",49.0028056498822,0.563250639653819,"Signature_3",0.999999999908107
"SIM-01448",36.8420341259716,0.614033902099527,"Signature_3",0.999999999682689
"SIM-01449",32.7560615191815,0.43674748692242,"Signature_3",0.999999999996321
"SIM-01450",0,0,"Signature_5",0.998234361022634
"SIM-01451",45.4945319296064,0.47888980978533,"Signature_3",0.999999999999996
"SIM-01452",25.9157742598206,0.417996359029365,"Signature_3",0.999999999999998
"SIM-01453",31.8331431530177,0.430177610175915,"Signature_3",0.99999998792682
"SIM-01454",0,0,"Signature_5",0.994747214355691
"SIM-01455",16.0446908653682,0.308551747410928,"Signature_5",0.991660387817201
"SIM-01456",22.1571684974084,0.515282988311824,"Signature_3",0.999999434514791
"SIM-01457",30.964549990517,0.720105813732953,"Signature_3",0.999999999973615
"SIM-01458",22.1345764853448,0.295127686471264,"Signature_3",0.999999704716818
"SIM-01459",38.3439431484346,0.684713270507761,"Signature_3",0.999999999658132
"SIM-01460",30.1183577888438,0.442917026306527,"Signature_3",0.999999934848354
"SIM-01461",15.6022341559175,0.41058510936625,"Signature_5",0.684287396617871
"SIM-01462",29.6380612720255,0.511001056414232,"Signature_3",0.999999999915018
"SIM-01463",9.8903208530199,0.167632556830846,"Signature_5",0.80737225003731
"SIM-01464",7.9197519499611,0.12983199917969,"Signature_5",0.770804887088683
"SIM-01465",41.7529484814327,0.571958198375791,"Signature_3",0.999999999999948
"SIM-01466",20.8696912697179,0.509016860237021,"Signature_3",0.8910092101054
"SIM-01467",25.2068649283954,0.400108967117387,"Signature_3",0.999999996858206
"SIM-01468",23.8727848335574,0.45909201602995,"Signature_3",0.999999999912184
"SIM-01469",0,0,"Signature_3",0.951263239667825
"SIM-01470",17.4197948068631,0.414757019211026,"Signature_3",0.987061861034001
"SIM-01471",56.8936497041963,0.661554066327864,"Signature_3",1
"SIM-01472",19.1808266202451,0.277982994496306,"Signature_5",0.637423320124286
"SIM-01473",45.3106053709056,0.7079782089204,"Signature_3",0.999999999999976
"SIM-01474",15.5336975254307,0.231846231722847,"Signature_3",0.985243465984505
"SIM-01475",26.4371612928434,0.362152894422513,"Signature_3",0.965093667835529
"SIM-01476",18.0348467242144,0.487428289843631,"Signature_3",0.99983113621536
"SIM-01477",20.743193362975,0.460959852510555,"Signature_3",0.906057044149313
"SIM-01478",42.9839032485152,0.622955119543699,"Signature_3",0.999999995634961
"SIM-01479",17.3415956576727,0.289026594294545,"Signature_3",0.908025898486794
"SIM-01480",16.4418666294434,0.274031110490723,"Signature_3",0.99974341756996
"SIM-01481",30.0715939054649,0.556881368619721,"Signature_3",0.999999998711776
"SIM-01482",25.5682537479395,0.360116249970979,"Signature_3",0.998649614085089
"SIM-01483",13.1725398531023,0.299375905752325,"Signature_5",0.909431380907315
"SIM-01484",24.293958245923,0.319657345341092,"Signature_3",0.999563891531047
"SIM-01485",64.9186585036795,0.618272938130281,"Signature_3",0.999999999999958
"SIM-01486",19.674093629201,0.351323100521446,"Signature_3",0.999470432893905
"SIM-01487",46.2525035989521,0.722695368733626,"Signature_3",0.999999999990971
"SIM-01488",26.1533404905897,0.443276957467622,"Signature_3",0.999999999993431
"SIM-01489",33.8914197896372,0.477343940699115,"Signature_3",0.999999999614555
"SIM-01490",45.3454357298132,0.566817946622666,"Signature_3",1
"SIM-01491",17.6121183906655,0.220151479883319,"Signature_5",0.999078261415034
"SIM-01492",39.7017877600199,0.684513582069308,"Signature_3",0.999999999999999
"SIM-01493",23.6983954671494,0.592459886678734,"Signature_3",0.999999999947738
"SIM-01494",55.2933911901497,0.727544620923022,"Signature_3",1
"SIM-01495",56.5804857345051,0.63573579476972,"Signature_3",0.999999999951323
"SIM-01496",28.0065579674847,0.491343122236573,"Signature_3",0.999999999135629
"SIM-01497",12.5225307988605,0.195664543732195,"Signature_5",0.999779840706373
"SIM-01498",22.7411878807149,0.2739902154303,"Signature_5",0.992524011688816
"SIM-01499",19.2333607518901,0.493163096202309,"Signature_3",0.999999841002283
"SIM-01500",13.1816227409518,0.425213636804898,"Signature_3",0.99773961323928
"SIM-01501",22.3461792514172,0.354701257959003,"Signature_3",0.648222035806549
"SIM-01502",33.7769931431159,0.767658935070815,"Signature_3",0.999999957950857
"SIM-01503",14.2352544181684,0.229600877712394,"Signature_5",0.999972241570675
"SIM-01504",17.1317033327682,0.398411705413215,"Signature_5",0.983813338351493
"SIM-01505",24.0247487584873,0.329106147376539,"Signature_3",0.9147705906745
"SIM-01506",0,0,"Signature_3",0.893059875585587
"SIM-01507",15.7493872123251,0.192065697711282,"Signature_5",0.999999695133612
"SIM-01508",29.501228965169,0.398665256286068,"Signature_3",0.999999363917131
"SIM-01509",34.2285194830923,0.482091823705525,"Signature_3",0.780170528083624
"SIM-01510",31.2082450148201,0.61192637283961,"Signature_3",0.999999995244149
"SIM-01511",43.5057236634682,0.565009398226859,"Signature_3",0.999999999981201
"SIM-01512",6.08601816206459,0.110654875673902,"Signature_5",0.999683320513835
"SIM-01513",35.9223129978184,0.641469874961042,"Signature_3",0.996906280789352
"SIM-01514",31.2476344827493,0.589578009108478,"Signature_3",0.999999982830978
"SIM-01515",23.8395520673237,0.529767823718304,"Signature_3",0.988217232213566
"SIM-01516",35.4098301104884,0.600166612042176,"Signature_3",0.99999999171602
"SIM-01517",16.6717388877337,0.292486647153222,"Signature_3",0.969298117201802
"SIM-01518",29.0673774074582,0.468828667862229,"Signature_3",0.99999936556757
"SIM-01519",7.45361492109024,0.169400339115687,"Signature_5",0.52442371932819
"SIM-01520",0,0,"Signature_5",0.999976402813407
"SIM-01521",0,0,"Signature_5",0.99992218218402
"SIM-01522",31.811994961407,0.539186355278085,"Signature_3",0.99995153532776
"SIM-01523",11.5488120322496,0.427733778972207,"Signature_5",0.997309249758582
"SIM-01524",19.9942635018972,0.350776552664863,"Signature_3",0.999998340258523
"SIM-01525",35.8665658513454,0.779707953290118,"Signature_3",0.999999999998819
"SIM-01526",20.4660231700176,0.444913547174296,"Signature_3",0.981357082897968
"SIM-01527",21.1980560898705,0.282640747864939,"Signature_3",0.999834340295008
"SIM-01528",28.9872927702616,0.568378289612972,"Signature_3",0.999999131261801
"SIM-01529",44.9988250461369,0.671624254419954,"Signature_3",0.999999999999999
"SIM-01530",46.9517732136906,0.680460481357835,"Signature_3",1
"SIM-01531",31.7633823852104,0.460338875147976,"Signature_3",0.999836865592734
"SIM-01532",48.3657730547974,0.700953232678223,"Signature_3",0.999999999999957
"SIM-01533",48.7710371521489,0.799525199215556,"Signature_3",0.999999999999976
"SIM-01534",15.627946019799,0.339737956952152,"Signature_5",0.803617979863632
"SIM-01535",24.5654747766586,0.341187149675814,"Signature_5",0.999924340654944
"SIM-01536",31.4885872313329,0.768014322715435,"Signature_3",0.999999999976229
"SIM-01537",0,0,"Signature_3",0.98936763376834
"SIM-01538",55.8303394005207,0.587687783163376,"Signature_3",0.99999997800401
"SIM-01539",25.8482060861226,0.615433478241015,"Signature_3",0.944431736751079
"SIM-01540",45.4886620278388,0.511108562110548,"Signature_3",0.999999999999682
"SIM-01541",26.306379829193,0.626342376885547,"Signature_3",0.999999999579527
"SIM-01542",0,0,"Signature_5",0.999998623086169
"SIM-01543",0.738262593665934,0.0167786953105894,"Signature_5",0.999959633848531
"SIM-01544",9.20480329810631,0.204551184402363,"Signature_3",0.996444175957119
"SIM-01545",38.5878534575724,0.482348168219656,"Signature_3",0.999889269812951
"SIM-01546",17.1539771835922,0.285899619726536,"Signature_3",0.999999701086535
"SIM-01547",58.7242870103696,0.752875474491918,"Signature_3",1
"SIM-01548",26.6265491430234,0.32471401393931,"Signature_3",0.999999999989469
"SIM-01549",28.7919373906526,0.496412713631941,"Signature_3",0.999998591855808
"SIM-01550",38.3799980035867,0.564411735346863,"Signature_3",0.99999999750705
"SIM-01551",26.1854744744475,0.429270073351598,"Signature_3",0.999999788254992
"SIM-01552",12.4364571535552,0.276365714523449,"Signature_3",0.812001018273921
"SIM-01553",48.5085806494239,0.851027730691647,"Signature_3",0.999999999999953
"SIM-01554",46.5656226109481,0.547830854246448,"Signature_3",0.999999987034597
"SIM-01555",35.7205689447455,0.533142820070828,"Signature_3",0.999999998754183
"SIM-01556",0,0,"Signature_5",0.999999999999945
"SIM-01557",45.3729700318778,0.57434139280858,"Signature_3",0.999999999999972
"SIM-01558",28.1010847972447,0.439079449956949,"Signature_3",0.999745434350942
"SIM-01559",11.9566457208431,0.178457398818554,"Signature_3",0.965977514776231
"SIM-01560",0,0,"Signature_5",0.999999998290019
"SIM-01561",0,0,"Signature_5",0.995264276341908
"SIM-01562",27.936815149391,0.517348428692425,"Signature_3",0.999997630080108
"SIM-01563",30.2201711050432,0.549457656455331,"Signature_3",0.707956073380565
"SIM-01564",30.7064137814898,0.458304683305817,"Signature_3",0.999988444858955
"SIM-01565",33.383446221774,0.40221019544306,"Signature_3",0.999999998373012
"SIM-01566",4.99792963560756,0.0876829760632905,"Signature_5",0.99900845076327
"SIM-01567",32.6554141418845,0.441289380295737,"Signature_3",0.999999999084278
"SIM-01568",40.1957986195728,0.543186467832065,"Signature_3",0.999987012743606
"SIM-01569",38.1711904245171,0.658123972836502,"Signature_3",0.999999999873314
"SIM-01570",20.546124350191,0.241719110002247,"Signature_5",0.996306009162739
"SIM-01571",6.92187258442668,0.128182825637531,"Signature_5",0.967939496073839
"SIM-01572",22.1209603981721,0.381395868934002,"Signature_5",0.929609328199785
"SIM-01573",33.4475114023034,0.586798445654446,"Signature_3",0.999999999295431
"SIM-01574",31.539805914301,0.477875847186379,"Signature_3",0.999999925574462
"SIM-01575",32.3327578434715,0.489890270355629,"Signature_3",0.999999999972432
"SIM-01576",23.0686534392199,0.29959290180805,"Signature_5",0.936496039912613
"SIM-01577",40.5947489546977,0.513857581705034,"Signature_3",0.999999981969812
"SIM-01578",24.8409922393761,0.443589147131715,"Signature_3",0.999136067446419
"SIM-01579",21.3339623978257,0.323241854512511,"Signature_3",0.954122933987983
"SIM-01580",35.3961363955703,0.436989338216917,"Signature_3",0.99999750795152
"SIM-01581",21.2879650160269,0.373473070456612,"Signature_3",0.999999975501022
"SIM-01582",40.3827614177821,0.65133486157713,"Signature_3",0.999983991709362
"SIM-01583",18.0597303160019,0.300995505266698,"Signature_3",0.999999710564537
"SIM-01584",27.7077751101417,0.486101317721784,"Signature_3",0.999996572370464
"SIM-01585",0,0,"Signature_5",0.99999834482633
"SIM-01586",40.4491114227393,0.487338691840232,"Signature_3",0.843181574084206
"SIM-01587",22.4428751816362,0.386946123821314,"Signature_5",0.997593822108834
"SIM-01588",43.72870043186,0.809790748738148,"Signature_3",0.999999999999999
"SIM-01589",48.0916083160261,0.874392878473202,"Signature_3",1
"SIM-01590",12.555425066718,0.24145048205227,"Signature_5",0.960148439743287
"SIM-01591",11.5370691786874,0.281391931187498,"Signature_3",0.99999999920111
"SIM-01592",23.2013669467329,0.313531985766661,"Signature_3",0.978257396541309
"SIM-01593",23.3204737581489,0.358776519356138,"Signature_3",0.696078883783969
"SIM-01594",27.8102406265473,0.397289151807818,"Signature_3",0.999847491527496
"SIM-01595",40.0936636907387,0.786150268445857,"Signature_3",0.999999999608865
"SIM-01596",14.6497993656839,0.257014023959367,"Signature_5",0.812909585316936
"SIM-01597",15.2112605915334,0.39003232285983,"Signature_3",0.998069991155194
"SIM-01598",0,0,"Signature_5",0.999999988476447
"SIM-01599",46.7397965280908,0.60701034452066,"Signature_3",0.999999868747845
"SIM-01600",12.0112897256669,0.218387085921217,"Signature_3",0.894163109412994
"SIM-01601",13.7350342668055,0.245268469050098,"Signature_3",0.875485861313257
"SIM-01602",49.0030179113762,0.731388327035466,"Signature_3",0.999999999985395
"SIM-01603",0,0,"Signature_5",0.999999999999999
"SIM-01604",22.7390101942076,0.307283921543346,"Signature_3",0.999963606954784
"SIM-01605",12.9726481946722,0.244766947069286,"Signature_3",0.998878847476351
"SIM-01606",35.2909034452519,0.504155763503599,"Signature_3",0.999999995085163
"SIM-01607",14.2708714334948,0.222982366148356,"Signature_3",0.962804329855363
"SIM-01608",15.1580448784428,0.248492538990865,"Signature_5",0.997984752370322
"SIM-01609",28.4544037316287,0.451657202089344,"Signature_3",0.999999647837592
"SIM-01610",26.1785223217435,0.429156103635139,"Signature_3",0.999137209749562
"SIM-01611",25.8061274846368,0.537627655929933,"Signature_5",0.605470789410161
"SIM-01612",46.6535570912253,0.686081721929784,"Signature_3",0.999999999854345
"SIM-01613",23.065128108172,0.562564100199318,"Signature_3",0.977873227110377
"SIM-01614",38.6531795288032,0.501989344529912,"Signature_3",0.999999998309192
"SIM-01615",25.1345687912063,0.474237147003893,"Signature_3",0.999999942474231
"SIM-01616",31.3692849390021,0.402170319730796,"Signature_3",0.999998369673224
"SIM-01617",28.3374770926843,0.416727604304181,"Signature_3",0.999999647379264
"SIM-01618",54.7720705485201,0.636884541261862,"Signature_3",0.999999997888365
"SIM-01619",13.641576921447,0.227359615357451,"Signature_5",0.962463262913013
"SIM-01620",0,0,"Signature_5",0.999999999883949
"SIM-01621",39.323840778228,0.52431787704304,"Signature_3",0.999997161106792
"SIM-01622",28.2481233979498,0.478781752507623,"Signature_3",0.999999852831611
"SIM-01623",41.9516590718631,0.676639662449406,"Signature_3",0.999999999997705
"SIM-01624",23.7674431368832,0.699042445202447,"Signature_3",0.999999587087082
"SIM-01625",10.0002552486396,0.158734210295867,"Signature_5",0.987781849022683
"SIM-01626",38.2673887758758,0.450204573833833,"Signature_3",0.999999999849558
"SIM-01627",38.7404326427208,0.503122501853517,"Signature_3",0.999986218560367
"SIM-01628",42.6070116945594,0.546243739673838,"Signature_3",0.999999794949762
"SIM-01629",26.4305564173896,0.433287810121141,"Signature_3",0.999999400414588
"SIM-01630",34.1651669138489,0.644625790827338,"Signature_3",0.999999993569812
"SIM-01631",6.87520116409777,0.14323335758537,"Signature_5",0.99999999994304
"SIM-01632",15.1944743410834,0.297930869433009,"Signature_3",0.899712643281153
"SIM-01633",27.4262254955027,0.449610254024635,"Signature_5",0.778385292378596
"SIM-01634",45.5428942560674,0.591466159169706,"Signature_3",1
"SIM-01635",22.5886374276623,0.382858261485801,"Signature_3",0.980999868573709
"SIM-01636",15.8822372233578,0.278635740760663,"Signature_5",0.999952948852828
"SIM-01637",16.4683834636161,0.374281442354911,"Signature_3",0.99952603839657
"SIM-01638",33.0386052257904,0.478820365591165,"Signature_3",0.999999999999985
"SIM-01639",0,0,"Signature_5",0.999999790172096
"SIM-01640",35.3345600422711,0.630974286469128,"Signature_3",0.999999997945224
"SIM-01641",21.4764530853677,0.282584909017996,"Signature_5",0.999911716504683
"SIM-01642",37.6751169690071,0.598017729666779,"Signature_3",0.999999975014934
"SIM-01643",2.48225521182917,0.0855950073044541,"Signature_5",0.701084901278183
"SIM-01644",33.6699414168,0.502536439056716,"Signature_3",0.995299019549263
"SIM-01645",35.1777351539993,0.502539073628561,"Signature_3",0.999999993976525
"SIM-01646",50.3322581249051,0.699059140623681,"Signature_3",0.999999999999578
"SIM-01647",25.9171403262423,0.323964254078028,"Signature_3",0.926702651217443
"SIM-01648",25.1041408472411,0.523002934317524,"Signature_5",0.929045209910943
"SIM-01649",31.0088667870335,0.462818907269156,"Signature_3",0.998010115732762
"SIM-01650",7.33787599442445,0.12873466656885,"Signature_5",0.999999577537796
"SIM-01651",31.4569532740207,0.655353193208765,"Signature_3",0.999999998312858
"SIM-01652",16.0218705581924,0.258417267067619,"Signature_5",0.99999994744875
"SIM-01653",28.9584675415665,0.536267917436417,"Signature_3",0.61969536105089
"SIM-01654",21.1561296540819,0.459915862045259,"Signature_3",0.999995796253912
"SIM-01655",16.926558959209,0.296957174722965,"Signature_3",0.965573258676524
"SIM-01656",17.8537256572048,0.318816529592942,"Signature_3",0.999999997513386
"SIM-01657",27.2278451345674,0.591909676838422,"Signature_3",0.999999999744958
"SIM-01658",19.8135049229778,0.32481155611439,"Signature_3",0.998806104815908
"SIM-01659",38.6575666992104,0.878581061345691,"Signature_3",0.999999999928798
"SIM-01660",33.1814441547231,0.614471188050427,"Signature_3",0.999999998831616
"SIM-01661",28.9783873441828,0.349137196917865,"Signature_5",0.999998386362568
"SIM-01662",34.9786166447531,0.659973898957606,"Signature_3",0.999999999961348
"SIM-01663",10.3592852983957,0.258982132459892,"Signature_5",0.999854428437276
"SIM-01664",52.6315314148479,0.554016120156294,"Signature_3",0.999999999119426
"SIM-01665",46.0920078183006,0.668000113308705,"Signature_3",0.999999999995035
"SIM-01666",26.1142544288802,0.621767962592385,"Signature_3",0.999999921187806
"SIM-01667",29.5779750923771,0.441462314811599,"Signature_3",0.999469014227852
"SIM-01668",13.9183317745405,0.253060577718919,"Signature_3",0.835333707788451
"SIM-01669",26.3122870676449,0.692428607043287,"Signature_3",0.999999983909269
"SIM-01670",11.1809770092935,0.18950808490328,"Signature_5",0.996439393421707
"SIM-01671",0,0,"Signature_5",1
"SIM-01672",14.1666271309499,0.262344946869443,"Signature_5",0.987602598423164
"SIM-01673",33.0167462431946,0.647387181239109,"Signature_3",0.999999964258234
"SIM-01674",4.88630110365606,0.174510753702002,"Signature_5",0.952995809863407
"SIM-01675",0,0,"Signature_5",0.999982973640854
"SIM-01676",10.5273432792602,0.187988272843932,"Signature_5",0.999998208196463
"SIM-01677",0,0,"Signature_5",0.888090180477137
"SIM-01678",6.54082541559613,0.204400794237379,"Signature_5",0.995011286684627
"SIM-01679",22.3760232800813,0.329059165883549,"Signature_3",0.888152935285752
"SIM-01680",20.8179072583183,0.365226443128391,"Signature_5",0.915288040534346
"SIM-01681",20.3945667326469,0.328944624720111,"Signature_3",0.894039520197439
"SIM-01682",22.7532350836953,0.316017153940213,"Signature_5",0.99961816853699
"SIM-01683",19.7812702099985,0.353236968035687,"Signature_3",0.999854211735395
"SIM-01684",11.1865099854367,0.329014999571667,"Signature_5",0.5606273428621
"SIM-01685",10.292726244849,0.302727242495559,"Signature_5",0.791256111629519
"SIM-01686",45.3798995353881,0.546745777534797,"Signature_3",0.99999999996805
"SIM-01687",22.1111765958731,0.433552482272022,"Signature_3",0.989467459168458
"SIM-01688",47.0055895572724,0.770583435365122,"Signature_3",1
"SIM-01689",14.445107925483,0.222232429622815,"Signature_3",0.954360073786999
"SIM-01690",11.3073856251172,0.245812730980808,"Signature_3",0.912979880340248
"SIM-01691",33.477122352919,0.539953586337404,"Signature_3",0.999999999999989
"SIM-01692",18.7212303182049,0.249616404242732,"Signature_5",0.999723535672792
"SIM-01693",51.4506927484334,0.565392228004763,"Signature_3",0.999999999989293
"SIM-01694",22.4857414521029,0.408831662765508,"Signature_3",0.999396398167745
"SIM-01695",22.2283057414793,0.267810912547944,"Signature_3",0.999940253715994
"SIM-01696",18.7340607202605,0.390292931672094,"Signature_3",0.99999290846467
"SIM-01697",8.7189174228828,0.15569495398005,"Signature_5",0.915729313235985
"SIM-01698",26.0607782758971,0.473832332289039,"Signature_3",0.99994854996692
"SIM-01699",12.8224202683798,0.210203610957046,"Signature_3",0.997405368015084
"SIM-01700",21.8993371377412,0.331808138450625,"Signature_5",0.893562802143022
"SIM-01701",38.2673664308475,0.562755388688934,"Signature_3",0.999999999913705
"SIM-01702",14.1730445935585,0.232344993337024,"Signature_5",0.991498272371031
"SIM-01703",33.3270937327706,0.387524345729891,"Signature_5",0.999974065261809
"SIM-01704",31.7185574834705,0.51158963683017,"Signature_3",0.835493846888885
"SIM-01705",24.1380375328184,0.502875781933716,"Signature_3",0.998607602269609
"SIM-01706",50.8459688001507,0.564955208890563,"Signature_3",0.999999999999974
"SIM-01707",41.7128562527719,0.502564533165926,"Signature_3",0.999999995157158
"SIM-01708",26.7266859794252,0.431075580313309,"Signature_5",0.80862972596874
"SIM-01709",30.7068965373601,0.511781608956002,"Signature_3",0.999998013714015
"SIM-01710",16.7557631199696,0.341954349387134,"Signature_3",0.927566873773176
"SIM-01711",40.8209257054228,0.551634131154362,"Signature_3",0.999975529147409
"SIM-01712",34.1755781190826,0.589234105501424,"Signature_3",0.999999998861307
"SIM-01713",23.0283371387791,0.333744016504045,"Signature_3",0.999141250595695
"SIM-01714",32.8409147863507,0.462548095582404,"Signature_3",0.999419702172427
"SIM-01715",43.3859804703898,0.602583062088748,"Signature_3",0.999999999994431
"SIM-01716",32.4512455830444,0.705461860500966,"Signature_3",0.999999999854293
"SIM-01717",29.1714767878187,0.307068176713881,"Signature_3",0.969212842016361
"SIM-01718",18.2475079746762,0.480197578280953,"Signature_3",0.999999894900827
"SIM-01719",21.4202777298409,0.369315133273119,"Signature_3",0.999999962807095
"SIM-01720",30.3049739757902,0.505082899596503,"Signature_3",0.999999978282957
"SIM-01721",34.9961967828251,0.460476273458225,"Signature_3",0.999669892705317
"SIM-01722",36.4802721916009,0.486403629221345,"Signature_3",0.999999892726758
"SIM-01723",20.9766803524396,0.283468653411346,"Signature_3",0.999980935359428
"SIM-01724",17.9951969191212,0.260799955349583,"Signature_5",0.999981661604501
"SIM-01725",32.8093114187119,0.482489873804587,"Signature_3",0.999999999678036
"SIM-01726",10.5369668548259,0.191581215542289,"Signature_5",0.962277629998428
"SIM-01727",29.8912382155035,0.490020298614812,"Signature_3",0.999991233393803
"SIM-01728",26.9512658719003,0.414634859567698,"Signature_3",0.996416468583134
"SIM-01729",2.18745235918814,0.0729150786396047,"Signature_5",0.989387390081039
"SIM-01730",25.254979980981,0.495195685901589,"Signature_3",0.999861114821558
"SIM-01731",15.3997952805309,0.270171847026858,"Signature_3",0.928566859166123
"SIM-01732",4.70430542834288,0.102267509311802,"Signature_5",0.996957167237295
"SIM-01733",17.7266724746151,0.322303135902093,"Signature_3",0.985104683577776
"SIM-01734",17.7827210735212,0.378355767521727,"Signature_3",0.99987765901857
"SIM-01735",31.9147453858334,0.455924934083334,"Signature_3",0.999999934660017
"SIM-01736",50.0226437430444,0.574972916586718,"Signature_3",0.999999999935127
"SIM-01737",34.1111660909348,0.467276247821025,"Signature_3",0.999943332226755
"SIM-01738",11.3843685645795,0.160343219219429,"Signature_5",0.999155097692601
"SIM-01739",2.594562026854,0.056403522322913,"Signature_5",0.999999987701489
"SIM-01740",49.491897199709,0.582257614114223,"Signature_3",0.999999392923327
"SIM-01741",4.95051378233145,0.141443250923756,"Signature_3",0.880754954082107
"SIM-01742",19.2296146257068,0.409140736717166,"Signature_3",0.99893176431731
"SIM-01743",34.4398174814442,0.395859971051083,"Signature_3",0.999704720217922
"SIM-01744",42.3073046076494,0.470081162307215,"Signature_3",0.999999957262075
"SIM-01745",11.9665259805052,0.299163149512629,"Signature_3",0.878203919250129
"SIM-01746",28.2370227743436,0.576265770904972,"Signature_3",0.999999999971101
"SIM-01747",20.6900457488717,0.308806652968234,"Signature_3",0.983932643716823
"SIM-01748",22.195372985651,0.616538138490305,"Signature_3",0.999791025932587
"SIM-01749",0,0,"Signature_3",0.605044455530803
"SIM-01750",16.4120071451972,0.390762074885649,"Signature_3",0.999995987199071
"SIM-01751",22.7964690678737,0.373712607670061,"Signature_3",0.999032758980446
"SIM-01752",24.4192850270404,0.387607698841911,"Signature_3",0.864330653906502
"SIM-01753",36.4926627111478,0.424333287338928,"Signature_3",0.999959087307503
"SIM-01754",32.5273833643426,0.580846131506117,"Signature_3",0.999999856594527
"SIM-01755",25.3645499872858,0.384311363443724,"Signature_5",0.547971674437345
"SIM-01756",31.9782652420859,0.639565304841719,"Signature_3",0.99999451178065
"SIM-01757",37.3620846535301,0.566092191720152,"Signature_3",0.999999999468719
"SIM-01758",34.7985514160834,0.527250779031566,"Signature_3",0.99997989402648
"SIM-01759",16.138759307686,0.489053312354122,"Signature_3",0.999994360606318
"SIM-01760",3.66254285740425,0.0654025510250759,"Signature_5",0.999593217142367
"SIM-01761",16.568620348524,0.414215508713099,"Signature_5",0.611793061515942
"SIM-01762",29.0129304053964,0.433028812020842,"Signature_3",0.999999989485526
"SIM-01763",0,0,"Signature_5",0.996685761058138
"SIM-01764",20.4739645320498,0.3302252343879,"Signature_3",0.999999473933295
"SIM-01765",26.0791747485257,0.401218073054241,"Signature_3",0.91976742469115
"SIM-01766",20.1563803995278,0.314943443742622,"Signature_3",0.521201659015349
"SIM-01767",33.290653766322,0.48956843774003,"Signature_3",0.99999999969665
"SIM-01768",29.4626433644702,0.545604506749448,"Signature_3",0.999999998725142
"SIM-01769",11.7208790050435,0.418602821608696,"Signature_3",0.999614471239017
"SIM-01770",0,0,"Signature_5",0.999895695795667
"SIM-01771",30.8714650009752,0.324962789483949,"Signature_5",0.946794172937739
"SIM-01772",14.1183203369159,0.252112863159212,"Signature_5",0.990545951533589
"SIM-01773",29.9608060102429,0.468137593910045,"Signature_3",0.999968336167197
"SIM-01774",8.55950703278939,0.152848339871239,"Signature_5",0.808603028846336
"SIM-01775",11.1307733564556,0.202377697390102,"Signature_5",0.999143188316836
"SIM-01776",20.9413138566875,0.361057135460129,"Signature_3",0.975391463794688
"SIM-01777",47.8039726206954,0.663944064176326,"Signature_3",0.999999999996089
"SIM-01778",48.672976044111,0.657742919515013,"Signature_3",0.999999999960009
"SIM-01779",22.5961783535843,0.309536689775127,"Signature_5",0.99470747368211
"SIM-01780",36.3961759506389,0.498577752748477,"Signature_3",0.999999999986172
"SIM-01781",37.7286616812743,0.503048822416991,"Signature_3",0.999997420153138
"SIM-01782",61.50403781334,0.842521065936165,"Signature_3",1
"SIM-01783",23.1982066044263,0.515515702320584,"Signature_3",0.998823246293278
"SIM-01784",6.66337884188151,0.118988907890741,"Signature_5",0.999992153746974
"SIM-01785",13.2334331366954,0.224295476893142,"Signature_3",0.817391614575007
"SIM-01786",44.8569110944974,0.560711388681217,"Signature_3",0.999999999998032
"SIM-01787",16.7987331295568,0.294714616308015,"Signature_3",0.999315193535284
"SIM-01788",42.2906764323213,0.604152520461733,"Signature_3",0.999999391134137
"SIM-01789",11.9001149754156,0.19833524959026,"Signature_5",0.914816141249058
"SIM-01790",30.9592756349485,0.755104283779233,"Signature_3",0.999999944162288
"SIM-01791",30.4242231549562,0.411138150742651,"Signature_3",0.999777084729353
"SIM-01792",29.5560550344052,0.45470853899085,"Signature_3",0.968056053547103
"SIM-01793",24.8483480370363,0.451788146127933,"Signature_3",0.999999993863212
"SIM-01794",0,0,"Signature_5",0.999988966512653
"SIM-01795",11.4537444854018,0.309560661767617,"Signature_3",0.999995501297227
"SIM-01796",47.8499625234253,0.67394313413275,"Signature_3",0.999999999999994
"SIM-01797",30.4609792633694,0.362630705516303,"Signature_5",0.895048178039361
"SIM-01798",37.1605165444128,0.412894628271253,"Signature_3",0.999999999999902
"SIM-01799",55.264616694508,0.635225479247218,"Signature_3",0.999999999999949
"SIM-01800",16.665351485927,0.406471987461635,"Signature_3",0.999462814339254
"SIM-01801",27.6221780709553,0.354130488089171,"Signature_5",0.996776753222628
"SIM-01802",34.2428005625204,0.543536516865403,"Signature_3",0.999886000601154
"SIM-01803",33.4555119831995,0.643375230446145,"Signature_3",0.999999955556512
"SIM-01804",24.5702396227133,0.396294187463118,"Signature_3",0.999998234556217
"SIM-01805",25.7202538657858,0.55913595360404,"Signature_3",0.999749803937636
"SIM-01806",31.1178541314638,0.598420271758919,"Signature_3",0.999999961752463
"SIM-01807",29.9675992542659,0.428108560775228,"Signature_3",0.999999593479508
"SIM-01808",0,0,"Signature_5",0.999999608875251
"SIM-01809",12.3878100697347,0.458807780360544,"Signature_3",0.995498884924392
"SIM-01810",36.4427436376177,0.639346379607328,"Signature_3",0.999999999998747
"SIM-01811",22.892315344771,0.322426976686915,"Signature_3",0.999999998371877
"SIM-01812",26.5509999852785,0.42144444421077,"Signature_3",0.999995432138478
"SIM-01813",19.5304854680987,0.336732508070668,"Signature_3",0.999312298604261
"SIM-01814",21.5965054490207,0.39266373543674,"Signature_3",0.998871414800205
"SIM-01815",52.662646871157,0.612356358966942,"Signature_3",0.999999994972768
"SIM-01816",63.5324753636774,0.804208548907308,"Signature_3",1
"SIM-01817",38.8371124417455,0.844285053081423,"Signature_3",0.99999999999996
"SIM-01818",23.8183301979589,0.626798163104181,"Signature_3",0.999050126243236
"SIM-01819",26.495509488838,0.339686019087667,"Signature_5",0.710420084027445
"SIM-01820",7.80530132793983,0.116497034745371,"Signature_5",0.99999609931568
"SIM-01821",16.922696468612,0.319296159785132,"Signature_5",0.999192271384986
"SIM-01822",24.8218700674133,0.459664260507654,"Signature_3",0.994535231610473
"SIM-01823",5.43092924669804,0.301718291483225,"Signature_5",0.984766051021253
"SIM-01824",27.9837315065473,0.394137063472497,"Signature_3",0.999330855677755
"SIM-01825",43.2222018362435,0.697132287681346,"Signature_3",0.999999999999997
"SIM-01826",0,0,"Signature_5",0.999999443804671
"SIM-01827",11.5415968415367,0.311935049771261,"Signature_5",0.727770251552189
"SIM-01828",25.8245792326363,0.385441481084124,"Signature_3",0.883962669592262
"SIM-01829",25.1312337298214,0.306478460119774,"Signature_3",0.997990781980713
"SIM-01830",0,0,"Signature_5",0.988226193338589
"SIM-01831",41.7930796082004,0.572507939838362,"Signature_3",0.999999999996639
"SIM-01832",17.3099078871484,0.402555997375544,"Signature_5",0.93634001010356
"SIM-01833",52.1456640859465,0.660071697290462,"Signature_3",1
"SIM-01834",27.1387315413129,0.452312192355215,"Signature_3",0.677017349931355
"SIM-01835",0,0,"Signature_5",0.999988999578323
"SIM-01836",17.5139584702375,0.449075858211219,"Signature_3",0.96178300309284
"SIM-01837",12.7550216380385,0.227768243536401,"Signature_3",0.998697767611912
"SIM-01838",2.15318828641507,0.119621571467504,"Signature_3",0.896930500549942
"SIM-01839",22.6507569734628,0.647164484956081,"Signature_3",0.99990026577891
"SIM-01840",34.625589857083,0.427476417988679,"Signature_3",0.699795173713725
"SIM-01841",11.80897844994,0.236179568998801,"Signature_5",0.941095542445956
"SIM-01842",23.8846931616708,0.459321022339823,"Signature_3",0.999795198507228
"SIM-01843",10.4458242024098,0.18992407640745,"Signature_5",0.997347416304374
"SIM-01844",13.0119252495767,0.151301456390427,"Signature_5",0.999999916940757
"SIM-01845",31.8367954048036,0.489796852381593,"Signature_3",0.999999997393622
"SIM-01846",42.5737354388237,0.626084344688584,"Signature_3",0.999999999974399
"SIM-01847",32.1986900320217,0.643973800640434,"Signature_3",0.999999998442896
"SIM-01848",47.2831464183853,0.750526133625164,"Signature_3",0.999999999999974
"SIM-01849",3.0814768736926,0.0550263727445107,"Signature_5",0.999999515783951
"SIM-01850",14.9924168689772,0.205375573547632,"Signature_5",0.999004222317519
"SIM-01851",26.2467986536407,0.410106228963136,"Signature_3",0.930061158750843
"SIM-01852",0,0,"Signature_5",0.915068959792509
"SIM-01853",15.2459431086545,0.2771989656119,"Signature_5",0.9989655052744
"SIM-01854",16.4318846272255,0.304294159763435,"Signature_3",0.996086795711568
"SIM-01855",10.6863238340018,0.187479365508804,"Signature_5",0.999999979528174
"SIM-01856",5.65846599206355,0.115478897797215,"Signature_5",0.999987959105316
"SIM-01857",29.126100604854,0.529565465542799,"Signature_3",0.999999999843703
"SIM-01858",0,0,"Signature_5",0.642111214191963
"SIM-01859",41.5674567348978,0.539837100453218,"Signature_3",0.994092164275449
"SIM-01860",2.28713816624053,0.0408417529685809,"Signature_5",0.999999251869481
"SIM-01861",19.5311056214713,0.348769743240558,"Signature_5",0.999355603267759
"SIM-01862",21.2688321817732,0.452528344293047,"Signature_3",0.794463044106939
"SIM-01863",17.9722521440601,0.230413489026411,"Signature_5",0.996029602852907
"SIM-01864",7.92856416486536,0.0978835082082143,"Signature_5",0.999999999998105
"SIM-01865",12.2848837930165,0.188998212200254,"Signature_5",0.999977280212047
"SIM-01866",20.4040751570411,0.408081503140822,"Signature_3",0.991617271214845
"SIM-01867",0,0,"Signature_5",0.999963535305635
"SIM-01868",18.4295092053236,0.255965405629494,"Signature_3",0.996344232876284
"SIM-01869",23.0484531311486,0.377843493953256,"Signature_3",0.999934995783291
"SIM-01870",4.12822075010247,0.066584205646814,"Signature_5",0.99992577527663
"SIM-01871",0,0,"Signature_5",0.999999001907955
"SIM-01872",0,0,"Signature_5",0.996960981715116
"SIM-01873",11.0389717891598,0.234871740194889,"Signature_5",0.999999683472375
"SIM-01874",6.23798787102018,0.132723146191919,"Signature_5",0.978130947193999
"SIM-01875",22.018380194676,0.27183185425526,"Signature_5",0.999948830530897
"SIM-01876",24.1545936376099,0.402576560626832,"Signature_3",0.999998944557561
"SIM-01877",22.8123616294185,0.373973141465876,"Signature_3",0.998835952430614
"SIM-01878",9.47073993365538,0.178693206295384,"Signature_5",0.9982951365864
"SIM-01879",13.1055456141543,0.179528022111702,"Signature_3",0.580747566863789
"SIM-01880",0,0,"Signature_5",0.999999999999159
"SIM-01881",23.1733173827009,0.413809238976802,"Signature_3",0.999905163761986
"SIM-01882",0,0,"Signature_5",0.999999999984094
"SIM-01883",25.6158990630861,0.41315966230784,"Signature_5",0.973538231556499
"SIM-01884",17.4508647046739,0.356140096013752,"Signature_3",0.998724103777784
"SIM-01885",17.1447583608079,0.255891915832953,"Signature_3",0.989515101365013
"SIM-01886",0,0,"Signature_5",1
"SIM-01887",10.8843777317757,0.197897776941376,"Signature_5",0.999886483753741
"SIM-01888",0,0,"Signature_5",0.999999999822561
"SIM-01889",11.6251173458505,0.181642458528914,"Signature_5",0.999760816326304
"SIM-01890",0,0,"Signature_5",0.999936054329475
"SIM-01891",0,0,"Signature_5",0.669478333965666
"SIM-01892",0,0,"Signature_3",0.897976121387947
"SIM-01893",0,0,"Signature_5",0.999999997353539
"SIM-01894",25.5117955199438,0.380773067461848,"Signature_5",0.971246891768924
"SIM-01895",20.1663634182891,0.261900823614144,"Signature_5",0.999999999604915
"SIM-01896",14.3480237988116,0.597834324950483,"Signature_3",0.999736014771794
"SIM-01897",0,0,"Signature_5",0.999999999875598
"SIM-01898",17.3021965661092,0.320411047520541,"Signature_5",0.654456148413748
"SIM-01899",8.28325922417745,0.192633935445987,"Signature_5",0.999783519203739
"SIM-01900",0,0,"Signature_5",0.999990715471587
"SIM-01901",16.820789150009,0.26282483046889,"Signature_5",0.998811822394075
"SIM-01902",16.3545287125235,0.251608134038824,"Signature_5",0.99233906382436
"SIM-01903",21.8492212018352,0.276572420276395,"Signature_5",0.999999383064834
"SIM-01904",33.74376421584,0.503638271878208,"Signature_3",0.893325553845515
"SIM-01905",17.2243409310222,0.318969276500412,"Signature_3",0.991094977738717
"SIM-01906",12.881457702847,0.357818269523527,"Signature_3",0.999998093612117
"SIM-01907",0,0,"Signature_5",0.999999999999988
"SIM-01908",43.2079407027882,0.508328714150449,"Signature_3",0.999999996840737
"SIM-01909",12.6633863306352,0.243526660204522,"Signature_5",0.947479301923679
"SIM-01910",27.3542790443199,0.497350528078544,"Signature_3",0.998423042323072
"SIM-01911",0,0,"Signature_5",0.964780702249407
"SIM-01912",20.7226035067503,0.460502300150006,"Signature_3",0.961707973596794
"SIM-01913",10.7632560608191,0.215265121216382,"Signature_5",0.99999126953392
"SIM-01914",14.3938084850106,0.205625835500151,"Signature_3",0.685138714232599
"SIM-01915",13.9528743309009,0.211407186831832,"Signature_5",0.999966516359303
"SIM-01916",10.7113467362793,0.306038478179409,"Signature_5",0.56473922770398
"SIM-01917",0,0,"Signature_5",0.999939627832398
"SIM-01918",0,0,"Signature_3",0.994399878215528
"SIM-01919",2.27596326837247,0.0446267307524014,"Signature_5",0.999999999093128
"SIM-01920",0,0,"Signature_5",0.999990571592181
"SIM-01921",7.03591581289302,0.117265263548217,"Signature_5",0.999999999997984
"SIM-01922",13.9722091570161,0.211700138742668,"Signature_3",0.813067690539865
"SIM-01923",22.8979688086748,0.388101166248725,"Signature_3",0.999995496834167
"SIM-01924",14.022379173045,0.206211458427133,"Signature_5",0.999999947777259
"SIM-01925",29.0981526013033,0.39860483015484,"Signature_5",0.933892650389117
"SIM-01926",11.0995493714881,0.176183323356953,"Signature_5",0.952512634205711
"SIM-01927",8.87145347634958,0.136483899636147,"Signature_5",0.999999615105381
"SIM-01928",12.7445870924134,0.18206552989162,"Signature_5",0.999999963361706
"SIM-01929",5.59616810456933,0.119067406480199,"Signature_5",0.998987705124593
"SIM-01930",7.00881773330072,0.159291312120471,"Signature_5",0.998819539508215
"SIM-01931",9.69834160166361,0.144751367189009,"Signature_5",0.999466424392683
"SIM-01932",16.0521927677605,0.276761944271732,"Signature_5",0.999985742615597
"SIM-01933",13.1339372034796,0.298498572806354,"Signature_3",0.999309987463829
"SIM-01934",13.0915820004164,0.198357303036613,"Signature_5",0.999999987633391
"SIM-01935",10.4123350665185,0.125449820078537,"Signature_5",0.999999999940157
"SIM-01936",30.9996288675708,0.543853138027558,"Signature_3",0.999947398214197
"SIM-01937",12.0895003590237,0.223879636278216,"Signature_5",0.999998678121438
"SIM-01938",8.47294763957239,0.108627533840672,"Signature_5",0.999999506918516
"SIM-01939",18.8521801702726,0.22443071631277,"Signature_5",0.998878876926223
"SIM-01940",5.54571454846773,0.0827718589323542,"Signature_5",0.955486800818972
"SIM-01941",0,0,"Signature_5",0.999999999512907
"SIM-01942",0,0,"Signature_5",0.999999999830253
"SIM-01943",36.7304398682608,0.749600813637975,"Signature_3",0.999999999999945
"SIM-01944",27.2833501517264,0.580496811738859,"Signature_3",0.999999204668561
"SIM-01945",31.6490364496595,0.433548444515884,"Signature_3",0.996721640634629
"SIM-01946",34.8069707506459,0.44624321475187,"Signature_3",0.999999999999408
"SIM-01947",20.397309242741,0.399947240053746,"Signature_3",0.999999351908628
"SIM-01948",34.3167776430776,0.490239680615394,"Signature_3",0.999999999041612
"SIM-01949",14.3878968354062,0.189314432044818,"Signature_5",0.999999781843203
"SIM-01950",47.8543540996823,0.520156022822634,"Signature_3",0.999999890187661
"SIM-01951",14.0347089420347,0.230077195771061,"Signature_5",0.97282222398945
"SIM-01952",21.7019906860429,0.482266459689842,"Signature_3",0.957597470457369
"SIM-01953",11.0708574193555,0.205015878136213,"Signature_5",0.999999976399936
"SIM-01954",0,0,"Signature_5",0.99999994820756
"SIM-01955",6.906880943558,0.109633030850127,"Signature_5",0.999999999891589
"SIM-01956",9.53969773225498,0.216811312096704,"Signature_5",0.981504728166939
"SIM-01957",20.3495123428513,0.251228547442609,"Signature_5",0.999170541692858
"SIM-01958",11.3819102505682,0.232283882664657,"Signature_5",0.822701588009491
"SIM-01959",28.4427335576841,0.351144858736841,"Signature_3",0.812247028601869
"SIM-01960",6.68002026958186,0.0856412855074597,"Signature_5",0.999999999955675
"SIM-01961",41.8519024200519,0.523148780250649,"Signature_3",0.983768830912733
"SIM-01962",4.22016078985091,0.0602880112835844,"Signature_5",0.999999634713933
"SIM-01963",33.1740845234238,0.385745168877021,"Signature_3",0.99983385308878
"SIM-01964",14.8941535671554,0.225668993441749,"Signature_5",0.996279582924458
"SIM-01965",7.90759881212451,0.292874030078686,"Signature_5",0.841884939373547
"SIM-01966",30.5161523489109,0.575776459413412,"Signature_3",0.99999997005474
"SIM-01967",0,0,"Signature_5",0.999999995276734
"SIM-01968",0,0,"Signature_5",0.99799423661462
"SIM-01969",7.72074367255718,0.208668747906951,"Signature_5",0.844907789352884
"SIM-01970",23.6628781641131,0.364044279447894,"Signature_3",0.672464407759024
"SIM-01971",0,0,"Signature_5",0.999994941618414
"SIM-01972",8.68143755194386,0.140023186321675,"Signature_5",0.999999999803694
"SIM-01973",0,0,"Signature_5",0.999999999999858
"SIM-01974",26.8408668275166,0.367683107226254,"Signature_5",0.853876006667397
"SIM-01975",0,0,"Signature_5",0.99999999209819
"SIM-01976",12.4084723862784,0.31021180965696,"Signature_5",0.959183710300662
"SIM-01977",4.34720312654756,0.0776286272597779,"Signature_5",0.999999999922061
"SIM-01978",13.9908626970218,0.285527810143302,"Signature_5",0.999914611691252
"SIM-01979",0.602944370161771,0.0102193961044368,"Signature_5",0.999997729333091
"SIM-01980",0,0,"Signature_5",0.999999961456272
"SIM-01981",6.33681014249358,0.166758161644568,"Signature_5",0.997855710321975
"SIM-01982",8.99805793266111,0.138431660502479,"Signature_5",0.999999996711304
"SIM-01983",11.5752400720629,0.241150834834643,"Signature_3",0.999306240731293
"SIM-01984",29.8076064955236,0.513924249922821,"Signature_3",0.999997723946555
"SIM-01985",12.2775853204203,0.175394076006005,"Signature_5",0.999890781942273
"SIM-01986",9.57194073602691,0.132943621333707,"Signature_5",0.999998943256603
"SIM-01987",0,0,"Signature_5",0.99999999997614
"SIM-01988",25.3969174684106,0.396826835443916,"Signature_3",0.999980044448722
"SIM-01989",29.8211493455344,0.438546313904917,"Signature_3",0.99998227730774
"SIM-01990",0,0,"Signature_5",0.99999387026435
"SIM-01991",15.0179603163393,0.246196070759661,"Signature_5",0.707766165068811
"SIM-01992",22.9316214467575,0.233996137211811,"Signature_5",0.999744780491069
"SIM-01993",12.8256573573225,0.241993535043821,"Signature_5",0.996101016719085
"SIM-01994",16.4694720482898,0.219592960643864,"Signature_3",0.807591595896499
"SIM-01995",11.9928212383016,0.199880353971693,"Signature_5",0.999864653908611
"SIM-01996",8.84554170186986,0.121171804135204,"Signature_5",0.519370918451917
"SIM-01997",11.404343174335,0.247920503789892,"Signature_5",0.658915981302202
"SIM-01998",18.4855754196679,0.369711508393357,"Signature_3",0.98162331573042
"SIM-01999",11.8732677823783,0.17207634467215,"Signature_3",0.997445435886218
"SIM-02000",17.8252331932188,0.742718049717451,"Signature_3",0.999994076006523
"SIM-02001",23.2845851419607,0.4954167051481,"Signature_5",0.571483982015483
"SIM-02002",28.4025708917711,0.568051417835421,"Signature_3",0.998541997802005
"SIM-02003",10.1474061329591,0.169123435549319,"Signature_5",0.999997388326444
"SIM-02004",4.43695679500189,0.0693274499219046,"Signature_5",0.999999999987437
"SIM-02005",12.0451855786808,0.174567906937403,"Signature_5",0.999324711792929
"SIM-02006",16.8965533398183,0.318802893204119,"Signature_5",0.998782079923562
"SIM-02007",7.95711281304041,0.137191600224835,"Signature_5",0.999999999820398
"SIM-02008",0,0,"Signature_5",0.999995046535594
"SIM-02009",9.99192477089438,0.312247649090449,"Signature_3",0.57185911241346
"SIM-02010",0,0,"Signature_5",0.999999999999989
"SIM-02011",9.52222113692981,0.153584211885965,"Signature_5",0.999999824918996
"SIM-02012",35.3754528111406,0.459421465079748,"Signature_3",0.999989309965466
"SIM-02013",12.9539260567735,0.212359443553663,"Signature_5",0.998815927111492
"SIM-02014",16.5170253268191,0.217329280616041,"Signature_5",0.999167055327947
"SIM-02015",14.3466240643055,0.265678223413066,"Signature_5",0.989999266055405
"SIM-02016",28.7218754443491,0.393450348552727,"Signature_5",0.999992401095013
"SIM-02017",0,0,"Signature_5",0.999996294707421
"SIM-02018",17.9207605598026,0.275704008612347,"Signature_5",0.815492091737684
"SIM-02019",0,0,"Signature_5",1
"SIM-02020",17.7356479410195,0.27285612216953,"Signature_5",0.990161961451318
"SIM-02021",17.8352316513008,0.278675494551574,"Signature_3",0.688750062580823
"SIM-02022",0,0,"Signature_5",0.99999999996031
"SIM-02023",21.3487015765533,0.395346325491727,"Signature_3",0.891307502452625
"SIM-02024",3.41205426235855,0.0480571022867402,"Signature_5",0.99999999999955
"SIM-02025",28.1724152463915,0.640282164690715,"Signature_3",0.999294653624116
"SIM-02026",0,0,"Signature_5",0.999999999999991
"SIM-02027",17.5157079691785,0.28714275359309,"Signature_5",0.998073485205566
"SIM-02028",0,0,"Signature_5",0.999941705048997
"SIM-02029",0,0,"Signature_5",0.998514702687015
"SIM-02030",0,0,"Signature_5",0.999999923695791
"SIM-02031",19.6675935347961,0.317219250561228,"Signature_5",0.978234512723888
"SIM-02032",0,0,"Signature_5",0.999554004345537
"SIM-02033",10.923712289803,0.242749161995621,"Signature_5",0.998808462683112
"SIM-02034",22.6677130311294,0.390822638467748,"Signature_3",0.981370763478168
"SIM-02035",0,0,"Signature_5",0.908426014557087
"SIM-02036",0,0,"Signature_5",0.999994172718083
"SIM-02037",0,0,"Signature_5",0.999999999842873
"SIM-02038",13.0990095360359,0.152314064372511,"Signature_5",0.999999999992044
"SIM-02039",42.7330429244274,0.577473553032803,"Signature_3",0.999999996117257
"SIM-02040",0,0,"Signature_5",0.999999996140084
"SIM-02041",0,0,"Signature_5",0.999999999914956
"SIM-02042",0,0,"Signature_5",0.999999999999999
"SIM-02043",0,0,"Signature_5",0.996507262348299
"SIM-02044",28.0008308593494,0.451626304183055,"Signature_3",0.999882364228095
"SIM-02045",14.3081644543242,0.269965367062722,"Signature_5",0.99999636614518
"SIM-02046",0,0,"Signature_5",1
"SIM-02047",14.703153445317,0.31963377055037,"Signature_3",0.576141989212043
"SIM-02048",0,0,"Signature_5",0.9997793228321
"SIM-02049",22.9691385532154,0.348017250806294,"Signature_3",0.968656808024676
"SIM-02050",13.2144247889283,0.206475387327004,"Signature_5",0.999999318208048
"SIM-02051",32.7045368992633,0.511008389050989,"Signature_3",0.908255029331335
"SIM-02052",34.7402617527358,0.609478276363786,"Signature_3",0.999999472576983
"SIM-02053",0,0,"Signature_5",0.999995677260018
"SIM-02054",21.8988452408357,0.405534171126587,"Signature_3",0.852036297192717
"SIM-02055",13.2121834257518,0.220203057095863,"Signature_5",0.999951184862218
"SIM-02056",16.3589888977076,0.259666490439803,"Signature_5",0.998817700268758
"SIM-02057",26.3235181449619,0.516147414607096,"Signature_3",0.999999560255749
"SIM-02058",7.37924983491574,0.115300778670558,"Signature_5",0.999999947210934
"SIM-02059",11.4103631859617,0.335598917234169,"Signature_5",0.82025306097132
"SIM-02060",12.284358277937,0.215515057507667,"Signature_5",0.999999921200113
"SIM-02061",19.402411070733,0.293975925314137,"Signature_5",0.953587264410167
"SIM-02062",8.95264627024494,0.203469233414658,"Signature_5",0.824105026066626
"SIM-02063",0,0,"Signature_5",0.999999999999991
"SIM-02064",37.6828599052818,0.516203560346325,"Signature_3",0.999999999983941
"SIM-02065",16.7940691634012,0.441949188510557,"Signature_3",0.780484462737792
"SIM-02066",33.9981503411748,0.38634261751335,"Signature_5",0.994323439485319
"SIM-02067",15.2765183833415,0.30553036766683,"Signature_3",0.972334874688633
"SIM-02068",0,0,"Signature_5",0.999999489169779
"SIM-02069",17.7283404126163,0.227286415546362,"Signature_3",0.894843284216352
"SIM-02070",8.04005794603077,0.118236146265158,"Signature_5",0.999993765853508
"SIM-02071",28.0302117334745,0.406234952659051,"Signature_3",0.682589941215814
"SIM-02072",0,0,"Signature_5",0.999999985444715
"SIM-02073",24.1670425039999,0.619667756512818,"Signature_3",0.999995035759765
"SIM-02074",0,0,"Signature_5",0.999999310734756
"SIM-02075",5.95028662692115,0.170008189340604,"Signature_5",0.999960220570653
"SIM-02076",7.11386158836668,0.145180848742177,"Signature_5",0.970780110535823
"SIM-02077",19.8747884174267,0.382207469565898,"Signature_5",0.999993868585817
"SIM-02078",3.99684526480903,0.0444093918312114,"Signature_5",0.999999998190477
"SIM-02079",20.2929579481864,0.312199353049021,"Signature_5",0.999964310725821
"SIM-02080",19.4842005601032,0.304440633751613,"Signature_5",0.966614341507155
"SIM-02081",0,0,"Signature_5",0.999981789727358
"SIM-02082",13.7678359596022,0.254959925177819,"Signature_5",0.98758859687902
"SIM-02083",12.0054734717533,0.266788299372296,"Signature_5",0.688569453859784
"SIM-02084",16.8861628113913,0.225148837485217,"Signature_5",0.99999999996163
"SIM-02085",0,0,"Signature_5",0.999999949439066
"SIM-02086",0,0,"Signature_5",0.999999987220464
"SIM-02087",31.7913263229718,0.48168676246927,"Signature_5",0.944267736387645
"SIM-02088",11.7677282282063,0.25582017887405,"Signature_5",0.989815993240637
"SIM-02089",21.1990725406436,0.255410512537874,"Signature_5",0.998086742835857
"SIM-02090",10.5938700362227,0.235419334138283,"Signature_3",0.982536728692961
"SIM-02091",27.0969407147756,0.398484422276112,"Signature_3",0.98471876335644
"SIM-02092",0,0,"Signature_5",0.999999976889824
"SIM-02093",0,0,"Signature_5",0.999999999999999
"SIM-02094",26.3774296909451,0.432416880179427,"Signature_3",0.999978466325743
"SIM-02095",31.1110991669391,0.334527948031603,"Signature_5",0.999653366440034
"SIM-02096",34.4799930400014,0.499710044057991,"Signature_3",0.99988151724821
"SIM-02097",0,0,"Signature_5",0.999947101783498
"SIM-02098",27.4120557730235,0.595914255935294,"Signature_3",0.999999989223934
"SIM-02099",0,0,"Signature_5",0.999999999999705
"SIM-02100",34.8700650072075,0.420121265147078,"Signature_5",0.992513614238708
"SIM-02101",12.2093441485802,0.119699452437061,"Signature_5",0.99999999495109
"SIM-02102",33.2923858779668,0.652791879960134,"Signature_3",0.99999998613477
"SIM-02103",18.1915918183372,0.336881329969207,"Signature_3",0.999999545559561
"SIM-02104",4.24777125269819,0.0884952344312123,"Signature_5",0.999993788483349
"SIM-02105",18.019913503499,0.327634790972709,"Signature_3",0.898592326330582
"SIM-02106",35.8437145425888,0.504841049895617,"Signature_3",0.916205040201477
"SIM-02107",17.5536650482383,0.319157546331606,"Signature_3",0.954088938528744
"SIM-02108",8.80306084311712,0.179654302920757,"Signature_5",0.999999999550805
"SIM-02109",0,0,"Signature_5",0.999999997900391
"SIM-02110",28.1228988971898,0.453595143503061,"Signature_3",0.993132408465712
"SIM-02111",0,0,"Signature_5",0.963893983121449
"SIM-02112",0,0,"Signature_5",0.999999999999717
"SIM-02113",23.7291761587043,0.292952792082769,"Signature_5",0.978649481433975
"SIM-02114",17.8258732426762,0.356517464853524,"Signature_3",0.99999504075248
"SIM-02115",10.3198161642452,0.206396323284904,"Signature_5",0.985342199092709
"SIM-02116",15.9066167360233,0.305896475692755,"Signature_3",0.999897498364902
"SIM-02117",0,0,"Signature_5",0.999999931809697
"SIM-02118",19.1174077329409,0.258343347742444,"Signature_3",0.994428259314107
"SIM-02119",0,0,"Signature_5",0.999999999999622
"SIM-02120",13.0320218016587,0.206857488915217,"Signature_3",0.996194151205369
"SIM-02121",8.34358353756122,0.146378658553706,"Signature_5",0.999997877836383
"SIM-02122",28.2093485218964,0.49490085126134,"Signature_3",0.981843917148041
"SIM-02123",8.31023616283593,0.166204723256719,"Signature_5",0.96534845363256
"SIM-02124",0,0,"Signature_5",0.683791617942966
"SIM-02125",24.6675718218898,0.404386423309668,"Signature_3",0.622368436155044
"SIM-02126",0,0,"Signature_5",1
"SIM-02127",11.2685599987986,0.152277837821602,"Signature_5",0.999999999958672
"SIM-02128",6.56545888302104,0.105894498113243,"Signature_5",0.886120582323802
"SIM-02129",7.92764758641079,0.247738987075337,"Signature_5",0.998608174749657
"SIM-02130",12.0026391938506,0.169051256251417,"Signature_3",0.998994339007026
"SIM-02131",0,0,"Signature_5",0.999999929889146
"SIM-02132",10.4514306336448,0.180197079890427,"Signature_5",0.999999999759458
"SIM-02133",10.4548772557198,0.171391430421637,"Signature_5",0.999969945025167
"SIM-02134",0,0,"Signature_5",0.999999906564288
"SIM-02135",22.3223672482132,0.405861222694785,"Signature_3",0.998016150293275
"SIM-02136",0,0,"Signature_5",0.999956014569006
"SIM-02137",40.4074503532676,0.481041075634138,"Signature_3",0.979415562757024
"SIM-02138",23.0878266664854,0.39806597700837,"Signature_5",0.600276747735743
"SIM-02139",10.2063883787167,0.150093946745834,"Signature_5",0.999991096402821
"SIM-02140",0,0,"Signature_5",0.999842481202503
"SIM-02141",16.856308817499,0.244294330688392,"Signature_5",0.999937412425848
"SIM-02142",31.8302269806383,0.513390757752231,"Signature_3",0.99999977996484
"SIM-02143",22.8670644148322,0.387577362963258,"Signature_5",0.924530973124114
"SIM-02144",33.9223202486508,0.424029003108135,"Signature_3",0.999935672590291
"SIM-02145",0,0,"Signature_5",0.999999999999999
"SIM-02146",15.9233359363002,0.23416670494559,"Signature_3",0.998669841522176
"SIM-02147",28.4759389179664,0.401069562224879,"Signature_3",0.72998618957616
"SIM-02148",0,0,"Signature_5",0.999999954945885
"SIM-02149",19.3950524728812,0.293864431407291,"Signature_3",0.924157583343585
"SIM-02150",28.8968322006336,0.406997636628642,"Signature_3",0.999942793711463
"SIM-02151",23.4101778737192,0.410704874977529,"Signature_3",0.725274211539936
"SIM-02152",8.75229809185406,0.0921294535984638,"Signature_5",0.999999999999995
"SIM-02153",0,0,"Signature_5",1
"SIM-02154",17.4023865948575,0.621513806959197,"Signature_3",0.995516272422899
"SIM-02155",8.72746819764361,0.11334374282654,"Signature_5",0.999999696088779
"SIM-02156",34.9854617212983,0.492752981990116,"Signature_3",0.99999781871533
"SIM-02157",0,0,"Signature_5",0.999998939168444
"SIM-02158",0,0,"Signature_5",0.999999998044287
"SIM-02159",14.7502736937767,0.27315321655142,"Signature_5",0.842200995924569
"SIM-02160",31.4007305740674,0.506463396355926,"Signature_3",0.999940394178714
"SIM-02161",14.564713827998,0.291294276559961,"Signature_5",0.983457415180354
"SIM-02162",18.0859869143732,0.401910820319405,"Signature_5",0.606401585628401
"SIM-02163",7.4528600618987,0.191098975946121,"Signature_5",0.973832483705583
"SIM-02164",23.3707212629768,0.324593350874677,"Signature_5",0.99999985032882
"SIM-02165",26.2995186304683,0.34604629776932,"Signature_5",0.99999136367272
"SIM-02166",11.5600376974276,0.189508814711928,"Signature_3",0.977455559504058
"SIM-02167",0,0,"Signature_5",0.999999999996035
"SIM-02168",0,0,"Signature_5",0.999999999996907
"SIM-02169",27.3982448080715,0.408929026986143,"Signature_3",0.999481147976423
"SIM-02170",26.7282547750284,0.411203919615821,"Signature_3",0.999650561967915
"SIM-02171",3.42951035101339,0.0659521221348728,"Signature_5",0.996401954955627
"SIM-02172",1.66353750925467,0.0369675002056593,"Signature_5",0.99999994401155
"SIM-02173",0,0,"Signature_5",0.999999997296761
"SIM-02174",8.23513952482428,0.121104993012122,"Signature_5",0.999999961302695
"SIM-02175",9.25066362807211,0.181385561334747,"Signature_5",0.999872583020367
"SIM-02176",11.3457591310893,0.214070927001685,"Signature_5",0.997224608888544
"SIM-02177",6.15697462538752,0.0832023598025341,"Signature_5",0.9999999993143
"SIM-02178",24.5939739098215,0.332350998781371,"Signature_5",0.999990527177193
"SIM-02179",20.0324933149648,0.377971571980469,"Signature_5",0.979949696239672
"SIM-02180",46.6822104450301,0.630840681689596,"Signature_3",0.999997723939407
"SIM-02181",10.401068937919,0.20802137875838,"Signature_5",0.999998119502554
"SIM-02182",20.005980220064,0.241035906265832,"Signature_5",0.999958126361243
"SIM-02183",18.2332533220339,0.214508862612163,"Signature_5",0.999987653383471
"SIM-02184",22.4838755317812,0.468414073578775,"Signature_5",0.832203288618733
"SIM-02185",0,0,"Signature_5",0.999999999998001
"SIM-02186",28.4229355407322,0.384093723523409,"Signature_5",0.999669483365141
"SIM-02187",40.7267745399574,0.502799685678487,"Signature_3",0.999999836988489
"SIM-02188",5.17550966328163,0.258775483164081,"Signature_3",0.57035445060302
"SIM-02189",12.4548226907361,0.327758491861475,"Signature_5",0.705559520722306
"SIM-02190",21.9852172162765,0.536224810153085,"Signature_3",0.934537356017534
"SIM-02191",0,0,"Signature_5",0.998171932212065
"SIM-02192",2.52052604055751,0.0494220792266178,"Signature_5",0.999999999908807
"SIM-02193",0,0,"Signature_5",0.99989140826119
"SIM-02194",12.0090857535621,0.200151429226035,"Signature_3",0.99116642196118
"SIM-02195",13.1531366907917,0.208779947472884,"Signature_5",0.999999986308612
"SIM-02196",23.6221420313959,0.310817658307841,"Signature_3",0.880899941013979
"SIM-02197",8.67801140800977,0.133507867815535,"Signature_5",0.999999999990866
"SIM-02198",9.35179729870897,0.252751278343486,"Signature_5",0.865192941693582
"SIM-02199",0,0,"Signature_5",0.999418615315758
"SIM-02200",17.1465325893386,0.248500472309255,"Signature_5",0.999999998714909
"SIM-02201",28.0218586390067,0.418236696104577,"Signature_3",0.999998649331355
"SIM-02202",24.1128785190798,0.395293090476717,"Signature_3",0.906136036112021
"SIM-02203",4.92441110208934,0.107052415262812,"Signature_5",0.958766219028679
"SIM-02204",0,0,"Signature_5",1
"SIM-02205",0,0,"Signature_5",0.999999944226302
"SIM-02206",0,0,"Signature_5",1
"SIM-02207",28.311990047535,0.488137759440259,"Signature_3",0.998834413702042
"SIM-02208",9.5612739494512,0.134665830273961,"Signature_5",0.93259387122754
"SIM-02209",6.06556346162688,0.12636590545056,"Signature_3",0.533253444105635
"SIM-02210",10.8200051741923,0.186551813348144,"Signature_5",0.99910334941343
"SIM-02211",25.882377741065,0.528211790633979,"Signature_3",0.999908955912466
"SIM-02212",20.6479945678203,0.397076818611928,"Signature_3",0.723207688409123
"SIM-02213",0,0,"Signature_5",0.999976292559191
"SIM-02214",19.1429504294826,0.187675984602771,"Signature_3",0.98971088284722
"SIM-02215",15.6959120521901,0.392397801304754,"Signature_3",0.997414232989781
"SIM-02216",21.2556708860787,0.40876290165536,"Signature_3",0.791946901700818
"SIM-02217",0,0,"Signature_5",0.999989149946579
"SIM-02218",13.5978184798167,0.309041329086744,"Signature_5",0.523124394844081
"SIM-02219",37.0449551948177,0.561287199921481,"Signature_3",0.989880963972953
"SIM-02220",21.9954871701597,0.318775176379127,"Signature_3",0.999999779733702
"SIM-02221",3.69254831375363,0.0839215525853098,"Signature_5",0.999994695269271
"SIM-02222",0,0,"Signature_5",0.999999999543815
"SIM-02223",25.7742746770356,0.368203923957651,"Signature_3",0.823852890164064
"SIM-02224",25.8271397172398,0.4165667696329,"Signature_5",0.954631784194248
"SIM-02225",12.3938570866021,0.199900920751647,"Signature_5",0.999996810283001
"SIM-02226",5.36686191425912,0.127782426529979,"Signature_5",0.999999280797518
"SIM-02227",16.9071666683292,0.319003144685457,"Signature_5",0.99989770146697
"SIM-02228",18.3851694026996,0.229814617533745,"Signature_5",0.999999980642029
"SIM-02229",8.92920149343006,0.124016687408751,"Signature_5",0.99999999885821
"SIM-02230",0,0,"Signature_5",0.999999999766599
"SIM-02231",0,0,"Signature_5",0.999999999493528
"SIM-02232",21.1624567871249,0.264530709839062,"Signature_3",0.700542007791124
"SIM-02233",3.39115761852756,0.0498699649783465,"Signature_5",0.999999070781041
"SIM-02234",22.1737543440034,0.403159169890971,"Signature_5",0.999997579484069
"SIM-02235",0,0,"Signature_5",0.999999999783424
"SIM-02236",23.100521234766,0.405272302364316,"Signature_3",0.999999992270747
"SIM-02237",19.6077516436188,0.251381431328446,"Signature_3",0.558062736541576
"SIM-02238",13.5928981036307,0.468720624263126,"Signature_3",0.508604275943294
"SIM-02239",8.55971539817837,0.203802747575675,"Signature_5",0.82614426473295
"SIM-02240",8.13818993273288,0.145324820227373,"Signature_5",0.99940331571317
"SIM-02241",16.0143023729516,0.258295199563735,"Signature_5",0.944711542962632
"SIM-02242",13.7128585326993,0.214263414573427,"Signature_5",0.999999997540824
"SIM-02243",23.7620509594942,0.344377550137597,"Signature_3",0.999818429840543
"SIM-02244",16.5433339570677,0.254512830108734,"Signature_5",0.997604853829912
"SIM-02245",17.7667272631855,0.335221269116708,"Signature_5",0.999849195125133
"SIM-02246",22.9730811313964,0.306307748418618,"Signature_5",0.550228505138663
"SIM-02247",9.39102483906054,0.234775620976513,"Signature_5",0.926623720217748
"SIM-02248",8.98253967897261,0.128321995413894,"Signature_5",0.99999998988353
"SIM-02249",26.2482753254358,0.380409787325157,"Signature_3",0.982808102313608
"SIM-02250",22.6112651637965,0.403772592210653,"Signature_5",0.996540282904383
"SIM-02251",20.2200840145486,0.367637891173611,"Signature_3",0.96897344286614
"SIM-02252",12.3305225809408,0.152228673838775,"Signature_5",0.999998854484245
"SIM-02253",26.0425070462553,0.377427638351526,"Signature_3",0.997625587070807
"SIM-02254",26.4560062990676,0.343584497390488,"Signature_5",0.876666144601057
"SIM-02255",21.9332099973356,0.274165124966695,"Signature_5",0.99999563532867
"SIM-02256",18.6840056138712,0.230666735973718,"Signature_5",0.999999959307892
"SIM-02257",18.0455885052888,0.291057879117561,"Signature_3",0.999549941828787
"SIM-02258",22.4267506851325,0.350417979455195,"Signature_3",0.993301875164037
"SIM-02259",8.27608888375621,0.266970609153426,"Signature_5",0.949161312641279
"SIM-02260",22.9497331268245,0.478119440142178,"Signature_3",0.964063227606987
"SIM-02261",14.8081242878306,0.315066474209163,"Signature_5",0.983973337476894
"SIM-02262",8.18376478032048,0.143574820707377,"Signature_5",0.999999938324454
"SIM-02263",0,0,"Signature_5",0.999999999999679
"SIM-02264",23.8559845510613,0.391081713951824,"Signature_3",0.534932866812834
"SIM-02265",0,0,"Signature_5",0.999960959555391
"SIM-02266",23.3555746328087,0.251135211105469,"Signature_5",0.999999680292159
"SIM-02267",0,0,"Signature_5",0.999216432353888
"SIM-02268",25.2326110608781,0.286734216600888,"Signature_5",0.999090232142997
"SIM-02269",14.5186862621236,0.36296715655309,"Signature_5",0.967721777231297
"SIM-02270",25.8716227610168,0.380465040603188,"Signature_5",0.800871943716009
"SIM-02271",16.7519482970276,0.253817398439812,"Signature_5",0.999986215442159
"SIM-02272",22.9751355558453,0.425465473256395,"Signature_3",0.999422102188862
"SIM-02273",16.2321334289702,0.165634014581329,"Signature_5",0.999999999966871
"SIM-02274",12.2810490005803,0.307026225014507,"Signature_5",0.999119079606749
"SIM-02275",19.5353850831294,0.348846162198739,"Signature_5",0.701661157728695
"SIM-02276",16.3615491808328,0.308708475110053,"Signature_5",0.894443246449677
"SIM-02277",7.35682210179525,0.147136442035905,"Signature_5",0.999999642612098
"SIM-02278",15.1541019543659,0.291425037583959,"Signature_3",0.999994964908722
"SIM-02279",38.5565665057592,0.514087553410123,"Signature_3",0.999999862349957
"SIM-02280",23.3637987834381,0.29953588183895,"Signature_5",0.998816843799324
"SIM-02281",29.1984531302099,0.320862122309999,"Signature_5",0.999995298619124
"SIM-02282",11.5532476946425,0.296237120375449,"Signature_5",0.988684527119095
"SIM-02283",12.4926552259565,0.328754084893592,"Signature_5",0.999945632567602
"SIM-02284",0,0,"Signature_5",0.999999996277924
"SIM-02285",0,0,"Signature_5",0.999999999999834
"SIM-02286",22.7343247564525,0.303124330086033,"Signature_5",0.999956133150076
"SIM-02287",17.9287643739753,0.256125205342504,"Signature_5",0.990419520808598
"SIM-02288",15.0856348465421,0.235713044477221,"Signature_5",0.999983988650538
"SIM-02289",7.595473914232,0.15190947828464,"Signature_5",0.999998855179929
"SIM-02290",28.0611773434182,0.572677088641188,"Signature_3",0.926555094645247
"SIM-02291",8.08605738157028,0.0908545773210144,"Signature_5",0.999999999999083
"SIM-02292",17.1970049588661,0.175479642437409,"Signature_5",0.999998223917967
"SIM-02293",34.3829881083276,0.648735624685427,"Signature_3",0.99999990939085
"SIM-02294",31.7306612216213,0.373301896724956,"Signature_3",0.999703719726702
"SIM-02295",6.82247518177858,0.0874676305356228,"Signature_5",0.999999975376921
"SIM-02296",25.1370498802614,0.474283960004931,"Signature_3",0.526407272074729
"SIM-02297",11.738269289121,0.189326924018081,"Signature_5",0.999999902191746
"SIM-02298",0,0,"Signature_5",0.999999938935757
"SIM-02299",25.7962045440739,0.353372664987313,"Signature_3",0.999999993897643
"SIM-02300",8.22149607405121,0.13702493456752,"Signature_5",0.999999919819695
"SIM-02301",16.2304367340166,0.324608734680331,"Signature_5",0.880948633883257
"SIM-02302",0,0,"Signature_5",0.99999999999977
"SIM-02303",3.1358254316332,0.0559968827077357,"Signature_5",0.999999704571325
"SIM-02304",18.2495314730249,0.309314092763134,"Signature_3",0.768270500554414
"SIM-02305",17.4827981244423,0.213204855176126,"Signature_5",0.999999981407409
"SIM-02306",24.2554223086919,0.495008618544733,"Signature_3",0.842128642595265
"SIM-02307",17.147788176657,0.389722458560386,"Signature_3",0.999983446049903
"SIM-02308",28.6842799545571,0.377424736244172,"Signature_3",0.934688860999045
"SIM-02309",9.18375165706753,0.14349611964168,"Signature_3",0.596343276648461
"SIM-02310",24.4517057429279,0.349310082041827,"Signature_3",0.999971011983109
"SIM-02311",14.1716323413854,0.289216986558887,"Signature_5",0.997923606521103
"SIM-02312",0,0,"Signature_5",0.999999999900715
"SIM-02313",19.4726153426505,0.324543589044176,"Signature_3",0.592208743261329
"SIM-02314",29.2677758744254,0.43040846874155,"Signature_3",0.974488233940029
"SIM-02315",21.2206396862209,0.451502972047253,"Signature_3",0.883681263797114
"SIM-02316",26.4532741522449,0.419893240511823,"Signature_5",0.979603900644794
"SIM-02317",0,0,"Signature_5",0.972922232410309
"SIM-02318",0,0,"Signature_5",0.999999997399027
"SIM-02319",24.5794840376799,0.409658067294665,"Signature_3",0.933204409540565
"SIM-02320",13.7817600724489,0.202672942241896,"Signature_5",0.999982874418336
"SIM-02321",19.201288372699,0.391863028014264,"Signature_3",0.569098734958845
"SIM-02322",0,0,"Signature_5",0.999999999993465
"SIM-02323",9.18526458713782,0.224030843588727,"Signature_5",0.997210442306278
"SIM-02324",0,0,"Signature_5",0.999999689445573
"SIM-02325",35.7832876331877,0.470832732015628,"Signature_3",0.84445699666204
"SIM-02326",31.9459418572743,0.570463247451327,"Signature_3",0.999962104866144
"SIM-02327",39.0853607434629,0.574784716815631,"Signature_3",0.999997133482184
"SIM-02328",23.734379845216,0.339062569217371,"Signature_5",0.946539306756957
"SIM-02329",0,0,"Signature_5",0.99999998293028
"SIM-02330",1.48123132515732,0.13465739319612,"Signature_5",0.928783503934761
"SIM-02331",11.2419384182585,0.175655287785289,"Signature_5",0.998717717631976
"SIM-02332",21.8234902588067,0.436469805176135,"Signature_3",0.998809332512788
"SIM-02333",0,0,"Signature_5",0.999999999999471
"SIM-02334",6.09775343058385,0.129739434693273,"Signature_5",0.999995391094325
"SIM-02335",26.4623641132212,0.407113294049557,"Signature_5",0.573325758906
"SIM-02336",8.77853997099084,0.139341904301442,"Signature_5",0.99985108469856
"SIM-02337",44.2938222328584,0.55367277791073,"Signature_3",0.999999999883913
"SIM-02338",19.1954901564682,0.278195509514032,"Signature_5",0.999996007823156
"SIM-02339",25.0285883151587,0.342857374180255,"Signature_5",0.999332701642206
"SIM-02340",0,0,"Signature_5",1
"SIM-02341",58.2771796153719,0.647524217948576,"Signature_3",0.999999999997437
"SIM-02342",22.0874130111143,0.368123550185239,"Signature_3",0.974690794451971
"SIM-02343",25.9261010316972,0.345681347089296,"Signature_5",0.991225760795085
"SIM-02344",1.68104054580016,0.0280173424300027,"Signature_5",0.999999997586415
"SIM-02345",16.7397036744589,0.341626605601202,"Signature_5",0.973316716918357
"SIM-02346",16.932453161587,0.332008885521314,"Signature_3",0.994467058593226
"SIM-02347",19.6419026420647,0.27280420336201,"Signature_5",0.997765379793982
"SIM-02348",12.8066747563189,0.175433900771492,"Signature_5",0.999998611185448
"SIM-02349",6.7928857961616,0.154383768094582,"Signature_5",0.999995790692897
"SIM-02350",24.0284916908943,0.500593576893631,"Signature_5",0.992314273105404
"SIM-02351",8.75155277771777,0.171599074072898,"Signature_5",0.999656283045024
"SIM-02352",9.96927396481015,0.343768067752074,"Signature_3",0.996166691539305
"SIM-02353",27.1678425733185,0.438191009247073,"Signature_3",0.566207752126348
"SIM-02354",10.3939199244533,0.230975998321184,"Signature_5",0.994920313070636
"SIM-02355",20.3218639285389,0.294519767080275,"Signature_5",0.764679169668268
"SIM-02356",6.37231831261304,0.148193449130536,"Signature_5",0.8488635833017
"SIM-02357",12.6955109664436,0.181364442377766,"Signature_5",0.947543390274887
"SIM-02358",0,0,"Signature_5",0.999999623708193
"SIM-02359",15.7646989414176,0.24632342095965,"Signature_5",0.999982309795295
"SIM-02360",0,0,"Signature_5",1
"SIM-02361",11.6578309936861,0.200997086098036,"Signature_5",0.999999990732753
"SIM-02362",42.8195818868586,0.52219002301047,"Signature_3",0.999980966810447
"SIM-02363",26.2613727711599,0.380599605379129,"Signature_3",0.581893965607313
"SIM-02364",16.2479143214764,0.257903401928197,"Signature_5",0.992470722675156
"SIM-02365",0,0,"Signature_5",0.999999999856403
"SIM-02366",0,0,"Signature_5",0.997489213398528
"SIM-02367",21.0529740474432,0.397225925423457,"Signature_3",0.999999170194285
"SIM-02368",21.6515775097721,0.260862379635808,"Signature_5",0.999999998842697
"SIM-02369",29.9358407349822,0.534568584553254,"Signature_3",0.999417490705019
"SIM-02370",13.8391647219452,0.282431933100922,"Signature_5",0.999841886592076
"SIM-02371",9.27268098196612,0.132466871170945,"Signature_5",0.999999964364041
"SIM-02372",9.37329016823264,0.137842502474009,"Signature_5",0.999999987623846
"SIM-02373",0,0,"Signature_5",0.999999999999753
"SIM-02374",8.2464716071385,0.142180544950664,"Signature_5",0.998897869018637
"SIM-02375",0,0,"Signature_5",0.999999651342515
"SIM-02376",7.92929651326218,0.29367764863934,"Signature_5",0.899878017130786
"SIM-02377",22.8735026561337,0.408455404573815,"Signature_5",0.716820116268885
"SIM-02378",12.8655340888034,0.186457015779759,"Signature_5",0.99999317058867
"SIM-02379",5.02855125457514,0.106990452225003,"Signature_5",0.999915023111421
"SIM-02380",20.5489860517687,0.28149295961327,"Signature_5",0.999675117272413
"SIM-02381",14.2575858100448,0.226310885873728,"Signature_5",0.998077550741239
"SIM-02382",23.1029102623475,0.412551968970491,"Signature_3",0.845063833008498
"SIM-02383",0,0,"Signature_5",0.999999958956898
"SIM-02384",20.8665812679526,0.257612114419168,"Signature_5",0.999656004947643
"SIM-02385",0,0,"Signature_5",0.999999551115023
"SIM-02386",0,0,"Signature_5",0.999999995714846
"SIM-02387",32.0630262723749,0.411064439389422,"Signature_3",0.999998142869477
"SIM-02388",10.7579155678362,0.370962605787457,"Signature_5",0.995588662855338
"SIM-02389",10.6765897939926,0.164255227599886,"Signature_5",0.999999906171995
"SIM-02390",33.5882109470956,0.55062640896878,"Signature_3",0.999913900571345
"SIM-02391",9.5613355483078,0.195129296904241,"Signature_5",0.999972970145156
"SIM-02392",0,0,"Signature_5",0.975492828808307
"SIM-02393",20.8632760234754,0.425781143336232,"Signature_3",0.999477285699661
"SIM-02394",36.8668034898838,0.414233747077346,"Signature_3",0.999997879225821
"SIM-02395",22.3814945895368,0.319735636993383,"Signature_3",0.997723609649722
"SIM-02396",22.2589881747177,0.635971090706219,"Signature_3",0.998042931106426
"SIM-02397",42.0299176438798,0.512559971266826,"Signature_3",0.998306487694466
"SIM-02398",16.565864986042,0.385252674094001,"Signature_5",0.999998087656794
"SIM-02399",18.1537105643742,0.318486150252179,"Signature_5",0.998667086721775
"SIM-02400",2.5152170971073,0.0661899236080869,"Signature_5",0.999997486757311
"SIM-02401",0,0,"Signature_5",0.999999999997396
"SIM-02402",24.6810998846372,0.368374625143839,"Signature_5",0.689953411938687
"SIM-02403",0,0,"Signature_5",0.999987753514396
"SIM-02404",16.0407588726718,0.281416822327576,"Signature_5",0.991654167517188
"SIM-02405",10.3258178635129,0.187742142972962,"Signature_5",0.999998659276997
"SIM-02406",19.8019883119524,0.324622759212335,"Signature_5",0.99781905941434
"SIM-02407",13.4777557132036,0.19532979294498,"Signature_5",0.999999999828249
"SIM-02408",20.6179982447722,0.644312445149131,"Signature_3",0.884348559863032
"SIM-02409",0,0,"Signature_5",0.999999999997461
"SIM-02410",0,0,"Signature_5",0.999999992800423
"SIM-02411",13.0592888474391,0.272068517654981,"Signature_5",0.999758560579495
"SIM-02412",9.31686147057139,0.190140030011661,"Signature_5",0.999980922366094
"SIM-02413",0,0,"Signature_5",0.999999876929405
"SIM-02414",0,0,"Signature_5",0.999798350183663
"SIM-02415",15.4687274074482,0.407071773880216,"Signature_5",0.992067893447119
"SIM-02416",16.766438191454,0.289076520542311,"Signature_3",0.922572807982831
"SIM-02417",8.18392663764868,0.134162731764732,"Signature_5",0.999998727110694
"SIM-02418",25.60875936119,0.316157522977655,"Signature_3",0.998216705334734
"SIM-02419",4.79000111401396,0.0674648044227318,"Signature_5",0.997512087851884
"SIM-02420",0,0,"Signature_5",0.994478072761729
"SIM-02421",9.79817021676029,0.192120984642359,"Signature_5",0.705626599060482
"SIM-02422",14.5872871157778,0.331529252631315,"Signature_3",0.97437234432902
"SIM-02423",10.2686971145654,0.177046501975266,"Signature_5",0.999999993133012
"SIM-02424",19.4232452064861,0.27356683389417,"Signature_5",0.999999867781353
"SIM-02425",26.279708362056,0.505379006962615,"Signature_3",0.987716355548901
"SIM-02426",0,0,"Signature_5",0.830862264058897
"SIM-02427",12.2241526582005,0.197163752551621,"Signature_5",0.998708103110633
"SIM-02428",0,0,"Signature_5",0.999999811541755
"SIM-02429",14.1165859860614,0.252081892608239,"Signature_5",0.991909632483428
"SIM-02430",9.37240957059649,0.267783130588471,"Signature_3",0.91668131389353
"SIM-02431",15.7729320955249,0.40443415629551,"Signature_5",0.85290626214466
"SIM-02432",43.0839074931746,0.662829346048839,"Signature_3",0.999999998816339
"SIM-02433",13.1572896089117,0.234951600159138,"Signature_3",0.849311460825205
"SIM-02434",23.8273950682608,0.313518356161327,"Signature_5",0.849562094652054
"SIM-02435",10.4261984707868,0.260654961769671,"Signature_3",0.997727078444108
"SIM-02436",0,0,"Signature_5",0.999999975861319
"SIM-02437",0,0,"Signature_5",0.999958263226139
"SIM-02438",13.2792787411597,0.214181915179995,"Signature_5",0.998637823916851
"SIM-02439",8.26006389803649,0.123284535791589,"Signature_5",0.999999999950748
"SIM-02440",18.7666138741819,0.551959231593585,"Signature_3",0.999761093669783
"SIM-02441",37.2598591378293,0.477690501767042,"Signature_3",0.999999998859926
"SIM-02442",8.59669360463457,0.128308859770665,"Signature_5",0.999999968224155
"SIM-02443",9.42501150047798,0.304032629047677,"Signature_3",0.999959635590696
"SIM-02444",8.76471628848599,0.134841789053631,"Signature_5",0.999949838801847
"SIM-02445",20.111994644315,0.418999888423229,"Signature_3",0.985087423066145
"SIM-02446",9.1790290365137,0.176519789163725,"Signature_5",0.999998600765529
"SIM-02447",24.8172278125895,0.57714483285092,"Signature_3",0.999999988743418
"SIM-02448",17.657391266157,0.182034961506773,"Signature_5",0.999999674044776
"SIM-02449",18.7520310601551,0.293000485314924,"Signature_3",0.970741371184078
"SIM-02450",30.4894751485067,0.461961744674343,"Signature_3",0.99977965677401
"SIM-02451",24.5081101013079,0.401772296742752,"Signature_3",0.999987491494941
"SIM-02452",0,0,"Signature_5",0.99999999990911
"SIM-02453",0,0,"Signature_5",0.999999891939681
"SIM-02454",6.39999442236914,0.14883707958998,"Signature_5",0.732092102636284
"SIM-02455",7.3596303542404,0.171154194284661,"Signature_5",0.999641213047732
"SIM-02456",15.515580669147,0.215494175960376,"Signature_5",0.930791884962929
"SIM-02457",20.7028980721332,0.240731372931781,"Signature_5",0.858692777337934
"SIM-02458",0,0,"Signature_5",0.999999999887238
"SIM-02459",15.6712165155881,0.313424330311762,"Signature_5",0.999942723293477
"SIM-02460",14.8154284638496,0.238958523610477,"Signature_5",0.999999187746265
"SIM-02461",23.9595948242483,0.323778308435788,"Signature_3",0.999999748949912
"SIM-02462",18.5785479809437,0.364285254528307,"Signature_5",0.999997157851897
"SIM-02463",18.8175609680933,0.470439024202332,"Signature_3",0.72331971447181
"SIM-02464",25.6218739566838,0.316319431563998,"Signature_3",0.619870773067396
"SIM-02465",12.2479011004854,0.244958022009707,"Signature_5",0.999974649620066
"SIM-02466",0,0,"Signature_5",0.966020637427333
"SIM-02467",8.35978986453926,0.144134308009298,"Signature_3",0.799543797997785
"SIM-02468",17.7835599726937,0.592785332423124,"Signature_3",0.957333110471278
"SIM-02469",8.93105294806763,0.115987700624255,"Signature_5",0.999912168092975
"SIM-02470",40.0763537571275,0.455413110876449,"Signature_3",0.984328471725337
"SIM-02471",19.2778872594393,0.37799778940077,"Signature_5",0.852618683671739
"SIM-02472",5.11941853856873,0.10038075565821,"Signature_5",0.999917417960004
"SIM-02473",0,0,"Signature_5",0.997979250593921
"SIM-02474",0,0,"Signature_5",0.998526364436425
"SIM-02475",20.2526922983792,0.361655219613915,"Signature_3",0.999165175291734
"SIM-02476",0,0,"Signature_5",0.998533979917455
"SIM-02477",9.75277199881195,0.121909649985149,"Signature_5",0.999999958690248
"SIM-02478",13.6014354161573,0.226690590269288,"Signature_5",0.996479580325874
"SIM-02479",0,0,"Signature_5",0.999124362458063
"SIM-02480",0,0,"Signature_5",0.99999999461849
"SIM-02481",16.5901849941893,0.184335388824325,"Signature_5",0.999999999999997
"SIM-02482",0,0,"Signature_5",0.999999999016725
"SIM-02483",31.4697931561247,0.431093056933215,"Signature_3",0.976521097210889
"SIM-02484",10.6622701669941,0.144084731986406,"Signature_5",0.999999999284137
"SIM-02485",23.6747406789935,0.408185184120577,"Signature_3",0.9989114208545
"SIM-02486",19.3299748638434,0.327626692607516,"Signature_3",0.999481746112285
"SIM-02487",1.76616980642657,0.032112178298665,"Signature_5",0.999999978011959
"SIM-02488",16.8117309482507,0.294942648214925,"Signature_5",0.99999998867781
"SIM-02489",0,0,"Signature_5",0.999999981669473
"SIM-02490",10.6417639619736,0.180368880711417,"Signature_5",0.999983991476846
"SIM-02491",0,0,"Signature_5",1
"SIM-02492",0,0,"Signature_5",0.999926030168973
"SIM-02493",4.95898678539367,0.0679313258273105,"Signature_5",0.999988955318577
"SIM-02494",28.2232890764836,0.386620398307995,"Signature_3",0.993610128813563
"SIM-02495",27.089629682571,0.404322831083149,"Signature_3",0.998540789032049
"SIM-02496",11.6062354883107,0.126154733568594,"Signature_5",0.999999997636096
"SIM-02497",13.8883917629401,0.207289429297614,"Signature_5",0.999999818023292
"SIM-02498",28.1215052066658,0.439398518854153,"Signature_5",0.756476114473469
"SIM-02499",20.064419207846,0.328924905046656,"Signature_3",0.953325153355088
"SIM-02500",19.1705142204453,0.294930988006852,"Signature_5",0.99993348436035
"SIM-02501",26.3475609931371,0.387464132252016,"Signature_5",0.936755064002786
"SIM-02502",9.29285179073005,0.299769412604195,"Signature_3",0.998212831039658
"SIM-02503",18.3856748532361,0.213786916898095,"Signature_5",0.999993960214393
"SIM-02504",20.4373712326474,0.364953057725846,"Signature_3",0.999864751574712
"SIM-02505",8.30697373042082,0.13844956217368,"Signature_5",0.999999905288512
"SIM-02506",22.6215464651437,0.39686923623059,"Signature_3",0.958008209332985
"SIM-02507",0,0,"Signature_5",0.70607595131679
"SIM-02508",19.5369216283015,0.244211520353769,"Signature_5",0.999999260444828
"SIM-02509",20.158696879161,0.353661348757211,"Signature_3",0.997608909841772
"SIM-02510",17.9720016432284,0.242864887070653,"Signature_5",0.999999961743174
"SIM-02511",0,0,"Signature_5",0.999997295225508
"SIM-02512",0,0,"Signature_5",0.99999999624641
"SIM-02513",21.7719791816568,0.345586971137409,"Signature_3",0.867497201537593
"SIM-02514",15.883914600203,0.264731910003384,"Signature_3",0.6504307786845
"SIM-02515",7.88324829614151,0.143331787202573,"Signature_5",0.999988519897689
"SIM-02516",19.317087809627,0.344947996600482,"Signature_5",0.996691251320513
"SIM-02517",0,0,"Signature_5",0.999999694216936
"SIM-02518",4.34569196602334,0.0869138393204669,"Signature_5",0.999999340551273
"SIM-02519",34.1315434305455,0.525100668162238,"Signature_3",0.999999580885387
"SIM-02520",12.1175965685117,0.212589413482661,"Signature_5",0.998240128515636
"SIM-02521",3.58040032206666,0.0639357200369046,"Signature_5",0.999997942131351
"SIM-02522",15.0830857800141,0.34279740409123,"Signature_5",0.886592571513944
"SIM-02523",19.3214064790018,0.276020092557169,"Signature_3",0.999788681719283
"SIM-02524",17.5579153918756,0.258204638115818,"Signature_5",0.999289437792467
"SIM-02525",14.9615539315266,0.245271375926666,"Signature_5",0.998375946195353
"SIM-02526",7.5462916187776,0.160559396144204,"Signature_3",0.970259240167168
"SIM-02527",11.9530999382946,0.178404476690964,"Signature_5",0.999999998895107
"SIM-02528",0,0,"Signature_5",0.999999833079723
"SIM-02529",18.8940608113443,0.439396763054518,"Signature_5",0.699701341260982
"SIM-02530",19.1860663574078,0.245975209710356,"Signature_5",0.985253850813671
"SIM-02531",26.834153473707,0.339672828781102,"Signature_3",0.98075454914188
"SIM-02532",20.0957074208459,0.358851918229392,"Signature_5",0.99968404837161
"SIM-02533",15.2766185699393,0.169740206332659,"Signature_5",0.999999985196989
"SIM-02534",29.6465794481797,0.390086571686575,"Signature_3",0.999995540166334
"SIM-02535",12.713524755283,0.254270495105661,"Signature_5",0.995678947145139
"SIM-02536",20.6987632462128,0.279713016840713,"Signature_5",0.99997821943745
"SIM-02537",0,0,"Signature_5",0.998027662488322
"SIM-02538",13.2000962419672,0.258825416509161,"Signature_5",0.99414246869612
"SIM-02539",17.0936331448585,0.213670414310731,"Signature_5",0.999062851111719
"SIM-02540",11.7608402985816,0.301560007655938,"Signature_5",0.999213154247407
"SIM-02541",32.2266198570805,0.447591942459451,"Signature_3",0.999999981336268
"SIM-02542",16.3338644826576,0.267768270207501,"Signature_3",0.805527716885038
"SIM-02543",38.6917121713823,0.537384891269199,"Signature_3",0.998186728890099
"SIM-02544",7.81599026981446,0.132474411352787,"Signature_5",0.999994432867188
"SIM-02545",22.7298621223786,0.505108047163969,"Signature_3",0.998834038388277
"SIM-02546",17.1788560621785,0.220241744386903,"Signature_5",0.999980370706237
"SIM-02547",9.95402921906804,0.142200417415258,"Signature_5",0.999970913562061
"SIM-02548",30.7983015609873,0.371063874228762,"Signature_3",0.999999937117866
"SIM-02549",0,0,"Signature_5",0.999985278807675
"SIM-02550",8.18044757907672,0.134105698017651,"Signature_5",0.999999652877715
"SIM-02551",0,0,"Signature_5",0.99999999996281
"SIM-02552",17.3254386021203,0.247506265744576,"Signature_5",0.999999998657473
"SIM-02553",25.4311535535202,0.565136745633783,"Signature_3",0.999995509251984
"SIM-02554",28.841243171414,0.457797510657365,"Signature_3",0.999999848677582
"SIM-02555",23.040937031449,0.349105106537107,"Signature_5",0.998884053301989
"SIM-02556",9.10777793992229,0.193782509360049,"Signature_5",0.540333771018964
"SIM-02557",19.7696487397657,0.241093277314216,"Signature_5",0.994749834920149
"SIM-02558",29.0907235031753,0.632407032677724,"Signature_3",0.999822363807685
"SIM-02559",18.527014970686,0.37810234634053,"Signature_3",0.993146015472228
"SIM-02560",15.1967044895691,0.281420453510538,"Signature_5",0.715569057084434
"SIM-02561",15.998849180826,0.516091909058905,"Signature_3",0.996802772043737
"SIM-02562",6.9216584983046,0.111639653198461,"Signature_5",0.737987168230507
"SIM-02563",13.100077110923,0.238183220198601,"Signature_5",0.999985708363433
"SIM-02564",22.1514174443868,0.527414701056828,"Signature_3",0.999999525793126
"SIM-02565",14.5392871566023,0.210714306617424,"Signature_5",0.549259156978622
"SIM-02566",0,0,"Signature_5",0.999999801820366
"SIM-02567",5.59342694186835,0.0964383955494543,"Signature_5",0.999992618532273
"SIM-02568",36.9797657974607,0.393401763802773,"Signature_3",0.999448293232959
"SIM-02569",0,0,"Signature_5",0.992197672618598
"SIM-02570",12.3549091623337,0.174012805103291,"Signature_5",0.999999999999608
"SIM-02571",0,0,"Signature_5",0.999963428819273
"SIM-02572",15.1912115274022,0.233710946575419,"Signature_5",0.990681656744648
"SIM-02573",2.67591722949714,0.0371655170763492,"Signature_5",0.999534041534931
"SIM-02574",23.6877695618922,0.408409820032624,"Signature_5",0.9961244654546
"SIM-02575",9.45385104725319,0.225091691601266,"Signature_5",0.948077491106277
"SIM-02576",0,0,"Signature_5",0.99999999999948
"SIM-02577",23.5783767768594,0.39297294628099,"Signature_3",0.999357644205105
"SIM-02578",16.6648235537039,0.252497326571271,"Signature_5",0.999866882158096
"SIM-02579",0,0,"Signature_5",0.999999998793349
"SIM-02580",25.5959863650205,0.27522565983893,"Signature_5",0.999999994305935
"SIM-02581",8.90329561646888,0.178065912329378,"Signature_5",0.999999999614145
"SIM-02582",23.4956207725921,0.469912415451843,"Signature_3",0.999409140296605
"SIM-02583",4.90995228965422,0.0944221594164273,"Signature_5",0.999992259522503
"SIM-02584",16.887182781736,0.203460033514891,"Signature_5",0.999999999991451
"SIM-02585",6.99217856524885,0.122669799390331,"Signature_5",0.999999783582042
"SIM-02586",29.2692417431062,0.487820695718436,"Signature_3",0.999658268212298
"SIM-02587",18.3390571845697,0.282139341301072,"Signature_5",0.941227966137594
"SIM-02588",9.23629101324148,0.219911690791464,"Signature_5",0.601349832173072
"SIM-02589",14.3480093893914,0.207942165063643,"Signature_5",0.999999991574348
"SIM-02590",16.9202660243575,0.282004433739291,"Signature_3",0.988826774540528
"SIM-02591",16.7344653374827,0.298829738169334,"Signature_5",0.987785643138461
"SIM-02592",22.3530350387366,0.385397155840286,"Signature_5",0.806811887474093
"SIM-02593",0,0,"Signature_5",0.999999032935572
"SIM-02594",33.9299623484187,0.652499275931128,"Signature_3",0.999982135094802
"SIM-02595",10.2932396302773,0.158357532773497,"Signature_5",0.99999999999603
"SIM-02596",0,0,"Signature_5",0.999988929533127
"SIM-02597",35.1479412111188,0.495041425508715,"Signature_3",0.999999999968267
"SIM-02598",19.7828297165476,0.460065807361572,"Signature_3",0.999995639393496
"SIM-02599",22.4672104988806,0.362374362885171,"Signature_5",0.999898265102081
"SIM-02600",5.12478350002766,0.113884077778392,"Signature_5",0.999214570293195
"SIM-02601",5.07931103186962,0.0891107198573618,"Signature_5",0.999999999999979
"SIM-02602",8.27577316551451,0.103447164568931,"Signature_5",0.968375428120918
"SIM-02603",25.8581930006467,0.497272942320128,"Signature_3",0.999456121207694
"SIM-02604",0,0,"Signature_5",0.999999992575648
"SIM-02605",19.7042720129201,0.364893926165188,"Signature_3",0.999988395528075
"SIM-02606",22.1786805744052,0.426513087969331,"Signature_3",0.933310184010874
"SIM-02607",26.8032389560319,0.339281505772556,"Signature_5",0.740273746312299
"SIM-02608",2.72307425829513,0.0618880513248894,"Signature_5",0.99999819503065
"SIM-02609",0,0,"Signature_5",0.999999999999997
"SIM-02610",0,0,"Signature_5",0.999996675863999
"SIM-02611",5.19141368643901,0.0851051424006394,"Signature_5",0.999999999363869
"SIM-02612",0,0,"Signature_5",0.999999998822869
"SIM-02613",9.89525067419971,0.128509749015581,"Signature_5",0.999975196947077
"SIM-02614",15.0482132334648,0.358290791272972,"Signature_5",0.989160653203899
"SIM-02615",21.2608901177278,0.244378047330204,"Signature_5",0.999999999917772
"SIM-02616",0,0,"Signature_5",0.999999999968574
"SIM-02617",0,0,"Signature_5",0.999999921780768
"SIM-02618",0,0,"Signature_5",0.999999999999865
"SIM-02619",20.0572203472043,0.35816464905722,"Signature_5",0.999979479597003
"SIM-02620",30.7106934758929,0.511844891264881,"Signature_3",0.999994552170611
"SIM-02621",19.2474788342377,0.506512600900992,"Signature_3",0.996738253574459
"SIM-02622",0,0,"Signature_5",0.99980635358111
"SIM-02623",10.6635796747014,0.313634696314746,"Signature_3",0.758741660665386
"SIM-02624",0,0,"Signature_5",0.999999999999124
"SIM-02625",30.0661503297411,0.589532359406688,"Signature_3",0.999995746972904
"SIM-02626",0,0,"Signature_5",0.999999999994795
"SIM-02627",0,0,"Signature_5",0.999999999999638
"SIM-02628",23.7611253559358,0.312646386262313,"Signature_3",0.997917747879651
"SIM-02629",7.13545097773524,0.165940720412448,"Signature_5",0.999999980860456
"SIM-02630",7.62602740182195,0.125016842652819,"Signature_5",0.999601579750106
"SIM-02631",0,0,"Signature_5",1
"SIM-02632",35.4162021855197,0.64393094882763,"Signature_3",0.999999998814983
"SIM-02633",29.8088671707526,0.32400942576905,"Signature_3",0.989488620223687
"SIM-02634",5.80075459385641,0.103584903461722,"Signature_5",0.999999989298438
"SIM-02635",0,0,"Signature_5",0.999999985842744
"SIM-02636",33.6693426379264,0.635270615809933,"Signature_3",0.999999999987538
"SIM-02637",0,0,"Signature_5",0.999999981235271
"SIM-02638",10.3199682025662,0.184285146474397,"Signature_5",0.913452850370494
"SIM-02639",0,0,"Signature_5",0.999999999997692
"SIM-02640",34.7624726626326,0.560685042945688,"Signature_3",0.999910056893687
"SIM-02641",9.26498665870538,0.13235695226722,"Signature_5",0.999999999819287
"SIM-02642",14.611317100447,0.228301829694484,"Signature_5",0.999990239952357
"SIM-02643",20.90674208522,0.444824299685533,"Signature_3",0.888391278829171
"SIM-02644",18.772786004881,0.21332711369183,"Signature_5",0.999999999451757
"SIM-02645",34.3044321356846,0.714675669493429,"Signature_3",0.999999999994994
"SIM-02646",27.2873583641603,0.447333743674758,"Signature_5",0.992065457414482
"SIM-02647",15.2330062528075,0.44802959567081,"Signature_3",0.999902751971612
"SIM-02648",5.91455248514065,0.115971617355699,"Signature_5",0.999999999264621
"SIM-02649",0,0,"Signature_5",0.999191772773293
"SIM-02650",0,0,"Signature_5",0.99999999987581
"SIM-02651",0,0,"Signature_5",0.999964601300074
"SIM-02652",45.748945662742,0.415899506024927,"Signature_3",0.999999696503181
"SIM-02653",8.69651655430188,0.212110159861022,"Signature_5",0.999991286632131
"SIM-02654",15.6437203187295,0.363807449272779,"Signature_3",0.99999999629498
"SIM-02655",7.64285788178006,0.254761929392669,"Signature_5",0.649662803045044
"SIM-02656",12.556694077445,0.220292878551667,"Signature_5",0.9999997702246
"SIM-02657",23.4794824168703,0.426899680306732,"Signature_3",0.565434970457658
"SIM-02658",19.5135945597631,0.291247679996464,"Signature_5",0.701121525323454
"SIM-02659",0,0,"Signature_5",0.999999753921639
"SIM-02660",7.85264562367828,0.191527942040934,"Signature_5",0.999954956710053
"SIM-02661",21.1837427744742,0.302624896778203,"Signature_5",0.826449635634245
"SIM-02662",24.0149832084884,0.307884400108826,"Signature_5",0.883623926365427
"SIM-02663",20.2173480353985,0.315896063053101,"Signature_5",0.728052687189433
"SIM-02664",12.7525656203416,0.212542760339026,"Signature_5",0.99670522621701
"SIM-02665",7.77631542478041,0.091486063820946,"Signature_5",0.999980272267061
"SIM-02666",0,0,"Signature_5",0.999999999934869
"SIM-02667",0,0,"Signature_5",0.999999991799409
"SIM-02668",11.9607509410406,0.159476679213874,"Signature_5",0.999999821649931
"SIM-02669",14.4381330775223,0.212325486434151,"Signature_5",0.999996451831839
"SIM-02670",21.9916636657969,0.24990526892951,"Signature_5",0.999999999633887
"SIM-02671",20.6710759228003,0.291141914405638,"Signature_5",0.999939966123318
"SIM-02672",22.8837747865111,0.408638835473413,"Signature_3",0.895263397454061
"SIM-02673",12.2232251535556,0.160831909915205,"Signature_5",0.99880282537721
"SIM-02674",0,0,"Signature_5",0.999999671790053
"SIM-02675",9.29814953707577,0.175436783718411,"Signature_3",0.760856225506658
"SIM-02676",13.7247808170245,0.163390247821721,"Signature_5",0.999958970477664
"SIM-02677",27.4140017710586,0.527192341751128,"Signature_3",0.999947850685565
"SIM-02678",0,0,"Signature_5",0.999999986826581
"SIM-02679",10.1789753069739,0.231340347885771,"Signature_3",0.788584595895263
"SIM-02680",0,0,"Signature_5",0.999999999963279
"SIM-02681",3.09211879348526,0.0883462512424361,"Signature_5",0.999999982006846
"SIM-02682",0,0,"Signature_5",0.999999991035843
"SIM-02683",29.6694699514491,0.357463493390953,"Signature_5",0.954020315484394
"SIM-02684",21.0882688793481,0.297017871540114,"Signature_5",0.987067144835945
"SIM-02685",6.77908777501638,0.199384934559305,"Signature_5",0.998745990225667
"SIM-02686",0,0,"Signature_5",1
"SIM-02687",18.2482550633676,0.214685353686677,"Signature_3",0.997042720134998
"SIM-02688",15.9134178258474,0.217992025011609,"Signature_5",0.854573915877587
"SIM-02689",0,0,"Signature_5",0.999999999974768
"SIM-02690",16.3118207034128,0.27647153734598,"Signature_5",0.781113008888985
"SIM-02691",16.2167304954017,0.228404654864813,"Signature_3",0.942825030151854
"SIM-02692",0,0,"Signature_5",0.999999834534839
"SIM-02693",14.4732236620233,0.168293298395619,"Signature_5",0.999999999830203
"SIM-02694",0,0,"Signature_5",0.999999999999614
"SIM-02695",20.2687847148123,0.281510898816837,"Signature_3",0.929858039391616
"SIM-02696",39.2943471382112,0.497396799217863,"Signature_5",0.999542135951401
"SIM-02697",19.9605900935649,0.297919255127834,"Signature_5",0.999993349126233
"SIM-02698",11.3070500400317,0.297553948421886,"Signature_5",0.99796891454373
"SIM-02699",29.0537710794148,0.421069146078476,"Signature_5",0.998146831214773
"SIM-02700",0,0,"Signature_5",0.999997507458206
"SIM-02701",0,0,"Signature_5",0.99982407947855
"SIM-02702",17.2529024830145,0.282834466934665,"Signature_3",0.843204012780333
"SIM-02703",13.7112914399041,0.268848851762826,"Signature_3",0.969436040125394
"SIM-02704",11.7584754275424,0.18965282947649,"Signature_5",0.999999999023647
"SIM-02705",5.12069702235304,0.0775863185205006,"Signature_5",0.999999999795084
"SIM-02706",12.5175726425068,0.181414096268215,"Signature_5",0.999999670166945
"SIM-02707",6.54689818251718,0.211190263952167,"Signature_5",0.99994536242385
"SIM-02708",12.3986238025349,0.193728496914608,"Signature_5",0.947555697501701
"SIM-02709",11.2527748571695,0.167951863539843,"Signature_5",0.999999313713682
"SIM-02710",9.99271280069955,0.151404739404539,"Signature_5",0.999997521423475
"SIM-02711",27.5613598159066,0.32811142637984,"Signature_5",0.99997520331906
"SIM-02712",8.22829386813942,0.0935033394106752,"Signature_5",0.999999904726226
"SIM-02713",0,0,"Signature_5",0.999999999628986
"SIM-02714",0,0,"Signature_5",0.999991091829633
"SIM-02715",0,0,"Signature_5",0.999999999999997
"SIM-02716",22.2445054169548,0.342223160260842,"Signature_5",0.999999295641047
"SIM-02717",14.5527703535307,0.255311760588259,"Signature_3",0.65370835938607
"SIM-02718",16.1404072122911,0.393668468592465,"Signature_5",0.983261236191442
"SIM-02719",23.9514022398478,0.614138518970456,"Signature_3",0.999789470795866
"SIM-02720",20.7701967132059,0.262913882445644,"Signature_5",0.872737665070878
"SIM-02721",0,0,"Signature_5",0.999997710746978
"SIM-02722",25.3159372601179,0.372293195001734,"Signature_3",0.698039635163024
"SIM-02723",33.5924618064183,0.386120250648486,"Signature_5",0.913144105259258
"SIM-02724",7.12667813366056,0.0976257278583638,"Signature_5",0.999999999999943
"SIM-02725",5.48256611918891,0.121834802648642,"Signature_3",0.773229367013697
"SIM-02726",14.6698958618218,0.26196242610396,"Signature_5",0.999999992408343
"SIM-02727",24.2657595028878,0.551494534156541,"Signature_5",0.668542740365543
"SIM-02728",17.3440968580722,0.619432030645437,"Signature_3",0.988805167805561
"SIM-02729",9.21017315134404,0.214190073287071,"Signature_5",0.997678684208652
"SIM-02730",25.0703433774492,0.317346118701888,"Signature_5",0.999998099582665
"SIM-02731",21.1215981695596,0.340670938218703,"Signature_5",0.999999760081994
"SIM-02732",26.3770985323134,0.454777560901955,"Signature_3",0.999989804863339
"SIM-02733",0,0,"Signature_5",0.999999999999967
"SIM-02734",8.45258431655844,0.148290952922078,"Signature_5",0.998876784735977
"SIM-02735",26.0470186321825,0.388761472122126,"Signature_3",0.993302132652812
"SIM-02736",0,0,"Signature_5",0.998829182261573
"SIM-02737",32.1325654401331,0.730285578184844,"Signature_3",0.999999997504486
"SIM-02738",0,0,"Signature_5",0.999999999995329
"SIM-02739",30.2056013875005,0.392280537500006,"Signature_5",0.982872677668063
"SIM-02740",15.3556202914352,0.30109059394971,"Signature_3",0.998251677280445
"SIM-02741",22.7723839965178,0.350344369177197,"Signature_3",0.995845266435109
"SIM-02742",5.25145732924735,0.0954810423499518,"Signature_5",0.999999997228831
"SIM-02743",14.7892454855792,0.254986991130675,"Signature_5",0.99775176174219
"SIM-02744",3.07066340418712,0.0348939023203081,"Signature_5",0.999952395566197
"SIM-02745",24.2366914619088,0.494626356365485,"Signature_3",0.999997652426343
"SIM-02746",10.8028700940408,0.211820982236095,"Signature_5",0.858380718970659
"SIM-02747",19.2430060438809,0.377313843997665,"Signature_3",0.927173335219859
"SIM-02748",33.4320950348,0.359484892847312,"Signature_5",0.999961527614255
"SIM-02749",28.6124582173631,0.420771444372986,"Signature_3",0.99999997125739
"SIM-02750",66.3325003810363,0.713252692269207,"Signature_3",1
"SIM-02751",0,0,"Signature_5",0.999999879723664
"SIM-02752",19.6319870491573,0.338482535330298,"Signature_3",0.98857071175074
"SIM-02753",0,0,"Signature_5",0.999999996184473
"SIM-02754",22.6506650375229,0.343191894507923,"Signature_3",0.99999995049436
"SIM-02755",0,0,"Signature_5",0.999984785476004
"SIM-02756",14.4363802702817,0.169839767885667,"Signature_5",0.999919980818565
"SIM-02757",0,0,"Signature_5",0.999999999999649
"SIM-02758",0.349520026444336,0.00613193028849712,"Signature_5",0.988563765714991
"SIM-02759",13.4794421537487,0.264302787328407,"Signature_5",0.979508436204558
"SIM-02760",0,0,"Signature_5",0.999998041175285
"SIM-02761",15.3083076841994,0.198809190703889,"Signature_5",0.999943464992977
"SIM-02762",20.0551426701788,0.23594285494328,"Signature_5",0.999999999874474
"SIM-02763",5.74740797597399,0.0927001286447418,"Signature_5",0.997346797885662
"SIM-02764",0,0,"Signature_5",0.999999999956555
"SIM-02765",0,0,"Signature_5",0.932766977185072
"SIM-02766",0,0,"Signature_5",0.999999974049441
"SIM-02767",19.111729360361,0.303360783497794,"Signature_5",0.999999998687132
"SIM-02768",19.9613691352354,0.344161536814404,"Signature_3",0.692449621183416
"SIM-02769",0,0,"Signature_5",0.99999718437187
"SIM-02770",9.26231821238467,0.151841282170241,"Signature_5",0.999986420388128
"SIM-02771",0,0,"Signature_5",0.999954385532923
"SIM-02772",10.2344097427582,0.142144579760531,"Signature_5",0.99999505079804
"SIM-02773",17.0845532414976,0.280074643303239,"Signature_5",0.978871048344245
"SIM-02774",4.87022719883135,0.0785520515940541,"Signature_5",0.999999999937702
"SIM-02775",0,0,"Signature_5",1
"SIM-02776",7.3253729584852,0.10933392475351,"Signature_5",0.999999977262296
"SIM-02777",31.3651272829481,0.387223793616643,"Signature_5",0.998895634466787
"SIM-02778",15.5185698400067,0.238747228307795,"Signature_5",0.867491748999878
"SIM-02779",0,0,"Signature_5",0.999999969760843
"SIM-02780",21.3585447171413,0.464316189503072,"Signature_3",0.585352293890615
"SIM-02781",0,0,"Signature_5",0.999372288808931
"SIM-02782",24.8021387767134,0.38157136579559,"Signature_5",0.813204314254684
"SIM-02783",0,0,"Signature_5",0.999999807156856
"SIM-02784",0,0,"Signature_5",0.999999982744006
"SIM-02785",26.340046463273,0.36082255429141,"Signature_5",0.989940551273587
"SIM-02786",23.1218780953175,0.379047181890451,"Signature_3",0.895997197796518
"SIM-02787",6.48814862635972,0.117966338661086,"Signature_5",0.997683806533787
"SIM-02788",0,0,"Signature_5",0.969069956595438
"SIM-02789",9.87901756322657,0.214761251374491,"Signature_5",0.999933969584336
"SIM-02790",13.133156823568,0.208462806723301,"Signature_5",0.754920321586008
"SIM-02791",0,0,"Signature_5",0.999999945498149
"SIM-02792",16.9972260158265,0.515067455025045,"Signature_5",0.996843665734767
"SIM-02793",0,0,"Signature_5",0.999999999999971
"SIM-02794",0,0,"Signature_5",0.999999999990203
"SIM-02795",0,0,"Signature_5",0.999999725962944
"SIM-02796",0,0,"Signature_5",0.999999999858623
"SIM-02797",3.14467444214877,0.0483796068022888,"Signature_5",0.999999962864277
"SIM-02798",1.18902018564181,0.0141550022100216,"Signature_5",0.999999999999971
"SIM-02799",4.36537371516378,0.106472529638141,"Signature_5",0.999985152931115
"SIM-02800",0,0,"Signature_5",0.999994465776987
"SIM-02801",31.6781935981233,0.536918535561412,"Signature_3",0.999999677057632
"SIM-02802",8.16552666171912,0.214882280571556,"Signature_5",0.999745328840427
"SIM-02803",30.7440398186281,0.323621471775032,"Signature_5",0.992593510146207
"SIM-02804",14.2672314863309,0.274369836275594,"Signature_5",0.999159621163293
"SIM-02805",22.161860250483,0.434546279421235,"Signature_3",0.991279788850903
"SIM-02806",20.0896588198978,0.31888347333171,"Signature_5",0.999999345792558
"SIM-02807",18.2870928246191,0.35857044754155,"Signature_5",0.833775127785141
"SIM-02808",0,0,"Signature_5",0.99999999999998
"SIM-02809",14.2566575806561,0.285133151613122,"Signature_5",0.999963467361457
"SIM-02810",12.1183452560626,0.224413801038197,"Signature_3",0.929252818178922
"SIM-02811",7.91820009165118,0.239945457322763,"Signature_5",0.997885404688593
"SIM-02812",7.56939416903978,0.194087029975379,"Signature_5",0.999997342696865
"SIM-02813",12.2099404576632,0.21420948171339,"Signature_5",0.999984040615161
"SIM-02814",23.5384235598348,0.511704859996408,"Signature_3",0.978948791166286
"SIM-02815",20.4011847679306,0.4340677610198,"Signature_3",0.999936120834915
"SIM-02816",0,0,"Signature_5",0.999999890465898
"SIM-02817",17.8426891243824,0.231723235381589,"Signature_5",0.999401756809257
"SIM-02818",6.1994225003086,0.0712577298886046,"Signature_5",0.999999998551167
"SIM-02819",2.51731126722941,0.0354550882708367,"Signature_5",0.99999894384047
"SIM-02820",0,0,"Signature_5",0.999970004650904
"SIM-02821",0,0,"Signature_5",0.999999999983838
"SIM-02822",14.6854593720014,0.233102529714308,"Signature_5",0.999999975185736
"SIM-02823",12.5972528683246,0.449901888154448,"Signature_3",0.992999338794198
"SIM-02824",19.0944834934186,0.454630559367109,"Signature_5",0.826697324101123
"SIM-02825",11.8636272493743,0.185369175771473,"Signature_5",0.999995363306325
"SIM-02826",0,0,"Signature_5",0.999999999543049
"SIM-02827",0,0,"Signature_5",0.995132333190102
"SIM-02828",4.45425806173937,0.0636322580248481,"Signature_5",0.999748784391978
"SIM-02829",0,0,"Signature_5",0.999999999962649
"SIM-02830",14.6535996905856,0.271362957233067,"Signature_5",0.9620412139049
"SIM-02831",7.00749906355638,0.175187476588909,"Signature_5",0.99928950674807
"SIM-02832",30.712785883097,0.472504398201493,"Signature_5",0.963546014102905
"SIM-02833",16.1442728354801,0.273631742974239,"Signature_3",0.999824875400735
"SIM-02834",24.688123848677,0.41844277709622,"Signature_3",0.876560877081515
"SIM-02835",0,0,"Signature_5",0.999999992447077
"SIM-02836",16.1028166189008,0.191700197844057,"Signature_5",0.999999999987303
"SIM-02837",0,0,"Signature_5",0.999999999999964
"SIM-02838",17.1791249715385,0.281624999533417,"Signature_5",0.999900459049234
"SIM-02839",0,0,"Signature_5",0.999966119345813
"SIM-02840",23.0553543681794,0.324723300960273,"Signature_5",0.960821576128244
"SIM-02841",19.3971237732194,0.35920599580036,"Signature_5",0.999900032792932
"SIM-02842",24.8906152540168,0.711160435829052,"Signature_3",0.999964537268974
"SIM-02843",14.6886386175234,0.445110261137072,"Signature_3",0.771032852774305
"SIM-02844",14.167365449367,0.179333739865405,"Signature_5",0.9999812040841
"SIM-02845",15.9866109033337,0.313462958888896,"Signature_3",0.939710618336961
"SIM-02846",0,0,"Signature_5",0.999971799230448
"SIM-02847",8.80840211195019,0.129535325175738,"Signature_5",0.976980894294143
"SIM-02848",26.6590301168688,0.619977444578345,"Signature_3",0.999997026582987
"SIM-02849",8.74622838676284,0.128621005687689,"Signature_5",0.999999052653081
"SIM-02850",0,0,"Signature_5",0.999994782739757
"SIM-02851",32.6100833625819,0.592910606592398,"Signature_3",0.999999999839215
"SIM-02852",30.1260165982706,0.493869124561813,"Signature_5",0.998936007774036
"SIM-02853",10.0115994172215,0.14302284881745,"Signature_5",0.99990507519737
"SIM-02854",21.7655268579616,0.320081277322964,"Signature_3",0.999222394981386
"SIM-02855",6.85627583136524,0.159448275148029,"Signature_5",0.998381085231737
"SIM-02856",0,0,"Signature_5",0.999999999597132
"SIM-02857",3.04689835582044,0.0448073287620653,"Signature_5",0.999999999931343
"SIM-02858",0,0,"Signature_5",0.99999969679828
"SIM-02859",18.7705508649907,0.383072466632464,"Signature_3",0.811065603494721
"SIM-02860",7.70442090054208,0.107005845840862,"Signature_5",0.999997708127396
"SIM-02861",22.7328508335747,0.299116458336509,"Signature_5",0.999995774382032
"SIM-02862",16.3061382323681,0.236320843947364,"Signature_5",0.995881148796674
"SIM-02863",0,0,"Signature_5",0.970151095757621
"SIM-02864",17.3026293913983,0.467638632199955,"Signature_3",0.975597391530364
"SIM-02865",8.55882758103892,0.131674270477522,"Signature_5",0.999995210964781
"SIM-02866",2.28467863093228,0.0736993106752349,"Signature_5",0.999982299775632
"SIM-02867",19.8271697237754,0.291576025349638,"Signature_5",0.961542875970251
"SIM-02868",6.02954526886667,0.111658245719753,"Signature_5",0.999980189629251
"SIM-02869",5.30609418965251,0.0829077217133204,"Signature_5",0.99999997204908
"SIM-02870",31.1990543782959,0.385173510843159,"Signature_3",0.876275759062968
"SIM-02871",0,0,"Signature_5",0.999999999746066
"SIM-02872",1.32840484551911,0.0332101211379779,"Signature_5",0.999999950356027
"SIM-02873",6.74321806772987,0.293183394249125,"Signature_5",0.636142716623987
"SIM-02874",15.3721985873354,0.48038120585423,"Signature_3",0.619207503053966
"SIM-02875",13.1998823158903,0.286953963388919,"Signature_5",0.680526964428516
"SIM-02876",0,0,"Signature_5",0.999995729682447
"SIM-02877",20.3185189106894,0.286176322685766,"Signature_3",0.846461759052622
"SIM-02878",0,0,"Signature_5",0.999793209867324
"SIM-02879",32.8370654248951,0.420988018267885,"Signature_3",0.999995815291277
"SIM-02880",7.43414899673053,0.142964403783279,"Signature_5",0.999912108010607
"SIM-02881",3.67587189152137,0.0403941966101249,"Signature_5",0.999999997373115
"SIM-02882",16.3929713453928,0.25219955915989,"Signature_3",0.999997761079339
"SIM-02883",9.65258142920744,0.224478637888545,"Signature_5",0.999999929229728
"SIM-02884",12.3828551753771,0.263465003731429,"Signature_3",0.999363879706216
"SIM-02885",0,0,"Signature_5",0.997742781888608
"SIM-02886",19.8684818330804,0.215961759055222,"Signature_5",0.999992581472476
"SIM-02887",5.87221163046244,0.209721843945087,"Signature_5",0.999927104292298
"SIM-02888",10.537770595054,0.188174474911678,"Signature_5",0.999996175527789
"SIM-02889",26.5325417833474,0.373697771596442,"Signature_5",0.986197802665901
"SIM-02890",9.49993938902805,0.143938475591334,"Signature_5",0.999999795437443
"SIM-02891",14.6092540225236,0.260879536116493,"Signature_5",0.992730888881283
"SIM-02892",13.9361120314667,0.376651676526126,"Signature_5",0.648800034303821
"SIM-02893",2.60865140399269,0.0414071651427411,"Signature_5",0.999999857355534
"SIM-02894",0,0,"Signature_5",0.898311803895693
"SIM-02895",24.8117733201584,0.496235466403168,"Signature_3",0.517226438344323
"SIM-02896",0,0,"Signature_5",0.999999999999981
"SIM-02897",0,0,"Signature_5",1
"SIM-02898",0,0,"Signature_5",0.999761218187624
"SIM-02899",15.240800991548,0.30481601983096,"Signature_3",0.999115763137161
"SIM-02900",37.1767218675481,0.408535405137891,"Signature_5",0.692349752140931
"SIM-02901",22.0191953377817,0.512074310180971,"Signature_3",0.999949829923009
"SIM-02902",13.0200513641145,0.180834046723813,"Signature_3",0.995367215738581
"SIM-02903",0,0,"Signature_5",0.999998990812338
"SIM-02904",8.98167104622776,0.242747866114264,"Signature_5",0.744087118652646
"SIM-02905",20.9113608993801,0.248944772611668,"Signature_3",0.998515174441837
"SIM-02906",11.8153659517837,0.236307319035675,"Signature_5",0.999771064593747
"SIM-02907",14.7175057677922,0.216433908349885,"Signature_5",0.999999986948803
"SIM-02908",6.10789392401832,0.100129408590464,"Signature_5",0.993525365423514
"SIM-02909",12.5870216098473,0.161372071921119,"Signature_5",0.999769205461602
"SIM-02910",25.6507111054831,0.312813550066867,"Signature_5",0.999893932826565
"SIM-02911",0,0,"Signature_5",0.999999993350083
"SIM-02912",15.0444137662399,0.455891326249694,"Signature_3",0.996437272242144
"SIM-02913",16.0123908606586,0.291134379284702,"Signature_3",0.913595935588817
"SIM-02914",0,0,"Signature_5",0.999999999623262
"SIM-02915",11.8300038326154,0.115980429731523,"Signature_5",0.999999999996326
"SIM-02916",6.94108963597591,0.123948029213856,"Signature_5",0.999999846538233
"SIM-02917",0,0,"Signature_5",0.999999968215344
"SIM-02918",0,0,"Signature_5",0.999998107061206
"SIM-02919",11.4915239886552,0.234520897727658,"Signature_3",0.945976264438029
"SIM-02920",8.29923516413382,0.244095151886289,"Signature_3",0.670979324580664
"SIM-02921",12.8656714313838,0.257313428627675,"Signature_5",0.999998570109851
"SIM-02922",0,0,"Signature_5",0.999999999918548
"SIM-02923",0,0,"Signature_5",0.999979736705045
"SIM-02924",6.67068792028791,0.102625968004429,"Signature_5",0.999878470100297
"SIM-02925",16.0789725768284,0.233028588069977,"Signature_5",0.998128065127969
"SIM-02926",18.0190315629755,0.26894076959665,"Signature_3",0.876317112072066
"SIM-02927",0,0,"Signature_5",0.999999958645275
"SIM-02928",7.4289287804296,0.114291212006609,"Signature_5",0.999999999651123
"SIM-02929",9.93948950294615,0.320628693643424,"Signature_5",0.934179389651525
"SIM-02930",13.149463530598,0.175326180407974,"Signature_5",0.99999999962155
"SIM-02931",6.86115144609965,0.23659142917585,"Signature_5",0.989581776564093
"SIM-02932",6.56597066429279,0.11519246779461,"Signature_5",0.999950714712866
"SIM-02933",26.7635132602534,0.347578094289006,"Signature_3",0.814606112715106
"SIM-02934",17.4912045733442,0.342964795555769,"Signature_3",0.956474090861988
"SIM-02935",16.2572073261842,0.508037728943255,"Signature_3",0.65737770100368
"SIM-02936",0.164820711669162,0.00310982474847476,"Signature_5",0.999998608684645
"SIM-02937",64.7009361263383,0.752336466585329,"Signature_3",1
"SIM-02938",0,0,"Signature_5",0.999999999951463
"SIM-02939",15.8914856524728,0.278797993903031,"Signature_5",0.977077555093817
"SIM-02940",3.86487480960469,0.0568363942588925,"Signature_5",0.999999997874371
"SIM-02941",9.81493877054863,0.18175812538053,"Signature_5",0.975468790635128
"SIM-02942",18.2586464710809,0.26850950692766,"Signature_5",0.999857653467979
"SIM-02943",0,0,"Signature_5",0.999999439451597
"SIM-02944",25.3024709899288,0.617133438778751,"Signature_3",0.999997967933926
"SIM-02945",17.3531248480805,0.304440786808431,"Signature_5",0.971184722177727
"SIM-02946",0,0,"Signature_5",0.999999936090859
"SIM-02947",11.3078311579466,0.201925556391903,"Signature_5",0.999347857133544
"SIM-02948",21.9625736820283,0.372247011559801,"Signature_5",0.936772991669114
"SIM-02949",12.2167653592409,0.218156524272159,"Signature_5",0.690879564268936
"SIM-02950",11.558547030868,0.385284901028933,"Signature_3",0.999497504178653
"SIM-02951",0,0,"Signature_5",0.999999997600765
"SIM-02952",0,0,"Signature_5",0.999986064769518
"SIM-02953",8.83321093204345,0.114717025091473,"Signature_5",0.999999999987121
"SIM-02954",29.3067703858448,0.552957931808392,"Signature_3",0.998568674900998
"SIM-02955",10.5428847006678,0.167347376201076,"Signature_5",0.999999987666932
"SIM-02956",11.5466465006431,0.169803625009458,"Signature_5",0.999852878138458
"SIM-02957",31.0550442265602,0.398141592648207,"Signature_3",0.999994304535352
"SIM-02958",0,0,"Signature_5",0.999999994426394
"SIM-02959",0,0,"Signature_3",0.995712303832826
"SIM-02960",0,0,"Signature_5",0.999999999999515
"SIM-02961",33.5545119849305,0.414253234381858,"Signature_3",0.594836505449484
"SIM-02962",0,0,"Signature_3",0.990617036891549
"SIM-02963",18.55490181597,0.5154139393325,"Signature_3",0.999985409395752
"SIM-02964",0,0,"Signature_5",0.999999999942831
"SIM-02965",9.62131931077512,0.174933078377729,"Signature_5",0.999999688325867
"SIM-02966",0,0,"Signature_3",0.830244211178257
"SIM-02967",0,0,"Signature_5",1
"SIM-02968",2.34284409548632,0.0937137638194526,"Signature_5",0.987845737018607
"SIM-02969",2.47126083176909,0.0353037261681299,"Signature_5",0.999999999354554
"SIM-02970",27.7700894676272,0.396715563823246,"Signature_3",0.999528604566977
"SIM-02971",12.2413871537683,0.144016319456098,"Signature_5",0.999986810688798
"SIM-02972",8.4121828922852,0.195632160285702,"Signature_5",0.999733684125754
"SIM-02973",26.240554192367,0.403700833728723,"Signature_3",0.996403482961059
"SIM-02974",24.5419388048253,0.454480348237506,"Signature_5",0.99622726855152
"SIM-02975",0,0,"Signature_5",0.999821174941096
"SIM-02976",27.645247229707,0.542063671170725,"Signature_3",0.999950614552145
"SIM-02977",0,0,"Signature_5",0.997579067669553
"SIM-02978",20.9585559432674,0.272189038224252,"Signature_5",0.872414868728904
"SIM-02979",0,0,"Signature_5",0.999999924108598
"SIM-02980",7.97172955362791,0.215452150098052,"Signature_5",0.999614708506277
"SIM-02981",24.4570980900534,0.268759319670916,"Signature_5",0.938330582870776
"SIM-02982",3.75693799316433,0.0475561771286624,"Signature_5",0.999999899841268
"SIM-02983",25.2112075178185,0.484830913804201,"Signature_3",0.999975617022511
"SIM-02984",3.10831259059977,0.0414441678746637,"Signature_5",0.999999317075043
"SIM-02985",15.9818864512681,0.261998138545378,"Signature_5",0.998992628967345
"SIM-02986",35.7971395237539,0.458937686201973,"Signature_3",0.995464650865874
"SIM-02987",26.9446269246749,0.427692490867855,"Signature_3",0.999507585883105
"SIM-02988",29.450678566341,0.467471088354619,"Signature_3",0.99999999575265
"SIM-02989",0,0,"Signature_5",0.999998670064539
"SIM-02990",0,0,"Signature_5",0.999938134044658
"SIM-02991",15.1278373064507,0.308731373601035,"Signature_5",0.991928466479278
"SIM-02992",21.0364457411941,0.539396044646003,"Signature_3",0.999963637843352
"SIM-02993",10.3274694906925,0.172124491511542,"Signature_5",0.999158229617191
"SIM-02994",24.3252718007718,0.328719889199619,"Signature_3",0.983302429451016
"SIM-02995",27.0452193830495,0.482950346125884,"Signature_3",0.999999981783714
"SIM-02996",33.2922979713986,0.475604256734265,"Signature_5",0.999635578269126
"SIM-02997",15.8257698042834,0.251202695306085,"Signature_5",0.99711094379174
"SIM-02998",9.47982890167537,0.145843521564236,"Signature_3",0.998565138465003
"SIM-02999",12.0992744194284,0.198348760974237,"Signature_5",0.999999937266758
"SIM-03000",31.5082673403687,0.366375201632194,"Signature_3",0.999999885128548
"SIM-03001",16.8403124455121,0.227571789804217,"Signature_5",0.999999942028274
"SIM-03002",22.6941237687072,0.412620432158313,"Signature_3",0.560529080109534
"SIM-03003",20.7065343978835,0.291641329547655,"Signature_5",0.999998900665981
"SIM-03004",23.4194799939212,0.365929374905018,"Signature_3",0.999980655689564
"SIM-03005",23.8342740920109,0.476685481840218,"Signature_3",0.994892481378666
"SIM-03006",47.744756698328,0.589441440720099,"Signature_3",0.999961685125555
"SIM-03007",9.58513523089876,0.171163129123192,"Signature_5",0.997526398294092
"SIM-03008",0,0,"Signature_5",0.81283566189651
"SIM-03009",12.9348594321518,0.161685742901897,"Signature_5",0.965298568647599
"SIM-03010",0,0,"Signature_5",0.999998694601662
"SIM-03011",33.8561087958438,0.345470497916773,"Signature_5",0.977152983810943
"SIM-03012",15.0802431110049,0.235628798609451,"Signature_5",0.999915995354091
"SIM-03013",10.1268669811817,0.316464593161928,"Signature_5",0.932851595009188
"SIM-03014",26.4826013662162,0.407424636403327,"Signature_3",0.99999305615789
"SIM-03015",0,0,"Signature_3",0.860662985332132
"SIM-03016",14.2620042530522,0.250210600930741,"Signature_5",0.999999771783305
"SIM-03017",0,0,"Signature_5",0.999999999999748
"SIM-03018",4.03891865766653,0.175605159028979,"Signature_5",0.981948705206479
"SIM-03019",22.0348971447809,0.344295267887201,"Signature_5",0.99631835781238
"SIM-03020",11.1840620782652,0.223681241565304,"Signature_5",0.999959844678415
"SIM-03021",24.992422051528,0.337735433128757,"Signature_5",0.990876392868121
"SIM-03022",13.5688771518825,0.276915860242499,"Signature_3",0.862658089849809
"SIM-03023",0,0,"Signature_5",0.999920749284688
"SIM-03024",20.154674081911,0.447881646264689,"Signature_3",0.969594945989762
"SIM-03025",0,0,"Signature_5",0.997761771649667
"SIM-03026",0,0,"Signature_5",0.999999999994894
"SIM-03027",11.9260276768047,0.167972220800066,"Signature_5",0.999999998372538
"SIM-03028",15.7464120907902,0.253974388561133,"Signature_3",0.93737142853139
"SIM-03029",5.26848407169891,0.0566503663623538,"Signature_5",0.999999999999835
"SIM-03030",3.65475777121785,0.107492875624054,"Signature_5",0.983879748440727
"SIM-03031",0,0,"Signature_5",0.999999991927167
"SIM-03032",8.14273658164335,0.150791418178581,"Signature_5",0.999996665329799
"SIM-03033",10.8852328032737,0.147097740584779,"Signature_5",0.999999637470104
"SIM-03034",15.6486815689497,0.269804854637064,"Signature_5",0.99143487950405
"SIM-03035",8.37780398520494,0.155144518244536,"Signature_5",0.999947072278741
"SIM-03036",0,0,"Signature_5",0.999999999384017
"SIM-03037",17.683899114245,0.289899985479426,"Signature_5",0.950317829155143
"SIM-03038",0,0,"Signature_5",0.837109999105378
"SIM-03039",0,0,"Signature_5",0.999999999958206
"SIM-03040",28.8708172685396,0.50650556611473,"Signature_3",0.999999143394358
"SIM-03041",0,0,"Signature_5",0.999999999272497
"SIM-03042",19.8815443802476,0.397630887604952,"Signature_3",0.992574390628997
"SIM-03043",0,0,"Signature_5",0.999997927950735
"SIM-03044",0,0,"Signature_3",0.666510475377963
"SIM-03045",14.1466535885328,0.202095051264755,"Signature_5",0.99999367976333
"SIM-03046",12.7912126264883,0.143721490185261,"Signature_5",0.999590709420353
"SIM-03047",9.24144423900651,0.177720081519356,"Signature_5",0.999843065582781
"SIM-03048",10.6608003432281,0.119784273519417,"Signature_5",0.999999972905078
"SIM-03049",0,0,"Signature_5",0.988489280978696
"SIM-03050",26.2886819371634,0.292096465968482,"Signature_5",0.999967396788253
"SIM-03051",9.39485937693398,0.120446915088897,"Signature_5",0.999999999318463
"SIM-03052",13.2564739229558,0.224685998694166,"Signature_5",0.993476682693957
"SIM-03053",8.37603115346699,0.182087633771022,"Signature_5",0.591770040338091
"SIM-03054",14.4598639187953,0.328633270881711,"Signature_5",0.979991807411108
"SIM-03055",11.8648891294535,0.228170944797184,"Signature_5",0.886084326030569
"SIM-03056",17.8183780991622,0.19798197887958,"Signature_5",0.99997928439046
"SIM-03057",28.0875005684149,0.484267251179566,"Signature_3",0.999999609178268
"SIM-03058",14.8812466509341,0.228942256168217,"Signature_5",0.999736013002295
"SIM-03059",7.81628520592034,0.190641102583423,"Signature_5",0.999987295937699
"SIM-03060",13.3068832162025,0.221781386936708,"Signature_5",0.991493568484118
"SIM-03061",25.4954446890911,0.404689598239542,"Signature_5",0.643825544142904
"SIM-03062",14.8756079674844,0.286069383990085,"Signature_5",0.999989155915192
"SIM-03063",30.4747690102735,0.411821202841534,"Signature_3",0.999995330338093
"SIM-03064",27.4637964920512,0.528149932539445,"Signature_3",0.999999784669895
"SIM-03065",10.4990282051013,0.276290215923718,"Signature_5",0.954086951176845
"SIM-03066",17.8692185754604,0.42545758513001,"Signature_3",0.999876643847265
"SIM-03067",31.1665289068216,0.663117636315353,"Signature_3",0.999994086765674
"SIM-03068",0,0,"Signature_5",0.999984537532649
"SIM-03069",20.8341906741762,0.462982014981694,"Signature_3",0.999847763166934
"SIM-03070",16.6807714074874,0.269044700120765,"Signature_5",0.80459111456149
"SIM-03071",0,0,"Signature_5",0.999999999999999
"SIM-03072",15.9489115543775,0.179201253419972,"Signature_5",0.999999999999968
"SIM-03073",9.34655808622942,0.143793201326606,"Signature_5",0.999995706455286
"SIM-03074",19.9614306162127,0.399228612324255,"Signature_5",0.979004599875223
"SIM-03075",21.5160199367552,0.307371713382217,"Signature_5",0.99785906809039
"SIM-03076",20.3044349378385,0.263693960231669,"Signature_5",0.999999996284667
"SIM-03077",13.1186177822284,0.291524839605075,"Signature_5",0.637215562227177
"SIM-03078",0,0,"Signature_5",0.999999996466803
"SIM-03079",0,0,"Signature_5",0.999999998903413
"SIM-03080",0,0,"Signature_5",0.999986907516104
"SIM-03081",19.9453017069521,0.391084347195139,"Signature_3",0.541229956537938
"SIM-03082",16.4833410955977,0.222747852643212,"Signature_5",0.999900505055407
"SIM-03083",0,0,"Signature_5",0.999961789922647
"SIM-03084",24.0041665981613,0.387163977389699,"Signature_3",0.999906575126051
"SIM-03085",0,0,"Signature_5",0.999997325695888
"SIM-03086",0,0,"Signature_5",0.999999958776975
"SIM-03087",27.8190231588789,0.403174248679405,"Signature_5",0.99291268465194
"SIM-03088",19.626308691205,0.417581035983084,"Signature_3",0.913150408287812
"SIM-03089",16.4769016221982,0.299580029494513,"Signature_3",0.96809744266441
"SIM-03090",0,0,"Signature_5",0.999996673465178
"SIM-03091",0,0,"Signature_5",0.999999997734746
"SIM-03092",31.3218035079471,0.467489604596225,"Signature_5",0.814039664068284
"SIM-03093",10.2945916132262,0.114384351258069,"Signature_5",0.999999439924164
"SIM-03094",18.8295491924055,0.369206846909911,"Signature_3",0.999906152194556
"SIM-03095",7.04361067203589,0.117393511200598,"Signature_5",0.999984580677076
"SIM-03096",35.9410047626929,0.449262559533661,"Signature_5",0.992968487957282
"SIM-03097",19.8091458047575,0.304756089303962,"Signature_3",0.999995368612016
"SIM-03098",4.44061030988017,0.0779054440329855,"Signature_5",0.999999153291117
"SIM-03099",9.07459496661565,0.11785188268332,"Signature_5",0.99999804183351
"SIM-03100",23.8361527171331,0.361153829047472,"Signature_5",0.999999996642183
"SIM-03101",0,0,"Signature_3",0.786962320996288
"SIM-03102",22.7988927396923,0.414525322539861,"Signature_5",0.992779707124291
"SIM-03103",0,0,"Signature_5",0.996893085947442
"SIM-03104",0,0,"Signature_5",0.995158170020656
"SIM-03105",15.0597746598348,0.27381408472427,"Signature_3",0.943532288632984
"SIM-03106",19.101182052196,0.269030733129521,"Signature_5",0.999957931503269
"SIM-03107",8.54575986475196,0.258962420143999,"Signature_5",0.777283064878988
"SIM-03108",0,0,"Signature_5",0.999496320560364
"SIM-03109",44.8731781420676,0.623238585306494,"Signature_3",0.999999999891311
"SIM-03110",11.3780381862114,0.133859272778957,"Signature_5",0.99999999999993
"SIM-03111",5.05877184257256,0.0857418956368231,"Signature_5",0.999999999872895
"SIM-03112",11.2898812347582,0.159012411757158,"Signature_5",0.999999995555917
"SIM-03113",26.1011636744598,0.407830682413434,"Signature_3",0.999997779226906
"SIM-03114",13.563511956143,0.17389117892491,"Signature_5",0.99998578407231
"SIM-03115",0.00657278891145623,0.000168533049011698,"Signature_5",0.99999999950688
"SIM-03116",19.8802095834026,0.292356023285333,"Signature_5",0.992588440042086
"SIM-03117",12.9044642574398,0.226394109779646,"Signature_5",0.99999622510318
"SIM-03118",19.3652610368839,0.245129886542834,"Signature_5",0.999999261966
"SIM-03119",34.1243593886064,0.501828814538329,"Signature_3",0.999918633350211
"SIM-03120",13.6565509394264,0.223877884252892,"Signature_3",0.935996140417575
"SIM-03121",0,0,"Signature_5",0.999999928823343
"SIM-03122",0,0,"Signature_5",0.999995396638819
"SIM-03123",24.0594996465925,0.370146148409115,"Signature_5",0.998889121218832
"SIM-03124",12.6789417459822,0.253578834919645,"Signature_3",0.998530370855597
"SIM-03125",14.3402821530529,0.220619725431584,"Signature_5",0.999957349163534
"SIM-03126",15.8637585208876,0.255867072917541,"Signature_5",0.991812424649073
"SIM-03127",22.4661260035553,0.416039370436208,"Signature_3",0.911825664457312
"SIM-03128",18.0924401110094,0.278345232477068,"Signature_3",0.971889559150645
"SIM-03129",0,0,"Signature_3",0.754402776138945
"SIM-03130",38.6175809055217,0.551679727221739,"Signature_3",0.999153036842215
"SIM-03131",0,0,"Signature_5",0.999999972941837
"SIM-03132",18.7384550191785,0.267692214559693,"Signature_3",0.521535125800931
"SIM-03133",0,0,"Signature_5",0.999999986122594
"SIM-03134",18.6829100625361,0.283074394886911,"Signature_5",0.902778506727287
"SIM-03135",13.2703861888057,0.442346206293523,"Signature_3",0.998617965117188
"SIM-03136",0,0,"Signature_5",0.999995283518783
"SIM-03137",17.820079567734,0.302035246910746,"Signature_5",0.93952124759502
"SIM-03138",26.7292291600194,0.371239293889159,"Signature_5",0.994174717430841
"SIM-03139",0,0,"Signature_3",0.987979734383089
"SIM-03140",0,0,"Signature_5",0.999999739966541
"SIM-03141",21.9049210143659,0.292065613524878,"Signature_5",0.957239553076962
"SIM-03142",0,0,"Signature_5",0.998776500697175
"SIM-03143",27.2955580159608,0.45492596693268,"Signature_3",0.998423736593874
"SIM-03144",11.1080805420278,0.140608614456049,"Signature_5",0.999999999999987
"SIM-03145",26.8552167911268,0.315943726954434,"Signature_5",0.999999987922012
"SIM-03146",35.9071493552506,0.569954751670645,"Signature_3",0.999165333414706
"SIM-03147",18.0696428591087,0.354306722727621,"Signature_5",0.765315897643672
"SIM-03148",26.2525496057781,0.25737793731155,"Signature_5",0.999435794129932
"SIM-03149",9.23652728394171,0.177625524691187,"Signature_5",0.999997578669565
"SIM-03150",40.2375511193699,0.484789772522529,"Signature_3",0.999763393435322
"SIM-03151",19.6637021592452,0.276953551538665,"Signature_5",0.591198998231814
"SIM-03152",4.6175707901535,0.0871239771727075,"Signature_5",0.999999036018168
"SIM-03153",24.1087960742321,0.482175921484642,"Signature_3",0.999130393545938
"SIM-03154",0,0,"Signature_5",0.999999999968443
"SIM-03155",22.8336309331705,0.321600435678458,"Signature_5",0.992062597226414
"SIM-03156",15.6849257339823,0.364765714743774,"Signature_3",0.999090806957975
"SIM-03157",0,0,"Signature_5",0.999914743017929
"SIM-03158",15.9086003239061,0.233950004763325,"Signature_5",0.999991229654711
"SIM-03159",14.3435832117586,0.494606317646848,"Signature_5",0.998796196846216
"SIM-03160",27.9098773023654,0.367235227662703,"Signature_5",0.9998544941964
"SIM-03161",2.88338445652196,0.0524251719367629,"Signature_5",0.999999967573416
"SIM-03162",8.47760603358,0.154138291519636,"Signature_5",0.99821461321078
"SIM-03163",11.8257267633937,0.142478635703539,"Signature_5",0.999956251942542
"SIM-03164",19.9701281803367,0.487076297081383,"Signature_3",0.787803960030856
"SIM-03165",0,0,"Signature_5",0.997644061629297
"SIM-03166",0,0,"Signature_5",0.999999999998665
"SIM-03167",0,0,"Signature_5",0.999997640889245
"SIM-03168",23.2361110435396,0.34170751534617,"Signature_3",0.920934199105642
"SIM-03169",0,0,"Signature_5",0.999999968778651
"SIM-03170",33.5254536266843,0.441124389824794,"Signature_3",0.680799784330938
"SIM-03171",7.87502988479875,0.121154305919981,"Signature_5",0.999753741103088
"SIM-03172",0,0,"Signature_5",0.997750445388464
"SIM-03173",0,0,"Signature_5",0.999999944296566
"SIM-03174",12.5593215476692,0.285439126083391,"Signature_5",0.984934799530501
"SIM-03175",22.5065897114953,0.489273689380333,"Signature_3",0.978699633131107
"SIM-03176",23.8803696479056,0.450573012224634,"Signature_3",0.998258882465957
"SIM-03177",0,0,"Signature_5",0.999352337797663
"SIM-03178",28.6811238467686,0.392892107489981,"Signature_5",0.961884733191829
"SIM-03179",19.321837031417,0.254234697781802,"Signature_5",0.845857748163192
"SIM-03180",0,0,"Signature_5",0.999999999999998
"SIM-03181",7.37934588933405,0.117132474433874,"Signature_5",0.991276886160534
"SIM-03182",11.9837962290015,0.299594905725037,"Signature_3",0.600520276900776
"SIM-03183",0,0,"Signature_5",0.999999942439827
"SIM-03184",0.30394565818977,0.00384741339480722,"Signature_5",0.999999999933201
"SIM-03185",27.4507605379055,0.428918133404773,"Signature_3",0.677775817534553
"SIM-03186",16.5102787379493,0.270660307179496,"Signature_5",0.999844289107384
"SIM-03187",1.93736798865002,0.0395381222173473,"Signature_5",0.999987362714612
"SIM-03188",22.9137320640347,0.30964502789236,"Signature_3",0.882950674712734
"SIM-03189",17.5932520170328,0.293220866950546,"Signature_3",0.911685078351977
"SIM-03190",0,0,"Signature_5",0.999999999999802
"SIM-03191",0,0,"Signature_5",0.999999761307788
"SIM-03192",9.91525372309687,0.367231619373958,"Signature_3",0.998336113993287
"SIM-03193",37.3258942134376,0.574244526360578,"Signature_3",0.999999999639007
"SIM-03194",0,0,"Signature_5",0.999998940954845
"SIM-03195",14.8651678614067,0.550561772644692,"Signature_3",0.999574242359006
"SIM-03196",28.0497850275996,0.509996091410902,"Signature_3",0.999999999979164
"SIM-03197",18.6396167787954,0.332850299621347,"Signature_3",0.905091701877752
"SIM-03198",10.5131658807728,0.184441506680225,"Signature_5",0.999999049787745
"SIM-03199",19.6860688599546,0.266027957566954,"Signature_5",0.999999903414347
"SIM-03200",5.74377748383852,0.100768026032255,"Signature_5",0.999999996456493
"SIM-03201",6.68848340388463,0.111474723398077,"Signature_5",0.998656716362882
"SIM-03202",15.3981063453856,0.205308084605141,"Signature_5",0.999995433526695
"SIM-03203",0,0,"Signature_5",0.999182926022027
"SIM-03204",38.034773346389,0.543353904948414,"Signature_3",0.9999999748254
"SIM-03205",0,0,"Signature_5",0.999704523824402
"SIM-03206",7.5702718108316,0.102300970416643,"Signature_5",0.999999999991459
"SIM-03207",14.2737678778418,0.19288875510597,"Signature_5",0.915620640295991
"SIM-03208",7.81794367106489,0.147508371152168,"Signature_5",0.999999742816156
"SIM-03209",21.3059453872267,0.287918180908469,"Signature_5",0.999978002987755
"SIM-03210",21.5014482088367,0.268768102610459,"Signature_5",0.999999999996987
"SIM-03211",22.9800283448005,0.589231496020526,"Signature_3",0.989338469331558
"SIM-03212",26.5223414150882,0.427779700243358,"Signature_3",0.999868613382311
"SIM-03213",0,0,"Signature_5",0.999994217501124
"SIM-03214",14.1496338773992,0.235827231289987,"Signature_5",0.999516553308224
"SIM-03215",9.33987342121972,0.1394010958391,"Signature_5",0.999999999729238
"SIM-03216",15.8954835517049,0.294360806513054,"Signature_5",0.969105273262383
"SIM-03217",27.9720079270866,0.3586154862447,"Signature_3",0.823488085044635
"SIM-03218",11.8134005791783,0.227180780368814,"Signature_5",0.98504395727258
"SIM-03219",17.0823070887986,0.266911048262478,"Signature_5",0.999999804875555
"SIM-03220",59.5303792396258,0.63330190680453,"Signature_3",0.999999999880363
"SIM-03221",17.3996428605088,0.395446428647927,"Signature_3",0.959837416105912
"SIM-03222",8.68098280581755,0.234621156913988,"Signature_5",0.996924142067018
"SIM-03223",24.1528794895615,0.423734727887044,"Signature_3",0.971613203794036
"SIM-03224",11.1876245251146,0.192890078019217,"Signature_5",0.976976734513854
"SIM-03225",36.8195635978788,0.443609199974443,"Signature_5",0.600798715375548
"SIM-03226",9.77549518646549,0.162924919774425,"Signature_5",0.999909510187194
"SIM-03227",10.6994955858503,0.227648842252134,"Signature_5",0.604357454168977
"SIM-03228",6.28747519731216,0.0998011936081295,"Signature_5",0.999984628108451
"SIM-03229",0,0,"Signature_5",0.999999917387269
"SIM-03230",0,0,"Signature_5",0.999999980477926
"SIM-03231",23.6756985252205,0.408201698710698,"Signature_5",0.859515754297522
"SIM-03232",0,0,"Signature_5",0.994603871388068
"SIM-03233",0,0,"Signature_5",0.999998760193237
"SIM-03234",12.448716106971,0.377233821423363,"Signature_3",0.999700173440849
"SIM-03235",17.2825445157795,0.224448630075058,"Signature_5",0.99188437011018
"SIM-03236",0,0,"Signature_3",0.871592968416267
"SIM-03237",16.9016989741164,0.291408603002006,"Signature_5",0.864627918329436
"SIM-03238",35.8796230697619,0.569517826504157,"Signature_3",0.999999990317896
"SIM-03239",0,0,"Signature_5",0.999999996322467
"SIM-03240",31.8825383058819,0.414058939037428,"Signature_5",0.850248174782041
"SIM-03241",6.77305173201128,0.127793428905873,"Signature_5",0.999999999966693
"SIM-03242",0,0,"Signature_5",0.999997546914123
"SIM-03243",28.3611421095085,0.378148561460113,"Signature_3",0.926684427849791
"SIM-03244",17.0092705426323,0.586526570435597,"Signature_3",0.998715934929861
"SIM-03245",0,0,"Signature_5",0.999989577975184
"SIM-03246",0,0,"Signature_3",0.881246477316577
"SIM-03247",0,0,"Signature_5",0.999999564053972
"SIM-03248",15.7925828718304,0.272285911583283,"Signature_5",0.994570215812517
"SIM-03249",6.37905808416599,0.0768561214959758,"Signature_5",0.999999995134712
"SIM-03250",15.499213291438,0.262698530363356,"Signature_3",0.999999999532235
"SIM-03251",0,0,"Signature_5",0.999999999995517
"SIM-03252",14.9513173729808,0.553752495295584,"Signature_3",0.986849846614095
"SIM-03253",18.9533733472314,0.371634771514342,"Signature_3",0.987746934643077
"SIM-03254",19.4635207589541,0.432522683532314,"Signature_5",0.849458922708219
"SIM-03255",20.6166577029428,0.33797799513021,"Signature_3",0.747558274758525
"SIM-03256",28.8864361805783,0.437673275463308,"Signature_3",0.850778233360727
"SIM-03257",31.6597183440448,0.659577465500933,"Signature_3",0.999999990020529
"SIM-03258",11.8111497985564,0.281217852346581,"Signature_3",0.998602864124147
"SIM-03259",7.04872429629117,0.163923820843981,"Signature_5",0.998462831389332
"SIM-03260",9.93075227109172,0.171219866742961,"Signature_5",0.999520141830885
"SIM-03261",13.3944003742928,0.2195803340048,"Signature_3",0.747328092533703
"SIM-03262",23.4471158156498,0.344810526700732,"Signature_3",0.999999971746731
"SIM-03263",20.9259312318782,0.373677343426396,"Signature_3",0.663336790284623
"SIM-03264",0,0,"Signature_5",0.999999999934519
"SIM-03265",0,0,"Signature_5",1
"SIM-03266",26.2369272172964,0.535447494230539,"Signature_3",0.999999997565653
"SIM-03267",12.5758531494393,0.213150053380327,"Signature_5",0.838051389467004
"SIM-03268",28.4875721374459,0.445118314647592,"Signature_5",0.951458595891321
"SIM-03269",0,0,"Signature_5",1
"SIM-03270",18.6966309428098,0.333868409693032,"Signature_5",0.666568856112473
"SIM-03271",29.5076744382312,0.355514149858207,"Signature_5",0.889459585168392
"SIM-03272",35.2311261731853,0.476096299637639,"Signature_3",0.897133751065542
"SIM-03273",0,0,"Signature_5",0.986932480180759
"SIM-03274",0,0,"Signature_5",0.999982659005765
"SIM-03275",0,0,"Signature_5",0.997403078305559
"SIM-03276",0,0,"Signature_5",0.999999999999695
"SIM-03277",0,0,"Signature_5",0.999999999255205
"SIM-03278",15.8601993806866,0.229857962038937,"Signature_5",0.999997980859185
"SIM-03279",0,0,"Signature_5",0.9999999998041
"SIM-03280",13.5015668057553,0.337539170143883,"Signature_5",0.543507274738338
"SIM-03281",4.07953095901224,0.0566601522085033,"Signature_5",0.99999994775191
"SIM-03282",20.6042453817526,0.286170074746564,"Signature_5",0.994327687956845
"SIM-03283",16.4503393955299,0.249247566598938,"Signature_5",0.997258187863886
"SIM-03284",22.3259611867842,0.248066235408713,"Signature_5",0.999999999944077
"SIM-03285",0,0,"Signature_5",0.999994006285087
"SIM-03286",7.74163105229756,0.115546732123844,"Signature_5",0.999999978617435
"SIM-03287",31.7006954207518,0.466186697363997,"Signature_5",0.982215820292699
"SIM-03288",26.7126038016472,0.307041423007439,"Signature_5",0.99468585096795
"SIM-03289",8.54446220155837,0.20840151711118,"Signature_5",0.98625626401836
"SIM-03290",5.97172194429916,0.161397890386464,"Signature_5",0.981726259346317
"SIM-03291",9.94019120155271,0.104633591595292,"Signature_5",1
"SIM-03292",11.5805701469123,0.257346003264718,"Signature_5",0.99004376614958
"SIM-03293",0,0,"Signature_5",0.999915318104915
"SIM-03294",29.6259800763201,0.375012406029369,"Signature_3",0.999999695665167
"SIM-03295",34.5506509723535,0.508097808416963,"Signature_3",0.999200850881681
"SIM-03296",30.078938298634,0.537123898189893,"Signature_3",0.958237816710952
"SIM-03297",12.2659107245602,0.278770698285458,"Signature_5",0.968194064528917
"SIM-03298",0,0,"Signature_5",0.999999999999492
"SIM-03299",18.0635875608698,0.347376683862882,"Signature_3",0.999964547229836
"SIM-03300",6.6728355837676,0.101103569451024,"Signature_5",0.999998730793641
"SIM-03301",15.0283496168158,0.319752119506719,"Signature_5",0.874764274271845
"SIM-03302",0,0,"Signature_5",0.992237984994137
"SIM-03303",29.3787281353538,0.473850453796029,"Signature_3",0.999998995023219
"SIM-03304",14.0818622719017,0.251461826283958,"Signature_5",0.999947340051635
"SIM-03305",0,0,"Signature_5",0.999999999988636
"SIM-03306",0,0,"Signature_5",0.999999998112193
"SIM-03307",21.3463270157567,0.328405031011641,"Signature_3",0.761909976261729
"SIM-03308",0,0,"Signature_5",0.999712645774862
"SIM-03309",19.4033818790342,0.30317784185991,"Signature_5",0.999993014359274
"SIM-03310",24.1407961937404,0.326226975591087,"Signature_3",0.76724656757984
"SIM-03311",0,0,"Signature_5",0.999999997000218
"SIM-03312",9.81678052628659,0.16093082829978,"Signature_5",0.999859473866838
"SIM-03313",0,0,"Signature_5",0.999999999836087
"SIM-03314",22.7331235129858,0.437175452172803,"Signature_3",0.923049358835623
"SIM-03315",24.5191933923948,0.401953990039259,"Signature_3",0.645701074116672
"SIM-03316",0,0,"Signature_5",0.999999999282562
"SIM-03317",11.3699894270183,0.210555359759597,"Signature_3",0.886597869150365
"SIM-03318",19.7587262089689,0.617460194030279,"Signature_3",0.99995829929511
"SIM-03319",0,0,"Signature_5",0.999999998155677
"SIM-03320",43.0408305752688,0.566326718095643,"Signature_3",0.999999865897839
"SIM-03321",11.896229795269,0.18882904436935,"Signature_5",0.753409841237814
"SIM-03322",10.6684556852417,0.217723585413096,"Signature_5",0.999891379936818
"SIM-03323",0,0,"Signature_5",0.999999999999855
"SIM-03324",19.0276846220938,0.345957902219888,"Signature_5",0.998832341781396
"SIM-03325",6.77206158778826,0.109226799803036,"Signature_5",0.999999157189206
"SIM-03326",32.124657338599,0.526633726862279,"Signature_3",0.999999995438435
"SIM-03327",17.2699525089293,0.26166594710499,"Signature_5",0.99869195209663
"SIM-03328",8.57316072873456,0.150406328574291,"Signature_5",0.999999885995469
"SIM-03329",17.483009105672,0.236256879806378,"Signature_5",0.999960567461478
"SIM-03330",0,0,"Signature_5",0.999917567013871
"SIM-03331",0,0,"Signature_5",0.999996416510495
"SIM-03332",11.8038532642701,0.421566188009646,"Signature_5",0.832926224854663
"SIM-03333",24.2720092977752,0.475921750936769,"Signature_3",0.995304854396145
"SIM-03334",0,0,"Signature_5",0.999998907580606
"SIM-03335",15.6303667644578,0.473647477710842,"Signature_3",0.999439064481373
"SIM-03336",28.4370775299147,0.384284831485334,"Signature_3",0.987221122443372
"SIM-03337",20.0967735559325,0.365395882835136,"Signature_3",0.999835017660532
"SIM-03338",16.5239769878816,0.384278534601898,"Signature_3",0.998678534223182
"SIM-03339",16.0774786856586,0.272499638739976,"Signature_3",0.792993765805321
"SIM-03340",15.2285779363397,0.282010702524809,"Signature_5",0.526485065985114
"SIM-03341",11.0560425315684,0.230334219407674,"Signature_5",0.999950141338019
"SIM-03342",0,0,"Signature_5",0.999999998512433
"SIM-03343",16.1359798938057,0.256126664981043,"Signature_5",0.999999987446105
"SIM-03344",16.277423228429,0.290668271936232,"Signature_5",0.999970894769295
"SIM-03345",7.78876879972874,0.173083751105083,"Signature_3",0.710072600798577
"SIM-03346",15.6998440513508,0.341300957638062,"Signature_5",0.999493508450771
"SIM-03347",29.4328152546503,0.525585986690184,"Signature_3",0.999999999999796
"SIM-03348",0,0,"Signature_5",0.999999791182398
"SIM-03349",23.1917338334509,0.301191348486375,"Signature_5",0.975490257778697
"SIM-03350",9.69414339083343,0.167140403290232,"Signature_5",0.998822125303848
"SIM-03351",24.8171138401552,0.376016876365988,"Signature_3",0.999124913728627
"SIM-03352",18.1015187498394,0.29195997983612,"Signature_5",0.999951083743718
"SIM-03353",31.9692548374407,0.515633142539366,"Signature_3",0.999677403880692
"SIM-03354",12.1865786679182,0.234357282075351,"Signature_5",0.999338125947503
"SIM-03355",0.962797112279909,0.0229237407685693,"Signature_5",0.999997055376491
"SIM-03356",0,0,"Signature_5",0.997173394653876
"SIM-03357",6.63841412000327,0.390494948235487,"Signature_3",0.785378119612363
"SIM-03358",10.5219277331002,0.157043697508959,"Signature_5",0.999999932933144
"SIM-03359",19.3343849149025,0.311844917982299,"Signature_5",0.990913863116051
"SIM-03360",0,0,"Signature_5",0.999999995499633
"SIM-03361",12.6034833630518,0.406563979453285,"Signature_3",0.901091413127114
"SIM-03362",22.3058603781974,0.371764339636623,"Signature_5",0.805214791532445
"SIM-03363",29.4834641925776,0.453591756808886,"Signature_3",0.999999781264672
"SIM-03364",9.02275161526525,0.191973438622665,"Signature_5",0.999999778855578
"SIM-03365",0,0,"Signature_5",0.999870747131776
"SIM-03366",13.2223277648816,0.322495799143452,"Signature_5",0.981981473128512
"SIM-03367",19.9813402060339,0.499533505150848,"Signature_3",0.99700539733897
"SIM-03368",3.65235651948047,0.0545127838728428,"Signature_5",0.999999999988593
"SIM-03369",24.5080849364884,0.272312054849871,"Signature_5",0.999423966876305
"SIM-03370",0,0,"Signature_5",0.999999998711678
"SIM-03371",0,0,"Signature_5",0.999994859918372
"SIM-03372",6.97699445080367,0.0750214457075663,"Signature_5",0.999999985891636
"SIM-03373",0,0,"Signature_5",0.999999990084822
"SIM-03374",0,0,"Signature_5",0.999999823734081
"SIM-03375",0,0,"Signature_5",0.999333751457053
"SIM-03376",0,0,"Signature_5",0.719093444283461
"SIM-03377",39.7646877879329,0.560066025182154,"Signature_3",0.999998571147443
"SIM-03378",0,0,"Signature_5",0.999959185495286
"SIM-03379",0,0,"Signature_5",0.999999684288337
"SIM-03380",40.9308838826212,0.705704894527951,"Signature_3",0.999999999986054
"SIM-03381",35.8553491545715,0.560239830540179,"Signature_3",0.999999996904333
"SIM-03382",0,0,"Signature_5",1
"SIM-03383",26.9205893026361,0.560845610471585,"Signature_3",0.999978643087139
"SIM-03384",0,0,"Signature_5",0.928569483449261
"SIM-03385",25.9831247496362,0.387807832084122,"Signature_5",0.99973758971685
"SIM-03386",23.4164497404553,0.360253072930082,"Signature_5",0.999988868903236
"SIM-03387",34.3242276024543,0.381380306693937,"Signature_3",0.999913233724427
"SIM-03388",13.1163511903637,0.291474470896971,"Signature_3",0.840910380015885
"SIM-03389",14.8702952583685,0.270369004697608,"Signature_5",0.997904019734034
"SIM-03390",26.3233137285925,0.506217571703701,"Signature_3",0.999991246910596
"SIM-03391",4.11302084534398,0.171375868555999,"Signature_5",0.927735129019937
"SIM-03392",0,0,"Signature_5",0.999999966203016
"SIM-03393",17.3718244418658,0.377648357431864,"Signature_5",0.999999417042987
"SIM-03394",0,0,"Signature_5",0.999997976200217
"SIM-03395",0,0,"Signature_5",0.999997924820541
"SIM-03396",0,0,"Signature_5",0.999999999915511
"SIM-03397",8.6777760033907,0.12052466671376,"Signature_5",0.999999999681273
"SIM-03398",7.36764117251079,0.139012097594543,"Signature_5",0.999998703809289
"SIM-03399",14.2448959498043,0.233522884423022,"Signature_3",0.956538915613784
"SIM-03400",22.3654275200505,0.421989198491518,"Signature_3",0.999995228931874
"SIM-03401",20.7461174599581,0.256124906913064,"Signature_5",0.999999946654684
"SIM-03402",16.4271321298839,0.248895941361877,"Signature_5",0.999999994025362
"SIM-03403",17.8336881212574,0.278651376894646,"Signature_5",0.975410868339695
"SIM-03404",20.4469348995376,0.329789272573187,"Signature_3",0.63422460382438
"SIM-03405",8.84423602357839,0.210577048180438,"Signature_5",0.999838447655605
"SIM-03406",16.310240102535,0.440817300068512,"Signature_5",0.999909180666885
"SIM-03407",0,0,"Signature_5",0.999999743634798
"SIM-03408",21.3755390241067,0.464685630958842,"Signature_5",0.9928355142482
"SIM-03409",12.1720610613105,0.173886586590149,"Signature_5",0.929883341669466
"SIM-03410",12.9372159002255,0.315541851225011,"Signature_3",0.556314366573464
"SIM-03411",0,0,"Signature_5",0.999999916352462
"SIM-03412",8.92531529375434,0.198340339861208,"Signature_5",0.999981443223746
"SIM-03413",13.6259184320428,0.200381153412395,"Signature_5",0.804873895230721
"SIM-03414",0,0,"Signature_5",0.998828907235222
"SIM-03415",15.1836038447053,0.281177848976024,"Signature_5",0.965012153533246
"SIM-03416",20.5432507138857,0.306615682296802,"Signature_5",0.970788874584797
"SIM-03417",20.4423920966649,0.262081949957242,"Signature_5",0.998621332841204
"SIM-03418",20.8954004121878,0.267889748874202,"Signature_3",0.997970500045412
"SIM-03419",37.6863265253134,0.538376093218764,"Signature_3",0.999999895298208
"SIM-03420",22.3272026008062,0.437788286290317,"Signature_5",0.590075110532342
"SIM-03421",0.328023141055412,0.00937208974444034,"Signature_5",0.999290193721673
"SIM-03422",9.06089550925585,0.109167415774167,"Signature_5",0.999999999243095
"SIM-03423",11.8933718571383,0.253050465045496,"Signature_5",0.999991842800516
"SIM-03424",26.6067034162275,0.345541602808149,"Signature_3",0.602944857233483
"SIM-03425",19.8916352034999,0.375313871764149,"Signature_5",0.998147418610088
"SIM-03426",23.4253775670606,0.220994127991138,"Signature_3",0.83316819884693
"SIM-03427",0,0,"Signature_5",0.985496146530963
"SIM-03428",13.1806683532805,0.258444477515303,"Signature_5",0.997653493435334
"SIM-03429",33.9636721569624,0.606494145660043,"Signature_3",0.999997801898641
"SIM-03430",6.3824998872747,0.13874999754945,"Signature_5",0.999772033335318
"SIM-03431",5.47949309576502,0.101472094366019,"Signature_5",0.999999629908246
"SIM-03432",0,0,"Signature_5",0.999993505361219
"SIM-03433",0,0,"Signature_5",0.99999741855388
"SIM-03434",41.7178452585885,0.496641014983196,"Signature_3",0.983074225974915
"SIM-03435",6.84217991511697,0.139636324798306,"Signature_5",0.999998587388877
"SIM-03436",0,0,"Signature_5",0.999999999263588
"SIM-03437",0,0,"Signature_3",0.542756195783847
"SIM-03438",19.5973584588611,0.544371068301697,"Signature_3",0.966607669923387
"SIM-03439",14.2167222957772,0.346749324287248,"Signature_5",0.645449870705016
"SIM-03440",30.6382726932257,0.419702365660626,"Signature_3",0.997508962541974
"SIM-03441",24.4646685020659,0.294755042193565,"Signature_5",0.999921888912751
"SIM-03442",4.50265146013732,0.0776319217265055,"Signature_5",0.999999983648777
"SIM-03443",8.87207017522051,0.143097906051944,"Signature_5",0.999999981463056
"SIM-03444",40.2572690599256,0.497003321727477,"Signature_3",0.999999856346314
"SIM-03445",0,0,"Signature_5",0.891484806223622
"SIM-03446",0,0,"Signature_3",0.968678582211208
"SIM-03447",13.3922763172399,0.230901315814481,"Signature_5",0.983449671242099
"SIM-03448",19.1840406542479,0.408171077749956,"Signature_3",0.616786154230175
"SIM-03449",24.7949444150265,0.427499041638388,"Signature_5",0.99895726977896
"SIM-03450",20.5216394035263,0.297415063819222,"Signature_5",0.999995547609543
"SIM-03451",28.6650827652512,0.455001313734146,"Signature_3",0.957001806872796
"SIM-03452",0,0,"Signature_5",0.999999989185544
"SIM-03453",28.1108457252515,0.338684888256042,"Signature_5",0.942760494834642
"SIM-03454",0,0,"Signature_5",0.999999999986638
"SIM-03455",42.1525437061778,0.610906430524316,"Signature_3",0.999998982481991
"SIM-03456",25.9687827660676,0.489977033322031,"Signature_3",0.945613889239195
"SIM-03457",10.9311796345569,0.179199666140277,"Signature_5",0.999999252133417
"SIM-03458",36.3053738917328,0.45956169483206,"Signature_3",0.984746804299097
"SIM-03459",0,0,"Signature_5",0.999999999995373
"SIM-03460",0,0,"Signature_5",0.999999984844382
"SIM-03461",0,0,"Signature_5",0.999999999999926
"SIM-03462",0,0,"Signature_5",0.999993702633991
"SIM-03463",20.9490217115492,0.402865802145177,"Signature_3",0.548815994469265
"SIM-03464",19.3325905028153,0.311815975851859,"Signature_5",0.86028769684937
"SIM-03465",13.3168372010634,0.17995725947383,"Signature_3",0.757607898026114
"SIM-03466",10.5480682131019,0.21975142110629,"Signature_5",0.999284525548323
"SIM-03467",0,0,"Signature_5",0.999999996307654
"SIM-03468",10.4638578655074,0.17439763109179,"Signature_5",0.999699493133347
"SIM-03469",19.8295616176484,0.347887045923657,"Signature_3",0.958299218524472
"SIM-03470",16.2528819835094,0.216705093113458,"Signature_5",0.999998187051882
"SIM-03471",13.4868782621256,0.264448593375012,"Signature_3",0.683461749252297
"SIM-03472",0,0,"Signature_5",0.999444340198934
"SIM-03473",20.0210928652789,0.270555308990256,"Signature_5",0.992707091149376
"SIM-03474",5.86303497793277,0.150334230203404,"Signature_5",0.999983769167391
"SIM-03475",0,0,"Signature_5",0.999999985954517
"SIM-03476",9.48634449641839,0.379453779856736,"Signature_5",0.945112816468508
"SIM-03477",35.7279150092098,0.396976833435664,"Signature_3",0.991986890217326
"SIM-03478",7.70462805981841,0.0951188649360298,"Signature_5",0.993119615999426
"SIM-03479",13.5120240823615,0.225200401372692,"Signature_3",0.921547038341085
"SIM-03480",0,0,"Signature_5",0.999999993332575
"SIM-03481",0,0,"Signature_5",0.999984215939319
"SIM-03482",9.69237319608118,0.164277511797986,"Signature_5",0.999987640353641
"SIM-03483",20.7842751173674,0.266465065607274,"Signature_5",0.99997292708771
"SIM-03484",6.52212784631769,0.118584142660322,"Signature_5",0.999999967831177
"SIM-03485",14.1713692634836,0.221427644741931,"Signature_5",0.989889778256875
"SIM-03486",14.0642178706384,0.187522904941845,"Signature_5",0.999999891717958
"SIM-03487",17.30201854771,0.314582155412909,"Signature_3",0.852994834249802
"SIM-03488",21.2828805244236,0.332545008194119,"Signature_5",0.999769147151513
"SIM-03489",9.29493955344436,0.132784850763491,"Signature_5",0.982931703915594
"SIM-03490",31.4358304304497,0.532810685261859,"Signature_3",0.859124516912323
"SIM-03491",16.1045639420799,0.292810253492361,"Signature_5",0.926637330027995
"SIM-03492",24.9640678005876,0.316000858235287,"Signature_5",0.84748631148974
"SIM-03493",37.2232848906559,0.477221601162256,"Signature_3",0.999006048309606
"SIM-03494",15.266293171954,0.206301259080459,"Signature_3",0.994173101244636
"SIM-03495",0,0,"Signature_5",0.999999999999783
"SIM-03496",0,0,"Signature_5",0.999999688659896
"SIM-03497",0,0,"Signature_5",0.999903451306861
"SIM-03498",13.3772396139561,0.205803686368555,"Signature_5",0.999999958570773
"SIM-03499",0,0,"Signature_5",0.987100754470854
"SIM-03500",4.69179205966072,0.146618501864397,"Signature_3",0.981038537131411
"SIM-03501",27.522472629882,0.474525390170379,"Signature_5",0.999964221746164
"SIM-03502",9.81472476343973,0.218104994743105,"Signature_5",0.972004420740939
"SIM-03503",5.4670552711649,0.109341105423298,"Signature_5",0.899329615635153
"SIM-03504",0,0,"Signature_5",0.999988225395061
"SIM-03505",12.2070549365977,0.182194849799965,"Signature_5",0.999980827741695
"SIM-03506",16.6338423908147,0.378041872518516,"Signature_3",0.89925828803633
"SIM-03507",12.0569085408711,0.185490900628786,"Signature_5",0.973490970332074
"SIM-03508",16.9456834008081,0.2041648602507,"Signature_3",0.99999659095662
"SIM-03509",30.7361037557174,0.452001525819374,"Signature_3",0.999999999997211
"SIM-03510",6.53207984899285,0.181446662472024,"Signature_5",0.99194795530599
"SIM-03511",30.9188579184136,0.454689087035494,"Signature_3",0.623186567490972
"SIM-03512",22.8657021217962,0.357276595653066,"Signature_5",0.990628593659021
"SIM-03513",28.5947218715812,0.371360024306249,"Signature_5",0.999950869345751
"SIM-03514",18.793248106142,0.318529628917661,"Signature_3",0.999309338481652
"SIM-03515",26.962318898895,0.374476651373542,"Signature_3",0.9999713705515
"SIM-03516",19.8703580624843,0.21598215285309,"Signature_5",0.997549163189944
"SIM-03517",9.99047227424169,0.142721032489167,"Signature_5",0.999999999841769
"SIM-03518",6.86174075883663,0.0994455182440091,"Signature_5",0.999999631680502
"SIM-03519",22.6800447263227,0.391035253902116,"Signature_3",0.968064414708595
"SIM-03520",25.7489570692434,0.476832538319321,"Signature_3",0.999995043987554
"SIM-03521",0,0,"Signature_5",0.71396974085345
"SIM-03522",12.0748184196615,0.208186524476923,"Signature_5",0.890641280607387
"SIM-03523",32.7115392489698,0.414070117075568,"Signature_5",0.999998890121812
"SIM-03524",22.7975315744697,0.274669055114093,"Signature_5",0.773006432971388
"SIM-03525",0,0,"Signature_5",0.999996772498932
"SIM-03526",8.88073427587867,0.286475299221892,"Signature_5",0.711209921244588
"SIM-03527",6.09691955789919,0.124426929753045,"Signature_5",0.999980208369489
"SIM-03528",19.4054661792031,0.380499336847119,"Signature_3",0.815620780537686
"SIM-03529",18.7942246021121,0.399877119193874,"Signature_3",0.997305716691948
"SIM-03530",30.5061434235668,0.484224498786775,"Signature_3",0.995656879123839
"SIM-03531",35.1642543190099,0.495271187591688,"Signature_3",0.999999999099726
"SIM-03532",1.89233913861428,0.0756935655445713,"Signature_5",0.975438983896511
"SIM-03533",14.7897260050911,0.289994627550806,"Signature_5",0.99611403555738
"SIM-03534",0,0,"Signature_5",0.999998709449774
"SIM-03535",0,0,"Signature_5",0.99999995299296
"SIM-03536",28.4023031473087,0.481394968598453,"Signature_3",0.996370841599617
"SIM-03537",11.0499999492062,0.136419752459335,"Signature_5",0.999999999565207
"SIM-03538",16.828681453641,0.28047802422735,"Signature_5",0.570775215827516
"SIM-03539",19.5649209169511,0.310554300269066,"Signature_5",0.993522806450535
"SIM-03540",0,0,"Signature_5",0.999999999999826
"SIM-03541",9.21201815278394,0.180627806917332,"Signature_5",0.999999606127559
"SIM-03542",10.7192384466008,0.17289094268711,"Signature_5",0.745663105337903
"SIM-03543",17.6978086298929,0.321778338725326,"Signature_3",0.875539293909699
"SIM-03544",8.83425120183928,0.135911556951374,"Signature_5",0.999999629346331
"SIM-03545",0,0,"Signature_5",0.999999996486311
"SIM-03546",0,0,"Signature_5",0.95296190064931
"SIM-03547",34.3853880871714,0.458471841162285,"Signature_5",0.984607159241496
"SIM-03548",17.3492721849021,0.228279897169764,"Signature_5",0.998706688555139
"SIM-03549",44.7099505341359,0.620971535196332,"Signature_3",0.999999944832187
"SIM-03550",15.7826424091311,0.272114524295363,"Signature_5",0.997531801893796
"SIM-03551",13.0802245430079,0.297277830522906,"Signature_5",0.970899548989237
"SIM-03552",17.4044015180538,0.241727798861858,"Signature_5",0.999998077701771
"SIM-03553",24.8548752323765,0.36021558307792,"Signature_3",0.999771264386646
"SIM-03554",12.8171550881313,0.366204431089465,"Signature_5",0.88399686599412
"SIM-03555",8.66593952042247,0.137554595562261,"Signature_5",0.999987411549827
"SIM-03556",30.0333236232347,0.625694242150722,"Signature_3",0.999999999286267
"SIM-03557",28.5449406515534,0.570898813031068,"Signature_3",0.999924271448911
"SIM-03558",0,0,"Signature_5",0.962434217171212
"SIM-03559",24.6393374533838,0.447987953697887,"Signature_3",0.962948071971796
"SIM-03560",8.30147584195554,0.202475020535501,"Signature_3",0.757785711172636
"SIM-03561",24.3931019387261,0.358722087334207,"Signature_3",0.999999507290586
"SIM-03562",14.5761873756177,0.331276985809493,"Signature_5",0.907661490162173
"SIM-03563",2.01483819026765,0.0468567020992478,"Signature_5",0.999999980750852
"SIM-03564",1.10989305306185,0.0160854065661137,"Signature_5",0.999999999997932
"SIM-03565",18.1457161528967,0.262981393520243,"Signature_3",0.975139018951309
"SIM-03566",31.0384194118683,0.43108915849817,"Signature_3",0.999999978323563
"SIM-03567",12.8566127217671,0.23375659494122,"Signature_5",0.999954233819125
"SIM-03568",0,0,"Signature_5",0.999994232917305
"SIM-03569",7.66026936267639,0.125578186273383,"Signature_5",0.999973574957663
"SIM-03570",0,0,"Signature_5",0.999999999999921
"SIM-03571",0,0,"Signature_5",0.999999560639972
"SIM-03572",23.0843175079439,0.274813303665999,"Signature_5",0.999994877581009
"SIM-03573",0,0,"Signature_5",0.999999972934792
"SIM-03574",26.3526417845765,0.31750170824791,"Signature_5",0.922567232424506
"SIM-03575",0,0,"Signature_5",0.999999956164301
"SIM-03576",0,0,"Signature_5",0.999999999113835
"SIM-03577",6.06994186038288,0.159735312115339,"Signature_5",0.999998234692824
"SIM-03578",0,0,"Signature_5",0.99999869884389
"SIM-03579",5.30231772335289,0.135956864701356,"Signature_3",0.944203166227887
"SIM-03580",16.9454359251283,0.232129259248333,"Signature_3",0.583047551696605
"SIM-03581",31.9380093792138,0.46967660851785,"Signature_3",0.998458896623516
"SIM-03582",0,0,"Signature_5",0.999999966541459
"SIM-03583",13.3680656535333,0.262118934383006,"Signature_5",0.800185697361456
"SIM-03584",0,0,"Signature_5",0.999995597686405
"SIM-03585",22.595241287763,0.396407741890578,"Signature_5",0.969705767995771
"SIM-03586",20.7704771558706,0.310007121729412,"Signature_5",0.892079489383603
"SIM-03587",30.998276833164,0.313113907405697,"Signature_5",0.870181278382056
"SIM-03588",14.4019439158849,0.205742055941214,"Signature_3",0.999954842419119
"SIM-03589",7.0949831813888,0.17737457953472,"Signature_5",0.982665494142387
"SIM-03590",10.5893149671453,0.179479914697379,"Signature_5",0.999999990275492
"SIM-03591",18.4243809755601,0.297167435089678,"Signature_5",0.995867880676152
"SIM-03592",6.52001857279211,0.151628338902142,"Signature_5",0.822447929139471
"SIM-03593",11.9751152195949,0.217729367628998,"Signature_5",0.999994498942528
"SIM-03594",11.3194867045699,0.202133691153035,"Signature_5",0.999994882149504
"SIM-03595",44.2119715824909,0.650176052683689,"Signature_3",0.99999999999952
"SIM-03596",45.2094758671899,0.502327509635443,"Signature_3",0.963205826703675
"SIM-03597",10.4778394386362,0.190506171611567,"Signature_5",0.997452582173202
"SIM-03598",12.5017843056859,0.290739169899671,"Signature_3",0.659211043609731
"SIM-03599",33.9000257557901,0.513636753875607,"Signature_5",0.569061806714706
"SIM-03600",0,0,"Signature_5",0.999999775613641
"SIM-03601",21.7497766035814,0.282464631215343,"Signature_5",0.999999752094382
"SIM-03602",25.5993591939666,0.38207998796965,"Signature_5",0.508912093368202
"SIM-03603",0,0,"Signature_5",0.999287233892025
"SIM-03604",8.22931591879169,0.126604860289103,"Signature_5",0.999999999681924
"SIM-03605",0,0,"Signature_5",0.999999999997159
"SIM-03606",12.6553400810973,0.168737867747964,"Signature_5",0.999999923837463
"SIM-03607",17.1693798949569,0.256259401417267,"Signature_5",0.999290222518179
"SIM-03608",31.0164911515659,0.443092730736656,"Signature_3",0.999999990886462
"SIM-03609",15.3056569284726,0.191320711605907,"Signature_5",0.999960846581131
"SIM-03610",15.0479606422237,0.300959212844474,"Signature_3",0.9928945470318
"SIM-03611",16.8369937386184,0.323788341127277,"Signature_3",0.877076304705146
"SIM-03612",0,0,"Signature_5",0.99999999999908
"SIM-03613",17.7541676064633,0.322803047390241,"Signature_5",0.999022824647965
"SIM-03614",2.4188819818571,0.0314140517124299,"Signature_5",0.999999992324755
"SIM-03615",0,0,"Signature_5",0.995895696468973
"SIM-03616",21.3365792189688,0.418364298411152,"Signature_3",0.99860944588721
"SIM-03617",0,0,"Signature_5",1
"SIM-03618",0,0,"Signature_5",0.999999999282173
"SIM-03619",21.9087980823608,0.561764053393866,"Signature_3",0.999999879264344
"SIM-03620",4.37001028705273,0.121389174640354,"Signature_5",0.999984269708619
"SIM-03621",24.774559980128,0.476433845771692,"Signature_3",0.999972355649423
"SIM-03622",0,0,"Signature_5",0.999993523677163
"SIM-03623",0,0,"Signature_5",0.999999999911178
"SIM-03624",0,0,"Signature_5",0.999997283243412
"SIM-03625",0,0,"Signature_5",0.999994043442235
"SIM-03626",14.3993436298513,0.359983590746282,"Signature_3",0.999998155424586
"SIM-03627",35.2741162199983,0.526479346567138,"Signature_3",0.999999922451438
"SIM-03628",18.9397113676267,0.245970277501645,"Signature_5",0.999773290783025
"SIM-03629",17.8684457695419,0.288200738218418,"Signature_5",0.999999991327414
"SIM-03630",3.35307184862134,0.0568317262478193,"Signature_5",0.999999999398296
"SIM-03631",12.7146403643903,0.223063866041935,"Signature_5",0.999999168875036
"SIM-03632",4.92371355583648,0.0757494393205613,"Signature_5",0.999999999998898
"SIM-03633",25.7085381623972,0.395515971729187,"Signature_3",0.994462389758742
"SIM-03634",16.5838992500997,0.460663868058325,"Signature_5",0.886177770457269
"SIM-03635",14.7466896765983,0.278239427860345,"Signature_3",0.600985425128811
"SIM-03636",17.0712181219209,0.289342680032557,"Signature_5",0.981951650408983
"SIM-03637",12.6859294519077,0.215015753422164,"Signature_5",0.999999905935661
"SIM-03638",0,0,"Signature_5",0.99999991167109
"SIM-03639",0,0,"Signature_3",0.999898400860406
"SIM-03640",11.8908259821197,0.220200481150365,"Signature_3",0.998397216172747
"SIM-03641",16.4473787095307,0.299043249264194,"Signature_5",0.765574353642711
"SIM-03642",7.40898957435927,0.0871645832277561,"Signature_5",0.999999631855508
"SIM-03643",20.6309027339654,0.282615105944731,"Signature_3",0.996242496826665
"SIM-03644",2.6745446677123,0.0990572099152703,"Signature_5",0.998158580845803
"SIM-03645",0,0,"Signature_5",0.999999999650661
"SIM-03646",14.7445050884347,0.182030927017713,"Signature_5",0.999413254935514
"SIM-03647",30.790369891877,0.42764402627607,"Signature_3",0.999101668932903
"SIM-03648",0,0,"Signature_5",0.999999999641749
"SIM-03649",0,0,"Signature_5",0.990224022499739
"SIM-03650",10.2910001375453,0.144943663909089,"Signature_5",0.99999999342975
"SIM-03651",10.0847184122592,0.165323252659988,"Signature_5",0.996360326670497
"SIM-03652",19.7299850674831,0.448408751533706,"Signature_3",0.935622381777763
"SIM-03653",18.8035226035391,0.354783445349795,"Signature_3",0.970066968306352
"SIM-03654",0,0,"Signature_5",0.999999992706454
"SIM-03655",28.7278970592556,0.428774582973964,"Signature_5",0.977964292624152
"SIM-03656",18.57057558793,0.25439144641,"Signature_5",0.999749784112046
"SIM-03657",0,0,"Signature_5",0.999999570588915
"SIM-03658",5.22028914387816,0.208811565755126,"Signature_5",0.794638443922092
"SIM-03659",14.8816953074915,0.19079096548066,"Signature_5",0.999990088305179
"SIM-03660",16.5866268876543,0.259166045119599,"Signature_5",0.982813316269278
"SIM-03661",12.1686453422025,0.15600827361798,"Signature_5",0.999904299077501
"SIM-03662",0,0,"Signature_5",0.998975711826004
"SIM-03663",0,0,"Signature_5",0.999999999554367
"SIM-03664",3.74703093314824,0.14988123732593,"Signature_5",0.926897142714649
"SIM-03665",13.5414019153352,0.24620730755155,"Signature_5",0.999669981367921
"SIM-03666",0,0,"Signature_5",0.999999999855637
"SIM-03667",16.9497520939174,0.297364071823112,"Signature_5",0.994255608152603
"SIM-03668",17.3012590130434,0.266173215585283,"Signature_5",0.99612398477283
"SIM-03669",0,0,"Signature_5",0.999999993073467
"SIM-03670",0,0,"Signature_5",0.999999999587976
"SIM-03671",0,0,"Signature_5",0.999999999006125
"SIM-03672",0,0,"Signature_5",0.999997798287431
"SIM-03673",16.3444844422946,0.333560906985604,"Signature_5",0.893481359190026
"SIM-03674",9.58701140818689,0.208413291482324,"Signature_5",0.992908556292672
"SIM-03675",16.7737645298453,0.316486123204627,"Signature_5",0.999310973383978
"SIM-03676",11.830907085826,0.162067220353781,"Signature_3",0.939697516742785
"SIM-03677",7.38017847026634,0.103946175637554,"Signature_5",0.999966388867204
"SIM-03678",0,0,"Signature_5",0.99520264903216
"SIM-03679",15.4147711918851,0.23007121181918,"Signature_3",0.999989799175493
"SIM-03680",12.4696297222978,0.18337690768085,"Signature_5",0.999999191653215
"SIM-03681",15.8255620001035,0.247274406251616,"Signature_3",0.935993799720619
"SIM-03682",22.2973692120563,0.200877200108616,"Signature_5",0.999999989544855
"SIM-03683",13.7336556784601,0.228894261307668,"Signature_5",0.999999040519614
"SIM-03684",0,0,"Signature_5",0.976166196116484
"SIM-03685",0,0,"Signature_5",0.99819523128034
"SIM-03686",15.9814855947983,0.257765896690295,"Signature_5",0.834178626772623
"SIM-03687",27.8084677096256,0.545264072737757,"Signature_3",0.999999590166219
"SIM-03688",12.5205268490146,0.189704952257797,"Signature_5",0.994725482528903
"SIM-03689",19.4909167115254,0.278441667307506,"Signature_3",0.930101175766263
"SIM-03690",7.40711294058764,0.13716875815903,"Signature_5",0.999999333668804
"SIM-03691",28.354711093783,0.39936212808145,"Signature_3",0.999996788604067
"SIM-03692",0,0,"Signature_5",0.99999999994203
"SIM-03693",18.5264428602252,0.220552891193157,"Signature_5",0.999999998012745
"SIM-03694",32.1354696236859,0.459078137481228,"Signature_3",0.882430020170231
"SIM-03695",0,0,"Signature_5",0.999966328867833
"SIM-03696",26.1468232541884,0.502823524119008,"Signature_5",0.501979524941218
"SIM-03697",17.3006526364847,0.24367116389415,"Signature_5",0.999934692158981
"SIM-03698",12.041341533966,0.227195123282377,"Signature_5",0.999166095178708
"SIM-03699",25.4872175042555,0.296362994235529,"Signature_5",0.986829714255149
"SIM-03700",16.8356982483055,0.215842285234687,"Signature_3",0.999944275661426
"SIM-03701",5.74199470412526,0.147230633439109,"Signature_5",0.749489998726379
"SIM-03702",16.2506924660537,0.246222613122026,"Signature_5",0.999999925136191
"SIM-03703",12.8365071508823,0.194492532589126,"Signature_5",0.999690852289642
"SIM-03704",12.4002040566652,0.177145772238075,"Signature_5",0.999988907857957
"SIM-03705",28.7864325530707,0.411234750758153,"Signature_3",0.986058545267051
"SIM-03706",16.9594312689674,0.529982227155231,"Signature_3",0.999531554473665
"SIM-03707",18.6830584686243,0.406153444970094,"Signature_3",0.999999999901472
"SIM-03708",15.161058397944,0.336912408843201,"Signature_3",0.751951368193429
"SIM-03709",28.3404309431716,0.377872412575621,"Signature_3",0.99990043860486
"SIM-03710",29.2418861124708,0.443058880491982,"Signature_3",0.999999847646641
"SIM-03711",51.9218305117877,0.625564223033587,"Signature_3",0.999999983923459
"SIM-03712",15.7088342151534,0.196360427689418,"Signature_5",0.999999127445953
"SIM-03713",21.5567786882265,0.299399704003145,"Signature_5",0.686536806778753
"SIM-03714",19.4329230262428,0.2626070679222,"Signature_5",0.999993825000741
"SIM-03715",0,0,"Signature_5",0.992221385241576
"SIM-03716",19.0399882823896,0.229397449185416,"Signature_3",0.972684196800034
"SIM-03717",18.9003177144554,0.410876472053378,"Signature_3",0.999859511354854
"SIM-03718",25.7021802423587,0.467312368042886,"Signature_3",0.999998813068463
"SIM-03719",10.152722473943,0.169212041232384,"Signature_5",0.999990894244697
"SIM-03720",14.3633790167152,0.196758616667332,"Signature_5",0.99915914622101
"SIM-03721",8.96349056418945,0.135810463093779,"Signature_5",0.999999994981178
"SIM-03722",12.9575874343747,0.269949738216139,"Signature_5",0.999997746303111
"SIM-03723",25.9559989444514,0.298344815453464,"Signature_3",0.995996618928946
"SIM-03724",23.7490236215668,0.376968628913759,"Signature_3",0.998384482765552
"SIM-03725",29.8781852268822,0.48980631519479,"Signature_3",0.999999990580206
"SIM-03726",18.2966302504838,0.345219438688373,"Signature_5",0.999999406993101
"SIM-03727",13.4306097306326,0.220173930010371,"Signature_5",0.999976229211778
"SIM-03728",9.15580408157256,0.269288355340369,"Signature_5",0.74202761112523
"SIM-03729",16.7832649341436,0.29444324445866,"Signature_5",0.999750206743669
"SIM-03730",38.1631211624523,0.569598823320183,"Signature_3",0.999999999936943
"SIM-03731",5.8929418107386,0.15926869758753,"Signature_5",0.998397596083927
"SIM-03732",11.3230740746328,0.182630227010207,"Signature_5",0.996384300518363
"SIM-03733",40.0933441197341,0.598408121190061,"Signature_3",0.999997904665405
"SIM-03734",0,0,"Signature_5",0.999999999979435
"SIM-03735",9.71976652602348,0.285875486059514,"Signature_3",0.997221293387304
"SIM-03736",22.4228229121302,0.407687689311459,"Signature_5",0.999893777708436
"SIM-03737",36.9551971677487,0.559927229814375,"Signature_3",0.999999998381948
"SIM-03738",39.5004464047944,0.626991212774514,"Signature_3",0.999999999975837
"SIM-03739",13.0386263105838,0.176197652845727,"Signature_5",0.999605600602503
"SIM-03740",28.0732388750623,0.529683752359666,"Signature_3",0.999999999106941
"SIM-03741",0,0,"Signature_5",0.999999253731657
"SIM-03742",14.2096724265772,0.24929249871188,"Signature_3",0.566047517727153
"SIM-03743",12.6901356851998,0.248826189905878,"Signature_3",0.999923433410782
"SIM-03744",6.38777954881245,0.127755590976249,"Signature_5",0.999998702905765
"SIM-03745",30.4481484683707,0.524968077040874,"Signature_3",0.999999926778376
"SIM-03746",27.8451303424839,0.488511058640069,"Signature_5",0.719981865683988
"SIM-03747",0,0,"Signature_3",0.587525226094513
"SIM-03748",58.6075196120043,0.887992721394005,"Signature_3",1
"SIM-03749",50.4923769979377,0.691676397232023,"Signature_3",0.999999742877664
"SIM-03750",16.6893071029186,0.340598104141195,"Signature_3",0.9755919795432
"SIM-03751",36.9145445194952,0.534993398833263,"Signature_3",0.999999989946158
"SIM-03752",0,0,"Signature_5",1
"SIM-03753",0,0,"Signature_5",0.999999640584857
"SIM-03754",17.4256635572007,0.757637545965249,"Signature_3",0.999340410236204
"SIM-03755",16.7571830981044,0.242857726059484,"Signature_5",0.857743533361405
"SIM-03756",18.3331600583699,0.258213521948873,"Signature_5",0.999995974897082
"SIM-03757",29.8656660582302,0.445756209824331,"Signature_3",0.999991845513417
"SIM-03758",11.9865520804808,0.210290387376857,"Signature_5",0.993634469649209
"SIM-03759",32.8946493753478,0.609160173617552,"Signature_3",0.999999999711117
"SIM-03760",35.8130096734513,0.504408586950018,"Signature_3",0.999999987534836
"SIM-03761",0,0,"Signature_5",0.999995914587137
"SIM-03762",0,0,"Signature_5",0.989533622409141
"SIM-03763",22.5244768221692,0.363298013260793,"Signature_5",0.998774317621557
"SIM-03764",32.0339682269423,0.616037850518121,"Signature_3",0.999999999743952
"SIM-03765",36.6490554559944,0.563831622399914,"Signature_3",0.999999999956239
"SIM-03766",0,0,"Signature_5",0.9999997246917
"SIM-03767",21.2657471633222,0.4524627056026,"Signature_3",0.953723891689884
"SIM-03768",12.1954585898072,0.193578707774717,"Signature_5",0.999635572966508
"SIM-03769",33.6075136565578,0.466771023007747,"Signature_3",0.999999998900386
"SIM-03770",12.5086690933502,0.215666708506038,"Signature_5",0.948276036984404
"SIM-03771",22.3996425318044,0.355549881457213,"Signature_3",0.999903141648275
"SIM-03772",8.13053975016444,0.109872158786006,"Signature_5",0.999999998379368
"SIM-03773",36.568407743954,0.474914386285117,"Signature_3",0.999999489620024
"SIM-03774",0,0,"Signature_5",0.99999990911863
"SIM-03775",15.3282804694,0.251283286383607,"Signature_5",0.999988155372296
"SIM-03776",44.4169758530199,0.493521953922443,"Signature_5",0.959938133966017
"SIM-03777",9.71328744632662,0.176605226296848,"Signature_5",0.887557419754677
"SIM-03778",0,0,"Signature_3",0.819533775118318
"SIM-03779",29.8617304858976,0.432778702694169,"Signature_3",0.999515577600087
"SIM-03780",18.6126055538923,0.36495305007632,"Signature_3",0.989292945706513
"SIM-03781",20.696578656843,0.356837563049017,"Signature_3",0.982550929323198
"SIM-03782",22.1139487178087,0.394891941389441,"Signature_3",0.815075325316775
"SIM-03783",26.3690595415425,0.454638957612802,"Signature_3",0.572213808404706
"SIM-03784",30.6016484382661,0.408021979176881,"Signature_3",0.880250955193262
"SIM-03785",33.4528459178755,0.586892033646938,"Signature_3",0.999999821130805
"SIM-03786",11.2410718234406,0.181307610055494,"Signature_3",0.607475061213594
"SIM-03787",19.851732115493,0.257814702798611,"Signature_5",0.999943662425762
"SIM-03788",37.0356857790748,0.4462130816756,"Signature_3",0.99974620365246
"SIM-03789",24.9011818671303,0.28954862636198,"Signature_5",0.829245851201965
"SIM-03790",0,0,"Signature_5",0.962952975021261
"SIM-03791",33.1947298139115,0.562622539218839,"Signature_3",0.999659584301824
"SIM-03792",0.670475142110401,0.0155924451653582,"Signature_5",0.999998889479104
"SIM-03793",4.79067658151422,0.106459479589205,"Signature_5",0.918184856089851
"SIM-03794",24.152323835419,0.377380059928422,"Signature_3",0.999135596768245
"SIM-03795",0,0,"Signature_3",0.931383471657396
"SIM-03796",0,0,"Signature_5",0.999863065581037
"SIM-03797",38.4188913930479,0.49254988965446,"Signature_3",0.999980281651338
"SIM-03798",26.2618686024156,0.4168550571812,"Signature_3",0.993420734409852
"SIM-03799",18.1611630429054,0.422352628904776,"Signature_3",0.99999539221634
"SIM-03800",25.2426685412489,0.420711142354149,"Signature_3",0.99933031358965
"SIM-03801",18.3240133022716,0.46984649493004,"Signature_3",0.975777475873428
"SIM-03802",25.6795712722303,0.37216769959754,"Signature_3",0.998425137868315
"SIM-03803",0,0,"Signature_5",0.999999987338992
"SIM-03804",0,0,"Signature_5",0.999758083461365
"SIM-03805",0,0,"Signature_5",0.998979575549858
"SIM-03806",28.8187964796601,0.443366099687079,"Signature_3",0.980691098280093
"SIM-03807",35.2137880983365,0.503054115690521,"Signature_3",0.999988790057257
"SIM-03808",22.2860314881995,0.282101664407589,"Signature_5",0.999987049381689
"SIM-03809",7.9610594731478,0.153097297560535,"Signature_5",0.996171010356449
"SIM-03810",0,0,"Signature_5",0.999997318777826
"SIM-03811",8.31127285726275,0.180679844723103,"Signature_3",0.602614655034807
"SIM-03812",13.6087605504996,0.378021126402766,"Signature_3",0.999994189488604
"SIM-03813",3.76051177153649,0.0476014148295758,"Signature_5",0.999999999997478
"SIM-03814",38.8455756649312,0.626541542982761,"Signature_3",0.999999999904873
"SIM-03815",13.265439612706,0.181718350858986,"Signature_5",0.999999661938096
"SIM-03816",29.9572900567063,0.332858778407847,"Signature_3",0.992172952444047
"SIM-03817",35.8744995619904,0.491431500849183,"Signature_3",0.999725397072839
"SIM-03818",38.6712218185134,0.483390272731418,"Signature_5",0.903247319074472
"SIM-03819",23.4983984138971,0.356036339604502,"Signature_3",0.999488851566463
"SIM-03820",0,0,"Signature_5",0.998569838603058
"SIM-03821",17.7100278286604,0.260441585715594,"Signature_5",0.997411530003203
"SIM-03822",30.0242077491802,0.545894686348731,"Signature_3",0.999984906370511
"SIM-03823",14.1770199181709,0.289326937105529,"Signature_5",0.999952775282249
"SIM-03824",40.6545173105892,0.580778818722704,"Signature_3",0.999999999949638
"SIM-03825",24.4349404917815,0.305436756147268,"Signature_3",0.990246103762113
"SIM-03826",0,0,"Signature_3",0.744024719878165
"SIM-03827",24.6279747431369,0.34205520476579,"Signature_3",0.999999210870355
"SIM-03828",31.5679576863491,0.493249338849204,"Signature_3",0.999999997448673
"SIM-03829",21.328384921573,0.349645654452016,"Signature_5",0.894741670702282
"SIM-03830",27.3483534336382,0.581879860290175,"Signature_3",0.999995595046214
"SIM-03831",14.2304895532804,0.22952402505291,"Signature_5",0.999999744288881
"SIM-03832",40.8325482068206,0.523494207779751,"Signature_3",0.999999714072908
"SIM-03833",20.8246668660448,0.301806766174562,"Signature_5",0.999958230176035
"SIM-03834",17.5847401461121,0.325643336039112,"Signature_3",0.62969650371695
"SIM-03835",12.7445314866647,0.354014763518464,"Signature_5",0.805222337771899
"SIM-03836",34.9332151342772,0.635149366077768,"Signature_3",0.999999999812086
"SIM-03837",37.6038261451552,0.561251136494854,"Signature_3",0.99999999999071
"SIM-03838",9.6408404825628,0.123600519007215,"Signature_5",0.999999741049196
"SIM-03839",0,0,"Signature_5",0.998027801321053
"SIM-03840",24.8220701822571,0.486707258475629,"Signature_3",0.999542025105661
"SIM-03841",27.4264824428772,0.464855634625037,"Signature_3",0.999990516915228
"SIM-03842",13.4277997771167,0.279745828689932,"Signature_3",0.98082087479959
"SIM-03843",0,0,"Signature_5",1
"SIM-03844",28.5470938893555,0.594731122694907,"Signature_3",0.999999999987128
"SIM-03845",9.02211612771033,0.243840976424603,"Signature_3",0.917468430251976
"SIM-03846",13.9573311673975,0.258469095692546,"Signature_3",0.759066329810338
"SIM-03847",3.56324474825159,0.0989790207847664,"Signature_5",0.999999311157839
"SIM-03848",29.003266738077,0.475463389148804,"Signature_3",0.999995069011561
"SIM-03849",14.9499909656911,0.241128886543406,"Signature_3",0.999931305867413
"SIM-03850",33.8710311040954,0.40322656076304,"Signature_3",0.999999597094219
"SIM-03851",13.6786482523989,0.244261575935695,"Signature_5",0.95146802615997
"SIM-03852",13.4027187085794,0.174061281929603,"Signature_5",0.998252941327006
"SIM-03853",31.8366345348448,0.461400500504998,"Signature_3",0.999999887551204
"SIM-03854",26.2986287900637,0.346034589342943,"Signature_5",0.999002977477152
"SIM-03855",21.2194053529405,0.336815957983183,"Signature_5",0.999956021511519
"SIM-03856",41.1650412060743,0.748455294655897,"Signature_3",0.999999999940982
"SIM-03857",24.9577945036961,0.445674901851716,"Signature_3",0.995599796179772
"SIM-03858",21.4957856220015,0.330704394184639,"Signature_5",0.946199615432161
"SIM-03859",35.99037027082,0.367248676232857,"Signature_3",0.998095366212833
"SIM-03860",30.0827629677844,0.429753756682635,"Signature_3",0.999956452218492
"SIM-03861",39.3359829071775,0.497923834268069,"Signature_5",0.999914301169128
"SIM-03862",0,0,"Signature_5",0.999985771284125
"SIM-03863",19.422076046885,0.373501462440096,"Signature_5",0.951265877920411
"SIM-03864",42.8604481018975,0.571472641358633,"Signature_3",0.999999999999992
"SIM-03865",19.1014137801034,0.545754679431526,"Signature_3",0.999996635197388
"SIM-03866",21.6108780728813,0.327437546558808,"Signature_5",0.787532540748081
"SIM-03867",24.1748344230388,0.383727530524425,"Signature_5",0.972644064512649
"SIM-03868",0,0,"Signature_5",0.99999999249301
"SIM-03869",14.4626263977977,0.206608948539967,"Signature_3",0.920579739206354
"SIM-03870",29.6202908606815,0.617089392930865,"Signature_3",0.955671706105565
"SIM-03871",20.1623327981826,0.320037028542582,"Signature_3",0.573315575519708
"SIM-03872",21.3807580750467,0.419230550491112,"Signature_3",0.99989197660572
"SIM-03873",14.1422125528753,0.257131137325006,"Signature_3",0.944746504182278
"SIM-03874",17.8601530317347,0.307933672960942,"Signature_3",0.999842155605328
"SIM-03875",21.5822439407762,0.287763252543682,"Signature_3",0.999526871902935
"SIM-03876",35.3478371614327,0.609445468300564,"Signature_3",0.999999999934967
"SIM-03877",0,0,"Signature_5",0.999999999985008
"SIM-03878",0,0,"Signature_5",0.999999975834629
"SIM-03879",30.7613821159089,0.488275906601729,"Signature_3",0.999110738818526
"SIM-03880",23.2468170857945,0.494613129484989,"Signature_3",0.999987287484361
"SIM-03881",0,0,"Signature_5",0.998771887014061
"SIM-03882",31.7278582505007,0.622114867656876,"Signature_3",0.999948922049589
"SIM-03883",19.2477996999476,0.349959994544502,"Signature_3",0.999988694248252
"SIM-03884",21.4688224705229,0.456783456819636,"Signature_3",0.875877263855183
"SIM-03885",7.34969601168471,0.128942035292714,"Signature_5",0.999999949071198
"SIM-03886",31.3246096451554,0.441191685143034,"Signature_3",0.997033743636504
"SIM-03887",0,0,"Signature_5",0.999999996241691
"SIM-03888",37.3408826308322,0.405879159030785,"Signature_3",0.999999981388416
"SIM-03889",0,0,"Signature_5",0.999925183073353
"SIM-03890",20.4395565248989,0.400775618135272,"Signature_3",0.994783424035997
"SIM-03891",18.5305420574248,0.30377937799057,"Signature_5",0.776885459120587
"SIM-03892",14.2480381379314,0.249965581367218,"Signature_5",0.985272760561499
"SIM-03893",0,0,"Signature_5",0.999999999988068
"SIM-03894",14.0670621511097,0.159852978989883,"Signature_5",0.999999022961771
"SIM-03895",29.3080761043044,0.401480494579513,"Signature_3",0.999804603296341
"SIM-03896",18.2831837084975,0.234399791134583,"Signature_5",0.999999368078864
"SIM-03897",48.2907748573564,0.497843039766561,"Signature_3",0.9999973356588
"SIM-03898",20.4319364261653,0.400626204434615,"Signature_5",0.985851707116162
"SIM-03899",48.2464171324266,0.548254740141212,"Signature_3",0.999999999845555
"SIM-03900",24.9652808399359,0.554784018665242,"Signature_3",0.999933377785354
"SIM-03901",32.9327174101668,0.339512550620276,"Signature_3",0.999987321398224
"SIM-03902",0,0,"Signature_5",0.999969380159902
"SIM-03903",12.9560638027572,0.208968771012212,"Signature_3",0.659331677199843
"SIM-03904",29.6428497065591,0.45604384163937,"Signature_3",0.999995718416863
"SIM-03905",36.9605750517617,0.596138307286479,"Signature_3",0.999999999995377
"SIM-03906",40.3542823186058,0.60230272117322,"Signature_3",0.999930873236629
"SIM-03907",0,0,"Signature_5",0.999477027303336
"SIM-03908",38.2701950479547,0.597971797624292,"Signature_3",0.999999993401487
"SIM-03909",13.1998609564675,0.169228986621378,"Signature_5",0.994791875280814
"SIM-03910",17.5384199536961,0.186578935677618,"Signature_5",0.998473320265899
"SIM-03911",14.7062897842667,0.277477165740881,"Signature_3",0.999388168571628
"SIM-03912",16.6129528721669,0.247954520480103,"Signature_5",0.999657578580354
"SIM-03913",28.4921364631232,0.412929513958307,"Signature_3",0.992721450182914
"SIM-03914",20.8957414669521,0.401841182056771,"Signature_3",0.98145564747602
"SIM-03915",8.14698361744859,0.12159677040968,"Signature_5",0.999879808163165
"SIM-03916",23.735995335186,0.376761830717238,"Signature_3",0.999978990642918
"SIM-03917",12.6080999265647,0.340759457474721,"Signature_5",0.551081131442452
"SIM-03918",40.1625501456112,0.489787196897697,"Signature_3",0.999999994068457
"SIM-03919",36.4621493790683,0.37589844720689,"Signature_3",0.999995591561753
"SIM-03920",15.5924882684202,0.216562337061392,"Signature_5",0.99998254705974
"SIM-03921",17.7213131999463,0.213509797589715,"Signature_5",0.920977556792416
"SIM-03922",0,0,"Signature_5",0.999999993050631
"SIM-03923",32.1780484318271,0.519000781158502,"Signature_3",0.999900633585479
"SIM-03924",26.3054877532658,0.411023246144778,"Signature_3",0.999997801222859
"SIM-03925",15.2535281658044,0.40140863594222,"Signature_3",0.793950205783823
"SIM-03926",8.2426420181106,0.222774108597584,"Signature_3",0.983450709445581
"SIM-03927",2.45609793926716,0.0372136051404115,"Signature_5",0.999999999567867
"SIM-03928",0,0,"Signature_5",0.999998601868386
"SIM-03929",19.0627024888373,0.381254049776746,"Signature_3",0.999982741119461
"SIM-03930",15.9813515652047,0.207550020327334,"Signature_3",0.998163682272934
"SIM-03931",19.4351341633467,0.366700644591447,"Signature_5",0.923692699876674
"SIM-03932",18.1657229389987,0.313202119637908,"Signature_5",0.893960475815288
"SIM-03933",15.3972040221162,0.349936455048096,"Signature_3",0.999963398084335
"SIM-03934",0,0,"Signature_5",0.996688238245484
"SIM-03935",29.5773380626493,0.537769782957259,"Signature_3",0.999995168121341
"SIM-03936",20.129150613026,0.419357304438042,"Signature_3",0.502814894835303
"SIM-03937",13.8036507609818,0.270659818842781,"Signature_5",0.996848813961269
"SIM-03938",38.0072149404995,0.542960213435707,"Signature_3",0.999999698470503
"SIM-03939",30.383700233244,0.341389890261169,"Signature_5",0.999917373159864
"SIM-03940",24.0161674908788,0.348060398418533,"Signature_5",0.953303562087583
"SIM-03941",0,0,"Signature_3",0.531248495287577
"SIM-03942",18.4082841375265,0.292194986309945,"Signature_5",0.969566877560289
"SIM-03943",23.9174985394731,0.40538133117751,"Signature_3",0.998061921847242
"SIM-03944",20.5113866299248,0.280977899040066,"Signature_5",0.998708716522267
"SIM-03945",48.6547523996834,0.51215528841772,"Signature_3",0.999999999919412
"SIM-03946",0,0,"Signature_5",0.999927617659794
"SIM-03947",23.1607307231761,0.350920162472365,"Signature_3",0.996579982621884
"SIM-03948",0,0,"Signature_5",0.999999110422776
"SIM-03949",34.8486724855954,0.405217121925528,"Signature_3",0.998082653631278
"SIM-03950",24.2021452129867,0.410205851067571,"Signature_5",0.748437491915249
"SIM-03951",5.08619883395757,0.0959660157350485,"Signature_5",0.999835885079786
"SIM-03952",16.7456783327638,0.348868298599247,"Signature_3",0.99693833664861
"SIM-03953",31.2902636176786,0.467018859965352,"Signature_3",0.99986532452383
"SIM-03954",10.824334172258,0.208160272543422,"Signature_5",0.999999912336937
"SIM-03955",0,0,"Signature_5",0.999999993299504
"SIM-03956",20.1438979421559,0.468462742840834,"Signature_3",0.999995448485646
"SIM-03957",13.9089276109694,0.302367991542813,"Signature_5",0.894733032234629
"SIM-03958",17.0135714035124,0.250199579463417,"Signature_5",0.998610838442445
"SIM-03959",29.2912723589672,0.505021937223572,"Signature_3",0.999999948499781
"SIM-03960",13.8409805284173,0.179752993875549,"Signature_3",0.999211012789176
"SIM-03961",1.34137778213854,0.0609717173699335,"Signature_5",0.998090457118972
"SIM-03962",8.06708569588063,0.161341713917613,"Signature_5",0.999865194422061
"SIM-03963",20.9030325597857,0.435479844995536,"Signature_3",0.998644760487843
"SIM-03964",40.3877610050297,0.593937661838673,"Signature_3",0.999999928559399
"SIM-03965",13.4450757403265,0.320120850960154,"Signature_5",0.943286191500979
"SIM-03966",17.5754260297248,0.516924294991905,"Signature_3",0.984610042798559
"SIM-03967",0,0,"Signature_5",0.99999999992515
"SIM-03968",17.7497885368429,0.264922216967804,"Signature_5",0.999999867395721
"SIM-03969",20.1875802607923,0.276542195353319,"Signature_5",0.999966101234861
"SIM-03970",27.8501651467414,0.525474814089461,"Signature_3",0.878792611741607
"SIM-03971",23.572374215506,0.491091129489708,"Signature_3",0.999992524558498
"SIM-03972",25.5060510427,0.593163977737208,"Signature_3",0.999211138096026
"SIM-03973",4.37201700494815,0.0971559334432923,"Signature_5",0.999976242086887
"SIM-03974",15.2418983347504,0.317539548640634,"Signature_3",0.999931285584691
"SIM-03975",37.2845288519162,0.478006780152772,"Signature_3",0.999627735233413
"SIM-03976",12.3346500192806,0.333368919440015,"Signature_3",0.969818022912336
"SIM-03977",21.7245642033097,0.387938646487673,"Signature_5",0.590259973586566
"SIM-03978",34.0094554398322,0.680189108796645,"Signature_3",0.99999798459326
"SIM-03979",43.2400320773189,0.396697541993751,"Signature_3",0.994160778509221
"SIM-03980",25.8408930661607,0.344545240882143,"Signature_3",0.967863078580873
"SIM-03981",0,0,"Signature_5",0.999478852494649
"SIM-03982",13.5328818242684,0.255337392910724,"Signature_5",0.999821446278099
"SIM-03983",25.5989361478416,0.399983377310025,"Signature_3",0.999993449521077
"SIM-03984",23.6431102931683,0.492564797774341,"Signature_5",0.998700272750455
"SIM-03985",10.7423206787589,0.228560014441678,"Signature_5",0.999661064208257
"SIM-03986",19.1031918061877,0.347330760112503,"Signature_3",0.999993921105961
"SIM-03987",17.3723574026167,0.354537906175851,"Signature_3",0.506758319995236
"SIM-03988",16.7599673439724,0.226486045188816,"Signature_5",0.984404341181433
"SIM-03989",29.5835560427943,0.603746041689679,"Signature_3",0.999999999919157
"SIM-03990",26.0735124305036,0.566815487619644,"Signature_3",0.999999999425323
"SIM-03991",1.90986626623065,0.05456760760659,"Signature_5",0.999786030142066
"SIM-03992",8.26753552923814,0.179729033244307,"Signature_5",0.999997827079461
"SIM-03993",33.8772496311086,0.513291661077403,"Signature_3",0.977067308019282
"SIM-03994",19.4016211713172,0.606300661603663,"Signature_3",0.992942243256141
"SIM-03995",31.9975792826196,0.524550480042944,"Signature_3",0.999980272466526
"SIM-03996",9.57538407375871,0.184142001418437,"Signature_5",0.999791094195544
"SIM-03997",27.3602968151602,0.427504637736878,"Signature_3",0.674421165601139
"SIM-03998",32.9681433181082,0.428157705429977,"Signature_3",0.999754211116999
"SIM-03999",38.5290397138941,0.566603525204326,"Signature_3",0.99999281760327
"SIM-04000",13.9221985467774,0.296216990356965,"Signature_3",0.99999993701418
"SIM-04001",30.1671357457211,0.591512465602375,"Signature_3",0.999999999734721
"SIM-04002",9.44605961274181,0.13891264136385,"Signature_5",0.999561522026093
"SIM-04003",24.1313579875602,0.446876999769633,"Signature_3",0.999999952863134
"SIM-04004",9.75395833979873,0.159900956390143,"Signature_5",0.999931240004495
"SIM-04005",19.0928920244776,0.415062870097339,"Signature_5",0.986432981152711
"SIM-04006",18.5530642362083,0.223530894412148,"Signature_5",0.999576909633385
"SIM-04007",23.2139960944413,0.374419291845828,"Signature_3",0.999998076702076
"SIM-04008",25.9217553822144,0.386891871376335,"Signature_3",0.999999984089983
"SIM-04009",24.3426204902729,0.33809195125379,"Signature_5",0.938221234790767
"SIM-04010",12.2462590347907,0.222659255178013,"Signature_5",0.998008958910181
"SIM-04011",16.0142372652568,0.239018466645624,"Signature_5",0.999938022296344
"SIM-04012",12.3166888183486,0.43988174351245,"Signature_3",0.866958688809515
"SIM-04013",41.7802845843384,0.572332665538883,"Signature_3",0.999999920699373
"SIM-04014",0,0,"Signature_5",0.998431291245653
"SIM-04015",10.7442728900488,0.325584026971174,"Signature_5",0.963059946101123
"SIM-04016",35.3671764514192,0.459313979888561,"Signature_3",0.999997168913461
"SIM-04017",14.4301967815425,0.1924026237539,"Signature_5",0.999999932235588
"SIM-04018",28.4540806639416,0.490587597654166,"Signature_5",0.888418067805522
"SIM-04019",21.3642324101694,0.381504150181597,"Signature_5",0.731017504860131
"SIM-04020",14.8557868273307,0.280297864666616,"Signature_3",0.96640710414344
"SIM-04021",39.3022705876587,0.586601053547145,"Signature_3",0.99999999999999
"SIM-04022",25.8400482998544,0.487548081129328,"Signature_5",0.563499467402369
"SIM-04023",11.1465483287916,0.179783037561155,"Signature_5",0.999999990970261
"SIM-04024",0,0,"Signature_5",0.547131639883034
"SIM-04025",18.1018512960283,0.348112524923621,"Signature_3",0.999998749439175
"SIM-04026",20.8645562123311,0.285815838525084,"Signature_5",0.999804913943063
"SIM-04027",0,0,"Signature_5",0.749301583394329
"SIM-04028",12.9645041021965,0.341171160584117,"Signature_5",0.975664462550625
"SIM-04029",8.20290353472651,0.256340735460203,"Signature_5",0.910701602215794
"SIM-04030",26.2483428012144,0.364560316683533,"Signature_5",0.961914026096566
"SIM-04031",12.1084349589313,0.327254998890034,"Signature_3",0.892938700336112
"SIM-04032",14.7049032276403,0.367622580691008,"Signature_3",0.769598734290598
"SIM-04033",0,0,"Signature_5",0.99997736044761
"SIM-04034",21.251223354023,0.386385879164054,"Signature_3",0.833193521505865
"SIM-04035",14.5804987060059,0.355621919658681,"Signature_3",0.985939389648539
"SIM-04036",11.5393696606583,0.360605301895572,"Signature_3",0.999822066920033
"SIM-04037",21.378836888193,0.254509962954678,"Signature_5",0.910740596492897
"SIM-04038",6.76491459625181,0.125276196226885,"Signature_5",0.999999905905953
"SIM-04039",20.5079058391451,0.256348822989314,"Signature_3",0.996959099783766
"SIM-04040",12.3943328938927,0.184990043192428,"Signature_5",0.999999842259256
"SIM-04041",0,0,"Signature_5",0.999994725437582
"SIM-04042",29.2502349233742,0.332389033220161,"Signature_5",0.987842283773574
"SIM-04043",12.2623260929429,0.245246521858858,"Signature_5",0.980929768239072
"SIM-04044",17.3877797831901,0.434694494579753,"Signature_3",0.93846444156802
"SIM-04045",20.1872898539566,0.336454830899277,"Signature_3",0.993373553062458
"SIM-04046",29.404747833853,0.330390425099472,"Signature_5",0.99993956880004
"SIM-04047",21.9189388725733,0.342483419883957,"Signature_5",0.999702799893533
"SIM-04048",9.19280223137894,0.224214688570218,"Signature_5",0.999931820263494
"SIM-04049",31.353851080733,0.602958674629481,"Signature_3",0.999999999962512
"SIM-04050",37.8768289113058,0.533476463539519,"Signature_3",0.999999999998923
"SIM-04051",24.33721588215,0.374418705879231,"Signature_3",0.99999771764112
"SIM-04052",15.7561075730411,0.492378361657534,"Signature_3",0.991699358803221
"SIM-04053",34.8300079019652,0.483750109749517,"Signature_3",0.999999980758673
"SIM-04054",12.7879569319489,0.216745032744896,"Signature_5",0.999997135043012
"SIM-04055",13.5417493317067,0.241816952351906,"Signature_3",0.999134075395898
"SIM-04056",21.1881094010308,0.415453125510408,"Signature_3",0.987611617352289
"SIM-04057",19.3322417943368,0.379063564594839,"Signature_3",0.763969488327364
"SIM-04058",20.4678326719562,0.319809885499315,"Signature_3",0.998100668870052
"SIM-04059",0,0,"Signature_5",1
"SIM-04060",26.9017695008229,0.47196086843549,"Signature_3",0.985482464458969
"SIM-04061",28.8686346873245,0.365425755535753,"Signature_3",0.588774998266272
"SIM-04062",10.3350677913678,0.21091975084424,"Signature_5",0.994283099499406
"SIM-04063",0,0,"Signature_5",0.999999989330206
"SIM-04064",21.5626241435039,0.326706426416726,"Signature_3",0.907292830513148
"SIM-04065",21.1176762442218,0.340607681358417,"Signature_3",0.572054589001106
"SIM-04066",23.2786251522558,0.394552968682301,"Signature_3",0.677041496515231
"SIM-04067",0,0,"Signature_5",0.895653146042172
"SIM-04068",11.888049201365,0.457232661590963,"Signature_3",0.968772139070763
"SIM-04069",20.8643019108158,0.393666073788977,"Signature_3",0.99996616517172
"SIM-04070",30.3017567859849,0.426785306844858,"Signature_3",0.997511469239316
"SIM-04071",36.6839738464772,0.539470203624665,"Signature_3",0.999999999375017
"SIM-04072",13.6608459078069,0.220336224319466,"Signature_5",0.99885464009586
"SIM-04073",19.7569078336098,0.387390349678624,"Signature_5",0.653079784558172
"SIM-04074",30.8970081591972,0.551732288557093,"Signature_3",0.999999943675591
"SIM-04075",32.38770142589,0.611088706148868,"Signature_3",0.999999999886633
"SIM-04076",26.5126000004725,0.353501333339634,"Signature_5",0.979785853570572
"SIM-04077",11.1729356118073,0.155179661275101,"Signature_5",0.98624487423228
"SIM-04078",29.4565363310183,0.377647901679721,"Signature_3",0.993795762298057
"SIM-04079",7.84330045342119,0.117064185871958,"Signature_5",0.956553117714603
"SIM-04080",31.7618653406543,0.40720340180326,"Signature_3",0.999999659096257
"SIM-04081",38.0653922049667,0.447828143587844,"Signature_5",0.999992941683155
"SIM-04082",15.8503222473582,0.229714815179105,"Signature_5",0.997970079433997
"SIM-04083",32.9318662135673,0.378527197857096,"Signature_3",0.999841498352696
"SIM-04084",0,0,"Signature_5",0.999999949178455
"SIM-04085",23.448350264408,0.289485805733433,"Signature_3",0.999999999149135
"SIM-04086",24.6480849505943,0.373455832584762,"Signature_3",0.998890768970307
"SIM-04087",0,0,"Signature_5",0.957586779928897
"SIM-04088",15.2147785846108,0.217353979780154,"Signature_5",0.995706231898129
"SIM-04089",0,0,"Signature_5",0.999999988653657
"SIM-04090",27.5980111065219,0.37294609603408,"Signature_3",0.999999990375586
"SIM-04091",12.5910875774939,0.246884070146939,"Signature_5",0.999233082232204
"SIM-04092",28.8044238749756,0.40569611091515,"Signature_3",0.99999998987256
"SIM-04093",9.72146977241007,0.156797899555001,"Signature_5",0.999999297918512
"SIM-04094",24.5622474002776,0.336469142469557,"Signature_3",0.999999999999948
"SIM-04095",11.2455585252979,0.362759952428964,"Signature_3",0.850945089815197
"SIM-04096",26.611401940104,0.543089835512326,"Signature_3",0.922136062746449
"SIM-04097",14.0072900745207,0.200104143921724,"Signature_5",0.869631178322372
"SIM-04098",30.7635091357456,0.439478701939222,"Signature_3",0.899090871511204
"SIM-04099",30.1292946578571,0.412730063806262,"Signature_3",0.999855345777677
"SIM-04100",24.1356892201161,0.283949284942542,"Signature_5",0.999999121146331
"SIM-04101",39.1660136540235,0.652766894233725,"Signature_3",0.999999999999986
"SIM-04102",7.06603808928586,0.110406845145092,"Signature_3",0.999932448123835
"SIM-04103",10.5043420437509,0.256203464481728,"Signature_5",0.98340509811513
"SIM-04104",24.8886571793838,0.315046293409922,"Signature_3",0.74807486368796
"SIM-04105",0,0,"Signature_5",0.999999999591443
"SIM-04106",26.8010871878897,0.388421553447676,"Signature_3",0.999999992476859
"SIM-04107",19.5681483265028,0.407669756802143,"Signature_5",0.566660268307486
"SIM-04108",29.6313205441732,0.448959402184442,"Signature_3",0.99763643149222
"SIM-04109",15.9013186164601,0.29446886326778,"Signature_5",0.999123387493511
"SIM-04110",18.9317089221745,0.371209978866166,"Signature_3",0.76735193581632
"SIM-04111",0,0,"Signature_5",0.996228163887598
"SIM-04112",14.5598278405585,0.214115115302332,"Signature_3",0.936783007257651
"SIM-04113",13.5818872132502,0.212216987707034,"Signature_3",0.900615706514626
"SIM-04114",38.4789287827728,0.557665634532939,"Signature_3",0.999997061179495
"SIM-04115",2.42127516303051,0.033628821708757,"Signature_5",0.999999945750244
"SIM-04116",12.511930275369,0.19549891055264,"Signature_3",0.976138233312799
"SIM-04117",8.55166261468926,0.213791565367232,"Signature_5",0.987630559376027
"SIM-04118",0,0,"Signature_5",0.99999725744415
"SIM-04119",15.5928427960373,0.299862361462255,"Signature_5",0.59811566930654
"SIM-04120",35.8942009831944,0.527855896811682,"Signature_3",0.999976061547845
"SIM-04121",32.1175225420407,0.452359472423109,"Signature_3",0.999999048211638
"SIM-04122",36.6017934336923,0.554572627783217,"Signature_3",0.999997661804795
"SIM-04123",18.9047312406611,0.370681004718845,"Signature_3",0.50586607634363
"SIM-04124",25.584436524346,0.419416992202394,"Signature_3",0.999883197630611
"SIM-04125",32.732862954488,0.419652089160103,"Signature_3",0.997347836932717
"SIM-04126",7.6325506292703,0.331850027359578,"Signature_5",0.941758901751824
"SIM-04127",21.9395225933976,0.466798353051013,"Signature_3",0.994719849107394
"SIM-04128",23.375829791144,0.42501508711171,"Signature_3",0.999999989919412
"SIM-04129",21.9221696321645,0.32238484753183,"Signature_3",0.99898954106199
"SIM-04130",0,0,"Signature_5",0.999334786679835
"SIM-04131",13.5273910495549,0.307440705671702,"Signature_3",0.908645273660012
"SIM-04132",0,0,"Signature_5",0.997697647593461
"SIM-04133",19.4208847409865,0.388417694819729,"Signature_5",0.740020786633156
"SIM-04134",27.4679779559338,0.722841525156152,"Signature_3",0.999999999997856
"SIM-04135",20.2510433937631,0.306833990814592,"Signature_3",0.998813203017205
"SIM-04136",12.6467721800723,0.238618343020232,"Signature_5",0.967382532474546
"SIM-04137",0,0,"Signature_5",0.999999999999977
"SIM-04138",25.2601701678545,0.495297454271656,"Signature_3",0.999999785971049
"SIM-04139",18.3439407500025,0.390296611702181,"Signature_5",0.945646102858612
"SIM-04140",19.3906466674608,0.277009238106582,"Signature_5",0.97885955744428
"SIM-04141",7.30717533410608,0.158851637697958,"Signature_5",0.965688161448191
"SIM-04142",23.4250428232569,0.468500856465138,"Signature_3",0.802228220857943
"SIM-04143",0,0,"Signature_5",0.999999998475588
"SIM-04144",16.5726260823846,0.267300420683622,"Signature_5",0.999912253452424
"SIM-04145",18.5625325998183,0.20856778202043,"Signature_3",0.80141694699167
"SIM-04146",17.7065652323749,0.321937549679544,"Signature_3",0.569169881675431
"SIM-04147",14.3342929737261,0.270458357994833,"Signature_5",0.999829339575882
"SIM-04148",20.3134771440415,0.298727605059434,"Signature_3",0.999895991083563
"SIM-04149",2.99202906036491,0.0440004273583075,"Signature_5",0.99999999935594
"SIM-04150",37.3179169661889,0.504296175218769,"Signature_3",0.999966838455485
"SIM-04151",26.7377320375801,0.504485510143022,"Signature_3",0.999999999834967
"SIM-04152",19.1311167370004,0.367906091096162,"Signature_5",0.726098319545197
"SIM-04153",40.9088207980175,0.629366473815653,"Signature_3",0.999999993121
"SIM-04154",30.7538604895685,0.530238973958077,"Signature_3",0.999999797013013
"SIM-04155",32.0332867817746,0.552298047961632,"Signature_3",0.999999999996793
"SIM-04156",0,0,"Signature_5",0.999999999998749
"SIM-04157",17.3452414169979,0.309736453874963,"Signature_5",0.938822611737294
"SIM-04158",26.9437862546268,0.528309534404447,"Signature_3",0.999999902492801
"SIM-04159",0,0,"Signature_5",0.999999999999585
"SIM-04160",15.9268802816749,0.331810005868226,"Signature_5",0.99986593765415
"SIM-04161",0,0,"Signature_5",0.999968431682564
"SIM-04162",0,0,"Signature_5",0.913959812348083
"SIM-04163",23.4025642986719,0.433380820345775,"Signature_3",0.999947524314259
"SIM-04164",22.1392932229238,0.362939233162686,"Signature_3",0.998609262072055
"SIM-04165",20.8684311727161,0.27101858665865,"Signature_5",0.999999950071778
"SIM-04166",10.5053988426307,0.210107976852614,"Signature_3",0.604006513779304
"SIM-04167",0,0,"Signature_5",0.999871925883454
"SIM-04168",22.2607003439366,0.258845352836473,"Signature_5",0.999974845955744
"SIM-04169",17.738927144805,0.492747976244583,"Signature_5",0.998071489088414
"SIM-04170",16.6091824538637,0.230683089636996,"Signature_5",0.993648385177997
"SIM-04171",5.0676592460855,0.0921392590197363,"Signature_5",0.9993540198796
"SIM-04172",40.0435989799003,0.520046739998705,"Signature_3",0.999953316828402
"SIM-04173",26.4998500405413,0.61627558233817,"Signature_3",0.999753363621891
"SIM-04174",24.9275037165787,0.579709388757645,"Signature_3",0.71293595235364
"SIM-04175",2.82336274747009,0.040333753535287,"Signature_5",0.999972124636066
"SIM-04176",16.3002215977787,0.214476599970772,"Signature_5",0.999999441580855
"SIM-04177",19.0493231464678,0.380986462929357,"Signature_5",0.690576531014369
"SIM-04178",20.7217723429751,0.390976836659907,"Signature_3",0.999305071848734
"SIM-04179",34.9838505306714,0.431899389267548,"Signature_5",0.994408858947303
"SIM-04180",14.0707002290478,0.195426392070108,"Signature_5",0.999357204391845
"SIM-04181",30.2577233721418,0.458450354123361,"Signature_3",0.997243006449327
"SIM-04182",32.8269585081598,0.482749389825879,"Signature_3",0.876518377567153
"SIM-04183",20.5021217294423,0.366109316597184,"Signature_3",0.999894788523592
"SIM-04184",35.8320008310182,0.55987501298466,"Signature_3",0.999999997714322
"SIM-04185",20.6594517687781,0.42162146466894,"Signature_5",0.999428386861712
"SIM-04186",23.8149446765325,0.261702688753105,"Signature_5",0.999999286208404
"SIM-04187",23.3061845362374,0.401830767866161,"Signature_5",0.996115097764638
"SIM-04188",17.4067618931939,0.370356636025401,"Signature_3",0.985765939167307
"SIM-04189",4.51835638674416,0.0941324247238366,"Signature_5",0.999976396868454
"SIM-04190",24.322276648668,0.48644553297336,"Signature_3",0.999999604851721
"SIM-04191",0,0,"Signature_5",0.999999999999997
"SIM-04192",13.9837817607678,0.274191799230741,"Signature_5",0.999998204240301
"SIM-04193",0,0,"Signature_5",0.982199505850498
"SIM-04194",14.4724667228262,0.371088890328877,"Signature_3",0.993102700177067
"SIM-04195",0,0,"Signature_5",0.999999999999924
"SIM-04196",27.0402755539845,0.391888051507021,"Signature_5",0.999876020279581
"SIM-04197",28.2333101460653,0.434358617631774,"Signature_3",0.999999998919518
"SIM-04198",4.70236437712846,0.0940472875425693,"Signature_5",0.999993564023388
"SIM-04199",25.557562045883,0.44837828150672,"Signature_3",0.999890967440674
"SIM-04200",13.960901829023,0.340509800707878,"Signature_3",0.999123554179669
"SIM-04201",28.4422009747835,0.526707425458953,"Signature_3",0.999928364634888
"SIM-04202",19.8276193178722,0.336061344370715,"Signature_3",0.919371241411108
"SIM-04203",19.7568248394293,0.308700388116083,"Signature_3",0.99406615070938
"SIM-04204",11.1482540264022,0.242353348400048,"Signature_5",0.999987334518804
"SIM-04205",22.8068177282008,0.292395099079497,"Signature_5",0.990803034345481
"SIM-04206",14.9092575246083,0.292338382835457,"Signature_5",0.988440140547133
"SIM-04207",33.2795276458744,0.373927276919937,"Signature_3",0.997849909690069
"SIM-04208",9.18939711554055,0.248362084203799,"Signature_3",0.832428401712609
"SIM-04209",32.1265687360167,0.369270905011687,"Signature_3",0.977941173493534
"SIM-04210",18.389607849515,0.328385854455626,"Signature_5",0.896209004299341
"SIM-04211",0,0,"Signature_5",0.99876880404478
"SIM-04212",6.79997719088902,0.0918915836606625,"Signature_5",0.942937659243546
"SIM-04213",9.13378440300536,0.130482634328648,"Signature_5",0.999957130235489
"SIM-04214",13.9886421647326,0.172699285984353,"Signature_3",0.837984192872553
"SIM-04215",18.9264659170369,0.402690764192273,"Signature_3",0.999972242092669
"SIM-04216",22.2086704869677,0.382908111844271,"Signature_5",0.572134801835707
"SIM-04217",23.5115033028621,0.379217795207453,"Signature_3",0.99926880301981
"SIM-04218",16.1632412750783,0.288629308483541,"Signature_5",0.842970845168877
"SIM-04219",22.8285939615816,0.518831680945036,"Signature_3",0.999976597161492
"SIM-04220",7.7923092324672,0.132073037838427,"Signature_5",0.566726847892712
"SIM-04221",0,0,"Signature_5",0.99985503541294
"SIM-04222",19.728863348198,0.29446064698803,"Signature_5",0.945307928634697
"SIM-04223",46.6196076243051,0.501286103487151,"Signature_5",0.575536664972776
"SIM-04224",11.853356183918,0.329259893997721,"Signature_3",0.90142792159155
"SIM-04225",28.0302180746596,0.539042655281916,"Signature_3",0.696608523996626
"SIM-04226",0,0,"Signature_5",0.9987549897671
"SIM-04227",26.3412528758359,0.405250044243629,"Signature_3",0.99996157030633
"SIM-04228",12.3005909830499,0.186372590652271,"Signature_5",0.951767665402972
"SIM-04229",28.0478362868517,0.337925738395804,"Signature_5",0.999999847938181
"SIM-04230",44.0779642061035,0.657880062777665,"Signature_3",0.999999999753779
"SIM-04231",29.4299606946041,0.639781754230523,"Signature_3",0.999999993821182
"SIM-04232",0,0,"Signature_5",0.999999847395923
"SIM-04233",17.2859470737605,0.411570168422868,"Signature_3",0.999987921975465
"SIM-04234",30.4022255836251,0.447091552700369,"Signature_3",0.999782208910418
"SIM-04235",14.6100317173852,0.304375660778859,"Signature_3",0.999968645140112
"SIM-04236",11.3966621744979,0.199941441657858,"Signature_3",0.624083230679609
"SIM-04237",15.3522992560785,0.326644665022946,"Signature_5",0.999993830977561
"SIM-04238",27.0287002749194,0.422323441795615,"Signature_3",0.945612911907778
"SIM-04239",20.1958536454311,0.320569105483033,"Signature_5",0.839142594015226
"SIM-04240",6.97632035191725,0.205185892703449,"Signature_3",0.821364710277646
"SIM-04241",20.7982398701034,0.433296663960487,"Signature_3",0.999999591064554
"SIM-04242",16.0055614828107,0.372222360065365,"Signature_5",0.841034015818495
"SIM-04243",10.4236017895677,0.212726567134034,"Signature_5",0.991552222149247
"SIM-04244",26.9440649123358,0.341064112814378,"Signature_3",0.834973507446741
"SIM-04245",56.9873936249544,0.876729132691606,"Signature_3",1
"SIM-04246",10.3075610987905,0.171792684979842,"Signature_5",0.999999919955598
"SIM-04247",40.6972934987528,0.62611220767312,"Signature_3",0.999991908486076
"SIM-04248",27.3872583197494,0.51674072301414,"Signature_5",0.807240279820088
"SIM-04249",18.6828301639542,0.345978336369523,"Signature_5",0.639395379165678
"SIM-04250",18.3316285899995,0.327350510535706,"Signature_3",0.900171281732273
"SIM-04251",26.4703012247299,0.630245267255474,"Signature_3",0.999999986530808
"SIM-04252",39.4907996885895,0.572330430269414,"Signature_3",0.99999997417894
"SIM-04253",19.3073746846473,0.306466264835672,"Signature_5",0.953408115846354
"SIM-04254",16.2673478374406,0.219829024830278,"Signature_5",0.96613315053803
"SIM-04255",6.48466398284944,0.0967860295947678,"Signature_5",0.999999064214381
"SIM-04256",10.8671467249023,0.201243457868562,"Signature_5",0.999999786057629
"SIM-04257",14.8959654998604,0.338544670451373,"Signature_5",0.99855059867088
"SIM-04258",0,0,"Signature_5",0.986050996920288
"SIM-04259",31.9662353231681,0.491788235741048,"Signature_3",0.999969094523681
"SIM-04260",40.8939525858439,0.49269822392583,"Signature_3",0.999999980442299
"SIM-04261",14.9375721078862,0.233399564185722,"Signature_5",0.99999994394634
"SIM-04262",0,0,"Signature_5",0.999999999990604
"SIM-04263",0,0,"Signature_5",0.9999999982972
"SIM-04264",0,0,"Signature_5",0.999622523159903
"SIM-04265",51.985346909227,0.742647812988957,"Signature_3",1
"SIM-04266",35.3475773093982,0.631206737667824,"Signature_3",0.999999962706268
"SIM-04267",14.2378573381013,0.302933134853219,"Signature_3",0.845138259659961
"SIM-04268",24.2348158206165,0.41075959017994,"Signature_5",0.923449476962831
"SIM-04269",38.3725692306611,0.42167658495232,"Signature_3",0.998897142859792
"SIM-04270",22.5978989207138,0.293479206762517,"Signature_5",0.999718502946035
"SIM-04271",23.9866036236409,0.369024671132938,"Signature_3",0.995441969479429
"SIM-04272",10.6769836237862,0.146260049640906,"Signature_5",0.999453922564592
"SIM-04273",21.2668186351706,0.33229404117454,"Signature_5",0.999995780432886
"SIM-04274",25.8422579843641,0.319040222029187,"Signature_3",0.999999711190157
"SIM-04275",32.3304721636215,0.497391879440331,"Signature_3",0.999998976985716
"SIM-04276",0,0,"Signature_5",0.999991687659803
"SIM-04277",0,0,"Signature_5",0.999999999996431
"SIM-04278",36.3435039586713,0.526717448676395,"Signature_5",0.6643305329763
"SIM-04279",26.0030046149017,0.456193063419329,"Signature_3",0.999353708376631
"SIM-04280",0,0,"Signature_5",0.999999985495034
"SIM-04281",0,0,"Signature_5",0.999999857314205
"SIM-04282",18.275718155415,0.285558096178359,"Signature_5",0.99975612767499
"SIM-04283",22.2584342519231,0.383766107791778,"Signature_5",0.90225214346723
"SIM-04284",13.0797774304917,0.278293136818973,"Signature_5",0.999361375512642
"SIM-04285",23.0193816321141,0.274040257525168,"Signature_5",0.999999643546188
"SIM-04286",7.8691144948806,0.112415921355437,"Signature_5",0.999999999992055
"SIM-04287",27.5933940216941,0.405785206201383,"Signature_3",0.72185031110214
"SIM-04288",21.7972579394825,0.49539222589733,"Signature_3",0.999663613758128
"SIM-04289",12.9103662277818,0.516414649111273,"Signature_3",0.934308218325705
"SIM-04290",41.3693156904141,0.617452472991255,"Signature_3",0.999998979296221
"SIM-04291",15.376112160431,0.307522243208621,"Signature_3",0.999613035158096
"SIM-04292",29.7937289605627,0.551735721491901,"Signature_3",0.970409314554386
"SIM-04293",36.9452125677063,0.47365657138085,"Signature_3",0.99999930606792
"SIM-04294",30.5389357998678,0.436270511426683,"Signature_3",0.890118850078945
"SIM-04295",12.2255452799936,0.15281931599992,"Signature_5",0.999999997986457
"SIM-04296",10.8450398184584,0.208558458047278,"Signature_5",0.99733359729643
"SIM-04297",26.9666189065039,0.457061337398372,"Signature_3",0.767270613217484
"SIM-04298",19.8701406031864,0.305694470818253,"Signature_3",0.999999868542723
"SIM-04299",4.62752232668287,0.0907357318957426,"Signature_5",0.999999905311017
"SIM-04300",24.2520567631903,0.327730496799868,"Signature_5",0.894709570754481
"SIM-04301",27.9973952608691,0.388852711956515,"Signature_3",0.695484450497335
"SIM-04302",35.9030417765985,0.403404963782006,"Signature_3",0.999999881699287
"SIM-04303",29.6682511049,0.442809717983581,"Signature_3",0.984620152759271
"SIM-04304",0,0,"Signature_5",0.999991394932102
"SIM-04305",37.9141360566425,0.861684910378239,"Signature_3",0.999999999996803
"SIM-04306",0,0,"Signature_5",0.999999950687747
"SIM-04307",1.93409861781772,0.0284426267326135,"Signature_5",0.999999837592855
"SIM-04308",24.5844142308375,0.409740237180624,"Signature_3",0.99999652297769
"SIM-04309",25.0933350126147,0.334577800168195,"Signature_3",0.867166579508221
"SIM-04310",9.30063200870784,0.134791768242143,"Signature_5",0.999999987734104
"SIM-04311",0,0,"Signature_5",0.999999999997924
"SIM-04312",23.6873175527143,0.577739452505228,"Signature_3",0.999707612114199
"SIM-04313",14.5078739365897,0.233997966719189,"Signature_5",0.999999917162046
"SIM-04314",25.7177973189678,0.352298593410517,"Signature_3",0.999820945809744
"SIM-04315",0,0,"Signature_5",0.99999883282067
"SIM-04316",31.2307799049809,0.511979998442309,"Signature_3",0.999999938884813
"SIM-04317",17.1822494730258,0.306825883446888,"Signature_5",0.999998011484775
"SIM-04318",19.300192842513,0.316396603975622,"Signature_3",0.999999940147395
"SIM-04319",3.12306665119282,0.0624613330238564,"Signature_5",0.999999999811994
"SIM-04320",17.4924377140595,0.38872083809021,"Signature_3",0.968449226232925
"SIM-04321",14.6184658541955,0.232039140542786,"Signature_5",0.998361248124678
"SIM-04322",0,0,"Signature_3",0.627579568054666
"SIM-04323",21.5456504484657,0.283495400637706,"Signature_3",0.999999902735424
"SIM-04324",0,0,"Signature_5",0.999999997600696
"SIM-04325",0,0,"Signature_5",0.999999999939236
"SIM-04326",31.8062531785748,0.530104219642914,"Signature_3",0.999999997311938
"SIM-04327",5.87037986816381,0.0917246854400595,"Signature_5",0.999992191166085
"SIM-04328",9.80194436385983,0.148514308543331,"Signature_5",0.999976798532057
"SIM-04329",17.6650917661081,0.223608756533014,"Signature_5",0.999997727107406
"SIM-04330",19.2567906997708,0.42792868221713,"Signature_3",0.995500126611246
"SIM-04331",0,0,"Signature_5",0.890192821372849
"SIM-04332",18.5530242421778,0.421659641867677,"Signature_3",0.996233818113539
"SIM-04333",41.0440119130537,0.720070384439539,"Signature_3",0.999999975137674
"SIM-04334",33.0846437403326,0.453214297812776,"Signature_3",0.999999535552617
"SIM-04335",0,0,"Signature_5",0.99999914783936
"SIM-04336",15.8064248055947,0.478982569866505,"Signature_3",0.998037638501675
"SIM-04337",35.9705985612597,0.479607980816796,"Signature_3",0.766237876168027
"SIM-04338",5.75926327171797,0.115185265434359,"Signature_5",0.999997237860297
"SIM-04339",20.9046101001742,0.23755238750198,"Signature_3",0.771158412518056
"SIM-04340",0,0,"Signature_5",0.99999999987249
"SIM-04341",13.1925499828298,0.263850999656596,"Signature_3",0.846909522986926
"SIM-04342",15.8201734304806,0.202822736288213,"Signature_5",0.999999868411082
"SIM-04343",0,0,"Signature_5",0.99999999572184
"SIM-04344",17.7155061464595,0.260522149212639,"Signature_3",0.814253438205599
"SIM-04345",0,0,"Signature_5",0.999998547793756
"SIM-04346",21.6711455597187,0.36730755185964,"Signature_3",0.922444194830623
"SIM-04347",43.896519148859,0.487739101653989,"Signature_3",0.996511356543579
"SIM-04348",5.36110690168054,0.0893517816946757,"Signature_5",0.999999964894339
"SIM-04349",0,0,"Signature_5",0.999999999998849
"SIM-04350",15.7155051752159,0.308147160298351,"Signature_3",0.993116837708806
"SIM-04351",27.3792369423428,0.456320615705714,"Signature_3",0.999999999970473
"SIM-04352",2.35289058779273,0.0435720479220876,"Signature_5",0.996117185563558
"SIM-04353",12.7907304360989,0.224398779580682,"Signature_5",0.972026988936897
"SIM-04354",9.99261416948682,0.344572902396097,"Signature_3",0.860930373096095
"SIM-04355",4.95409579522359,0.0917425147263628,"Signature_5",0.99992996816013
"SIM-04356",27.0265129126735,0.465974360563337,"Signature_3",0.999888684667814
"SIM-04357",26.8137404873339,0.400205081900506,"Signature_3",0.93455960265076
"SIM-04358",0,0,"Signature_5",0.944342207811708
"SIM-04359",6.38162270651887,0.116029503754889,"Signature_5",0.979051173545767
"SIM-04360",18.5494340664469,0.378559878907079,"Signature_5",0.993644974879401
"SIM-04361",11.2979419888611,0.217268115170405,"Signature_3",0.939704174054271
"SIM-04362",0,0,"Signature_5",0.999981708038346
"SIM-04363",27.9795479943313,0.482405999902263,"Signature_3",0.999999989437088
"SIM-04364",11.5620634846604,0.222347374705008,"Signature_5",0.994141064866482
"SIM-04365",31.3457323288284,0.29853078408408,"Signature_3",0.979669534039642
"SIM-04366",31.2651362712619,0.390814203390774,"Signature_3",0.996757694996966
"SIM-04367",25.0374974030473,0.379356021258293,"Signature_5",0.999987307430258
"SIM-04368",30.6075467093698,0.397500606615192,"Signature_3",0.989483349137186
"SIM-04369",32.0464944007957,0.451359076067545,"Signature_3",0.993823666901104
"SIM-04370",33.2677565427919,0.511811639119876,"Signature_3",0.9999538776472
"SIM-04371",25.2989801731962,0.337319735642616,"Signature_5",0.997415297809966
"SIM-04372",12.1730926067794,0.608654630338968,"Signature_3",0.999998285010128
"SIM-04373",24.0962677110078,0.430290494839425,"Signature_3",0.999994681314695
"SIM-04374",0,0,"Signature_5",0.999999999104536
"SIM-04375",20.2816145668569,0.494673526020901,"Signature_3",0.999728953298762
"SIM-04376",16.752864658236,0.364192709961653,"Signature_5",0.99131936913557
"SIM-04377",25.6737704546282,0.435148651773359,"Signature_3",0.998851300503745
"SIM-04378",20.6434650146138,0.344057750243563,"Signature_3",0.662377673946042
"SIM-04379",42.984942476619,0.632131507009103,"Signature_3",0.999999335623031
"SIM-04380",21.6034893730833,0.36616083683192,"Signature_3",0.999870080634713
"SIM-04381",12.5737698560218,0.209562830933696,"Signature_5",0.999769181567161
"SIM-04382",14.536588364227,0.223639820988108,"Signature_5",0.989166350507463
"SIM-04383",0,0,"Signature_5",0.999999985186687
"SIM-04384",0,0,"Signature_5",0.999989334415671
"SIM-04385",20.5786438507233,0.685954795024111,"Signature_3",0.993573014742608
"SIM-04386",0,0,"Signature_5",0.999999607637275
"SIM-04387",11.9909096632284,0.166540411989284,"Signature_5",0.999913394442085
"SIM-04388",8.00003613620937,0.115942552698687,"Signature_5",0.995093008623571
"SIM-04389",12.7105693722882,0.205009183424003,"Signature_5",0.999675861485732
"SIM-04390",41.9876550190817,0.471771404708783,"Signature_3",0.999999765976495
"SIM-04391",15.7214498397609,0.21835346999668,"Signature_5",0.691773079292479
"SIM-04392",29.9303845691714,0.475085469351927,"Signature_3",0.999999877741348
"SIM-04393",0,0,"Signature_5",0.830550078608433
"SIM-04394",15.931458699387,0.252880296815667,"Signature_5",0.930707465314078
"SIM-04395",12.6396274099715,0.194455806307254,"Signature_3",0.887895863305202
"SIM-04396",39.0897823703791,0.610777849537173,"Signature_3",0.999999768889665
"SIM-04397",18.1162966889382,0.258804238413403,"Signature_3",0.919891413560578
"SIM-04398",26.771132735288,0.387987430946203,"Signature_3",0.999913781796807
"SIM-04399",7.78344858327486,0.155668971665497,"Signature_5",0.894858810423797
"SIM-04400",12.4773849438195,0.249547698876391,"Signature_3",0.986761221720055
"SIM-04401",5.51485966867472,0.12255243708166,"Signature_5",0.999999943284043
"SIM-04402",4.81827302505245,0.0698300438413398,"Signature_5",0.999999999240132
"SIM-04403",15.9911750965474,0.280546931518375,"Signature_3",0.58839874631552
"SIM-04404",0,0,"Signature_5",0.918237870527667
"SIM-04405",19.5682848351108,0.296489164168346,"Signature_5",0.693527060094187
"SIM-04406",23.8493605321225,0.290845860147836,"Signature_5",0.681492677507218
"SIM-04407",5.74128148164148,0.0956880246940248,"Signature_5",0.940040955200906
"SIM-04408",33.8695148893089,0.651336824794401,"Signature_3",0.999999968685858
"SIM-04409",24.4194686280699,0.262574931484622,"Signature_3",0.623083986166476
"SIM-04410",7.91986865786262,0.129833912423977,"Signature_5",0.999999984980205
"SIM-04411",21.718366801956,0.443231975550123,"Signature_3",0.999950475323211
"SIM-04412",3.50893521452769,0.0523721673810103,"Signature_5",0.99999999397143
"SIM-04413",30.6686634686093,0.613373269372187,"Signature_3",0.999998619290236
"SIM-04414",18.413508242855,0.24228300319546,"Signature_5",0.999997963723054
"SIM-04415",16.5269663011602,0.434920165820005,"Signature_5",0.796740197084978
"SIM-04416",2.90112537091826,0.0475594323101354,"Signature_5",0.9999999982827
"SIM-04417",21.5983498882809,0.327247725580014,"Signature_3",0.999243242861408
"SIM-04418",41.8681250399295,0.431630155050819,"Signature_3",0.999992674973949
"SIM-04419",23.1128182872151,0.491762091217342,"Signature_3",0.998883893299868
"SIM-04420",24.9709416490861,0.342067693823097,"Signature_3",0.999914804333421
"SIM-04421",8.02930204494877,0.109990438971901,"Signature_5",0.999999999999882
"SIM-04422",25.198282036152,0.419971367269199,"Signature_3",0.560481282172807
"SIM-04423",19.8173457371244,0.319634608663297,"Signature_5",0.944988899608946
"SIM-04424",19.2074261337844,0.314875838258761,"Signature_5",0.944187992867473
"SIM-04425",41.041885379011,0.562217607931658,"Signature_3",0.999995015382921
"SIM-04426",13.6174583310331,0.309487689341662,"Signature_5",0.995819772395183
"SIM-04427",0,0,"Signature_5",0.999952297491952
"SIM-04428",28.9423525916415,0.556583703685414,"Signature_3",0.999893169003247
"SIM-04429",25.4640850018719,0.344109256782052,"Signature_3",0.935316668100656
"SIM-04430",33.367776982934,0.463441346985195,"Signature_3",0.999991063635028
"SIM-04431",21.286796315273,0.348963874020869,"Signature_5",0.888192848406123
"SIM-04432",0,0,"Signature_5",0.999999993765565
"SIM-04433",15.3395433661411,0.239680365095954,"Signature_3",0.764416446740102
"SIM-04434",10.0317345973365,0.125396682466706,"Signature_5",0.999999980038865
"SIM-04435",10.0911075208142,0.118718912009579,"Signature_5",0.999999999999747
"SIM-04436",18.4979482839852,0.369958965679704,"Signature_5",0.936793932402852
"SIM-04437",17.1150844631395,0.372067053546512,"Signature_5",0.97697148083977
"SIM-04438",29.2617391128933,0.479700641194972,"Signature_3",0.999962442984688
"SIM-04439",0,0,"Signature_5",0.999501280985872
"SIM-04440",0,0,"Signature_5",0.999999995993897
"SIM-04441",44.6241054132772,0.501394442845811,"Signature_5",0.914887095200807
"SIM-04442",24.9517787973627,0.337186199964361,"Signature_3",0.999464210138017
"SIM-04443",9.85484772431792,0.113274111773769,"Signature_5",0.999999999824375
"SIM-04444",34.7543460283714,0.469653324707721,"Signature_3",0.999999999999583
"SIM-04445",0,0,"Signature_5",0.999921898336488
"SIM-04446",18.0929512969467,0.44129149504748,"Signature_3",0.999506362302286
"SIM-04447",34.0373455246313,0.459964128711233,"Signature_3",0.999998138606442
"SIM-04448",6.91821734102157,0.100264019435095,"Signature_5",0.999999947017566
"SIM-04449",18.6289502557523,0.372579005115047,"Signature_3",0.999997594461636
"SIM-04450",12.0377518582821,0.154330152029258,"Signature_5",0.999996958288565
"SIM-04451",11.4234859219926,0.173083120030191,"Signature_3",0.738899554534764
"SIM-04452",6.52464681345707,0.0906200946313482,"Signature_5",0.999942168971692
"SIM-04453",38.4561715460893,0.71215132492758,"Signature_3",0.99999696382531
"SIM-04454",18.8779654473611,0.460438181642953,"Signature_5",0.631496003480494
"SIM-04455",22.6806405348279,0.298429480721419,"Signature_5",0.990741779979929
"SIM-04456",20.6001654436357,0.355175266269582,"Signature_5",0.963077518623244
"SIM-04457",27.0248760157382,0.643449428946149,"Signature_3",0.999998979928262
"SIM-04458",14.5870028856352,0.239131194846478,"Signature_3",0.817055536831579
"SIM-04459",24.7000971542618,0.32500127834555,"Signature_5",0.999959764767735
"SIM-04460",0,0,"Signature_5",0.935897381856597
"SIM-04461",14.4221219420875,0.369797998515065,"Signature_3",0.992344437566738
"SIM-04462",33.9272719358822,0.640137206337399,"Signature_3",0.999996267098572
"SIM-04463",8.5438935857279,0.0993475998340453,"Signature_5",0.999999999642978
"SIM-04464",14.6879797534389,0.386525782985235,"Signature_5",0.831444731228919
"SIM-04465",18.5456898380456,0.228959133803032,"Signature_5",0.999998719764423
"SIM-04466",22.9923713784509,0.489199391030871,"Signature_3",0.998775532673166
"SIM-04467",34.6171122180282,0.558340519645615,"Signature_3",0.999999999999776
"SIM-04468",29.6234390716049,0.442140881665745,"Signature_5",0.999862603634256
"SIM-04469",39.7133024665701,0.436409917215056,"Signature_5",0.999575146318086
"SIM-04470",32.8111114639056,0.360561664438523,"Signature_3",0.999999993178597
"SIM-04471",14.2476691003324,0.273993636544854,"Signature_5",0.677537481716683
"SIM-04472",16.4591835923379,0.299257883497052,"Signature_5",0.524849871466009
"SIM-04473",26.4203703254502,0.31831771476446,"Signature_5",0.829901839443759
"SIM-04474",13.0949973029539,0.278616963892636,"Signature_3",0.997572785568656
"SIM-04475",0,0,"Signature_5",0.999984479315266
"SIM-04476",21.1254164705717,0.232147433742546,"Signature_5",0.999998864538281
"SIM-04477",23.1409359017525,0.608971997414539,"Signature_3",0.999999999572339
"SIM-04478",40.9459571649804,0.611133689029559,"Signature_3",0.999999995457081
"SIM-04479",0,0,"Signature_5",0.999999999999991
"SIM-04480",16.5155443126777,0.270746628076684,"Signature_5",0.500996558164918
"SIM-04481",20.9287646161873,0.486715456190402,"Signature_3",0.999906273120634
"SIM-04482",21.6040511769838,0.553950030179071,"Signature_3",0.999995722873508
"SIM-04483",23.6274969910407,0.502712701937037,"Signature_3",0.999656690182093
"SIM-04484",0,0,"Signature_5",0.999909239150586
"SIM-04485",34.8004660570906,0.527279788743796,"Signature_3",0.999998948262314
"SIM-04486",42.7881040330728,0.725222102255472,"Signature_3",0.999999999480961
"SIM-04487",0,0,"Signature_5",0.999893265025487
"SIM-04488",16.9955518597249,0.32067078980613,"Signature_3",0.999999737440401
"SIM-04489",15.5763905126345,0.251232105042491,"Signature_5",0.999958887828763
"SIM-04490",27.3961692166302,0.39137384595186,"Signature_5",0.886112901469202
"SIM-04491",11.2409189403205,0.244367803050446,"Signature_3",0.656882442186616
"SIM-04492",21.3051891078091,0.266314863847613,"Signature_5",0.578130224367145
"SIM-04493",0,0,"Signature_5",0.99999982355872
"SIM-04494",31.9156057261475,0.559922907476271,"Signature_3",0.999999982869408
"SIM-04495",29.3194419024019,0.488657365040031,"Signature_3",0.999999879210012
"SIM-04496",20.143473358393,0.437901594747674,"Signature_3",0.999999959692344
"SIM-04497",25.119555940261,0.310117974571123,"Signature_5",0.999601895202918
"SIM-04498",27.1195842987128,0.444583349159226,"Signature_3",0.999609334336898
"SIM-04499",26.3198557119369,0.487404735406239,"Signature_3",0.999189300991835
"SIM-04500",9.39121036589227,0.149066831204639,"Signature_3",0.561352405069869
"SIM-04501",20.6665181205246,0.430552460844263,"Signature_3",0.999997012173759
"SIM-04502",0,0,"Signature_5",0.999999999999656
"SIM-04503",0,0,"Signature_5",0.999999830485534
"SIM-04504",15.2009105489119,0.323423628700254,"Signature_3",0.998471991023277
"SIM-04505",17.8013822919883,0.282561623682354,"Signature_5",0.580207779554676
"SIM-04506",0,0,"Signature_5",0.999999997295627
"SIM-04507",22.06342131604,0.361695431410492,"Signature_3",0.941786962398015
"SIM-04508",13.0967775397819,0.201488885227414,"Signature_5",0.946775118242451
"SIM-04509",15.3493035577114,0.31977715745232,"Signature_3",0.999999469584232
"SIM-04510",17.1380097062624,0.21971807315721,"Signature_5",0.661481661405236
"SIM-04511",6.40215363771685,0.10326054254382,"Signature_5",0.999999999996606
"SIM-04512",0,0,"Signature_5",0.999988959719104
"SIM-04513",18.9224335541781,0.378448671083562,"Signature_3",0.787850079846913
"SIM-04514",11.7790150225908,0.235580300451817,"Signature_5",0.999662144484272
"SIM-04515",25.173182931315,0.406019079537339,"Signature_3",0.999112211621238
"SIM-04516",29.539276751507,0.509297875025982,"Signature_3",0.680397558136787
"SIM-04517",19.9460140569466,0.369370630684197,"Signature_5",0.588630708868209
"SIM-04518",16.5996542611942,0.272125479691709,"Signature_5",0.999961612774678
"SIM-04519",12.7999138596435,0.220688169993854,"Signature_5",0.980643838571178
"SIM-04520",28.3979261702587,0.604211195111887,"Signature_3",0.9996039644735
"SIM-04521",18.5357116596497,0.441326468086897,"Signature_5",0.874414912429827
"SIM-04522",51.252594294698,0.545240364837213,"Signature_3",0.999997785476635
"SIM-04523",0,0,"Signature_5",0.999977236847855
"SIM-04524",0,0,"Signature_3",0.905762697215259
"SIM-04525",8.18950692124939,0.327580276849976,"Signature_5",0.631261886997045
"SIM-04526",19.722330099439,0.448234774987249,"Signature_3",0.999577789906659
"SIM-04527",15.2084191059609,0.276516711017471,"Signature_3",0.999868350616006
"SIM-04528",9.07779384248905,0.129682769178415,"Signature_5",0.999993490358837
"SIM-04529",13.0555104495682,0.352851633772114,"Signature_5",0.783022220792823
"SIM-04530",24.5201880385589,0.389209333945379,"Signature_5",0.994978656472184
"SIM-04531",17.0222330662015,0.215471304635463,"Signature_5",0.989312967193719
"SIM-04532",8.1639649601404,0.151184536298896,"Signature_5",0.915765850313999
"SIM-04533",23.5715875696855,0.310152468022178,"Signature_5",0.999206586188005
"SIM-04534",12.7714158477033,0.228060997280417,"Signature_5",0.747474939081886
"SIM-04535",6.09725019106256,0.203241673035419,"Signature_5",0.953234282037076
"SIM-04536",30.173066980133,0.494640442297263,"Signature_3",0.999999346873268
"SIM-04537",0,0,"Signature_5",0.999999999218397
"SIM-04538",23.7355164327731,0.329659950455183,"Signature_3",0.983761280656419
"SIM-04539",0,0,"Signature_3",0.999944206324747
"SIM-04540",0,0,"Signature_5",0.996989571204517
"SIM-04541",27.6430590658112,0.341272334145818,"Signature_3",0.987318937629555
"SIM-04542",0,0,"Signature_5",0.999999997741895
"SIM-04543",15.756549339413,0.281366952489518,"Signature_5",0.999999912639175
"SIM-04544",14.5396482088772,0.403879116913257,"Signature_3",0.998332848111919
"SIM-04545",21.8132265197129,0.48473836710473,"Signature_3",0.95187519841118
"SIM-04546",42.0595073598888,0.600850105141269,"Signature_3",0.999999999999971
"SIM-04547",21.4710627346881,0.466762233362784,"Signature_3",0.999175913962573
"SIM-04548",24.7233906481647,0.449516193602994,"Signature_3",0.999999963580597
"SIM-04549",5.16943156232128,0.206777262492851,"Signature_3",0.728658007268108
"SIM-04550",26.7061401327851,0.41086369435054,"Signature_3",0.999016121009749
"SIM-04551",33.1907405183539,0.454667678333615,"Signature_3",0.999926719766609
"SIM-04552",21.6325350176201,0.277340192533591,"Signature_3",0.999414545645364
"SIM-04553",22.7187524276407,0.51633528244638,"Signature_3",0.999977091888492
"SIM-04554",11.9687877458764,0.209978732383797,"Signature_3",0.967739684597233
"SIM-04555",21.7916296985487,0.32524820445595,"Signature_5",0.999906063199218
"SIM-04556",43.8256523881294,0.509600609164296,"Signature_3",0.999999775922773
"SIM-04557",20.7796915099695,0.3920696511315,"Signature_3",0.999989639929197
"SIM-04558",20.9776351473638,0.374600627631497,"Signature_5",0.999907059224323
"SIM-04559",0,0,"Signature_5",0.933640002190066
"SIM-04560",19.6562349193201,0.265624796207028,"Signature_3",0.996263261767569
"SIM-04561",12.0678217685761,0.185658796439632,"Signature_5",0.913169582969825
"SIM-04562",27.0173585371073,0.337716981713841,"Signature_3",0.99988903776722
"SIM-04563",9.86235592757848,0.161677966025877,"Signature_5",0.99999999890443
"SIM-04564",22.7373350306828,0.339363209413175,"Signature_3",0.999790959111053
"SIM-04565",24.1958372984881,0.514805048904002,"Signature_3",0.999999999367994
"SIM-04566",27.1648921254104,0.512545134441706,"Signature_3",0.999845943445508
"SIM-04567",29.5934808871925,0.360896108380396,"Signature_3",0.998263829154661
"SIM-04568",22.9284337804737,0.314088133979092,"Signature_3",0.887588878696214
"SIM-04569",16.6534826873637,0.248559443094981,"Signature_5",0.993640919433288
"SIM-04570",13.3189636222784,0.179985994895654,"Signature_5",0.997857714336103
"SIM-04571",24.6220372065901,0.315667143674232,"Signature_3",0.999780402870562
"SIM-04572",16.8553450022534,0.290609396590575,"Signature_5",0.998848765977897
"SIM-04573",24.2336823286548,0.384661624264362,"Signature_5",0.992472282719868
"SIM-04574",10.7773843151406,0.250636844538154,"Signature_5",0.897944279705567
"SIM-04575",1.58462358665574,0.0316924717331148,"Signature_5",0.999471058844847
"SIM-04576",30.1449987382653,0.436884039685004,"Signature_3",0.998548626806788
"SIM-04577",17.4090131294993,0.220367254803789,"Signature_5",0.999999107245043
"SIM-04578",14.617102327558,0.232017497262826,"Signature_5",0.999989312024872
"SIM-04579",11.0285561854181,0.22976158719621,"Signature_5",0.708757168540846
"SIM-04580",52.3009931770055,0.568489056271799,"Signature_3",0.999999999998634
"SIM-04581",0,0,"Signature_5",0.999998965929006
"SIM-04582",0,0,"Signature_5",0.999999999599236
"SIM-04583",25.9157920490464,0.332253744218544,"Signature_3",0.999999929714859
"SIM-04584",28.570521417204,0.426425692794089,"Signature_5",0.958540825453169
"SIM-04585",11.4780240179526,0.185129419644396,"Signature_5",0.99992501934064
"SIM-04586",23.0567541064774,0.591198823243011,"Signature_3",0.999999292819318
"SIM-04587",39.3849560668212,0.468868524605014,"Signature_5",0.980619140275592
"SIM-04588",35.2331783887528,0.587219639812546,"Signature_3",0.999999889520797
"SIM-04589",20.6489754432258,0.240104365618904,"Signature_5",0.955786172259657
"SIM-04590",17.5016407960402,0.273463137438128,"Signature_3",0.999734618821987
"SIM-04591",30.6209807832826,0.486047314020358,"Signature_3",0.999992298316921
"SIM-04592",12.1550145248374,0.248061520915048,"Signature_5",0.999017744349916
"SIM-04593",0,0,"Signature_5",0.999998281218387
"SIM-04594",0,0,"Signature_5",0.9999971469381
"SIM-04595",28.5004773429035,0.527786617461175,"Signature_3",0.549484500661401
"SIM-04596",0,0,"Signature_5",0.999999999996625
"SIM-04597",0,0,"Signature_5",0.999999999845831
"SIM-04598",15.3267333538833,0.225393137557107,"Signature_3",0.748395006287276
"SIM-04599",0,0,"Signature_5",0.999999968892957
"SIM-04600",14.7911254798029,0.259493429470227,"Signature_5",0.999999987893489
"SIM-04601",26.325486485309,0.40500748438937,"Signature_3",0.999999974765895
"SIM-04602",27.4389021853994,0.428732846646866,"Signature_3",0.847090160423196
"SIM-04603",26.8503535015534,0.455090737314465,"Signature_3",0.994939186804101
"SIM-04604",28.2426280673762,0.403466115248231,"Signature_5",0.975449397277455
"SIM-04605",25.2128724569854,0.311270030333153,"Signature_5",0.637738998236962
"SIM-04606",15.2380140802806,0.525448761388988,"Signature_3",0.999786796671427
"SIM-04607",10.6836140011812,0.237413644470694,"Signature_5",0.993736046101754
"SIM-04608",0,0,"Signature_5",0.999999573827533
"SIM-04609",5.97679640147343,0.0996132733578904,"Signature_5",0.997158767295361
"SIM-04610",25.5671066284298,0.297291937539882,"Signature_5",0.999978468161863
"SIM-04611",14.8048578306185,0.200065646359709,"Signature_5",0.937435238234104
"SIM-04612",14.066911570558,0.32713747838507,"Signature_5",0.847108727747583
"SIM-04613",0,0,"Signature_5",0.999999999831185
"SIM-04614",3.82490203340752,0.0554333628030075,"Signature_5",0.999999991137918
"SIM-04615",33.7013758074457,0.374459731193841,"Signature_5",0.542836464268599
"SIM-04616",43.0638175202154,0.624113297394427,"Signature_3",0.999999773725479
"SIM-04617",0,0,"Signature_5",0.999999641227714
"SIM-04618",37.3371393668843,0.511467662560058,"Signature_3",0.999508407589637
"SIM-04619",8.9787312977842,0.140292676527878,"Signature_5",0.999999982969125
"SIM-04620",14.8598526489401,0.235870676967304,"Signature_5",0.999947718684938
"SIM-04621",0.135007314564089,0.00300016254586865,"Signature_5",0.999752440738433
"SIM-04622",20.9734630107188,0.455944848059105,"Signature_3",0.999940138749513
"SIM-04623",0,0,"Signature_5",0.774724564085829
"SIM-04624",0,0,"Signature_5",0.999996854855233
"SIM-04625",33.8310535739474,0.483300765342106,"Signature_3",0.999999999983167
"SIM-04626",17.891351642382,0.337572672497773,"Signature_3",0.990247488914271
"SIM-04627",22.5739882881846,0.396034882248852,"Signature_3",0.99959827704322
"SIM-04628",30.6871933959784,0.464957475696643,"Signature_3",0.999999956515279
"SIM-04629",13.2643898158054,0.21054587009215,"Signature_5",0.996315707738044
"SIM-04630",24.866441309049,0.310830516363112,"Signature_5",0.951527309297429
"SIM-04631",40.6122599409919,0.61533727183321,"Signature_3",0.999999993581182
"SIM-04632",36.4026466217524,0.638642923188639,"Signature_3",0.999843540780372
"SIM-04633",7.47537433948648,0.191676265115038,"Signature_3",0.681731988710948
"SIM-04634",24.4877594564743,0.422202749249557,"Signature_3",0.999970736767835
"SIM-04635",31.4622043217572,0.749100102898981,"Signature_3",0.999999943839586
"SIM-04636",33.0442878860671,0.347834609327022,"Signature_3",0.999999980370304
"SIM-04637",36.7586957115555,0.427426694320413,"Signature_3",0.998732058774604
"SIM-04638",12.1541944661302,0.176147745885944,"Signature_5",0.999999995667886
"SIM-04639",0,0,"Signature_5",0.999999998642623
"SIM-04640",15.6239634513283,0.48824885785401,"Signature_3",0.859723830845914
"SIM-04641",0,0,"Signature_5",0.999782466872143
"SIM-04642",29.0367250184132,0.372265705364271,"Signature_3",0.997802573970995
"SIM-04643",0,0,"Signature_5",0.999997837298203
"SIM-04644",16.5751252392658,0.368336116428129,"Signature_5",0.52214153222921
"SIM-04645",19.5308095842749,0.238180604686279,"Signature_3",0.999999993566702
"SIM-04646",41.3110102504571,0.536506626629313,"Signature_3",0.999999999965168
"SIM-04647",0,0,"Signature_5",0.873850287652258
"SIM-04648",7.58058215471345,0.17629260824915,"Signature_3",0.865980912523141
"SIM-04649",16.1157990903648,0.240534314781564,"Signature_3",0.686955591771822
"SIM-04650",16.8532604309182,0.300951079123539,"Signature_3",0.650400187672714
"SIM-04651",13.8653293937817,0.243251392873363,"Signature_5",0.999899598939287
"SIM-04652",10.7790848492845,0.158515953665949,"Signature_5",0.999948272544042
"SIM-04653",25.7210093997975,0.459303739282099,"Signature_3",0.999998717563115
"SIM-04654",20.4111670522379,0.30016422135644,"Signature_3",0.915939163264737
"SIM-04655",19.3759268862968,0.365583526156543,"Signature_5",0.958045895555141
"SIM-04656",28.0836187495379,0.379508361480242,"Signature_3",0.99965073605905
"SIM-04657",22.9280647520199,0.382134412533665,"Signature_5",0.756933824898025
"SIM-04658",27.756606449785,0.5551321289957,"Signature_3",0.999999963429025
"SIM-04659",8.08845554724113,0.155547222062329,"Signature_3",0.831970870032483
"SIM-04660",12.5091000793956,0.357402859411304,"Signature_3",0.935949843823744
"SIM-04661",31.7155101555665,0.503420796120104,"Signature_3",0.999441448877809
"SIM-04662",7.78927810339122,0.243414940730976,"Signature_3",0.99559709338998
"SIM-04663",28.5688453377687,0.317431614864096,"Signature_3",0.993216456645301
"SIM-04664",21.7952764181126,0.25343344672224,"Signature_5",0.999999992720911
"SIM-04665",14.2759989145988,0.176246900180232,"Signature_5",0.999999762855514
"SIM-04666",0,0,"Signature_5",0.999999490491051
"SIM-04667",0,0,"Signature_5",0.999912249003305
"SIM-04668",0,0,"Signature_5",0.999969524420025
"SIM-04669",2.7382942749876,0.0558835566324001,"Signature_5",0.99999548548988
"SIM-04670",23.3083871907092,0.43978089039074,"Signature_3",0.999997861267372
"SIM-04671",16.0344435298843,0.372894035578705,"Signature_3",0.985425685243998
"SIM-04672",13.940211320854,0.211215323043242,"Signature_5",0.997442034355503
"SIM-04673",8.85629423671275,0.184506129931516,"Signature_3",0.999604019787548
"SIM-04674",12.3392869219363,0.342757970053787,"Signature_5",0.955951958015754
"SIM-04675",16.8538465516442,0.383041967082822,"Signature_3",0.994365139592795
"SIM-04676",20.3184372649948,0.414661984999893,"Signature_3",0.999947828853349
"SIM-04677",9.85737426475971,0.17293639060982,"Signature_5",0.999999998877242
"SIM-04678",12.2088543112219,0.214190426512664,"Signature_3",0.998434344003611
"SIM-04679",18.6820488114666,0.366314682577776,"Signature_5",0.839798107643293
"SIM-04680",15.9172928558295,0.442147023773042,"Signature_5",0.643722486410492
"SIM-04681",0,0,"Signature_5",0.998988314206861
"SIM-04682",6.79294476431745,0.0882200618742525,"Signature_5",0.999999999994718
"SIM-04683",5.38250183921338,0.1631061163398,"Signature_5",0.98078760167661
"SIM-04684",17.6846827970467,0.40192460902379,"Signature_3",0.929135880553548
"SIM-04685",0,0,"Signature_5",0.998536218015092
"SIM-04686",21.6245266385669,0.527427478989437,"Signature_3",0.662728332930487
"SIM-04687",18.7762159874651,0.302842193346211,"Signature_3",0.999731658124772
"SIM-04688",17.2701660787108,0.325852190164355,"Signature_3",0.728480554734521
"SIM-04689",11.799836288972,0.135630302172092,"Signature_3",0.988322242816579
"SIM-04690",34.017967969853,0.441791791816272,"Signature_3",0.999973510664293
"SIM-04691",0,0,"Signature_5",0.999999998115474
"SIM-04692",34.1106411305058,0.431780267474757,"Signature_3",0.999987513627159
"SIM-04693",14.2695802468378,0.396377229078827,"Signature_3",0.866253886258042
"SIM-04694",50.5637614648292,0.656672226815963,"Signature_3",0.999978571313744
"SIM-04695",24.1955592489176,0.424483495595045,"Signature_3",0.997276032243375
"SIM-04696",9.48620786636977,0.206221910138473,"Signature_5",0.987689792256332
"SIM-04697",29.1511403137953,0.448479081750697,"Signature_3",0.999937244278399
"SIM-04698",11.4148484733082,0.407673159761008,"Signature_3",0.974727106627346
"SIM-04699",10.2873187465017,0.205746374930035,"Signature_5",0.986688185948464
"SIM-04700",16.5526724655266,0.214969772279566,"Signature_5",0.861217142461982
"SIM-04701",12.8859932422801,0.415677201363873,"Signature_3",0.999822121122028
"SIM-04702",31.3378433362071,0.4974260847017,"Signature_5",0.971654410245108
"SIM-04703",0,0,"Signature_3",0.816351572096826
"SIM-04704",13.276870306642,0.186998173332986,"Signature_5",0.998658038518511
"SIM-04705",20.8316635011169,0.508089353685777,"Signature_3",0.982120967100792
"SIM-04706",21.2674664845178,0.393841971935516,"Signature_3",0.99999984776488
"SIM-04707",13.9433967662776,0.398382764750789,"Signature_3",0.997507830588411
"SIM-04708",11.4303977591899,0.200533294020875,"Signature_5",0.999929369927523
"SIM-04709",13.1027434867021,0.195563335622419,"Signature_5",0.999983315641441
"SIM-04710",8.69546319762347,0.271733224925734,"Signature_3",0.999987078290285
"SIM-04711",44.8812811220277,0.534300965738425,"Signature_3",0.999999999996972
"SIM-04712",23.7559598643047,0.312578419267167,"Signature_3",0.999390784613331
"SIM-04713",30.88767044027,0.551565543576249,"Signature_3",0.999976551629438
"SIM-04714",0,0,"Signature_5",0.998877929809229
"SIM-04715",41.3024995622916,0.590035708032738,"Signature_3",0.999999994114033
"SIM-04716",0,0,"Signature_3",0.546731460230467
"SIM-04717",24.9443330124973,0.408923492008152,"Signature_3",0.897245197612369
"SIM-04718",34.3842136301519,0.424496464569777,"Signature_3",0.954250264830699
"SIM-04719",34.3360402284437,0.592000693593858,"Signature_3",0.9999714838614
"SIM-04720",33.2490852968905,0.58331728591036,"Signature_3",0.999959472167297
"SIM-04721",30.4809486028556,0.454939531385905,"Signature_3",0.921978125897568
"SIM-04722",8.20810397382865,0.164162079476573,"Signature_5",0.988952108419351
"SIM-04723",0,0,"Signature_3",0.872770582980234
"SIM-04724",0,0,"Signature_5",0.999985921402379
"SIM-04725",19.9190124667813,0.316174801060021,"Signature_3",0.899545741799179
"SIM-04726",9.50490903640238,0.163877742006938,"Signature_5",0.999991803025374
"SIM-04727",24.9615256993548,0.409205339333685,"Signature_3",0.999999466351893
"SIM-04728",38.9842732474791,0.599758049961217,"Signature_3",0.999967438358388
"SIM-04729",35.6714992147764,0.43501828310703,"Signature_3",0.994657902662698
"SIM-04730",18.7258500552248,0.425587501255108,"Signature_3",0.999877071498367
"SIM-04731",0,0,"Signature_5",0.944756181836117
"SIM-04732",17.0391058372256,0.293777686848718,"Signature_5",0.892880361261011
"SIM-04733",10.07195596702,0.170711118085084,"Signature_5",0.999999183837506
"SIM-04734",42.1570597345554,0.463264392687422,"Signature_3",0.999997626481948
"SIM-04735",0,0,"Signature_5",0.998905561895737
"SIM-04736",16.7342729590616,0.194584569291414,"Signature_3",0.801003714468059
"SIM-04737",29.6524785092394,0.357258777219752,"Signature_3",0.999999969911832
"SIM-04738",35.0963838363884,0.615726032217341,"Signature_3",0.999999999984222
"SIM-04739",31.4138358037216,0.430326517859201,"Signature_5",0.885788456322053
"SIM-04740",0,0,"Signature_5",0.999223049608829
"SIM-04741",32.7260817132394,0.425014048223888,"Signature_3",0.998490764740395
"SIM-04742",0,0,"Signature_5",0.647169716961919
"SIM-04743",16.9280422160581,0.291862796828588,"Signature_5",0.999003566068816
"SIM-04744",26.0815769702063,0.367346154509948,"Signature_5",0.636559019131368
"SIM-04745",28.4257524697277,0.406082178138967,"Signature_3",0.999999932453756
"SIM-04746",19.1891657433306,0.319819429055511,"Signature_5",0.999975457252388
"SIM-04747",37.1785392932149,0.516368601294652,"Signature_3",0.769698842290347
"SIM-04748",18.9900964117146,0.260138307009789,"Signature_3",0.995127500561963
"SIM-04749",11.8436806150947,0.269174559433969,"Signature_5",0.784319971848912
"SIM-04750",21.2459622504276,0.360101055091993,"Signature_3",0.9967356884444
"SIM-04751",10.6500614840788,0.169048594985378,"Signature_5",0.999998893375591
"SIM-04752",18.2452109831321,0.337874277465409,"Signature_5",0.999816041094888
"SIM-04753",1.5166786033874,0.029738796144851,"Signature_5",0.999551373496933
"SIM-04754",39.0976117761832,0.454623392746316,"Signature_3",0.999060636942742
"SIM-04755",19.6190975654186,0.236374669462875,"Signature_3",0.999995708301026
"SIM-04756",12.640436063076,0.197506813485563,"Signature_3",0.977812360795666
"SIM-04757",10.2964007264835,0.20592801452967,"Signature_3",0.832016613370573
"SIM-04758",0,0,"Signature_5",0.999999999921191
"SIM-04759",16.67413289036,0.521066652823749,"Signature_3",0.999720403719
"SIM-04760",5.15988648658534,0.0747809635737006,"Signature_5",0.999985249541345
"SIM-04761",0,0,"Signature_5",0.995473281557472
"SIM-04762",9.20527975936766,0.167368722897594,"Signature_5",0.999998261939505
"SIM-04763",29.5415185163576,0.428137949512429,"Signature_3",0.999788274346649
"SIM-04764",23.6660826116978,0.464040835523487,"Signature_3",0.945265168957911
"SIM-04765",11.5213191915764,0.230426383831529,"Signature_3",0.995086500152737
"SIM-04766",18.9830749501031,0.267367252818354,"Signature_5",0.999995122522664
"SIM-04767",18.2147561283859,0.492290706172592,"Signature_3",0.994070941739573
"SIM-04768",21.778916209125,0.311127374416072,"Signature_5",0.999803084110214
"SIM-04769",0,0,"Signature_3",0.541812510806048
"SIM-04770",21.1587523612242,0.346864792806955,"Signature_5",0.729094470647212
"SIM-04771",32.4911548633005,0.43321539817734,"Signature_3",0.938750199543574
"SIM-04772",11.1882708779668,0.39958110278453,"Signature_3",0.609116639196679
"SIM-04773",0,0,"Signature_5",0.99923366647138
"SIM-04774",27.6235126557578,0.424977117780889,"Signature_3",0.99992780477467
"SIM-04775",38.4090583542664,0.590908590065636,"Signature_3",0.999999946220567
"SIM-04776",35.6658352748478,0.434949210668876,"Signature_3",0.988436529429345
"SIM-04777",9.87027459187996,0.193534795919215,"Signature_5",0.999991770691979
"SIM-04778",18.8528355685737,0.254768048223969,"Signature_5",0.9999584247916
"SIM-04779",11.5121055707968,0.195120433403335,"Signature_5",0.995503429155905
"SIM-04780",0,0,"Signature_3",0.981952084082935
"SIM-04781",29.4491633632725,0.43307593181283,"Signature_3",0.963395917028306
"SIM-04782",12.0210721808219,0.250439003767124,"Signature_5",0.610756283259212
"SIM-04783",45.5908772958123,0.536363262303674,"Signature_3",0.999999999999955
"SIM-04784",49.4234454063046,0.641862927354605,"Signature_3",0.99999999999999
"SIM-04785",11.708476043769,0.162617722830125,"Signature_5",0.979590252750328
"SIM-04786",28.8748925817192,0.339704618608461,"Signature_3",0.98970067169957
"SIM-04787",9.23899715678162,0.108694084197431,"Signature_5",0.999999965491331
"SIM-04788",25.5735487185689,0.511470974371377,"Signature_3",0.999989603936067
"SIM-04789",0,0,"Signature_5",0.99999999985002
"SIM-04790",37.9127270019977,0.462350329292654,"Signature_3",0.99999668148309
"SIM-04791",32.7730511740843,0.504200787293604,"Signature_5",0.845322325413433
"SIM-04792",9.20328576281236,0.187822158424742,"Signature_5",0.999990205977727
"SIM-04793",16.1454059295947,0.413984767425505,"Signature_3",0.949649000357971
"SIM-04794",24.8396252020147,0.407206970524831,"Signature_5",0.998158377366464
"SIM-04795",23.852206522362,0.433676482224764,"Signature_3",0.999990353001431
"SIM-04796",20.8650749869728,0.379364999763141,"Signature_3",0.710850312611322
"SIM-04797",14.7819706546515,0.178096031983753,"Signature_5",0.999995153095946
"SIM-04798",8.54706990162579,0.135667776216282,"Signature_5",0.999999999970174
"SIM-04799",18.0530883649324,0.286556958173531,"Signature_5",0.601435231820717
"SIM-04800",14.6976254491519,0.257853078055297,"Signature_5",0.943241334722023
"SIM-04801",17.4245287859028,0.311152299748265,"Signature_3",0.937624799670331
"SIM-04802",9.4803585971839,0.133526177425125,"Signature_5",0.999987806731072
"SIM-04803",3.08719183696501,0.0907997599107355,"Signature_5",0.99303541173745
"SIM-04804",34.3423016634548,0.490604309477925,"Signature_3",0.999999963696919
"SIM-04805",14.53061351625,0.216874828600746,"Signature_3",0.766456110208596
"SIM-04806",34.2815766239816,0.380906406933129,"Signature_3",0.998848687710218
"SIM-04807",11.4134668630239,0.24283972048987,"Signature_5",0.965444240602788
"SIM-04808",0,0,"Signature_5",0.9999023353598
"SIM-04809",5.5705997979277,0.0819205852636426,"Signature_5",0.999999900833697
"SIM-04810",26.7193126355896,0.392931068170436,"Signature_5",0.997433808703726
"SIM-04811",4.70372352663799,0.138344809607,"Signature_5",0.998931034073538
"SIM-04812",45.5565196003768,0.624061912333929,"Signature_3",0.99999999972078
"SIM-04813",29.9470308037197,0.525386505328416,"Signature_3",0.999999996291252
"SIM-04814",0,0,"Signature_5",0.999998566199147
"SIM-04815",19.2814906623567,0.385629813247134,"Signature_3",0.804088487396924
"SIM-04816",19.8128718541527,0.33581138735852,"Signature_5",0.995281635996088
"SIM-04817",0,0,"Signature_3",0.99999959062246
"SIM-04818",14.2265195546692,0.175636043884805,"Signature_5",0.999714249616044
"SIM-04819",33.56525280227,0.621578755597593,"Signature_3",0.999999999848108
"SIM-04820",20.4801005928005,0.325080961790484,"Signature_5",0.999167963174929
"SIM-04821",26.7355280388676,0.49510237109014,"Signature_3",0.999995005940813
"SIM-04822",22.4022347942986,0.400039907041046,"Signature_3",0.999722950807435
"SIM-04823",41.1366076761946,0.563515173646501,"Signature_3",0.999999999999985
"SIM-04824",14.3835240259039,0.43586436442133,"Signature_3",0.999989381922408
"SIM-04825",14.9960652922032,0.238032782415925,"Signature_5",0.920848282798181
"SIM-04826",39.1235118553992,0.535938518567112,"Signature_3",0.999999998663816
"SIM-04827",13.4769288257419,0.249572756032257,"Signature_5",0.99999999994886
"SIM-04828",28.2633431923746,0.428232472611737,"Signature_3",0.999886940839495
"SIM-04829",14.2642312731056,0.347908079831845,"Signature_3",0.944532551877639
"SIM-04830",20.6071274294989,0.374675044172707,"Signature_3",0.999264454287339
"SIM-04831",20.4856756491667,0.426784909357639,"Signature_3",0.99938680566926
"SIM-04832",22.6538839434534,0.580868819062907,"Signature_3",0.997636615186325
"SIM-04833",12.7821959541973,0.31176087693164,"Signature_3",0.862470576368789
"SIM-04834",3.53695146094491,0.0752542864030831,"Signature_5",0.764486157611452
"SIM-04835",38.336995490832,0.525164321792219,"Signature_3",0.999997125547689
"SIM-04836",0,0,"Signature_5",0.999999999999999
"SIM-04837",17.7705151337401,0.433427198383905,"Signature_3",0.999999974895934
"SIM-04838",5.86925099209243,0.0962172293785644,"Signature_5",0.999999973620372
"SIM-04839",15.1152632064998,0.201536842753331,"Signature_5",0.999999776712482
"SIM-04840",27.5675523478089,0.530145237457864,"Signature_5",0.973973170926458
"SIM-04841",0,0,"Signature_5",0.968953299912902
"SIM-04842",17.0656446898424,0.284427411497372,"Signature_3",0.99956829675413
"SIM-04843",15.8515211318164,0.255669695674458,"Signature_3",0.999662261098499
"SIM-04844",23.4513116715796,0.372243042406025,"Signature_3",0.999875977963961
"SIM-04845",19.3930171364008,0.554086203897167,"Signature_3",0.994643109461669
"SIM-04846",6.35922100855485,0.276487869937167,"Signature_5",0.999245380738476
"SIM-04847",0,0,"Signature_5",0.999999991505986
"SIM-04848",0,0,"Signature_5",0.999771494711306
"SIM-04849",33.2889294422331,0.449850397868015,"Signature_3",0.999999398265778
"SIM-04850",26.7862515009813,0.366934952068237,"Signature_3",0.984042317750361
"SIM-04851",2.31816328813236,0.038636054802206,"Signature_5",0.999999999693984
"SIM-04852",29.0423533821038,0.492243277662776,"Signature_3",0.999388722275299
"SIM-04853",8.23071558638733,0.191411990381101,"Signature_5",0.888246384464759
"SIM-04854",0,0,"Signature_5",0.999995266371175
"SIM-04855",8.49399143011236,0.139245761149383,"Signature_5",0.999917186813443
"SIM-04856",0,0,"Signature_5",0.999999946600285
"SIM-04857",55.7151759029765,0.733094419776007,"Signature_3",0.999999999997555
"SIM-04858",18.4925846153652,0.284501301774849,"Signature_5",0.999998202731411
"SIM-04859",30.8081921280545,0.531175726345767,"Signature_3",0.999999996447978
"SIM-04860",0,0,"Signature_5",0.993060018131079
"SIM-04861",16.0331291335146,0.314375081049305,"Signature_5",0.85023153677952
"SIM-04862",31.8070687815553,0.402621123817156,"Signature_3",0.984569986512494
"SIM-04863",0,0,"Signature_5",0.999825293450064
"SIM-04864",31.317752123298,0.680820698332565,"Signature_3",0.999997862969882
"SIM-04865",29.2469227593008,0.513103908057909,"Signature_3",0.999976667643812
"SIM-04866",17.4092408086704,0.241795011231534,"Signature_5",0.97632663765802
"SIM-04867",36.7221513566396,0.378578879965357,"Signature_3",0.947369525013619
"SIM-04868",18.9920523093422,0.339143791238254,"Signature_3",0.915724021720513
"SIM-04869",25.9522368400145,0.376119374492965,"Signature_3",0.997905189868703
"SIM-04870",0,0,"Signature_5",0.973657326028924
"SIM-04871",19.537107338907,0.275170525900099,"Signature_3",0.999999750329433
"SIM-04872",45.7371527099859,0.49179734096759,"Signature_3",0.99995103959769
"SIM-04873",35.3135429391066,0.490465874154259,"Signature_3",0.999999996715806
"SIM-04874",0,0,"Signature_5",0.999999980592624
"SIM-04875",14.8006538576033,0.242633669796776,"Signature_5",0.777773221133813
"SIM-04876",38.5424852798239,0.370600819998307,"Signature_3",0.998323133383567
"SIM-04877",30.5830039541663,0.318572957855899,"Signature_5",0.634514730478745
"SIM-04878",31.5807388597869,0.350897098442077,"Signature_3",0.999847741491587
"SIM-04879",16.5887527047525,0.48790449131625,"Signature_3",0.937897854874434
"SIM-04880",17.6127520647323,0.28407664620536,"Signature_5",0.999756415522781
"SIM-04881",36.8604501365164,0.519161269528399,"Signature_3",0.944812294416782
"SIM-04882",14.6974482368084,0.222688609648612,"Signature_5",0.999375095441298
"SIM-04883",35.3312301609868,0.527331793447564,"Signature_3",0.999610464596423
"SIM-04884",33.8833742799082,0.477230623660679,"Signature_3",0.999999901470198
"SIM-04885",43.9704619311753,0.549630774139691,"Signature_3",0.999999964711926
"SIM-04886",25.8202629712244,0.358614763489228,"Signature_5",0.99992237985358
"SIM-04887",29.6946712387201,0.395928949849601,"Signature_3",0.757438396163184
"SIM-04888",3.0329898093015,0.0594703884176766,"Signature_3",0.828915247181843
"SIM-04889",28.9741888753483,0.536559053247192,"Signature_3",0.999999888999263
"SIM-04890",0,0,"Signature_5",0.999999999968095
"SIM-04891",31.34800990078,0.522466831679667,"Signature_3",0.999852687219176
"SIM-04892",19.3323974352492,0.460295177029743,"Signature_3",0.999977719829285
"SIM-04893",29.9205559458951,0.586677567566571,"Signature_3",0.999999983051914
"SIM-04894",41.8121175646713,0.503760452586402,"Signature_3",0.999999999999962
"SIM-04895",29.0480558282651,0.392541294976556,"Signature_5",0.999267247527897
"SIM-04896",0,0,"Signature_5",0.997340608307871
"SIM-04897",43.494669776222,0.587765807786784,"Signature_3",0.999999999449393
"SIM-04898",44.1643598848241,0.532100721503905,"Signature_3",0.999999999860621
"SIM-04899",22.313112825474,0.446262256509479,"Signature_3",0.999999997566502
"SIM-04900",0,0,"Signature_5",1
"SIM-04901",2.70973027918569,0.0630169832368764,"Signature_5",0.997683186916572
"SIM-04902",14.3696187699626,0.281757230783581,"Signature_5",0.993928960589558
"SIM-04903",27.8227413924605,0.352186599904563,"Signature_3",0.99974181030468
"SIM-04904",4.16927115891047,0.181272659083064,"Signature_3",0.985111423562722
"SIM-04905",14.5022088323153,0.250038083315782,"Signature_5",0.639599752545198
"SIM-04906",0,0,"Signature_5",0.999999999897398
"SIM-04907",30.0323980571943,0.385030744323004,"Signature_3",0.998974546739902
"SIM-04908",9.25999221154929,0.134202785674627,"Signature_5",0.997060824534546
"SIM-04909",15.7068929589573,0.490840404967414,"Signature_3",0.999530294931493
"SIM-04910",8.8714979686984,0.136484584133822,"Signature_5",0.999999995124505
"SIM-04911",51.2235797981041,0.512235797981041,"Signature_5",0.830627472348827
"SIM-04912",16.6069349789427,0.221425799719236,"Signature_5",0.999994869127692
"SIM-04913",33.2468733572783,0.545030710775055,"Signature_3",0.999998403982187
"SIM-04914",13.4259766780099,0.203423889060756,"Signature_3",0.628048439124393
"SIM-04915",26.88565861295,0.413625517122308,"Signature_3",0.99328858581043
"SIM-04916",6.65196779358288,0.170563276758535,"Signature_5",0.66122419644746
"SIM-04917",14.4368300809605,0.215475075835231,"Signature_5",0.999994544289044
"SIM-04918",18.3946956403387,0.227095007905416,"Signature_5",0.999999998187324
"SIM-04919",5.08688492004882,0.0759236555231166,"Signature_5",0.9999999438177
"SIM-04920",28.2348486915186,0.409200705674183,"Signature_3",0.999064037612267
"SIM-04921",6.58962090239122,0.173411076378716,"Signature_5",0.999785445797873
"SIM-04922",0,0,"Signature_3",0.998631533324303
"SIM-04923",9.99222509600895,0.237910121333546,"Signature_3",0.892841983320114
"SIM-04924",0,0,"Signature_5",0.999998262411237
"SIM-04925",18.2254579294887,0.387775700627418,"Signature_3",0.999999768968379
"SIM-04926",0,0,"Signature_5",0.999999701548048
"SIM-04927",0,0,"Signature_5",0.99999927320731
"SIM-04928",14.5399198727789,0.346188568399498,"Signature_3",0.991814611443419
"SIM-04929",40.0092724062203,0.482039426580967,"Signature_3",0.999999812675353
"SIM-04930",5.70090552593462,0.237537730247276,"Signature_3",0.973253095521045
"SIM-04931",21.7158574443633,0.355997663022349,"Signature_5",0.999654688816252
"SIM-04932",0,0,"Signature_5",0.999998383808742
"SIM-04933",15.4496438174133,0.468171024770099,"Signature_3",0.997751279426003
"SIM-04934",16.8694623341181,0.259530189755663,"Signature_5",0.976527952965625
"SIM-04935",0,0,"Signature_5",0.999950119262509
"SIM-04936",19.2875721000184,0.344420930357471,"Signature_5",0.988430491833481
"SIM-04937",0,0,"Signature_5",0.999999999994482
"SIM-04938",0,0,"Signature_5",0.999999999868009
"SIM-04939",11.2260521046183,0.303406813638332,"Signature_3",0.827816825259311
"SIM-04940",20.6452964551539,0.389533895380262,"Signature_3",0.997840657051604
"SIM-04941",18.261843830584,0.456546095764599,"Signature_3",0.933815887475464
"SIM-04942",17.6895593654856,0.453578445268862,"Signature_3",0.999984063120624
"SIM-04943",17.5746522694544,0.258450768668447,"Signature_5",0.99854888311409
"SIM-04944",27.4869396846794,0.436300629915545,"Signature_3",0.999017801080428
"SIM-04945",20.373597615701,0.550637773397326,"Signature_3",0.999904176634929
"SIM-04946",17.1794896672828,0.365521056750698,"Signature_3",0.999690914257017
"SIM-04947",34.1211816493564,0.541606057926291,"Signature_3",0.999999975801031
"SIM-04948",24.9489672716376,0.34176667495394,"Signature_3",0.547882551394608
"SIM-04949",10.7814361442786,0.189148002531204,"Signature_5",0.999999650271062
"SIM-04950",32.1345800289021,0.391885122303684,"Signature_3",0.988037014794256
"SIM-04951",0,0,"Signature_5",0.999999999999373
"SIM-04952",13.3860488796926,0.297467752882057,"Signature_5",0.996749520366936
"SIM-04953",22.3567934677909,0.349324897934233,"Signature_5",0.93121888715596
"SIM-04954",22.8820682158898,0.416037603925269,"Signature_3",0.999749746191625
"SIM-04955",17.8391809401791,0.371649602920398,"Signature_5",0.9637086688253
"SIM-04956",30.9805376582109,0.397186380233473,"Signature_3",0.999991833925465
"SIM-04957",43.2414550400316,0.554377628718354,"Signature_3",0.999999995520151
"SIM-04958",17.2408380775186,0.265243662731055,"Signature_5",0.996596643243472
"SIM-04959",14.5217822330061,0.177094905280562,"Signature_5",0.99983653554489
"SIM-04960",12.6702166497729,0.275439492386368,"Signature_5",0.998521107143417
"SIM-04961",0,0,"Signature_5",0.991598751279893
"SIM-04962",22.4668407987765,0.345643704596562,"Signature_3",0.884730116744812
"SIM-04963",0,0,"Signature_3",0.958264545982431
"SIM-04964",13.8650137960825,0.364868784107433,"Signature_3",0.918150581318005
"SIM-04965",10.9712687632602,0.378319612526214,"Signature_5",0.998929124387796
"SIM-04966",28.4322806202151,0.364516418207885,"Signature_3",0.995339487918608
"SIM-04967",0,0,"Signature_5",0.999271642861819
"SIM-04968",10.4794309960274,0.213865938694437,"Signature_5",0.964434411124118
"SIM-04969",30.4580790690392,0.516238628288801,"Signature_3",0.999991564991689
"SIM-04970",11.3563180015131,0.246876478293764,"Signature_5",0.844070851594266
"SIM-04971",5.36218994312303,0.107243798862461,"Signature_5",0.999953059681206
"SIM-04972",32.095084524494,0.543984483466,"Signature_3",0.999994406424675
"SIM-04973",27.9810131914672,0.527943645122023,"Signature_3",0.999992222122686
"SIM-04974",45.3022953776886,0.66621022614248,"Signature_3",0.999999999999154
"SIM-04975",17.3949953645059,0.341078340480508,"Signature_3",0.632214105586605
"SIM-04976",30.2343651458517,0.495645330259864,"Signature_3",0.819841381568668
"SIM-04977",34.2565014581755,0.503772080267286,"Signature_3",0.999988631603821
"SIM-04978",24.0870267681958,0.297370700841924,"Signature_3",0.703467671509663
"SIM-04979",5.51612581579814,0.108159329721532,"Signature_5",0.982798792614681
"SIM-04980",40.6996773006681,0.557529826036549,"Signature_3",0.999999314389729
"SIM-04981",14.7029952060479,0.193460463237472,"Signature_5",0.750237626227262
"SIM-04982",24.2418948553855,0.425296400971676,"Signature_3",0.998931478694989
"SIM-04983",38.9450017698527,0.452848857788985,"Signature_3",0.997974357079016
"SIM-04984",9.91302190672284,0.173912665030225,"Signature_5",0.999492588327884
"SIM-04985",23.499966459214,0.522221476871421,"Signature_3",0.999999999565421
"SIM-04986",12.2700602751558,0.197904197986383,"Signature_5",0.999972294855038
"SIM-04987",6.75195850697185,0.18755440297144,"Signature_5",0.999514146633499
"SIM-04988",0,0,"Signature_5",0.999999999967368
"SIM-04989",23.8228140380942,0.417944105931476,"Signature_3",0.999972495285088
"SIM-04990",1.02950460651776,0.0158385324079655,"Signature_5",0.765981987520049
"SIM-04991",31.8267630310018,0.505186714777807,"Signature_3",0.999999989816742
"SIM-04992",24.559160307473,0.40260918536841,"Signature_5",0.94848802120927
"SIM-04993",12.1043091907052,0.17291870272436,"Signature_5",0.999999989725906
"SIM-04994",33.6060299483272,0.65894176369269,"Signature_3",0.999771043315104
"SIM-04995",10.6786278072822,0.217931179740453,"Signature_5",0.982149520379089
"SIM-04996",15.1803631676538,0.237193174494591,"Signature_3",0.991478630284666
"SIM-04997",13.2325772861952,0.357637223951222,"Signature_5",0.82780957735296
"SIM-04998",23.2099455756504,0.380490911076236,"Signature_3",0.999514169533709
"SIM-04999",14.3948944559921,0.496375670896281,"Signature_3",0.994997140427803
"SIM-05000",4.84536817018319,0.103092939791132,"Signature_5",0.99131277557595
"SIM-05001",0,0,"Signature_5",0.999999999914134
"SIM-05002",21.9849106214332,0.39258768966845,"Signature_3",0.999998933963271
"SIM-05003",0,0,"Signature_5",0.999987877598278
"SIM-05004",13.1996189762276,0.194112043768053,"Signature_5",0.999997897656083
"SIM-05005",0,0,"Signature_5",0.99935112537735
"SIM-05006",24.5370529509015,0.481118685311795,"Signature_3",0.999461062068237
"SIM-05007",15.9876744682161,0.213168992909548,"Signature_5",0.999976887855976
"SIM-05008",34.8604237473684,0.590854639785905,"Signature_3",0.99844748314256
"SIM-05009",32.3642781274465,0.469047509093427,"Signature_3",0.997383462226965
"SIM-05010",0,0,"Signature_3",0.849620430796499
"SIM-05011",5.05984366906252,0.0992126209620103,"Signature_5",0.99778040022898
"SIM-05012",29.4546610066982,0.453148630872279,"Signature_3",0.999995747539413
"SIM-05013",31.600645834655,0.619620506561864,"Signature_3",0.999996816967773
"SIM-05014",0.781017056747618,0.0125970493023809,"Signature_5",0.999999999999987
"SIM-05015",0,0,"Signature_3",0.787632135274063
"SIM-05016",42.1280324573511,0.409010023857777,"Signature_3",0.999999977983387
"SIM-05017",22.2644093492243,0.371073489153738,"Signature_3",0.999985271151874
"SIM-05018",7.44445883572934,0.128352738547058,"Signature_3",0.964847162433968
"SIM-05019",26.6886682837,0.392480415936765,"Signature_5",0.911385103523728
"SIM-05020",13.7733403811331,0.222150651308599,"Signature_5",0.995163303160929
"SIM-05021",20.9414443443324,0.343302366300532,"Signature_3",0.999999702950644
"SIM-05022",0,0,"Signature_5",0.999999977233153
"SIM-05023",0,0,"Signature_5",0.984125693115937
"SIM-05024",8.52682141317649,0.137529377631879,"Signature_5",0.999998393242665
"SIM-05025",30.2752737518192,0.46577344233568,"Signature_3",0.999999547440778
"SIM-05026",20.0591315036603,0.626847859489386,"Signature_3",0.999418909887954
"SIM-05027",9.78873734092385,0.168771333464204,"Signature_3",0.973208255891007
"SIM-05028",37.6816317197453,0.516186735886922,"Signature_5",0.723898162954325
"SIM-05029",37.6999286901536,0.589061385783649,"Signature_3",0.999999961710587
"SIM-05030",10.7718625973021,0.207151203794271,"Signature_3",0.989033120791542
"SIM-05031",25.7298333118049,0.421800546095163,"Signature_3",0.999999904982764
"SIM-05032",26.5723945441929,0.483134446258054,"Signature_5",0.995073938376366
"SIM-05033",32.2265013515893,0.546211887315072,"Signature_3",0.999572647962406
"SIM-05034",11.0953137670685,0.176116091540771,"Signature_5",0.9999714171318
"SIM-05035",31.3693974314028,0.591875423234014,"Signature_3",0.999999230388262
"SIM-05036",43.1460344078754,0.468978634868211,"Signature_3",0.988641765421928
"SIM-05037",0,0,"Signature_5",0.999999847258638
"SIM-05038",35.1492351992477,0.502131931417825,"Signature_3",0.999999727329326
"SIM-05039",25.3614275526364,0.528363074013257,"Signature_3",0.999069374763341
"SIM-05040",42.5768173167378,0.6979806117498,"Signature_3",0.999999999999967
"SIM-05041",30.255022527604,0.495983975862361,"Signature_3",0.999999999963125
"SIM-05042",22.5691070790193,0.304987933500261,"Signature_3",0.892519857558981
"SIM-05043",19.4666579756276,0.282125477907647,"Signature_5",0.999998247680696
"SIM-05044",38.0576489569435,0.576631044802174,"Signature_3",0.999988323824764
"SIM-05045",0,0,"Signature_5",0.535352567732815
"SIM-05046",25.321218913407,0.538749338583129,"Signature_3",0.846117897966597
"SIM-05047",9.51881801203911,0.198308708584148,"Signature_5",0.982587415099767
"SIM-05048",14.5979407901468,0.265417105275396,"Signature_3",0.999927857133335
"SIM-05049",26.1786317268877,0.581747371708614,"Signature_3",0.999993840109191
"SIM-05050",23.546071422111,0.331634808762127,"Signature_3",0.726842265735394
"SIM-05051",7.54542051733407,0.147949421908511,"Signature_5",0.9987778061748
"SIM-05052",36.3653820608029,0.527034522620332,"Signature_3",0.999999982098309
"SIM-05053",24.4246548129695,0.359186100190727,"Signature_5",0.998637636450116
"SIM-05054",8.74251982343548,0.190054778770336,"Signature_5",0.999999691063786
"SIM-05055",10.2397939207158,0.176548171046824,"Signature_5",0.989099841688551
"SIM-05056",23.1820667391374,0.515157038647497,"Signature_5",0.582013964799253
"SIM-05057",10.7547409277284,0.118183966238774,"Signature_5",0.982803344428403
"SIM-05058",7.81032099495454,0.16271502072822,"Signature_5",0.999999963354585
"SIM-05059",0,0,"Signature_5",0.930286716610956
"SIM-05060",30.1017406123036,0.463103701727747,"Signature_3",0.874404942611194
"SIM-05061",25.3428062864807,0.452550112258584,"Signature_3",0.999994574461011
"SIM-05062",9.91948563191603,0.150295236847213,"Signature_5",0.999999999981084
"SIM-05063",32.7214605544378,0.564163113007549,"Signature_3",0.999613391266013
"SIM-05064",5.70728018234708,0.0951213363724514,"Signature_5",0.999819771923727
"SIM-05065",17.3180191352697,0.402744631052784,"Signature_5",0.969193344279246
"SIM-05066",16.6611493252221,0.260330458206595,"Signature_5",0.987568950073822
"SIM-05067",14.4646631558033,0.237125625504971,"Signature_5",0.999991108408649
"SIM-05068",12.7972737729484,0.255945475458968,"Signature_3",0.980898535164472
"SIM-05069",7.58872737635631,0.128622497904344,"Signature_5",0.999994768025495
"SIM-05070",20.541188918916,0.360371735419579,"Signature_3",0.997373274323774
"SIM-05071",14.6947360762447,0.226072862711457,"Signature_5",0.990009545243887
"SIM-05072",28.0456830821328,0.329949212730975,"Signature_3",0.80687443713939
"SIM-05073",10.9167854627355,0.214054616916382,"Signature_5",0.983142282948995
"SIM-05074",42.4310533651395,0.684371828469992,"Signature_3",0.999999998740629
"SIM-05075",12.9179500520083,0.234871819127424,"Signature_5",0.999978641547148
"SIM-05076",6.88246530068609,0.208559554566245,"Signature_5",0.997880155381746
"SIM-05077",33.2316751274071,0.437258883255356,"Signature_3",0.982348345494208
"SIM-05078",14.731750915078,0.306911477397458,"Signature_5",0.996085743700089
"SIM-05079",15.3611840022844,0.38402960005711,"Signature_5",0.999788622580249
"SIM-05080",18.4273236691095,0.335042248529263,"Signature_5",0.965713710621494
"SIM-05081",26.0800023452327,0.310476218395628,"Signature_3",0.985603695556777
"SIM-05082",41.2883465096085,0.589833521565836,"Signature_3",0.999999999993634
"SIM-05083",0,0,"Signature_5",0.999993597729928
"SIM-05084",26.8685224633591,0.40709882520241,"Signature_3",0.999858777814485
"SIM-05085",9.73142900100556,0.173775517875099,"Signature_3",0.984219207312017
"SIM-05086",10.4431143932425,0.213124783535561,"Signature_5",0.983907207378729
"SIM-05087",23.2172341309842,0.305489922776108,"Signature_3",0.999999003178047
"SIM-05088",12.9348624424249,0.190218565329778,"Signature_5",0.946961532631898
"SIM-05089",0,0,"Signature_5",0.999999780856138
"SIM-05090",1.07804119379335,0.0151836787858218,"Signature_5",0.999999999997522
"SIM-05091",9.44894532964196,0.201041389992382,"Signature_5",0.998143883067755
"SIM-05092",15.7649248272931,0.335423932495597,"Signature_5",0.977893111069103
"SIM-05093",10.0087533301418,0.123564855927677,"Signature_5",0.999999999976416
"SIM-05094",13.6819232224576,0.258149494763351,"Signature_3",0.937079537744321
"SIM-05095",0,0,"Signature_5",0.999999940330096
"SIM-05096",35.309092733142,0.569501495695839,"Signature_3",0.999999414435415
"SIM-05097",0,0,"Signature_5",0.999999999856132
"SIM-05098",23.0130867865167,0.451236995814052,"Signature_3",0.99999048226161
"SIM-05099",50.5929293038561,0.549923144607131,"Signature_3",0.999999999999738
"SIM-05100",4.44688838182426,0.0946146464217927,"Signature_5",0.999999571620086
"SIM-05101",0,0,"Signature_5",0.973447967109898
"SIM-05102",0,0,"Signature_5",0.999999999990165
"SIM-05103",0,0,"Signature_5",0.999999999998519
"SIM-05104",15.5461066617639,0.409108070046418,"Signature_3",0.978129338711012
"SIM-05105",8.96487801372273,0.407494455169215,"Signature_3",0.952004270509404
"SIM-05106",20.0113845368558,0.277935896345219,"Signature_5",0.964295105606962
"SIM-05107",26.5863081568647,0.402822850861587,"Signature_3",0.996736263319906
"SIM-05108",23.3261599663126,0.348151641288247,"Signature_3",0.804254693959535
"SIM-05109",3.90149358547658,0.177340617521663,"Signature_5",0.990994655189939
"SIM-05110",32.7554296069112,0.536974255851003,"Signature_3",0.999998031401688
"SIM-05111",28.6445445514101,0.440685300790925,"Signature_3",0.999994679838295
"SIM-05112",28.1981021782157,0.503537538896709,"Signature_3",0.999999313902663
"SIM-05113",12.6469463493181,0.160087928472381,"Signature_5",0.960207096639523
"SIM-05114",0,0,"Signature_5",0.999983636292531
"SIM-05115",19.2328944288007,0.270885837025362,"Signature_5",0.975477044252199
"SIM-05116",19.3351452582354,0.508819612058827,"Signature_5",0.975635221155695
"SIM-05117",0,0,"Signature_5",0.998766029738562
"SIM-05118",13.3291557325203,0.208268058320629,"Signature_5",0.999981143087775
"SIM-05119",25.5377413051199,0.456031094734283,"Signature_3",0.988050718785306
"SIM-05120",32.002970565555,0.323262328945,"Signature_3",0.999972439432814
"SIM-05121",6.17390494908742,0.106446637053231,"Signature_5",0.999982576595802
"SIM-05122",13.128247649033,0.226349097397121,"Signature_5",0.999999790599888
"SIM-05123",0,0,"Signature_3",0.793507509054336
"SIM-05124",0,0,"Signature_5",0.999999988881625
"SIM-05125",42.2430511185812,0.67052462092986,"Signature_3",0.999999986604673
"SIM-05126",27.8430333305185,0.497197023759259,"Signature_3",0.996075492381641
"SIM-05127",44.42521659041,0.705162168101746,"Signature_3",1
"SIM-05128",32.8050035136188,0.426039006670374,"Signature_5",0.982417809281524
"SIM-05129",52.649150630177,0.626775602740203,"Signature_3",0.999999999999897
"SIM-05130",19.8732473855451,0.276017324799238,"Signature_5",0.997663711716103
"SIM-05131",12.0721079917991,0.236707999839198,"Signature_5",0.99991928730069
"SIM-05132",8.24352151637494,0.164870430327499,"Signature_5",0.978874974991742
"SIM-05133",14.527082815136,0.2269856689865,"Signature_5",0.999995014517631
"SIM-05134",19.0808380859697,0.257849163323915,"Signature_3",0.864554907530747
"SIM-05135",34.155176765037,0.559920930574376,"Signature_3",0.999858361011829
"SIM-05136",11.6431402029059,0.363848131340809,"Signature_3",0.996134586195477
"SIM-05137",0,0,"Signature_5",0.999999999999983
"SIM-05138",18.5244856899118,0.578890177809744,"Signature_3",0.999990173480782
"SIM-05139",30.2777437044931,0.445260936830781,"Signature_3",0.999999995366657
"SIM-05140",35.0370444426459,0.625661507904391,"Signature_3",0.99999998911336
"SIM-05141",11.1751605128614,0.223503210257228,"Signature_5",0.95484073589978
"SIM-05142",29.4006275116726,0.438815335995114,"Signature_3",0.999964329776926
"SIM-05143",13.751339410235,0.237092058797155,"Signature_3",0.999853553429401
"SIM-05144",14.0642732893703,0.223242433164607,"Signature_5",0.999999887423602
"SIM-05145",17.0220385060121,0.395861360604933,"Signature_5",0.973442592048925
"SIM-05146",25.567704249652,0.375995650730177,"Signature_5",0.999961152052282
"SIM-05147",22.1734073073638,0.375820462836675,"Signature_5",0.998182311542631
"SIM-05148",12.2258697220711,0.218319102179841,"Signature_5",0.996168057240338
"SIM-05149",17.0575950746488,0.2402478179528,"Signature_5",0.956703524976565
"SIM-05150",20.3856233263864,0.275481396302519,"Signature_5",0.996660075980709
"SIM-05151",10.705906458619,0.254902534729024,"Signature_3",0.623678665552071
"SIM-05152",14.7325609214217,0.213515375672779,"Signature_5",0.999999965137108
"SIM-05153",33.8553798658686,0.52085199793644,"Signature_3",0.99999968947165
"SIM-05154",7.66492810464263,0.123627872655526,"Signature_5",0.999608338106783
"SIM-05155",0,0,"Signature_5",0.999999999983918
"SIM-05156",35.7486431825225,0.406234581619574,"Signature_3",0.994054879277638
"SIM-05157",25.0059765112582,0.33791860150349,"Signature_3",0.999991303225694
"SIM-05158",29.6303313088507,0.411532379289593,"Signature_3",0.999999562042054
"SIM-05159",3.87218265554715,0.0841778838162424,"Signature_5",0.995424673331846
"SIM-05160",9.2087159090113,0.126146793274127,"Signature_5",0.999995364533374
"SIM-05161",18.9269832007544,0.420599626683431,"Signature_3",0.99995595069177
"SIM-05162",20.0822764498388,0.386197624035361,"Signature_3",0.999987266601339
"SIM-05163",31.5915416630575,0.734687015419942,"Signature_3",0.999999999999496
"SIM-05164",18.9284415050682,0.212679118034474,"Signature_5",0.999998833421006
"SIM-05165",0,0,"Signature_5",0.999999998644697
"SIM-05166",10.2341921174694,0.159909251835459,"Signature_5",0.999999987534983
"SIM-05167",38.4843717499253,0.373634677183741,"Signature_5",0.999960684550939
"SIM-05168",15.1408941366609,0.420580392685024,"Signature_5",0.826926954563141
"SIM-05169",12.9575297118449,0.249183263689325,"Signature_3",0.545087936025501
"SIM-05170",24.2564683536199,0.485129367072399,"Signature_3",0.918685340444927
"SIM-05171",6.93171361001023,0.133302184807889,"Signature_5",0.999998715611209
"SIM-05172",9.21665403713693,0.224796439930169,"Signature_3",0.557802721785804
"SIM-05173",49.0141063875813,0.576636545736251,"Signature_3",0.999999999997788
"SIM-05174",21.0437805035621,0.389699638954853,"Signature_3",0.997938810775731
"SIM-05175",7.55271783083948,0.204127508941607,"Signature_3",0.999999335717019
"SIM-05176",13.3637291649904,0.334093229124759,"Signature_5",0.99987510285748
"SIM-05177",25.342181627702,0.575958673356864,"Signature_3",0.999999983214856
"SIM-05178",29.4879128558987,0.526569872426763,"Signature_3",0.998038695961026
"SIM-05179",0,0,"Signature_5",0.999999975581271
"SIM-05180",22.0447988569135,0.41593960107384,"Signature_3",0.999350119672938
"SIM-05181",10.7855285737329,0.256798299374592,"Signature_3",0.994114178892336
"SIM-05182",26.7728438492334,0.438899079495629,"Signature_3",0.999911234068076
"SIM-05183",0,0,"Signature_5",1
"SIM-05184",7.18470079821551,0.399150044345306,"Signature_3",0.873528828420795
"SIM-05185",9.46782184498983,0.197246288437288,"Signature_5",0.999960814373419
"SIM-05186",24.6470865922596,0.324303770950784,"Signature_5",0.582463093576754
"SIM-05187",23.0031979330832,0.237146370444157,"Signature_5",0.999999636607968
"SIM-05188",25.9243273894732,0.275790716909289,"Signature_3",0.999618961610622
"SIM-05189",14.1907298838074,0.289606732322599,"Signature_5",0.519085925233046
"SIM-05190",15.9949163064845,0.296202153823787,"Signature_5",0.969445706091167
"SIM-05191",12.1674811463705,0.196249695909202,"Signature_5",0.987520812407683
"SIM-05192",31.8508022358139,0.379176217093023,"Signature_3",0.996675872298388
"SIM-05193",35.7612905179021,0.55877016434222,"Signature_3",0.999999556350734
"SIM-05194",21.015212439727,0.313659887160105,"Signature_5",0.988885490929564
"SIM-05195",35.1230109458396,0.616193174488414,"Signature_3",0.999531365527507
"SIM-05196",19.363272499315,0.339706535075701,"Signature_3",0.990585820755538
"SIM-05197",0,0,"Signature_5",0.999789022887129
"SIM-05198",29.2262665096071,0.400359815200097,"Signature_3",0.999998718721193
"SIM-05199",21.1736683787886,0.258215468034007,"Signature_5",0.999998391735626
"SIM-05200",17.5062152853876,0.380569897508425,"Signature_3",0.996440641262002
"SIM-05201",22.9757483333098,0.276816244979636,"Signature_5",0.999999994225073
"SIM-05202",19.1605720030973,0.467331024465788,"Signature_3",0.621899644506501
"SIM-05203",21.5614402420736,0.291370814082076,"Signature_3",0.545491470330568
"SIM-05204",0,0,"Signature_5",0.999976367890046
"SIM-05205",2.45813089050027,0.0361489836838275,"Signature_5",0.999396122054781
"SIM-05206",28.5359077259168,0.335716561481374,"Signature_3",0.999997931930837
"SIM-05207",6.47253039822312,0.208791303168488,"Signature_5",0.99933614833148
"SIM-05208",11.5688978964371,0.330539939898203,"Signature_3",0.749972131224112
"SIM-05209",23.284067559724,0.381706025569246,"Signature_5",0.995027484097105
"SIM-05210",16.1735724196369,0.199673733575765,"Signature_5",0.999554160123662
"SIM-05211",0,0,"Signature_5",0.999999999233253
"SIM-05212",12.8358117092772,0.256716234185544,"Signature_3",0.999240178052652
"SIM-05213",23.5764145727617,0.413621308294065,"Signature_3",0.595468533437873
"SIM-05214",10.1223235521157,0.230052808002629,"Signature_5",0.999933028126658
"SIM-05215",25.8402075554818,0.358891771603914,"Signature_3",0.572509297338225
"SIM-05216",21.4705755610844,0.420991677668322,"Signature_3",0.997621112719913
"SIM-05217",5.34761673919696,0.198059879229517,"Signature_5",0.9999319480571
"SIM-05218",8.32836954245047,0.138806159040841,"Signature_5",0.996158571777215
"SIM-05219",21.2393427998557,0.290949901367886,"Signature_5",0.99999979652333
"SIM-05220",0,0,"Signature_5",0.999721180114026
"SIM-05221",15.6326598491635,0.264960336426501,"Signature_3",0.923528592904732
"SIM-05222",25.7927723546779,0.390799581131484,"Signature_3",0.999849662322258
"SIM-05223",14.0078118961063,0.250139498144755,"Signature_5",0.913229317191885
"SIM-05224",8.75845177073859,0.224575686429195,"Signature_5",0.988172245641794
"SIM-05225",0,0,"Signature_5",0.99999999999999
"SIM-05226",14.7858723758841,0.42245349645383,"Signature_3",0.896748914451604
"SIM-05227",21.9730923327255,0.332925641404932,"Signature_3",0.942115118171147
"SIM-05228",42.7195674386607,0.48544962998478,"Signature_3",0.999988256079195
"SIM-05229",10.1627093491826,0.161312846812423,"Signature_5",0.999978205887868
"SIM-05230",26.7826456591312,0.478261529627343,"Signature_3",0.999999997615832
"SIM-05231",0,0,"Signature_3",0.998067113916072
"SIM-05232",31.5896194421815,0.394870243027268,"Signature_3",0.999999996080949
"SIM-05233",29.3157764327333,0.371085777629536,"Signature_5",0.999997509288495
"SIM-05234",40.6505270633844,0.68899198412516,"Signature_3",0.999999999990018
"SIM-05235",23.2482210569993,0.400831397534471,"Signature_5",0.983726205932611
"SIM-05236",9.35426964599444,0.199027013744562,"Signature_5",0.990206132987001
"SIM-05237",15.9425953403496,0.362331712280673,"Signature_5",0.935791245692635
"SIM-05238",7.08868759293401,0.144667093733347,"Signature_5",0.999896236122397
"SIM-05239",20.6082133038634,0.267639133816408,"Signature_3",0.806076760247002
"SIM-05240",30.5357686428887,0.407143581905183,"Signature_3",0.998656994122716
"SIM-05241",17.2377573369181,0.27802834414384,"Signature_3",0.994491302301474
"SIM-05242",16.2768201864658,0.222970139540627,"Signature_3",0.999284380832394
"SIM-05243",5.09819979261332,0.0809238062319574,"Signature_5",0.864165113392636
"SIM-05244",0,0,"Signature_5",0.999994195429309
"SIM-05245",12.4086864113643,0.182480682520063,"Signature_5",0.99824498979567
"SIM-05246",29.1371107199625,0.351049526746536,"Signature_3",0.968649335570133
"SIM-05247",6.65411662562107,0.118823511171805,"Signature_5",0.997887074001265
"SIM-05248",10.9688207662595,0.243751572583544,"Signature_5",0.994219418667713
"SIM-05249",29.8417352084823,0.596834704169645,"Signature_3",0.99999068524486
"SIM-05250",0,0,"Signature_5",0.999999676834324
"SIM-05251",14.7329448767684,0.306936351599341,"Signature_3",0.854828394106464
"SIM-05252",5.82713942105489,0.129491987134553,"Signature_5",0.999999244017734
"SIM-05253",0,0,"Signature_5",0.999999999975728
"SIM-05254",26.3355549453186,0.355885877639441,"Signature_5",0.974721286981855
"SIM-05255",18.6973715276222,0.279065246680928,"Signature_5",0.999802353064313
"SIM-05256",33.5125155873963,0.523633056053067,"Signature_3",0.999999975113821
"SIM-05257",0,0,"Signature_5",0.999999999977462
"SIM-05258",43.9201285601738,0.585601714135651,"Signature_3",0.999999999874362
"SIM-05259",20.8176785059929,0.507748256243728,"Signature_5",0.970580781520707
"SIM-05260",24.823734109906,0.330983121465413,"Signature_3",0.903159569874337
"SIM-05261",24.5113837235747,0.298919313702131,"Signature_3",0.819271684540149
"SIM-05262",30.8876328335859,0.417400443697107,"Signature_3",0.999999999094299
"SIM-05263",8.60919890151636,0.132449213869482,"Signature_5",0.9995586010813
"SIM-05264",37.0833278448225,0.501126051957062,"Signature_3",0.999999502340292
"SIM-05265",28.7149278499847,0.495084962930771,"Signature_3",0.999284736958409
"SIM-05266",0,0,"Signature_5",1
"SIM-05267",24.7069459125348,0.325091393585984,"Signature_3",0.637848078404656
"SIM-05268",23.4489945426708,0.316878304630686,"Signature_3",0.999991847604324
"SIM-05269",15.632434128476,0.229888737183471,"Signature_3",0.999972526068252
"SIM-05270",23.9888067377305,0.358041891607918,"Signature_5",0.697183742561496
"SIM-05271",19.9076812918843,0.41474336024759,"Signature_5",0.786577907654393
"SIM-05272",12.7613590113082,0.22388349142646,"Signature_5",0.999899177586237
"SIM-05273",14.7541768551971,0.409838245977697,"Signature_3",0.885223155764641
"SIM-05274",28.0620355293257,0.452613476279446,"Signature_3",0.999999266835109
"SIM-05275",11.2632738899716,0.165636380734877,"Signature_3",0.992397074718436
"SIM-05276",0,0,"Signature_5",0.949894548386557
"SIM-05277",36.4845815949204,0.701626569133085,"Signature_3",0.999999999982536
"SIM-05278",38.1123649684744,0.595505702632413,"Signature_3",0.999999730759283
"SIM-05279",12.8805450526442,0.214675750877403,"Signature_5",0.712505582746918
"SIM-05280",42.9808404472499,0.494032648818964,"Signature_3",0.999571684572178
"SIM-05281",33.9684487537051,0.419363564860557,"Signature_5",0.839185828554379
"SIM-05282",27.919913952132,0.429537137725108,"Signature_3",0.999999982585755
"SIM-05283",4.26812631848673,0.10410064191431,"Signature_3",0.64222877178416
"SIM-05284",0,0,"Signature_5",0.999999835599614
"SIM-05285",8.11505857989132,0.208078425125418,"Signature_3",0.950836463233853
"SIM-05286",7.75455835738893,0.189135569692413,"Signature_5",0.999378821663349
"SIM-05287",60.8697314330073,0.683929566663003,"Signature_3",1
"SIM-05288",36.6592059457239,0.488789412609651,"Signature_3",0.999994503825544
"SIM-05289",6.13423944067822,0.103970160011495,"Signature_5",0.96587182820418
"SIM-05290",11.8118527098204,0.328107019717233,"Signature_3",0.976063342660262
"SIM-05291",22.5415329888091,0.51230756792748,"Signature_3",0.99995546534714
"SIM-05292",7.07418703186106,0.202119629481745,"Signature_5",0.999966898965127
"SIM-05293",17.5381706245896,0.265729857948328,"Signature_3",0.997593046532313
"SIM-05294",39.5949406422674,0.638628074875281,"Signature_3",0.999999999949749
"SIM-05295",15.4659252294192,0.281198640534895,"Signature_3",0.970461891700582
"SIM-05296",27.1474191258677,0.387820273226682,"Signature_5",0.997136737246101
"SIM-05297",13.435974491288,0.319904154554477,"Signature_3",0.985319066626163
"SIM-05298",15.36148526099,0.232749776681667,"Signature_5",0.999886219112422
"SIM-05299",18.7195091031855,0.406945850069249,"Signature_5",0.782218360293756
"SIM-05300",0,0,"Signature_5",0.999999898341127
"SIM-05301",29.4429925658093,0.795756555832684,"Signature_3",0.999999999850693
"SIM-05302",14.412824333268,0.320284985183734,"Signature_3",0.999252162556052
"SIM-05303",9.90396298826454,0.267674675358501,"Signature_3",0.999897132874759
"SIM-05304",17.5133357632753,0.324321032653247,"Signature_5",0.980603742295295
"SIM-05305",16.776777127772,0.266298049647174,"Signature_5",0.517381555033587
"SIM-05306",9.88706771364325,0.274640769823424,"Signature_5",0.588431958385754
"SIM-05307",17.1010416666263,0.267203776041035,"Signature_3",0.994211531558134
"SIM-05308",17.7691821525286,0.265211673918337,"Signature_5",0.99999883906157
"SIM-05309",21.2145088115871,0.294645955716487,"Signature_5",0.999999367756929
"SIM-05310",30.6924514901626,0.444818137538588,"Signature_3",0.999999716348207
"SIM-05311",0,0,"Signature_5",0.999999963327319
"SIM-05312",5.48270438838914,0.0712039530959628,"Signature_5",0.999999999951578
"SIM-05313",19.4321349506153,0.422437716317724,"Signature_3",0.890704884227454
"SIM-05314",4.10918193969363,0.0652251101538671,"Signature_5",0.9982934552851
"SIM-05315",5.21042368939723,0.088312265921987,"Signature_5",0.991938325122357
"SIM-05316",0,0,"Signature_5",0.999958716389167
"SIM-05317",13.4137542129473,0.31937510030827,"Signature_5",0.999213264915144
"SIM-05318",0,0,"Signature_5",0.999999999916006
"SIM-05319",20.8778779167488,0.321198121796135,"Signature_5",0.998804772964907
"SIM-05320",20.325198007452,0.451671066832268,"Signature_3",0.966720191226913
"SIM-05321",20.9352385933182,0.332305374497114,"Signature_3",0.999893655317916
"SIM-05322",0,0,"Signature_5",0.963740345125782
"SIM-05323",12.9677695171983,0.164148981230358,"Signature_5",0.999957526402544
"SIM-05324",20.9623305060431,0.246615653012272,"Signature_5",0.999298564472519
"SIM-05325",0,0,"Signature_5",0.99999737670599
"SIM-05326",0,0,"Signature_5",0.999999999986947
"SIM-05327",26.5820198988173,0.390912057335549,"Signature_3",0.999999957264089
"SIM-05328",10.659809362872,0.174750973161836,"Signature_5",0.999999054941381
"SIM-05329",37.116179824049,0.530231140343557,"Signature_3",0.999987291293346
"SIM-05330",30.0033308332422,0.348875939921422,"Signature_3",0.99527016845269
"SIM-05331",39.6964401312848,0.620256877051326,"Signature_3",0.999999984993576
"SIM-05332",35.023112793199,0.530653224139378,"Signature_3",0.94696939729095
"SIM-05333",30.8247076058178,0.581598256713543,"Signature_3",0.999999760804909
"SIM-05334",13.5743392289891,0.288815728276363,"Signature_3",0.960075536060191
"SIM-05335",27.3876082289638,0.375172715465258,"Signature_3",0.859253203431422
"SIM-05336",16.7861789610211,0.195188127453734,"Signature_5",0.9999998840838
"SIM-05337",31.1013175525504,0.414684234034005,"Signature_3",0.990232391343044
"SIM-05338",6.7006754676537,0.0971112386616479,"Signature_5",0.999999995280575
"SIM-05339",19.0735563114269,0.317892605190448,"Signature_5",0.999999998909611
"SIM-05340",47.7311801495474,0.542399774426675,"Signature_3",0.999999999998238
"SIM-05341",28.8141756978732,0.554118763420639,"Signature_3",0.999999900501897
"SIM-05342",17.3615050087485,0.377424021929316,"Signature_3",0.996568194579341
"SIM-05343",18.3442873238317,0.269768931232819,"Signature_3",0.986518324743084
"SIM-05344",22.0858812067499,0.552147030168748,"Signature_3",0.99999998121829
"SIM-05345",2.42086497288833,0.0384264281410846,"Signature_5",0.999999998770645
"SIM-05346",17.3143349714311,0.262338408658047,"Signature_5",0.999199467452003
"SIM-05347",28.5160275918578,0.594083908163705,"Signature_3",0.98678461063084
"SIM-05348",14.5755356345653,0.416443875273293,"Signature_3",0.997837785663636
"SIM-05349",25.1347692200523,0.679318087028441,"Signature_3",0.999986380696669
"SIM-05350",0,0,"Signature_5",0.999135427311269
"SIM-05351",0,0,"Signature_5",0.999999999982488
"SIM-05352",0,0,"Signature_5",0.999999999999987
"SIM-05353",13.2102510706544,0.259024530797145,"Signature_5",0.605863713625576
"SIM-05354",16.7141421785643,0.388700980896844,"Signature_3",0.999905520603045
"SIM-05355",22.6403442465411,0.435391235510405,"Signature_3",0.999999997602989
"SIM-05356",11.976628253831,0.128780948965924,"Signature_5",0.999999958482984
"SIM-05357",15.6123331427267,0.278791663262978,"Signature_5",0.878660809967121
"SIM-05358",26.0300850572372,0.542293438692442,"Signature_3",0.999999987620255
"SIM-05359",17.8158019940411,0.414320976605608,"Signature_3",0.803366086162062
"SIM-05360",34.6969209140983,0.45653843308024,"Signature_3",0.99999999698407
"SIM-05361",0,0,"Signature_5",0.999981781764242
"SIM-05362",18.1461484129432,0.224026523616583,"Signature_5",0.999996306543351
"SIM-05363",29.3972437134369,0.414045686104745,"Signature_5",0.962249825555653
"SIM-05364",26.6292125771254,0.436544468477466,"Signature_3",0.999998899425194
"SIM-05365",23.0243735808573,0.359755837200895,"Signature_5",0.976538338112043
"SIM-05366",19.9527066106431,0.297801591203629,"Signature_5",0.999842705717803
"SIM-05367",31.5064161988471,0.605892619208598,"Signature_3",0.999999994162674
"SIM-05368",39.7944676126875,0.51681126769724,"Signature_3",0.959617338044396
"SIM-05369",25.8298755808963,0.48735614303578,"Signature_3",0.986360609251552
"SIM-05370",39.9253325649654,0.525333323223228,"Signature_3",0.999999999954776
"SIM-05371",19.9177372839913,0.383033409307525,"Signature_5",0.893872949880688
"SIM-05372",0,0,"Signature_5",0.999993363293282
"SIM-05373",5.10678539302793,0.0963544413778855,"Signature_5",0.865323391478934
"SIM-05374",25.4174144095145,0.726211840271844,"Signature_3",0.999999999577916
"SIM-05375",0.997234068225531,0.0203517156780721,"Signature_5",0.999142385327571
"SIM-05376",11.5938414838527,0.184029229902423,"Signature_5",0.999998709722975
"SIM-05377",0,0,"Signature_5",0.690929738031527
"SIM-05378",14.1016381122126,0.198614621298769,"Signature_5",0.999964450796871
"SIM-05379",0,0,"Signature_5",0.999999918291837
"SIM-05380",0,0,"Signature_5",0.999999508385089
"SIM-05381",12.8850677613613,0.171800903484818,"Signature_5",0.999999697675739
"SIM-05382",37.7053541351047,0.661497440966749,"Signature_3",0.999999979043206
"SIM-05383",23.814673525143,0.486013745411081,"Signature_3",0.999580012018079
"SIM-05384",18.5852605831133,0.235256463077383,"Signature_5",0.999998690579764
"SIM-05385",9.35074165682449,0.161219683738353,"Signature_5",0.999940877082209
"SIM-05386",14.2155062223867,0.263250115229382,"Signature_5",0.997323282160092
"SIM-05387",21.4159149070666,0.563576708080701,"Signature_3",0.999999987033456
"SIM-05388",33.0480079119322,0.465464900168058,"Signature_3",0.629220432944992
"SIM-05389",28.4841662024302,0.395613419478198,"Signature_3",0.769632380832824
"SIM-05390",24.5506470003244,0.438404410720078,"Signature_5",0.999994359576909
"SIM-05391",25.0329108038402,0.48140213084308,"Signature_3",0.999789539267777
"SIM-05392",4.0636771403225,0.0597599579459192,"Signature_5",0.678715946128645
"SIM-05393",10.9381897919387,0.223228363100791,"Signature_5",0.999966217876059
"SIM-05394",0,0,"Signature_5",0.999999837540814
"SIM-05395",19.5220793876037,0.375424603607763,"Signature_5",0.905415200501718
"SIM-05396",23.5821229828434,0.406588327290404,"Signature_5",0.682889075095754
"SIM-05397",13.2561212563838,0.250115495403468,"Signature_5",0.998898787354247
"SIM-05398",27.2969110629781,0.462659509542002,"Signature_3",0.997566143729221
"SIM-05399",27.2115122542138,0.533559063808115,"Signature_3",0.999999925262576
"SIM-05400",0,0,"Signature_5",0.976365492826531
"SIM-05401",0,0,"Signature_5",0.999937084369187
"SIM-05402",34.3649358397185,0.490927654853122,"Signature_3",0.999999911761652
"SIM-05403",21.4926299272607,0.320785521302398,"Signature_5",0.999992395828425
"SIM-05404",0,0,"Signature_5",0.999893531450607
"SIM-05405",17.5205095272585,0.343539402495265,"Signature_5",0.9941272294024
"SIM-05406",24.8633464142015,0.382513021756946,"Signature_3",0.987029808986348
"SIM-05407",11.2580364519928,0.187633940866547,"Signature_5",0.992635382942283
"SIM-05408",19.8102036670051,0.335766163847545,"Signature_5",0.950795941821202
"SIM-05409",43.0515876499388,0.729687926270149,"Signature_3",0.999999997878438
"SIM-05410",25.1032619575497,0.492220822697054,"Signature_3",0.999999250617294
"SIM-05411",0,0,"Signature_5",0.999999417591884
"SIM-05412",0,0,"Signature_5",0.999999917148622
"SIM-05413",13.9336674391966,0.199052391988523,"Signature_5",0.921944585510779
"SIM-05414",12.1231027919523,0.275525063453462,"Signature_3",0.6730904532328
"SIM-05415",0,0,"Signature_5",0.998279188169002
"SIM-05416",18.5846028478192,0.331867907996772,"Signature_5",0.9987409459205
"SIM-05417",15.6864453128689,0.301662409862864,"Signature_5",0.969713763516779
"SIM-05418",13.9718241039159,0.310484980087019,"Signature_5",0.993587030813161
"SIM-05419",20.8477181982353,0.521192954955883,"Signature_3",0.999995536020557
"SIM-05420",18.2585449636889,0.456463624092223,"Signature_5",0.897624507027784
"SIM-05421",26.3278795415057,0.387174699139789,"Signature_5",0.999992093861054
"SIM-05422",20.4817451332911,0.296836885989726,"Signature_5",0.78302776914899
"SIM-05423",6.82068378433061,0.142097578840221,"Signature_5",0.99980081113085
"SIM-05424",17.0464314599645,0.370574596955751,"Signature_5",0.950856989122783
"SIM-05425",4.97751323109263,0.064643028975229,"Signature_5",0.999999998486833
"SIM-05426",0,0,"Signature_5",0.999999999997029
"SIM-05427",21.5408633258861,0.30772661894123,"Signature_5",0.717690024711806
"SIM-05428",0,0,"Signature_5",0.999999985333706
"SIM-05429",21.072519755682,0.468278216792933,"Signature_3",0.982198122637411
"SIM-05430",0,0,"Signature_5",0.999999999999999
"SIM-05431",19.2693710987701,0.305863033313811,"Signature_5",0.843852420483352
"SIM-05432",41.4250131325297,0.657539890992535,"Signature_3",0.999999980092493
"SIM-05433",28.9665208868548,0.407979167420491,"Signature_3",0.999999994360354
"SIM-05434",19.8001992065725,0.341382744940905,"Signature_5",0.999737681253385
"SIM-05435",16.5947687478457,0.240503894896314,"Signature_5",0.999999826714599
"SIM-05436",32.1654988774908,0.584827252318014,"Signature_3",0.999985867604692
"SIM-05437",3.71217776982957,0.088385184995942,"Signature_5",0.99999176934324
"SIM-05438",17.0441709534866,0.236724596576202,"Signature_5",0.997761716565609
"SIM-05439",0,0,"Signature_5",0.999999971729759
"SIM-05440",25.6205061050457,0.69244611094718,"Signature_3",0.999997945385384
"SIM-05441",32.3051469977666,0.587366309050302,"Signature_3",0.999999999795927
"SIM-05442",11.1286319562442,0.161284521104988,"Signature_5",0.989957623330009
"SIM-05443",16.196859309013,0.213116569855434,"Signature_5",0.994709851142462
"SIM-05444",4.70354504901468,0.0922263735100919,"Signature_5",0.999936481973215
"SIM-05445",0.805018011879621,0.0268339337293207,"Signature_5",0.999331871265881
"SIM-05446",36.2737273611593,0.52570619363999,"Signature_3",0.999999976113595
"SIM-05447",18.2677229383196,0.294640692553541,"Signature_3",0.696583379092294
"SIM-05448",7.5149879809551,0.112163999715748,"Signature_5",0.999999564822119
"SIM-05449",4.71970643678853,0.0925432634664419,"Signature_5",0.958917106328756
"SIM-05450",0,0,"Signature_5",0.999999959016725
"SIM-05451",14.7541968444365,0.46106865138864,"Signature_5",0.892650014657395
"SIM-05452",0,0,"Signature_5",0.895228743194105
"SIM-05453",17.9189898107228,0.344595957898516,"Signature_5",0.96548839491947
"SIM-05454",39.9438643321888,0.505618535850491,"Signature_3",0.999999991021665
"SIM-05455",11.7818855879967,0.287363063121871,"Signature_3",0.999999963205291
"SIM-05456",0,0,"Signature_5",0.999999930476564
"SIM-05457",0,0,"Signature_5",0.999999999946036
"SIM-05458",30.9810779640104,0.553233535071614,"Signature_3",0.999999644115796
"SIM-05459",13.2006038940294,0.188580055628991,"Signature_5",0.99996645183087
"SIM-05460",3.69723668244225,0.105635333784064,"Signature_3",0.766997376584456
"SIM-05461",17.9744232919399,0.268274974506565,"Signature_3",0.98205763675242
"SIM-05462",0,0,"Signature_5",0.999959892692957
"SIM-05463",0,0,"Signature_5",0.999999824013916
"SIM-05464",0,0,"Signature_3",0.997726439837823
"SIM-05465",23.3808407730077,0.288652355222317,"Signature_3",0.543378440105593
"SIM-05466",34.8386046035291,0.611203589535598,"Signature_3",0.999998986206173
"SIM-05467",37.6723001193515,0.530595776328895,"Signature_3",0.999999999920244
"SIM-05468",33.8161014695161,0.422701268368951,"Signature_3",0.999999799618374
"SIM-05469",25.5252737263407,0.500495563261582,"Signature_3",0.999841004871043
"SIM-05470",25.9598118747486,0.529792079076502,"Signature_3",0.961787425812961
"SIM-05471",0,0,"Signature_5",0.999998551876756
"SIM-05472",20.9498397180208,0.374104280678944,"Signature_3",0.998733542714374
"SIM-05473",23.2422067304737,0.430411235749513,"Signature_3",0.823355451058191
"SIM-05474",14.0555968380623,0.238230454882411,"Signature_5",0.989495537834869
"SIM-05475",2.46743994496841,0.13707999694269,"Signature_5",0.859503990155817
"SIM-05476",14.564621444828,0.2600825258005,"Signature_5",0.999959324314987
"SIM-05477",13.7724711887812,0.30605491530625,"Signature_5",0.711096412832657
"SIM-05478",30.8698852583814,0.523218394209855,"Signature_5",0.786342736859274
"SIM-05479",29.3659504570851,0.587319009141702,"Signature_3",0.999937264947811
"SIM-05480",11.4894946250963,0.319152628474898,"Signature_3",0.978886990852017
"SIM-05481",26.1818807954842,0.385027658757121,"Signature_3",0.997311826185981
"SIM-05482",25.5303659014148,0.500595409831662,"Signature_3",0.992626050091775
"SIM-05483",0,0,"Signature_5",0.999999980442953
"SIM-05484",17.8500163099698,0.35000031980333,"Signature_3",0.997650001286586
"SIM-05485",42.9935270181343,0.530784284174498,"Signature_3",0.999999889580055
"SIM-05486",22.980906783784,0.5745226695946,"Signature_3",0.999999999993455
"SIM-05487",24.2045379896617,0.537878621992481,"Signature_3",0.999997579949491
"SIM-05488",1.0589260014855,0.0147073055761875,"Signature_5",0.999999999594144
"SIM-05489",19.0708840014278,0.323235322058098,"Signature_3",0.999999999988794
"SIM-05490",4.24807798627728,0.0745276839697768,"Signature_5",0.99999991030155
"SIM-05491",5.89138363324406,0.0765114757564163,"Signature_5",0.99999999992946
"SIM-05492",17.1326472921798,0.39843365795767,"Signature_5",0.987527152699476
"SIM-05493",23.0916793188231,0.339583519394457,"Signature_3",0.991835266140686
"SIM-05494",33.642137232625,0.542615116655241,"Signature_3",0.999999999002434
"SIM-05495",37.4994900393198,0.635584576937624,"Signature_3",0.99999999146004
"SIM-05496",14.3857096858491,0.17543548397377,"Signature_5",0.996995948371667
"SIM-05497",14.6579462519201,0.305373880248335,"Signature_3",0.999863091922175
"SIM-05498",0,0,"Signature_5",0.999999992122262
"SIM-05499",0,0,"Signature_5",0.999999999993659
"SIM-05500",22.6821195311339,0.462900398594569,"Signature_5",0.804670733557498
"SIM-05501",12.3410587049841,0.251858340918044,"Signature_5",0.999986324334974
"SIM-05502",11.7430480954784,0.163097890214978,"Signature_5",0.999999577617152
"SIM-05503",0,0,"Signature_5",0.999999869988919
"SIM-05504",20.8833998968184,0.464075553262631,"Signature_3",0.999723445025154
"SIM-05505",38.8488599052023,0.539567498683366,"Signature_3",0.91149627263295
"SIM-05506",45.263736093341,0.646624801333443,"Signature_3",0.99999999904382
"SIM-05507",11.3754392365598,0.153722151845403,"Signature_3",0.903577001495616
"SIM-05508",19.5991017362322,0.337915547176418,"Signature_3",0.937681339565029
"SIM-05509",19.8741356502384,0.242367507929736,"Signature_5",0.594620911755426
"SIM-05510",40.8785517964801,0.610127638753434,"Signature_3",0.999999733355045
"SIM-05511",9.77258477613977,0.162876412935663,"Signature_5",0.86971823021707
"SIM-05512",6.0700286920829,0.110364158037871,"Signature_5",0.983643385413431
"SIM-05513",21.3747459799533,0.388631745090061,"Signature_3",0.99901800877115
"SIM-05514",25.5926374355394,0.393732883623684,"Signature_3",0.999999374815159
"SIM-05515",22.4671065332519,0.394159763741261,"Signature_3",0.999638455223513
"SIM-05516",35.3615443740815,0.599348209730195,"Signature_3",0.999999975656181
"SIM-05517",17.7384155166525,0.311200272221974,"Signature_3",0.804948640128553
"SIM-05518",11.4375505615538,0.170709709873937,"Signature_5",0.999812399623234
"SIM-05519",38.7783041159504,0.745736617614432,"Signature_3",0.99999999999811
"SIM-05520",19.9930861610705,0.246828224210746,"Signature_5",0.545133884749373
"SIM-05521",28.3793931030102,0.423573031388212,"Signature_3",0.999985806486997
"SIM-05522",22.0242886723664,0.431848797497381,"Signature_3",0.991076732290886
"SIM-05523",15.6287266776679,0.220122910953069,"Signature_5",0.996597238653766
"SIM-05524",27.2584804919762,0.454308008199604,"Signature_3",0.999143921641361
"SIM-05525",32.5124554990525,0.416826352551955,"Signature_5",0.997946625929836
"SIM-05526",0,0,"Signature_5",0.999699512711847
"SIM-05527",16.4803998788641,0.433694733654319,"Signature_5",0.596694343429862
"SIM-05528",30.5126137880905,0.39118735625757,"Signature_3",0.999801186864063
"SIM-05529",0,0,"Signature_5",0.999999778070233
"SIM-05530",0,0,"Signature_5",0.943027511019884
"SIM-05531",44.0251314745577,0.733752191242628,"Signature_3",0.999999999999987
"SIM-05532",14.1308171248312,0.18841089499775,"Signature_5",0.999510616248836
"SIM-05533",0,0,"Signature_5",0.984284469876551
"SIM-05534",26.4061599352983,0.498229432741477,"Signature_3",0.999934267451274
"SIM-05535",15.8085917400214,0.277343714737217,"Signature_3",0.99038290938183
"SIM-05536",3.92006703111912,0.0768640594337082,"Signature_5",0.99676955515434
"SIM-05537",28.0208508306232,0.406099287400336,"Signature_5",0.94507970475637
"SIM-05538",26.8628940308974,0.497461000572174,"Signature_3",0.988055791232557
"SIM-05539",28.8794334643232,0.412563335204617,"Signature_3",0.999453182312213
"SIM-05540",15.5551495329434,0.239309992814513,"Signature_5",0.999989921353914
"SIM-05541",5.77264882420537,0.206166029435906,"Signature_5",0.998725512261377
"SIM-05542",30.2383730753686,0.458157167808615,"Signature_3",0.999964616148498
"SIM-05543",0,0,"Signature_5",0.99999999468584
"SIM-05544",13.4443750143759,0.16198042185995,"Signature_5",0.999994148198797
"SIM-05545",32.6853889823988,0.447745054553408,"Signature_3",0.999999998072593
"SIM-05546",18.6994993794061,0.296817450466764,"Signature_3",0.992579683878031
"SIM-05547",0,0,"Signature_5",0.999849308563937
"SIM-05548",0,0,"Signature_5",0.999945761882205
"SIM-05549",10.7485321082132,0.195427856512967,"Signature_5",0.999981737047154
"SIM-05550",6.85431726541524,0.139884025824801,"Signature_5",0.584627190075654
"SIM-05551",32.0467732653606,0.53411288775601,"Signature_3",0.996233624431972
"SIM-05552",15.8113180734226,0.343724305943969,"Signature_5",0.902022246632947
"SIM-05553",16.1118164712962,0.236938477519061,"Signature_5",0.999950565535561
"SIM-05554",21.334831781625,0.435404730237245,"Signature_3",0.995931436206197
"SIM-05555",15.6657845924436,0.435160683123433,"Signature_3",0.997991534661485
"SIM-05556",0,0,"Signature_5",0.999999997512531
"SIM-05557",12.6431508160485,0.168575344213981,"Signature_5",0.852992834939446
"SIM-05558",18.8077040791034,0.257639781905526,"Signature_5",0.959293255914538
"SIM-05559",0,0,"Signature_5",0.999999999978697
"SIM-05560",33.632450181069,0.467117363625959,"Signature_3",0.999871154755568
"SIM-05561",13.6157403091953,0.209472927833773,"Signature_5",0.999999984575618
"SIM-05562",5.89649174386395,0.10344722357656,"Signature_5",0.999995437226244
"SIM-05563",0,0,"Signature_5",0.999999975764921
"SIM-05564",19.6383584568224,0.239492176302712,"Signature_5",0.996811717933736
"SIM-05565",0,0,"Signature_5",0.999999999996886
"SIM-05566",14.8446062589112,0.221561287446436,"Signature_5",0.999996838244104
"SIM-05567",0,0,"Signature_5",0.999999718541082
"SIM-05568",17.0128667101404,0.23305296863206,"Signature_5",0.999726147275489
"SIM-05569",2.39756559710692,0.0406367050357106,"Signature_5",0.999999518196717
"SIM-05570",44.4617091112541,0.592822788150055,"Signature_3",0.999999999455877
"SIM-05571",51.1624201688707,0.588073795044491,"Signature_3",0.998908496204535
"SIM-05572",16.8572022607308,0.263393785323918,"Signature_3",0.999804907768049
"SIM-05573",8.64820546752019,0.508717968677658,"Signature_3",0.981346520047832
"SIM-05574",16.0333734363246,0.239304081139173,"Signature_3",0.999999770293515
"SIM-05575",22.5922503083825,0.389521557041078,"Signature_5",0.998508029689988
"SIM-05576",11.0171443024684,0.297760656823469,"Signature_5",0.60383780393172
"SIM-05577",0,0,"Signature_5",0.999982055125904
"SIM-05578",21.9080030080689,0.300109630247519,"Signature_5",0.817894684944952
"SIM-05579",0,0,"Signature_5",0.999999961379249
"SIM-05580",0,0,"Signature_3",0.753337260889904
"SIM-05581",22.212802638825,0.352584168870238,"Signature_3",0.960729688858823
"SIM-05582",22.7231279611764,0.287634531154132,"Signature_3",0.999592858447728
"SIM-05583",0,0,"Signature_5",0.999791672647169
"SIM-05584",17.3640677272501,0.361751410984377,"Signature_3",0.995991805096351
"SIM-05585",0,0,"Signature_5",0.999999975100399
"SIM-05586",12.4426781590317,0.207377969317195,"Signature_5",0.999698666328762
"SIM-05587",41.2689568694965,0.485517139641136,"Signature_3",0.997840711716667
"SIM-05588",41.2380863402541,0.71100148862507,"Signature_3",0.999999999433809
"SIM-05589",17.7646329226347,0.322993325866086,"Signature_3",0.999240639956064
"SIM-05590",0,0,"Signature_5",0.999992852561858
"SIM-05591",7.95647992104083,0.162377141245731,"Signature_3",0.649368959248797
"SIM-05592",3.81763335766717,0.050901778102229,"Signature_5",0.99996841479729
"SIM-05593",36.0161970989723,0.666966612943932,"Signature_3",0.999999998577277
"SIM-05594",17.4467978629031,0.329184865337794,"Signature_5",0.725733328444887
"SIM-05595",7.18996241671072,0.179749060417768,"Signature_5",0.999939240310291
"SIM-05596",13.720577279994,0.280011781224368,"Signature_5",0.993059411670906
"SIM-05597",18.2862267063587,0.240608246136299,"Signature_3",0.5577440119391
"SIM-05598",24.6745798371602,0.456936663651114,"Signature_3",0.999999908735777
"SIM-05599",16.4709816288856,0.350446417635863,"Signature_5",0.808085694094062
"SIM-05600",18.8991034777503,0.295298491839849,"Signature_5",0.990828442668983
"SIM-05601",0,0,"Signature_5",0.999915721118618
"SIM-05602",9.55750951386114,0.265486375385032,"Signature_3",0.930332849004433
"SIM-05603",30.340826634504,0.370010080908585,"Signature_3",0.732690179115973
"SIM-05604",0.211648087135138,0.00814031104365915,"Signature_5",0.987910613534587
"SIM-05605",0.291184317800839,0.00606633995418415,"Signature_5",0.999999991217616
"SIM-05606",23.1272822280462,0.398746245311141,"Signature_3",0.882039549958688
"SIM-05607",6.56509262096375,0.123869672093656,"Signature_5",0.999418781793882
"SIM-05608",39.4147896201006,0.42381494215162,"Signature_3",0.999987128755727
"SIM-05609",18.5065927278055,0.319079184962164,"Signature_5",0.999474870175358
"SIM-05610",25.5340320538396,0.521102694976317,"Signature_5",0.99799697568678
"SIM-05611",9.09430882917456,0.156798428089217,"Signature_5",0.999999999999841
"SIM-05612",17.4921905467478,0.265033190102239,"Signature_5",0.99997572766378
"SIM-05613",2.45199707644304,0.0490399415288609,"Signature_5",0.999957006868164
"SIM-05614",8.36960710069039,0.181947980449791,"Signature_5",0.998933701069383
"SIM-05615",0,0,"Signature_5",0.999999999956252
"SIM-05616",0,0,"Signature_5",0.999785777076489
"SIM-05617",32.2417792507879,0.403022240634849,"Signature_3",0.999982003858995
"SIM-05618",2.75177008415898,0.0743721644367291,"Signature_5",0.999996251134621
"SIM-05619",10.9475962418022,0.140353797971823,"Signature_5",0.999999999584736
"SIM-05620",0,0,"Signature_5",0.999999990112313
"SIM-05621",15.500520880735,0.221436012581928,"Signature_3",0.588469343994427
"SIM-05622",21.4882407705187,0.488369108420879,"Signature_3",0.998980276898414
"SIM-05623",28.2681707282717,0.403831010403882,"Signature_3",0.996108302099304
"SIM-05624",20.8724076929248,0.316248601407951,"Signature_3",0.999442963285407
"SIM-05625",34.0601091348158,0.493624770069794,"Signature_3",0.998357798431012
"SIM-05626",22.7286205033537,0.505080455630082,"Signature_3",0.91232377069971
"SIM-05627",15.3398539604796,0.300781450205483,"Signature_5",0.999732976764092
"SIM-05628",0,0,"Signature_5",0.999999980356942
"SIM-05629",22.6738066515232,0.404889404491486,"Signature_3",0.989066156535824
"SIM-05630",0,0,"Signature_5",0.999990271973727
"SIM-05631",21.8293116490581,0.272866395613227,"Signature_5",0.522078235863892
"SIM-05632",17.0746374908405,0.397084592810244,"Signature_3",0.999999979037228
"SIM-05633",14.4290330693941,0.272245906969701,"Signature_3",0.80651837894178
"SIM-05634",38.0644834948999,0.585607438383075,"Signature_3",0.999987686007132
"SIM-05635",2.71860763703586,0.0554817885109359,"Signature_5",0.999999491562205
"SIM-05636",0,0,"Signature_5",0.999999856305214
"SIM-05637",4.24457261742184,0.0744661862705586,"Signature_5",0.999999937148426
"SIM-05638",9.59237709080807,0.233960416848977,"Signature_3",0.999957926547131
"SIM-05639",14.2398798199962,0.323633632272641,"Signature_3",0.992777150141085
"SIM-05640",26.1156266755285,0.474829575918701,"Signature_5",0.573440713932856
"SIM-05641",28.2880379447338,0.325149861433722,"Signature_5",0.999999977509589
"SIM-05642",4.48242149520095,0.109327353541487,"Signature_5",0.990719207646615
"SIM-05643",24.8179907568472,0.427896392359435,"Signature_3",0.99999999792997
"SIM-05644",22.5967856300761,0.327489646812698,"Signature_5",0.999911551294388
"SIM-05645",17.7878413341397,0.317640023823923,"Signature_3",0.999968547816977
"SIM-05646",11.8731510438658,0.17989622793736,"Signature_3",0.548027987223714
"SIM-05647",3.97349901414762,0.128177387553149,"Signature_5",0.866432777861257
"SIM-05648",19.1707708615269,0.383415417230537,"Signature_3",0.999980154569201
"SIM-05649",13.9729132128872,0.279458264257743,"Signature_5",0.99995538434855
"SIM-05650",15.7567054611047,0.258306646903355,"Signature_5",0.997351746247449
"SIM-05651",0,0,"Signature_5",0.999999996460272
"SIM-05652",13.2308679030197,0.206732310984683,"Signature_5",0.999997428581544
"SIM-05653",17.1334458899974,0.290397387966057,"Signature_3",0.999389881503588
"SIM-05654",20.7752816431059,0.352123417679761,"Signature_5",0.676626135555862
"SIM-05655",32.5994618886749,0.397554413276523,"Signature_3",0.7062549060211
"SIM-05656",24.6670461358508,0.560614684905701,"Signature_3",0.994870281499889
"SIM-05657",39.5023805508839,0.647580009030883,"Signature_3",0.999999992654201
"SIM-05658",22.2585205913915,0.289071695992097,"Signature_3",0.999999807856262
"SIM-05659",18.3917449885994,0.291932460136499,"Signature_3",0.999540053972294
"SIM-05660",13.0777398735857,0.290616441635237,"Signature_5",0.813643023097171
"SIM-05661",12.4076172262875,0.187994200398295,"Signature_5",0.999997326387668
"SIM-05662",42.5783579277166,0.591366082329397,"Signature_3",0.999999008594764
"SIM-05663",16.5525122265221,0.275875203775369,"Signature_3",0.513181216495235
"SIM-05664",7.96661929541369,0.139765250796731,"Signature_5",0.999999528050445
"SIM-05665",0,0,"Signature_5",0.99998945441619
"SIM-05666",7.84838703331739,0.150930519871488,"Signature_3",0.842711568958025
"SIM-05667",36.0195938157331,0.500272136329627,"Signature_3",0.999813546233042
"SIM-05668",0,0,"Signature_5",0.999877238994106
"SIM-05669",0,0,"Signature_5",0.999995943848285
"SIM-05670",15.7381516934159,0.291447253581777,"Signature_3",0.999983683639948
"SIM-05671",0,0,"Signature_5",0.999999999986509
"SIM-05672",25.5698589956347,0.365283699937638,"Signature_5",0.961935072325115
"SIM-05673",26.2678946219756,0.423675719709283,"Signature_3",0.962872858313903
"SIM-05674",0,0,"Signature_5",0.999991078709973
"SIM-05675",25.9859300457002,0.412475080090479,"Signature_3",0.520928139129139
"SIM-05676",6.95485925314153,0.158064983025944,"Signature_5",0.986550024559984
"SIM-05677",31.5397770497679,0.420530360663572,"Signature_3",0.979714187592798
"SIM-05678",25.3565211695456,0.367485814051385,"Signature_5",0.983778311359439
"SIM-05679",16.6665115725754,0.36231546896903,"Signature_3",0.954890176847834
"SIM-05680",0,0,"Signature_5",0.9999564582633
"SIM-05681",25.9946633485501,0.50969928134412,"Signature_3",0.997416047203025
"SIM-05682",19.3224156436315,0.261113724913939,"Signature_5",0.993479789000357
"SIM-05683",16.0240887713548,0.281124364409732,"Signature_5",0.981609558713704
"SIM-05684",0,0,"Signature_5",0.999703208770313
"SIM-05685",26.2970279406834,0.386720999127697,"Signature_3",0.996348547589542
"SIM-05686",13.3955767705896,0.165377490994933,"Signature_5",0.999629405490384
"SIM-05687",7.46840702481295,0.0829823002756995,"Signature_5",0.99999999999593
"SIM-05688",0,0,"Signature_5",0.99999901170003
"SIM-05689",8.98992671133984,0.147375847726883,"Signature_5",0.999999998023848
"SIM-05690",18.2203768251391,0.433818495836646,"Signature_3",0.742021868758926
"SIM-05691",16.3224350654613,0.307970472933232,"Signature_5",0.999795812931237
"SIM-05692",0,0,"Signature_5",0.9999936394052
"SIM-05693",23.3179554622813,0.439961423816629,"Signature_3",0.985171174766396
"SIM-05694",16.4567811733821,0.288715459182141,"Signature_3",0.866299286860302
"SIM-05695",23.2536899968948,0.369106190426902,"Signature_3",0.660725056552325
"SIM-05696",15.9279578195402,0.325060363664085,"Signature_5",0.946190638492764
"SIM-05697",16.6266429532306,0.215930427964033,"Signature_5",0.999827522037737
"SIM-05698",19.438548770827,0.308548393187729,"Signature_3",0.691902323618984
"SIM-05699",13.8027770536267,0.281689327625034,"Signature_3",0.999928776990334
"SIM-05700",27.7642258636109,0.33052649837632,"Signature_5",0.999632823637554
"SIM-05701",0,0,"Signature_5",0.9999999843752
"SIM-05702",0,0,"Signature_5",0.999998401258446
"SIM-05703",15.9791616778608,0.326105340364507,"Signature_5",0.836979228837311
"SIM-05704",0,0,"Signature_5",0.999999532821712
"SIM-05705",0,0,"Signature_5",0.744784290797205
"SIM-05706",0,0,"Signature_5",0.882895042781892
"SIM-05707",0,0,"Signature_5",0.951969139662942
"SIM-05708",0,0,"Signature_5",0.999994297245587
"SIM-05709",14.2782485484057,0.18787169142639,"Signature_5",0.999999982119504
"SIM-05710",19.7178394549211,0.31802966862776,"Signature_3",0.999398488743362
"SIM-05711",17.3489703966518,0.23131960528869,"Signature_5",0.978684767798376
"SIM-05712",22.451860818082,0.415775200334851,"Signature_5",0.84271884540829
"SIM-05713",0,0,"Signature_5",0.999999999999989
"SIM-05714",13.2204253148374,0.249441987072404,"Signature_5",0.784853126092576
"SIM-05715",0,0,"Signature_5",0.999999943153483
"SIM-05716",0,0,"Signature_5",0.999994090226727
"SIM-05717",30.6008216137574,0.437154594482248,"Signature_3",0.999866719892527
"SIM-05718",26.9547494507428,0.341199360135985,"Signature_3",0.972373712233042
"SIM-05719",15.525166254953,0.22831126845519,"Signature_5",0.99999999617511
"SIM-05720",6.0584944692583,0.131706401505615,"Signature_5",0.947604717539904
"SIM-05721",0.0305650264078105,0.000396948394906629,"Signature_5",0.999999999871257
"SIM-05722",20.1491925288126,0.402983850576251,"Signature_5",0.97754151704052
"SIM-05723",33.5672380173403,0.486481710396237,"Signature_3",0.999999510918374
"SIM-05724",13.7981746270928,0.260342917492316,"Signature_3",0.998653895804905
"SIM-05725",26.1127292558374,0.421173052513507,"Signature_5",0.998102840558366
"SIM-05726",0,0,"Signature_5",0.999990216885974
"SIM-05727",15.640339687436,0.214251228595014,"Signature_3",0.999428941217267
"SIM-05728",17.8169040828333,0.228421847215812,"Signature_3",0.779249369494278
"SIM-05729",8.94317779909146,0.127759682844164,"Signature_5",0.999996169507742
"SIM-05730",19.9508741054612,0.269606406830557,"Signature_3",0.635024308642565
"SIM-05731",3.11051612464714,0.0555449307972704,"Signature_5",0.999999627975175
"SIM-05732",0.525232361642486,0.0102986737576958,"Signature_5",0.999999999965376
"SIM-05733",14.3200958583323,0.216971149368671,"Signature_5",0.999980430279984
"SIM-05734",14.9065049766242,0.204198698309921,"Signature_5",0.999999999995218
"SIM-05735",31.8662574922711,0.413847499899625,"Signature_3",0.998350017403277
"SIM-05736",18.4225220745545,0.239253533435773,"Signature_5",0.999177990022008
"SIM-05737",0,0,"Signature_5",0.999999554234857
"SIM-05738",10.2419994323698,0.146314277605283,"Signature_5",0.998309246074633
"SIM-05739",5.35406363441838,0.109266604784049,"Signature_5",0.999998008704904
"SIM-05740",13.9887416632502,0.411433578330887,"Signature_5",0.595432642358075
"SIM-05741",36.879723438088,0.4609965429761,"Signature_3",0.918405887784919
"SIM-05742",8.10885213608743,0.1095790829201,"Signature_5",0.999980185534765
"SIM-05743",8.84739691253221,0.340284496635854,"Signature_3",0.983051642037256
"SIM-05744",0,0,"Signature_5",0.999999999232977
"SIM-05745",11.0654856903853,0.190784236041126,"Signature_5",0.993585853672037
"SIM-05746",2.16860643321269,0.0401593783928276,"Signature_5",0.999994947242292
"SIM-05747",23.2431444059943,0.301859018259666,"Signature_5",0.679816444070031
"SIM-05748",0,0,"Signature_5",0.999999999994998
"SIM-05749",31.9284705842347,0.506801120384678,"Signature_3",0.999999909757067
"SIM-05750",0,0,"Signature_5",0.999998299744505
"SIM-05751",3.22695173148809,0.0586718496634199,"Signature_5",0.762247966933159
"SIM-05752",3.46436117823314,0.0866090294558285,"Signature_5",0.999989578893816
"SIM-05753",0,0,"Signature_5",0.998479369336306
"SIM-05754",12.9279492060213,0.140521187021971,"Signature_5",0.999999967838212
"SIM-05755",25.280500289015,0.361150004128785,"Signature_3",0.992662717799635
"SIM-05756",25.2610137539155,0.346041284300213,"Signature_3",0.9832296292748
"SIM-05757",0,0,"Signature_5",0.999999999998802
"SIM-05758",0,0,"Signature_5",0.999999999771297
"SIM-05759",9.87962792467056,0.128306856164553,"Signature_5",0.999752459370258
"SIM-05760",9.02933114153692,0.158409318272578,"Signature_5",0.99999964973486
"SIM-05761",13.3641156347723,0.208814306793318,"Signature_5",0.99999948634898
"SIM-05762",5.33350938765608,0.126988318753716,"Signature_5",0.999946094182268
"SIM-05763",0,0,"Signature_5",0.999999935448356
"SIM-05764",0,0,"Signature_5",0.999999999996897
"SIM-05765",0,0,"Signature_5",0.758750866147251
"SIM-05766",36.0041893210068,0.500058185013983,"Signature_3",0.999989876099482
"SIM-05767",10.1290118338064,0.187574293218636,"Signature_5",0.999999768245333
"SIM-05768",22.7740323718512,0.542238865996457,"Signature_5",0.99802592389627
"SIM-05769",0,0,"Signature_5",0.999999276228447
"SIM-05770",0,0,"Signature_5",0.999999999990216
"SIM-05771",8.25468552169363,0.139909924096502,"Signature_3",0.965755057661022
"SIM-05772",14.2086157258363,0.208950231262298,"Signature_5",0.934649468898743
"SIM-05773",21.057552454779,0.334246864361571,"Signature_5",0.99999713404098
"SIM-05774",33.3331913194854,0.512818327992082,"Signature_3",0.999992717501002
"SIM-05775",9.60183996633971,0.174578908478904,"Signature_3",0.992485743670615
"SIM-05776",0,0,"Signature_5",0.999998740482715
"SIM-05777",7.15589994914445,0.115417741115233,"Signature_5",0.982512958081578
"SIM-05778",17.4850764797025,0.34970152959405,"Signature_3",0.968414834899422
"SIM-05779",0,0,"Signature_5",0.997341431979289
"SIM-05780",26.3128163292117,0.611925961144459,"Signature_3",0.999992328644855
"SIM-05781",21.5692262259204,0.440188290324905,"Signature_5",0.920184540630008
"SIM-05782",11.4008972698731,0.17274086772535,"Signature_5",0.999999997745075
"SIM-05783",26.1184393040067,0.401822143138564,"Signature_3",0.999996440229492
"SIM-05784",11.799200110013,0.218503705740981,"Signature_5",0.999993955950097
"SIM-05785",19.5053005991149,0.368024539605942,"Signature_5",0.961833143211907
"SIM-05786",8.51834251240835,0.0835131618863564,"Signature_5",0.999999973497155
"SIM-05787",24.8505934949781,0.303056018231441,"Signature_5",0.999701586568621
"SIM-05788",22.2208413484597,0.31296959645718,"Signature_5",0.999659989183877
"SIM-05789",36.1413669272304,0.509033337003245,"Signature_3",0.999999959638682
"SIM-05790",11.2878213585721,0.230363701195349,"Signature_5",0.999985960017067
"SIM-05791",9.51723264840321,0.3070075047872,"Signature_3",0.892783776625246
"SIM-05792",0,0,"Signature_5",1
"SIM-05793",30.9089767450932,0.454543775663135,"Signature_5",0.998104929051033
"SIM-05794",9.14049143033314,0.198706335442025,"Signature_5",0.999993308178676
"SIM-05795",21.5982739161032,0.440781100328637,"Signature_3",0.999409658522152
"SIM-05796",22.0628436366175,0.294171248488234,"Signature_5",0.971287028894162
"SIM-05797",0,0,"Signature_5",0.999998854314705
"SIM-05798",19.8920017032379,0.585058873624643,"Signature_3",0.999134399253427
"SIM-05799",12.0755830796657,0.309630335376045,"Signature_5",0.863457486331297
"SIM-05800",22.5412841181565,0.433486233041471,"Signature_5",0.999774236471603
"SIM-05801",28.219162792577,0.513075687137764,"Signature_3",0.999998857833502
"SIM-05802",11.7797844844069,0.336565270983054,"Signature_3",0.841537570577624
"SIM-05803",26.5609813338039,0.301829333338681,"Signature_5",0.999982311103057
"SIM-05804",26.3878516160145,0.376969308800207,"Signature_5",0.754677709639547
"SIM-05805",0,0,"Signature_5",0.999980771871037
"SIM-05806",21.7715305496219,0.324948217158536,"Signature_5",0.97269004271276
"SIM-05807",2.16571471730642,0.0328138593531276,"Signature_5",0.999999999405143
"SIM-05808",0,0,"Signature_5",0.999999991531677
"SIM-05809",10.2463342631543,0.310494977671344,"Signature_3",0.978530732714911
"SIM-05810",0,0,"Signature_5",0.999999999909058
"SIM-05811",33.9976271109063,0.515115562286459,"Signature_3",0.926802712731866
"SIM-05812",0,0,"Signature_5",0.999999999999996
"SIM-05813",12.784373001487,0.311813975646025,"Signature_5",0.784533452082495
"SIM-05814",0,0,"Signature_5",0.999999990184319
"SIM-05815",4.10738769453881,0.11735393412968,"Signature_5",0.999505727524477
"SIM-05816",10.4869214721197,0.190671299493085,"Signature_5",0.999945824017583
"SIM-05817",0,0,"Signature_3",0.753276973460993
"SIM-05818",0,0,"Signature_5",0.99999999999306
"SIM-05819",32.8413405660339,0.475961457478752,"Signature_3",0.999984881204259
"SIM-05820",20.8320892827302,0.301914337430873,"Signature_5",0.999999455060419
"SIM-05821",8.03478150023164,0.123612023080487,"Signature_5",0.999999991701088
"SIM-05822",5.36428381115545,0.233229730919802,"Signature_5",0.9851905684489
"SIM-05823",16.8346497425762,0.431657685707081,"Signature_3",0.992564392089267
"SIM-05824",0,0,"Signature_5",0.998698469847708
"SIM-05825",19.2268526981283,0.400559431211006,"Signature_3",0.999964804076493
"SIM-05826",8.45013571149435,0.206100871012057,"Signature_5",0.86750379161022
"SIM-05827",0,0,"Signature_5",0.999999471841938
"SIM-05828",15.1101082240392,0.209862614222767,"Signature_5",0.980551150914785
"SIM-05829",17.6829981880727,0.245597197056566,"Signature_5",0.999885890696887
"SIM-05830",16.0311647569333,0.246633303952819,"Signature_5",0.999999999517724
"SIM-05831",6.68730251246678,0.155518663080623,"Signature_5",0.996462892632015
"SIM-05832",10.5974883739804,0.235499741644009,"Signature_5",0.939642608589881
"SIM-05833",3.94165761394137,0.0625659938720852,"Signature_5",0.999999999995157
"SIM-05834",22.8232863880687,0.288902359342641,"Signature_3",0.999626383255651
"SIM-05835",20.7664202519424,0.441838728764731,"Signature_3",0.999966011058802
"SIM-05836",6.31075524212482,0.180307292632138,"Signature_5",0.999997190817548
"SIM-05837",16.0403546589875,0.286434904624777,"Signature_3",0.881372771465496
"SIM-05838",12.2002860565229,0.196778807363273,"Signature_5",0.988904410374037
"SIM-05839",0,0,"Signature_5",0.999999999714678
"SIM-05840",5.7497366341921,0.0858169646894343,"Signature_5",0.999999999996484
"SIM-05841",33.7245888703855,0.67449177740771,"Signature_3",0.999999905680292
"SIM-05842",18.1111902902319,0.278633696772798,"Signature_5",0.999992773845366
"SIM-05843",8.81074238005843,0.338874706925324,"Signature_3",0.999970183429085
"SIM-05844",22.2258320317007,0.292445158311852,"Signature_5",0.999999047368662
"SIM-05845",0,0,"Signature_5",0.999999999920167
"SIM-05846",0,0,"Signature_5",0.999995503416359
"SIM-05847",12.5689669034926,0.209482781724876,"Signature_5",0.999999847772384
"SIM-05848",7.43218969949822,0.128141201715487,"Signature_5",0.999999887780082
"SIM-05849",22.4262717391323,0.355972567287814,"Signature_5",0.999996279762037
"SIM-05850",0,0,"Signature_5",0.987451293253984
"SIM-05851",28.7493822359337,0.552872735306416,"Signature_3",0.999335017970627
"SIM-05852",8.65976899205435,0.184250404086263,"Signature_5",0.999999854526919
"SIM-05853",0,0,"Signature_5",0.999888952306924
"SIM-05854",0,0,"Signature_5",0.999999991078954
"SIM-05855",0.236988564100723,0.00447148234152307,"Signature_5",0.999999565655214
"SIM-05856",0,0,"Signature_5",0.999999999293111
"SIM-05857",13.7458100488613,0.232979831336632,"Signature_5",0.999665988562795
"SIM-05858",0,0,"Signature_5",0.999999971164213
"SIM-05859",22.1684771314747,0.316692530449639,"Signature_3",0.96953749558455
"SIM-05860",22.7294789290448,0.303059719053931,"Signature_3",0.933028473890533
"SIM-05861",8.90155449394643,0.197812322087698,"Signature_5",0.973445242099246
"SIM-05862",11.0180482497334,0.239522788037682,"Signature_3",0.849456655699196
"SIM-05863",9.2568682812285,0.196954644281457,"Signature_5",0.993918454538179
"SIM-05864",2.57142714928294,0.0676691355074459,"Signature_5",0.999894457644161
"SIM-05865",19.7997681833491,0.347364354093844,"Signature_3",0.998620048454338
"SIM-05866",36.9380602019896,0.535334205825936,"Signature_3",0.999999999811549
"SIM-05867",21.1703799536333,0.267979493083966,"Signature_5",0.918536173212253
"SIM-05868",25.2213413844755,0.442479673411851,"Signature_3",0.999999998235537
"SIM-05869",19.6771444386478,0.25554733037205,"Signature_3",0.999918731181876
"SIM-05870",17.4266576756329,0.44683737629828,"Signature_5",0.986302195244365
"SIM-05871",0,0,"Signature_5",0.999999999999009
"SIM-05872",26.0222562712912,0.542130338985233,"Signature_3",0.999916555279449
"SIM-05873",44.0781691604407,0.531062279041454,"Signature_3",0.9965414645565
"SIM-05874",0,0,"Signature_5",0.997142833707033
"SIM-05875",11.5013084891403,0.191688474819004,"Signature_5",0.970110982468208
"SIM-05876",38.3033836709084,0.598490369857943,"Signature_3",0.982371484453258
"SIM-05877",11.3226249164343,0.209678239193227,"Signature_5",0.999549095098634
"SIM-05878",23.5721216355326,0.399527485348009,"Signature_3",0.570814484044967
"SIM-05879",44.754354029527,0.613073342870232,"Signature_3",0.999232759332463
"SIM-05880",0,0,"Signature_5",0.999931348238586
"SIM-05881",12.5771023010948,0.174681976404094,"Signature_5",0.992250855780487
"SIM-05882",0,0,"Signature_5",0.999999999999987
"SIM-05883",7.63678065710318,0.162484694831983,"Signature_3",0.629085421909335
"SIM-05884",37.0936432627897,0.545494753864555,"Signature_3",0.999998961541252
"SIM-05885",9.05161219807645,0.110385514610688,"Signature_5",0.999999992748152
"SIM-05886",35.7149622252896,0.496041142017912,"Signature_3",0.994832595185278
"SIM-05887",22.5387000883565,0.250430000981739,"Signature_3",0.999984178556963
"SIM-05888",31.7641862295679,0.373696308583152,"Signature_3",0.738445579968486
"SIM-05889",20.7436883073625,0.329264893767658,"Signature_5",0.606439585600944
"SIM-05890",8.27850648608162,0.20696266215204,"Signature_5",0.937703292360614
"SIM-05891",22.1366587740525,0.208836403528798,"Signature_5",0.999837883453902
"SIM-05892",0,0,"Signature_5",0.999999854919279
"SIM-05893",19.0145658297376,0.283799489996084,"Signature_5",0.994538992220589
"SIM-05894",17.7457841068005,0.347956551113736,"Signature_5",0.999782576819894
"SIM-05895",23.4445245124779,0.308480585690499,"Signature_5",0.999132651498798
"SIM-05896",0,0,"Signature_5",0.999999816591409
"SIM-05897",21.9995567222136,0.448970545351298,"Signature_3",0.99982275272745
"SIM-05898",16.3357944140333,0.247512036576263,"Signature_5",0.999999811268543
"SIM-05899",7.1198119543851,0.161813908054207,"Signature_5",0.999230029407807
"SIM-05900",17.4828490189852,0.291380816983086,"Signature_5",0.557705853388831
"SIM-05901",35.4580083911363,0.506542977016233,"Signature_3",0.660655118368977
"SIM-05902",22.4045867906615,0.320065525580879,"Signature_5",0.979036418648046
"SIM-05903",24.8165247165915,0.435377626606869,"Signature_3",0.999987917616211
"SIM-05904",10.6061248464635,0.153711954296572,"Signature_5",0.999999999967273
"SIM-05905",0,0,"Signature_5",0.999997378230982
"SIM-05906",32.0964187886632,0.465165489690772,"Signature_3",0.999999998269952
"SIM-05907",13.4628639972532,0.18442279448292,"Signature_5",0.999999219638153
"SIM-05908",22.2000949257256,0.274075245996613,"Signature_5",0.999957067929515
"SIM-05909",0,0,"Signature_5",0.999999255557572
"SIM-05910",0,0,"Signature_5",0.999999999999074
"SIM-05911",11.98875740686,0.199812623447666,"Signature_5",0.992364115260817
"SIM-05912",0,0,"Signature_5",0.999999999982724
"SIM-05913",0,0,"Signature_5",0.999999999958398
"SIM-05914",18.702430928668,0.230894208995901,"Signature_5",0.85057252752517
"SIM-05915",0,0,"Signature_5",0.999955751700691
"SIM-05916",30.5145363058498,0.535342742207891,"Signature_3",0.999102662652963
"SIM-05917",0,0,"Signature_5",0.999999999787457
"SIM-05918",24.5576697460873,0.454771661964579,"Signature_3",0.997589799505783
"SIM-05919",17.177416376415,0.291142650447711,"Signature_3",0.983324086178434
"SIM-05920",16.5595374603432,0.250902082732473,"Signature_5",0.99951430462392
"SIM-05921",7.94041527893553,0.101800195883789,"Signature_5",0.999999997630165
"SIM-05922",24.2244065525993,0.403740109209988,"Signature_3",0.950820571082935
"SIM-05923",0,0,"Signature_5",0.963641396847964
"SIM-05924",16.0812330770119,0.22973190110017,"Signature_5",0.513685080054767
"SIM-05925",18.0048247307715,0.264776834276052,"Signature_5",0.987079633123083
"SIM-05926",3.60576306960471,0.0693415974923983,"Signature_5",0.999999991711635
"SIM-05927",18.9472430024438,0.287079439430967,"Signature_3",0.629120240888049
"SIM-05928",6.54272147577625,0.436181431718416,"Signature_3",0.980866834113078
"SIM-05929",0,0,"Signature_5",0.998266632810344
"SIM-05930",12.3823661858552,0.187611608876594,"Signature_3",0.904095357137769
"SIM-05931",12.8422687965059,0.237819792527887,"Signature_5",0.791407137441918
"SIM-05932",0,0,"Signature_5",0.999999999959203
"SIM-05933",28.2269166913035,0.397562206919767,"Signature_3",0.997831766688417
"SIM-05934",11.7389238787635,0.186332125059739,"Signature_5",0.999915296919571
"SIM-05935",12.35298626001,0.196079146984286,"Signature_5",0.999759657063389
"SIM-05936",15.3093311057481,0.273380912602644,"Signature_5",0.956721181722543
"SIM-05937",28.9989076985035,0.616998036138373,"Signature_3",0.999998506374872
"SIM-05938",0,0,"Signature_5",0.999999999999982
"SIM-05939",0,0,"Signature_5",0.58534072117174
"SIM-05940",0,0,"Signature_5",0.999999958228745
"SIM-05941",24.754494485105,0.434289376931666,"Signature_3",0.99014040323239
"SIM-05942",17.8719306498994,0.266745233580588,"Signature_5",0.999495042526819
"SIM-05943",13.692851517914,0.232082229117187,"Signature_5",0.999999987590175
"SIM-05944",5.88323715407573,0.0865181934422902,"Signature_5",0.999999858556716
"SIM-05945",20.3972524996868,0.377726898142347,"Signature_3",0.505150940354344
"SIM-05946",29.9867932851763,0.356985634347336,"Signature_5",0.915006230298045
"SIM-05947",7.88665077864243,0.225332879389784,"Signature_5",0.986197579089926
"SIM-05948",17.7925720364755,0.250599606147542,"Signature_5",0.968585392685513
"SIM-05949",15.4359621889578,0.22051374555654,"Signature_5",0.999981119639473
"SIM-05950",29.7087446062275,0.503538044173348,"Signature_3",0.999919547884256
"SIM-05951",6.56738065285703,0.126295781785712,"Signature_5",0.999893408435707
"SIM-05952",24.7764371928943,0.419939613438886,"Signature_3",0.999870364847252
"SIM-05953",28.5461210924067,0.460421307942044,"Signature_3",0.999981824733868
"SIM-05954",25.7821279012491,0.368316112874988,"Signature_5",0.999972851084739
"SIM-05955",9.57367986486465,0.29917749577702,"Signature_3",0.892316385275878
"SIM-05956",27.4206442845522,0.370549247088544,"Signature_3",0.962910938421423
"SIM-05957",9.63805057233038,0.160634176205506,"Signature_5",0.99999987797747
"SIM-05958",0,0,"Signature_5",0.999999641262899
"SIM-05959",0,0,"Signature_5",0.997613016441659
"SIM-05960",6.77199055278767,0.114779500894706,"Signature_5",0.96498154497795
"SIM-05961",0,0,"Signature_5",0.999999999870901
"SIM-05962",0,0,"Signature_5",0.999999999996655
"SIM-05963",21.5955565454566,0.257089958874483,"Signature_3",0.999989329561853
"SIM-05964",6.02453821270438,0.10040897021174,"Signature_5",0.99992616074414
"SIM-05965",24.3011275681863,0.37970511825291,"Signature_3",0.937184923059235
"SIM-05966",30.5940920676729,0.501542492912671,"Signature_3",0.989997900363034
"SIM-05967",23.2172627065348,0.473821687888466,"Signature_3",0.755090785339589
"SIM-05968",28.7573261141699,0.416772842234346,"Signature_3",0.96982043631799
"SIM-05969",0,0,"Signature_5",0.999999999952993
"SIM-05970",18.1622120410243,0.330222037109533,"Signature_5",0.862494836927763
"SIM-05971",36.0151590445451,0.413967345339599,"Signature_3",0.999967568468578
"SIM-05972",25.8341484665016,0.461324079758956,"Signature_5",0.769827840812363
"SIM-05973",10.5354815135954,0.270140551630652,"Signature_5",0.930022177671393
"SIM-05974",18.2000518555134,0.293549223476023,"Signature_5",0.998631653687169
"SIM-05975",8.06913107144848,0.322765242857939,"Signature_3",0.999584549864264
"SIM-05976",7.34602720334613,0.136037540802706,"Signature_5",0.999999974707769
"SIM-05977",15.3353731734787,0.184763532210587,"Signature_5",0.999999698645838
"SIM-05978",20.1078501906499,0.372367596123147,"Signature_3",0.957940598538683
"SIM-05979",0,0,"Signature_5",0.999999702804584
"SIM-05980",0,0,"Signature_5",0.999989695717378
"SIM-05981",8.73314283048109,0.194069840677357,"Signature_5",0.935475613079427
"SIM-05982",14.2049409459342,0.268017753696871,"Signature_5",0.992758327358155
"SIM-05983",9.15798655270889,0.20351081228242,"Signature_3",0.627833394638533
"SIM-05984",38.8282975925562,0.462241638006621,"Signature_3",0.999999945358694
"SIM-05985",21.1247271430824,0.274347105754317,"Signature_5",0.952507617755941
"SIM-05986",5.86845372668693,0.082654277840661,"Signature_5",0.999999556446857
"SIM-05987",0,0,"Signature_5",0.999999999994159
"SIM-05988",4.82587317027068,0.0846644415836961,"Signature_5",0.999999999997181
"SIM-05989",0,0,"Signature_5",0.999992827633401
"SIM-05990",25.2676940039486,0.467920259332382,"Signature_3",0.62711574001821
"SIM-05991",19.8265657053461,0.31470739214835,"Signature_5",0.997715212866311
"SIM-05992",41.1780036890399,0.748690976164362,"Signature_3",0.999999999993751
"SIM-05993",0,0,"Signature_5",0.997046403790562
"SIM-05994",5.17268449858481,0.114948544412996,"Signature_5",0.999979750102143
"SIM-05995",19.1891496891731,0.252488811699646,"Signature_3",0.547269538768109
"SIM-05996",17.355508941937,0.275484268919636,"Signature_5",0.999999909333406
"SIM-05997",0,0,"Signature_5",0.999999658944827
"SIM-05998",30.4854722868221,0.525611591152105,"Signature_5",0.714478892623886
"SIM-05999",21.4948784462148,0.325679976457799,"Signature_3",0.989404736151374
"SIM-06000",8.1457586622772,0.127277479098081,"Signature_5",0.999998303275064
"SIM-06001",14.6278005849389,0.225043085922136,"Signature_5",0.999996712205093
"SIM-06002",17.353462071489,0.259006896589388,"Signature_5",0.99634947506274
"SIM-06003",29.1254642452067,0.368676762597553,"Signature_5",0.998114733039954
"SIM-06004",11.7682053963383,0.213967370842515,"Signature_5",0.78642285576125
"SIM-06005",22.5109296073331,0.312651800101848,"Signature_3",0.954362805329184
"SIM-06006",0,0,"Signature_5",0.999999999498795
"SIM-06007",28.0421105003551,0.322323109199484,"Signature_5",0.999803578734222
"SIM-06008",30.8511146252463,0.405935718753241,"Signature_5",0.984891336496492
"SIM-06009",15.1430075859468,0.309040971141772,"Signature_3",0.999494449191988
"SIM-06010",13.3137542460875,0.277369880126824,"Signature_5",0.999833859185321
"SIM-06011",11.4944214572578,0.249878727331692,"Signature_5",0.999990581286681
"SIM-06012",9.19082218304903,0.139254881561349,"Signature_5",0.999987163218038
"SIM-06013",19.820603600888,0.283151480012685,"Signature_5",0.999999998124067
"SIM-06014",21.2557694487972,0.408764797092253,"Signature_3",0.523093480910474
"SIM-06015",23.8843889155185,0.331727623826646,"Signature_5",0.999994877779171
"SIM-06016",20.2323017926699,0.354952663029296,"Signature_5",0.735357002512903
"SIM-06017",0,0,"Signature_5",0.999999840243919
"SIM-06018",3.70684402175489,0.0463355502719361,"Signature_5",0.999999999964843
"SIM-06019",0,0,"Signature_5",0.999999847469514
"SIM-06020",22.2733289663808,0.484202803616973,"Signature_3",0.92329604277093
"SIM-06021",32.7117608529876,0.554436624626909,"Signature_3",0.999963220850926
"SIM-06022",30.0983849154081,0.396031380465896,"Signature_5",0.996273910896977
"SIM-06023",0,0,"Signature_5",0.999999998427418
"SIM-06024",15.6570898329327,0.260951497215546,"Signature_5",0.961389701958456
"SIM-06025",13.6681037830568,0.166684192476303,"Signature_5",0.999987545756498
"SIM-06026",10.8962831960674,0.198114239928498,"Signature_5",0.606993392141133
"SIM-06027",0,0,"Signature_5",0.999999998203785
"SIM-06028",24.7729696218146,0.302109385631885,"Signature_5",0.999622222330284
"SIM-06029",13.5121532364433,0.195828307774541,"Signature_5",0.999910827305788
"SIM-06030",0,0,"Signature_5",0.999999980030662
"SIM-06031",17.8634598585824,0.248103609146977,"Signature_5",0.999569878779009
"SIM-06032",27.4157480222898,0.338466024966541,"Signature_3",0.994446200409059
"SIM-06033",22.4344281102073,0.467383918962653,"Signature_3",0.999996433827413
"SIM-06034",17.7231877578949,0.233199838919669,"Signature_5",0.861223716933891
"SIM-06035",13.1228434675799,0.177335722534863,"Signature_5",0.9999999948663
"SIM-06036",18.0822799474682,0.334857036064226,"Signature_5",0.999679024455393
"SIM-06037",12.9250175612064,0.16156271951508,"Signature_5",0.999999996576227
"SIM-06038",24.3300953093561,0.405501588489268,"Signature_3",0.594231049539271
"SIM-06039",22.8878517940311,0.36329923482589,"Signature_3",0.983724619198649
"SIM-06040",19.0932718722466,0.244785536823674,"Signature_5",0.895571291650239
"SIM-06041",8.21887923439812,0.146765700614252,"Signature_3",0.897620837222093
"SIM-06042",25.8030482584645,0.335104522837202,"Signature_3",0.999053311728773
"SIM-06043",15.755634015982,0.350125200355156,"Signature_5",0.99947696831225
"SIM-06044",19.4662973754134,0.274173202470611,"Signature_5",0.999999999982578
"SIM-06045",18.0418574982061,0.237392861818501,"Signature_5",0.999999994156257
"SIM-06046",18.0181717298333,0.333669846848766,"Signature_3",0.997823195165662
"SIM-06047",17.1183607100406,0.295144150173113,"Signature_5",0.945706495424298
"SIM-06048",13.2352446898918,0.176469929198558,"Signature_5",0.999998023925755
"SIM-06049",12.9900665137108,0.288668144749129,"Signature_5",0.999604562303384
"SIM-06050",36.1805767044223,0.603009611740372,"Signature_3",0.999999999999785
"SIM-06051",15.4349346578357,0.266119563066132,"Signature_5",0.929511192325419
"SIM-06052",15.0607799112052,0.224787759868734,"Signature_5",0.999151852582778
"SIM-06053",29.1614477281597,0.502783581519995,"Signature_3",0.846580428430112
"SIM-06054",43.9570634985903,0.488411816651004,"Signature_3",0.999999999952157
"SIM-06055",31.3798248779108,0.468355595192699,"Signature_3",0.999994559491082
"SIM-06056",15.5646886441441,0.457784960121884,"Signature_3",0.999749785656211
"SIM-06057",0,0,"Signature_5",0.999999486775091
"SIM-06058",3.96456391089423,0.0901037252475961,"Signature_5",0.993493040149516
"SIM-06059",21.1042306800269,0.458787623478845,"Signature_3",0.976189603444039
"SIM-06060",0,0,"Signature_5",0.999999998047791
"SIM-06061",30.5857831075338,0.407810441433784,"Signature_3",0.999987866712003
"SIM-06062",23.0109468120995,0.403700821264903,"Signature_3",0.999998948796432
"SIM-06063",41.1136111256682,0.507575445995904,"Signature_3",0.999930395055171
"SIM-06064",0,0,"Signature_5",0.999999999999417
"SIM-06065",14.3977727960061,0.252592505193089,"Signature_5",0.999993536044044
"SIM-06066",27.4552176441272,0.381322467279544,"Signature_3",0.999999800305828
"SIM-06067",13.11330155107,0.312221465501667,"Signature_3",0.998912430132627
"SIM-06068",3.64026820847798,0.0627632449737583,"Signature_5",0.999936808560667
"SIM-06069",18.9537114171317,0.326788127881581,"Signature_3",0.984203146339461
"SIM-06070",22.7903836975029,0.312197036952095,"Signature_3",0.996495441127514
"SIM-06071",0,0,"Signature_5",0.999994801963308
"SIM-06072",6.47997698133431,0.0887668079634837,"Signature_5",0.999998264051491
"SIM-06073",11.6578550808958,0.259063446242128,"Signature_5",0.999716941492966
"SIM-06074",0,0,"Signature_5",0.999999994218348
"SIM-06075",0,0,"Signature_5",0.999999640639103
"SIM-06076",12.8452240399547,0.256904480799095,"Signature_5",0.999998581154391
"SIM-06077",32.7427521500659,0.385208848824304,"Signature_3",0.999899975000373
"SIM-06078",11.6573697814582,0.224180188104966,"Signature_5",0.999998353523679
"SIM-06079",1.17264532642486,0.0244301109671847,"Signature_5",0.999985435270801
"SIM-06080",10.9462247060581,0.133490545195831,"Signature_5",0.999999625305353
"SIM-06081",15.4822514429953,0.253807400704841,"Signature_5",0.999999003807988
"SIM-06082",16.6670599981405,0.264556507906992,"Signature_5",0.999999759864606
"SIM-06083",0,0,"Signature_5",0.999999982177358
"SIM-06084",10.6915973183099,0.242990848143407,"Signature_5",0.990445168722267
"SIM-06085",14.5940090683012,0.165841012139787,"Signature_5",0.999998121347104
"SIM-06086",16.6159171847607,0.426049158583609,"Signature_3",0.999996326046136
"SIM-06087",28.2807014044748,0.496152656218857,"Signature_3",0.999663287633098
"SIM-06088",32.0080649040098,0.470706836823673,"Signature_3",0.995946516466454
"SIM-06089",33.5862420432097,0.346249917971234,"Signature_3",0.980226960947162
"SIM-06090",11.3127090190283,0.221817823902516,"Signature_5",0.974169862014027
"SIM-06091",9.57558023922667,0.227990005695873,"Signature_3",0.93661560592277
"SIM-06092",0,0,"Signature_5",0.999999999997496
"SIM-06093",21.1007870795825,0.51465334340445,"Signature_3",0.999938867980232
"SIM-06094",11.6398324985397,0.363744765579366,"Signature_5",0.950724724320685
"SIM-06095",14.7252558487645,0.258337821908149,"Signature_5",0.996355837345566
"SIM-06096",0,0,"Signature_5",0.999997751737438
"SIM-06097",0,0,"Signature_5",0.999999863967119
"SIM-06098",18.1611446905719,0.442954748550533,"Signature_5",0.637396134296178
"SIM-06099",31.5377312364247,0.40432988764647,"Signature_3",0.999805035459921
"SIM-06100",9.28522153307486,0.119041301706088,"Signature_5",0.9999992905766
"SIM-06101",8.9628272130957,0.289123458486958,"Signature_3",0.936133560839615
"SIM-06102",0,0,"Signature_5",0.999999999895037
"SIM-06103",24.7802326229263,0.349017360886286,"Signature_5",0.777776827633766
"SIM-06104",14.6088930344282,0.292177860688563,"Signature_5",0.931481001975165
"SIM-06105",0,0,"Signature_5",0.999999999887733
"SIM-06106",0,0,"Signature_5",0.99994732528749
"SIM-06107",39.196132490304,0.483902870250667,"Signature_5",0.752333594900631
"SIM-06108",9.38941248470371,0.22901006060253,"Signature_5",0.996696102815166
"SIM-06109",0,0,"Signature_5",0.999999999585711
"SIM-06110",14.8891964570555,0.297783929141111,"Signature_5",0.911240760560665
"SIM-06111",4.29983173382833,0.0914857815708155,"Signature_5",0.999999465053903
"SIM-06112",0,0,"Signature_5",0.999999999824171
"SIM-06113",30.0341748227473,0.484422174560441,"Signature_5",0.907267307636191
"SIM-06114",8.32305499205813,0.132111984000923,"Signature_5",0.99999727765318
"SIM-06115",4.98673702975586,0.151113243325935,"Signature_5",0.998002290890161
"SIM-06116",18.5011350257442,0.293668809932447,"Signature_5",0.999997619382992
"SIM-06117",15.3147675738726,0.182318661593721,"Signature_5",0.999987084751007
"SIM-06118",12.621457567859,0.1705602374035,"Signature_3",0.571189313516064
"SIM-06119",0,0,"Signature_5",0.663961229333806
"SIM-06120",33.6491052598053,0.611801913814641,"Signature_3",0.999999978731422
"SIM-06121",0,0,"Signature_5",0.999999999584827
"SIM-06122",5.86792975328704,0.0961955697260171,"Signature_5",0.999995644822771
"SIM-06123",8.95224470093965,0.190473291509354,"Signature_3",0.8894451472226
"SIM-06124",12.8393483443053,0.221368074901815,"Signature_5",0.992221797308783
"SIM-06125",27.9417553234898,0.410908166521908,"Signature_3",0.607121242877772
"SIM-06126",24.8252150180641,0.394051032032764,"Signature_3",0.993483691823012
"SIM-06127",3.67682209454999,0.118607164340322,"Signature_5",0.999665735778499
"SIM-06128",28.3778698405656,0.411273475950225,"Signature_3",0.999760521861112
"SIM-06129",26.9734609888695,0.490426563433991,"Signature_5",0.99756291024732
"SIM-06130",1.37432000302635,0.0305404445116968,"Signature_5",0.999998753732553
"SIM-06131",0,0,"Signature_5",0.996852903363696
"SIM-06132",0,0,"Signature_5",0.999999374048419
"SIM-06133",0,0,"Signature_5",0.999999999998772
"SIM-06134",13.2037354136135,0.275077821116947,"Signature_3",0.642632204942033
"SIM-06135",19.450935636112,0.432243014135822,"Signature_3",0.998796907203533
"SIM-06136",10.635273239894,0.231201592171609,"Signature_5",0.99979480525113
"SIM-06137",0,0,"Signature_5",1
"SIM-06138",10.0403400763228,0.156880313692544,"Signature_5",0.999999939330009
"SIM-06139",22.8037259160795,0.288654758431386,"Signature_5",0.873484883076205
"SIM-06140",5.13188104780273,0.146625172794364,"Signature_5",0.99997607483015
"SIM-06141",6.70867850515713,0.149081744559047,"Signature_3",0.988644483327015
"SIM-06142",11.5902521636532,0.210731857520967,"Signature_5",0.991240706323451
"SIM-06143",7.98495482630461,0.126745314703248,"Signature_5",0.997287228527594
"SIM-06144",14.8374626954972,0.218197980816135,"Signature_5",0.894211465540244
"SIM-06145",34.0208126894912,0.453610835859882,"Signature_3",0.999999393830133
"SIM-06146",16.4114943675324,0.328229887350648,"Signature_3",0.646185383252568
"SIM-06147",7.21126605598737,0.110942554707498,"Signature_5",0.999718224821578
"SIM-06148",10.7705915255025,0.182552398737331,"Signature_5",0.999998230778612
"SIM-06149",2.419850706825,0.0390298501100806,"Signature_5",0.999998982687
"SIM-06150",8.74989681198431,0.171566604156555,"Signature_5",0.9999967946173
"SIM-06151",0.823377880947336,0.0228716078040927,"Signature_5",0.999998945139211
"SIM-06152",20.152454535052,0.353551833948281,"Signature_5",0.98950181872748
"SIM-06153",5.88289481144932,0.158997157066198,"Signature_5",0.99994537172974
"SIM-06154",21.4262410723951,0.255074298480894,"Signature_5",0.9881785311413
"SIM-06155",0,0,"Signature_5",0.999999999986999
"SIM-06156",2.36441078336391,0.0482532812931411,"Signature_5",0.999162161599001
"SIM-06157",7.96539838810609,0.162559150777675,"Signature_5",0.99999999938625
"SIM-06158",37.3234570193651,0.525682493230494,"Signature_3",0.999999848786103
"SIM-06159",30.4829210008671,0.441781463780682,"Signature_3",0.999999888489711
"SIM-06160",0,0,"Signature_5",1
"SIM-06161",28.748843439353,0.532385989617648,"Signature_3",0.999996459270513
"SIM-06162",10.0090588862939,0.285973111036968,"Signature_3",0.521029740402276
"SIM-06163",22.0024746141013,0.458384887793776,"Signature_3",0.872894549272328
"SIM-06164",22.188900090585,0.341367693701308,"Signature_5",0.992886133179206
"SIM-06165",33.2640561656124,0.468507833318484,"Signature_3",0.999909907594323
"SIM-06166",20.2128639228499,0.310967137274614,"Signature_5",0.9693301889156
"SIM-06167",25.7978754839821,0.385042917671374,"Signature_3",0.999999636104695
"SIM-06168",11.6768432909414,0.284801055876619,"Signature_5",0.990285697461015
"SIM-06169",5.60906357677449,0.151596312885797,"Signature_5",0.999476386119437
"SIM-06170",5.3383222504719,0.152523492870626,"Signature_5",0.998425791072827
"SIM-06171",3.70432215710561,0.0561260932894789,"Signature_5",0.999991097489637
"SIM-06172",18.1572937084807,0.279342980130472,"Signature_5",0.999503039690915
"SIM-06173",30.9736585057377,0.469297856147542,"Signature_3",0.999635481089379
"SIM-06174",29.4349839973224,0.358963219479541,"Signature_5",0.995755707990742
"SIM-06175",8.30506764230356,0.224461287629826,"Signature_5",0.999760650853198
"SIM-06176",0,0,"Signature_5",0.999923667091741
"SIM-06177",31.3720624481647,0.640246172411524,"Signature_3",0.999999999437769
"SIM-06178",0.839165490609361,0.0161377978963339,"Signature_5",0.999989785554013
"SIM-06179",5.34107610475808,0.121388093289956,"Signature_5",0.999999707893977
"SIM-06180",12.565371296702,0.216644332701759,"Signature_3",0.578082048528453
"SIM-06181",19.7506903673074,0.395013807346147,"Signature_5",0.963636139373119
"SIM-06182",16.1159129833204,0.209297571211953,"Signature_5",0.999999972785169
"SIM-06183",26.0502284871956,0.347336379829275,"Signature_3",0.995023014644282
"SIM-06184",17.795409639338,0.261697200578501,"Signature_5",0.997911066329257
"SIM-06185",15.9658912341446,0.31305669086558,"Signature_5",0.626967553113649
"SIM-06186",25.1700684819478,0.441580148806102,"Signature_5",0.848839807810025
"SIM-06187",11.2072243438485,0.238451581784012,"Signature_5",0.99999997922935
"SIM-06188",15.0862791285595,0.260108260837233,"Signature_5",0.991999760694671
"SIM-06189",42.5975893205628,0.63578491523228,"Signature_3",0.999959100676743
"SIM-06190",8.45643416493101,0.196661259649558,"Signature_5",0.911095202645145
"SIM-06191",0,0,"Signature_5",0.99999999968537
"SIM-06192",20.8445825230239,0.347409708717066,"Signature_5",0.981928809153435
"SIM-06193",18.6190237384553,0.286446519053159,"Signature_5",0.695188805613347
"SIM-06194",15.8289859335422,0.213905215318138,"Signature_5",0.999998452991438
"SIM-06195",8.59859356902808,0.126449905426883,"Signature_5",0.999999825213285
"SIM-06196",18.287278475228,0.281342745772738,"Signature_5",0.999984155244017
"SIM-06197",14.992469050169,0.277638315743871,"Signature_5",0.648747053729532
"SIM-06198",30.6264334013444,0.546900596452578,"Signature_3",0.999970041012984
"SIM-06199",20.0979226906316,0.334965378177194,"Signature_5",0.865795491848077
"SIM-06200",9.00331627477627,0.166728079162524,"Signature_5",0.994069503313856
"SIM-06201",35.2630912827835,0.45209091388184,"Signature_3",0.999997057918501
"SIM-06202",7.11512360126658,0.127055778594046,"Signature_5",0.99999984748251
"SIM-06203",27.0318583537705,0.482711756317329,"Signature_3",0.999999723265368
"SIM-06204",15.3230717123231,0.225339289887104,"Signature_5",0.657957442393444
"SIM-06205",11.4538054912692,0.148750720665833,"Signature_5",0.999999491769021
"SIM-06206",30.6123752497427,0.408165003329903,"Signature_3",0.997397230510989
"SIM-06207",0,0,"Signature_5",0.999999999085849
"SIM-06208",19.2224307155734,0.300350479930835,"Signature_3",0.999272038609874
"SIM-06209",0,0,"Signature_5",0.999998841933704
"SIM-06210",17.1446642050014,0.364780089468114,"Signature_3",0.999986524283522
"SIM-06211",24.2758702259407,0.319419345078168,"Signature_5",0.999996118910458
"SIM-06212",32.474360673842,0.463919438197743,"Signature_3",0.99999735276212
"SIM-06213",0,0,"Signature_5",0.999999999962076
"SIM-06214",0,0,"Signature_5",0.999951648732705
"SIM-06215",10.5726852741094,0.128935186269627,"Signature_5",0.999999944317755
"SIM-06216",0,0,"Signature_5",0.999203143659777
"SIM-06217",19.4358766154043,0.285821714932415,"Signature_5",0.999996604519452
"SIM-06218",6.29983849233593,0.106776923598914,"Signature_5",0.99997285857668
"SIM-06219",0,0,"Signature_5",0.999999999945634
"SIM-06220",37.3256960641658,0.59247136609787,"Signature_3",0.999999783738321
"SIM-06221",51.2661007753441,0.582569326992547,"Signature_3",0.999999999999999
"SIM-06222",6.53935277902394,0.233548313536569,"Signature_3",0.560662305976911
"SIM-06223",30.2399726858441,0.438260473707885,"Signature_5",0.989986857666721
"SIM-06224",18.207082441451,0.263870760021029,"Signature_5",0.996071269096559
"SIM-06225",25.0280449718138,0.281213988447346,"Signature_5",0.999645707938083
"SIM-06226",1.47602897635737,0.295205795271475,"Signature_3",0.991886624424351
"SIM-06227",9.05013458952393,0.170757256406112,"Signature_5",0.999999944007888
"SIM-06228",0,0,"Signature_5",0.999999999967744
"SIM-06229",23.1588837301044,0.503453994132704,"Signature_3",0.999909344682345
"SIM-06230",23.4600594373751,0.317027830234799,"Signature_3",0.917835782409794
"SIM-06231",19.3406633388587,0.27240370899801,"Signature_5",0.999999006859652
"SIM-06232",31.2641981720708,0.665195705788739,"Signature_3",0.977092071654662
"SIM-06233",14.6822547668319,0.181262404528789,"Signature_5",0.999999999989378
"SIM-06234",8.14295699939646,0.150795499988823,"Signature_5",0.99999992534626
"SIM-06235",0,0,"Signature_5",0.999983509479707
"SIM-06236",14.4403190646677,0.253338930959082,"Signature_5",0.987929907185832
"SIM-06237",0,0,"Signature_5",0.998947775504131
"SIM-06238",20.1989065952994,0.325788816053217,"Signature_3",0.999543959052873
"SIM-06239",11.1777701302825,0.177424922702897,"Signature_5",0.982180214341306
"SIM-06240",14.0743756019604,0.299454800041711,"Signature_3",0.999939037503819
"SIM-06241",0,0,"Signature_5",0.999999999999683
"SIM-06242",0,0,"Signature_5",0.998804233611683
"SIM-06243",0,0,"Signature_5",0.999999999795031
"SIM-06244",16.9771220482167,0.176845021335591,"Signature_5",0.999999814758003
"SIM-06245",12.7848804121514,0.202934609716688,"Signature_3",0.899931047167439
"SIM-06246",0,0,"Signature_5",0.834406449488929
"SIM-06247",27.0261939367527,0.614231680380744,"Signature_3",0.999999958268915
"SIM-06248",14.4652324024148,0.241087206706914,"Signature_5",0.885226645345393
"SIM-06249",0,0,"Signature_5",0.996534127918515
"SIM-06250",25.8525832159603,0.453554091508075,"Signature_3",0.999992290294324
"SIM-06251",4.91957290612183,0.0863082965986285,"Signature_5",0.999999020745177
"SIM-06252",8.58212929706512,0.373136056394136,"Signature_5",0.998678343825158
"SIM-06253",7.56917596720008,0.0850469209797762,"Signature_5",0.999999999993879
"SIM-06254",0,0,"Signature_5",0.999998931170207
"SIM-06255",19.9175564639293,0.326517319080809,"Signature_3",0.958872211580283
"SIM-06256",29.1618025378473,0.416597179112104,"Signature_3",0.999066080243737
"SIM-06257",43.5243000182093,0.478289011189113,"Signature_3",0.834933756563669
"SIM-06258",12.0337843937175,0.197275153995368,"Signature_5",0.999982169809943
"SIM-06259",0,0,"Signature_5",0.999999999999958
"SIM-06260",25.9536860729326,0.376140377868589,"Signature_5",0.99999999991095
"SIM-06261",0,0,"Signature_5",0.999999988248295
"SIM-06262",24.6509787736249,0.337684640734587,"Signature_3",0.919420489755943
"SIM-06263",34.6199616555691,0.47424605007629,"Signature_3",0.999999943858097
"SIM-06264",5.17839860933384,0.101537227633997,"Signature_5",0.999999961616238
"SIM-06265",18.366479421949,0.437297129094025,"Signature_3",0.999917478461042
"SIM-06266",0,0,"Signature_5",0.999999999999108
"SIM-06267",21.3774408411258,0.314374130016556,"Signature_5",0.82283531953445
"SIM-06268",13.8252049875197,0.238365603233098,"Signature_5",0.999998601869266
"SIM-06269",13.5004909739963,0.190147760197131,"Signature_5",0.99999996900001
"SIM-06270",26.491415352952,0.344044355233143,"Signature_5",0.98275101619304
"SIM-06271",18.3044132893804,0.247356936342979,"Signature_5",0.999995364837332
"SIM-06272",16.9027879978785,0.286487932167432,"Signature_3",0.954863636256865
"SIM-06273",0,0,"Signature_5",0.99999208713979
"SIM-06274",5.13902813978184,0.0886039334445144,"Signature_3",0.821195861654313
"SIM-06275",17.1444664089961,0.329701277096078,"Signature_3",0.995715040283293
"SIM-06276",16.2461332194309,0.246153533627742,"Signature_5",0.999999697959147
"SIM-06277",18.3965798038832,0.270537938292399,"Signature_3",0.996530005761759
"SIM-06278",35.5479936756192,0.623649011852969,"Signature_3",0.999666824211055
"SIM-06279",0.0326027330562392,0.000881154947465924,"Signature_5",0.99999347820474
"SIM-06280",10.5026138324177,0.169396997297059,"Signature_5",0.999997526995802
"SIM-06281",9.73480469505703,0.183675560284095,"Signature_5",0.999995527462929
"SIM-06282",9.13211812179637,0.157450312444765,"Signature_5",0.977534197944616
"SIM-06283",26.3642418768698,0.399458210255603,"Signature_5",0.999637102361042
"SIM-06284",7.99580407283998,0.140277264435789,"Signature_5",0.999999999443501
"SIM-06285",14.6314934180738,0.16626697065993,"Signature_5",0.999949508556283
"SIM-06286",19.2362670246499,0.320604450410832,"Signature_3",0.846963311981217
"SIM-06287",7.67020641932024,0.11800317568185,"Signature_5",0.999915680873318
"SIM-06288",6.12408349266928,0.124981295768761,"Signature_5",0.999992328219197
"SIM-06289",1.28721011788754,0.0299351190206406,"Signature_5",0.999921680411017
"SIM-06290",11.3019652121367,0.251154782491926,"Signature_5",0.999999248867145
"SIM-06291",10.2475888279251,0.232899746089207,"Signature_5",0.817151043339541
"SIM-06292",0,0,"Signature_5",0.999999959848271
"SIM-06293",26.6733943788581,0.329301165171087,"Signature_5",0.999999780002395
"SIM-06294",0,0,"Signature_5",0.999999999988273
"SIM-06295",0,0,"Signature_5",0.999999999999809
"SIM-06296",19.0239158396991,0.271770226281416,"Signature_5",0.940670690039918
"SIM-06297",14.4451391071282,0.249054122536694,"Signature_5",0.999872859286632
"SIM-06298",0,0,"Signature_5",0.999999999634251
"SIM-06299",10.8238967917297,0.230295676419782,"Signature_3",0.939949768510158
"SIM-06300",21.253754217888,0.308025423447653,"Signature_3",0.836318230669476
"SIM-06301",6.55184206094757,0.0977886874768294,"Signature_5",0.999999832351424
"SIM-06302",19.7936821543754,0.412368378216154,"Signature_5",0.696062652285625
"SIM-06303",0,0,"Signature_5",0.999977133011457
"SIM-06304",4.46691769363368,0.0666704133378161,"Signature_5",0.999999993678422
"SIM-06305",9.08740285761467,0.165225506502085,"Signature_5",0.999994708448566
"SIM-06306",3.57750178514955,0.0550384890023008,"Signature_5",0.999999968847694
"SIM-06307",18.9326052158775,0.402821387571861,"Signature_3",0.999999936883387
"SIM-06308",16.8505670111253,0.263290109548833,"Signature_3",0.999999327091046
"SIM-06309",0,0,"Signature_5",0.999878681636741
"SIM-06310",13.8807421970003,0.322807958069774,"Signature_3",0.506850887812568
"SIM-06311",10.5600960174456,0.167620571705485,"Signature_5",0.998562835831689
"SIM-06312",6.3871401288952,0.125238041743043,"Signature_5",0.972542068001382
"SIM-06313",5.34607655357104,0.267303827678552,"Signature_5",0.999407695222034
"SIM-06314",15.6180251559789,0.260300419266316,"Signature_3",0.555993159650616
"SIM-06315",20.9543811952473,0.283167313449288,"Signature_5",0.999331143611041
"SIM-06316",17.9127389172757,0.42649378374466,"Signature_3",0.993541289051687
"SIM-06317",20.8735161091461,0.257697729742544,"Signature_5",0.983104047585882
"SIM-06318",10.1827078927663,0.282852997021287,"Signature_3",0.996519084192126
"SIM-06319",18.8338219700158,0.289751107231013,"Signature_3",0.878585315663063
"SIM-06320",12.9131774966289,0.215219624943815,"Signature_5",0.984436334281095
"SIM-06321",22.155160800439,0.295402144005853,"Signature_5",0.829828513454623
"SIM-06322",0,0,"Signature_5",0.999964147396796
"SIM-06323",23.1325784072515,0.413081757272349,"Signature_3",0.847469313502265
"SIM-06324",17.0991977542638,0.417053603762531,"Signature_3",0.999897354404971
"SIM-06325",8.89549504597501,0.11704598744704,"Signature_5",0.999991068816286
"SIM-06326",19.4615377260002,0.397174239306127,"Signature_5",0.999545327068669
"SIM-06327",0,0,"Signature_5",0.999999663123457
"SIM-06328",0,0,"Signature_5",0.999999999945538
"SIM-06329",0,0,"Signature_5",0.998656479615671
"SIM-06330",19.4909743059499,0.274520764872534,"Signature_5",0.959078948646755
"SIM-06331",12.9979733422471,0.333281367749926,"Signature_3",0.971056122642589
"SIM-06332",0,0,"Signature_5",0.999545567081675
"SIM-06333",0,0,"Signature_5",0.99999999999513
"SIM-06334",14.8748724962027,0.19070349354106,"Signature_3",0.940596323722624
"SIM-06335",27.4554076494959,0.428990744523374,"Signature_3",0.999999858733253
"SIM-06336",15.0290849708609,0.254730253743404,"Signature_5",0.974908675210624
"SIM-06337",6.42316545358072,0.105297794320995,"Signature_5",0.999758149273653
"SIM-06338",0,0,"Signature_5",1
"SIM-06339",21.6039873582851,0.348451409004598,"Signature_5",0.999958021774779
"SIM-06340",12.0802625733541,0.309750322393695,"Signature_5",0.99996979156264
"SIM-06341",7.16979476128053,0.149370724193344,"Signature_5",0.999999285113752
"SIM-06342",0,0,"Signature_5",0.999999999928796
"SIM-06343",24.670977095574,0.666783164745243,"Signature_3",0.915600752045298
"SIM-06344",18.2745207295952,0.272754040740226,"Signature_5",0.999779290109758
"SIM-06345",0,0,"Signature_5",0.999999999668773
"SIM-06346",0,0,"Signature_5",0.99999999776424
"SIM-06347",1.14290672808906,0.0175831804321394,"Signature_5",0.99999996699538
"SIM-06348",16.7261190828488,0.235579142011955,"Signature_3",0.999706431855829
"SIM-06349",27.6028165899301,0.378120775204522,"Signature_3",0.99972013929442
"SIM-06350",7.65356229057319,0.098122593468887,"Signature_5",0.999502513365117
"SIM-06351",42.3408485212089,0.769833609476526,"Signature_3",0.99999999326481
"SIM-06352",0,0,"Signature_5",0.990881935930905
"SIM-06353",14.4971241298776,0.207101773283966,"Signature_3",0.99999909125371
"SIM-06354",8.53792712267773,0.142298785377962,"Signature_5",0.999865377073106
"SIM-06355",5.34025608368832,0.106805121673766,"Signature_5",0.952918030853231
"SIM-06356",9.57688425990687,0.330237388272651,"Signature_5",0.860104289511543
"SIM-06357",23.0425945664095,0.523695331054761,"Signature_3",0.998280350251277
"SIM-06358",2.45796849943879,0.054621522209751,"Signature_5",0.999998842881463
"SIM-06359",15.2933673995873,0.20666712702145,"Signature_5",0.999999971486123
"SIM-06360",20.8160611059349,0.263494444378923,"Signature_5",0.999985460792905
"SIM-06361",32.0503758805963,0.416238647799952,"Signature_3",0.994505955049797
"SIM-06362",13.0876772214883,0.20134888033059,"Signature_5",0.999996911700769
"SIM-06363",40.5278723844439,0.51958810749287,"Signature_3",0.999288715762986
"SIM-06364",17.9731556437357,0.249627161718552,"Signature_3",0.856559778498109
"SIM-06365",38.0247480449191,0.427244360055271,"Signature_5",0.999778437912613
"SIM-06366",15.6335182663869,0.240515665636722,"Signature_5",0.999033257182223
"SIM-06367",2.08188145754212,0.0650587955481911,"Signature_5",0.999997249228509
"SIM-06368",41.8285343836858,0.565250464644402,"Signature_3",0.999999999986318
"SIM-06369",27.5043889809015,0.429756077826585,"Signature_3",0.985163640082099
"SIM-06370",28.2329951715959,0.448142780501523,"Signature_3",0.999999769179408
"SIM-06371",32.4725975646657,0.463894250923795,"Signature_3",0.999999976217355
"SIM-06372",19.749487310159,0.294768467315806,"Signature_3",0.640586250521092
"SIM-06373",11.0444806908542,0.216558444918711,"Signature_5",0.999999994601735
"SIM-06374",6.75052406422574,0.182446596330425,"Signature_5",0.896084428611444
"SIM-06375",15.0049541793984,0.197433607623663,"Signature_5",0.990512192612176
"SIM-06376",22.7057926890003,0.454115853780006,"Signature_5",0.942178514017818
"SIM-06377",19.5070261207547,0.342228528434293,"Signature_3",0.9538872708146
"SIM-06378",0,0,"Signature_5",0.999997984078198
"SIM-06379",16.8523596819949,0.312080734851757,"Signature_5",0.999745626385084
"SIM-06380",12.9035049763121,0.204817539306542,"Signature_5",0.999965265751675
"SIM-06381",9.84439174535009,0.169730892161208,"Signature_5",0.891048381385075
"SIM-06382",17.1354293328054,0.295438436772506,"Signature_5",0.999999882573771
"SIM-06383",0,0,"Signature_5",0.999999999999994
"SIM-06384",22.7916873058693,0.361772814378878,"Signature_3",0.986445412678082
"SIM-06385",19.3085308793694,0.378598644693518,"Signature_3",0.554590411479364
"SIM-06386",23.1288867063139,0.405769942216034,"Signature_5",0.994050793183484
"SIM-06387",18.5490628246809,0.223482684634709,"Signature_5",0.999999520861549
"SIM-06388",0,0,"Signature_5",0.999999986205424
"SIM-06389",23.8536966956727,0.287393936092442,"Signature_3",0.991333967885341
"SIM-06390",28.3333155102403,0.314814616780447,"Signature_5",0.999709423594369
"SIM-06391",10.6312929195613,0.141750572260817,"Signature_5",0.999972760971395
"SIM-06392",0,0,"Signature_5",0.999999999573105
"SIM-06393",8.06782559625985,0.196776234055118,"Signature_5",0.999985887242719
"SIM-06394",35.1700365240914,0.541077484986021,"Signature_3",0.999993520398579
"SIM-06395",0,0,"Signature_5",0.999999494723073
"SIM-06396",10.1512216276927,0.149282670995481,"Signature_5",0.999999999926631
"SIM-06397",2.17704828282586,0.0659711600856322,"Signature_5",0.999998712875397
"SIM-06398",28.7016380722646,0.345802868340537,"Signature_5",0.999922838166015
"SIM-06399",2.19393746204935,0.0371853807127008,"Signature_5",0.999999959434473
"SIM-06400",11.9821861057626,0.176208619202392,"Signature_5",0.999999999810188
"SIM-06401",0,0,"Signature_5",0.979740552871147
"SIM-06402",10.1976351761931,0.172841274172765,"Signature_5",0.613182854618561
"SIM-06403",0,0,"Signature_5",0.999995589477895
"SIM-06404",29.1474538565287,0.399280189815461,"Signature_3",0.903252083735548
"SIM-06405",39.9110631678009,0.643726825287111,"Signature_3",0.999999994349373
"SIM-06406",10.0612283340305,0.145814903391746,"Signature_5",0.999165400586936
"SIM-06407",15.5372637590533,0.212839229576073,"Signature_5",0.999999492099132
"SIM-06408",0,0,"Signature_5",0.999999999999399
"SIM-06409",2.72050621465866,0.055520534993034,"Signature_5",0.999999836863342
"SIM-06410",16.9313837720207,0.225751783626943,"Signature_3",0.753264181147542
"SIM-06411",34.4418351172393,0.499157030684628,"Signature_3",0.999960123345447
"SIM-06412",15.0053855939543,0.333453013198985,"Signature_5",0.997781322223386
"SIM-06413",36.5745309035311,0.457181636294138,"Signature_3",0.999989673121085
"SIM-06414",17.3005594081535,0.368097008684118,"Signature_3",0.502677897463567
"SIM-06415",37.8212894725651,0.548134630037175,"Signature_3",0.999999537676039
"SIM-06416",32.3779278486579,0.431705704648772,"Signature_3",0.999999924498708
"SIM-06417",0,0,"Signature_5",0.999999919186569
"SIM-06418",15.4487587147234,0.203273140983203,"Signature_5",0.99999999999073
"SIM-06419",0,0,"Signature_5",0.981122400541103
"SIM-06420",0,0,"Signature_5",0.999976239985424
"SIM-06421",0,0,"Signature_5",0.999999999999996
"SIM-06422",5.52928301920347,0.0757436030027872,"Signature_5",0.998678094723913
"SIM-06423",13.857846482657,0.200838354821116,"Signature_5",0.999967201885541
"SIM-06424",8.15973637957901,0.12178711014297,"Signature_5",0.997544178347145
"SIM-06425",25.9029768310481,0.375405461319538,"Signature_5",0.590792275248698
"SIM-06426",0,0,"Signature_5",0.999944631031593
"SIM-06427",26.0184216237458,0.377078574257186,"Signature_5",0.99965554405565
"SIM-06428",5.73083054109967,0.136448346216659,"Signature_5",0.999996892578312
"SIM-06429",37.9341215616762,0.457037609176822,"Signature_3",0.999982190909553
"SIM-06430",12.0014526861217,0.181840192213964,"Signature_5",0.999999972116944
"SIM-06431",5.12197026808245,0.0984994282323547,"Signature_5",0.997941245278535
"SIM-06432",24.0144278859813,0.453102412943043,"Signature_3",0.996737974532353
"SIM-06433",6.76825613536989,0.116694071299481,"Signature_5",0.984666646023143
"SIM-06434",20.4114780170388,0.351922034776532,"Signature_5",0.999648975164407
"SIM-06435",0,0,"Signature_5",0.999999320118293
"SIM-06436",12.675893963359,0.195013753282445,"Signature_5",0.999997225972869
"SIM-06437",32.1068773929948,0.544184362593132,"Signature_3",0.999992043195164
"SIM-06438",24.1394854879869,0.383166436317252,"Signature_3",0.997254405656712
"SIM-06439",13.962736611424,0.398935331754971,"Signature_3",0.999999274875993
"SIM-06440",10.9801213096821,0.207172100182681,"Signature_5",0.848498521274663
"SIM-06441",0,0,"Signature_5",0.999964206897523
"SIM-06442",0,0,"Signature_5",0.9999997121254
"SIM-06443",30.9044149893331,0.305984306825081,"Signature_5",0.997770522714559
"SIM-06444",13.042991887624,0.228824419081122,"Signature_3",0.991441010706821
"SIM-06445",25.3137159396655,0.460249380721191,"Signature_3",0.694787486706101
"SIM-06446",0,0,"Signature_5",0.99999999870854
"SIM-06447",24.8360243587184,0.335621950793492,"Signature_5",0.999999668993686
"SIM-06448",6.15800751393247,0.0843562673141434,"Signature_5",0.859654249938002
"SIM-06449",29.5271805384229,0.461362195912858,"Signature_3",0.999421581933038
"SIM-06450",0,0,"Signature_5",0.997543657024371
"SIM-06451",10.6550302949621,0.266375757374054,"Signature_5",0.9591438330895
"SIM-06452",4.91731722910982,0.140494777974566,"Signature_5",0.999434666061019
"SIM-06453",16.6102659294023,0.437112261300059,"Signature_3",0.999994346540328
"SIM-06454",31.3523965052574,0.489881195394647,"Signature_3",0.999999996127978
"SIM-06455",18.6442247512353,0.310737079187255,"Signature_5",0.937214469401957
"SIM-06456",0,0,"Signature_5",0.999997938837715
"SIM-06457",16.3480937945911,0.18790912407576,"Signature_5",0.999999766447006
"SIM-06458",12.7092337868077,0.195526673643195,"Signature_5",0.99999994292592
"SIM-06459",8.57557749193821,0.182459095573153,"Signature_5",0.999483820057488
"SIM-06460",53.0311353129453,0.589234836810504,"Signature_3",0.999999999219311
"SIM-06461",16.1959582215051,0.404898955537628,"Signature_3",0.984833191447673
"SIM-06462",14.246266567515,0.259023028500272,"Signature_5",0.99995072797484
"SIM-06463",18.148259128046,0.318390511018351,"Signature_5",0.999061940894474
"SIM-06464",12.2810101605835,0.219303752867563,"Signature_5",0.60105319105719
"SIM-06465",18.7049651271578,0.306638772576357,"Signature_5",0.983108725750588
"SIM-06466",22.3685351182402,0.333858733108063,"Signature_5",0.999997375295648
"SIM-06467",0,0,"Signature_5",0.87780925229794
"SIM-06468",17.3738498916059,0.377692388947954,"Signature_5",0.721587906667608
"SIM-06469",12.6944853928035,0.183978049171065,"Signature_5",0.999999898550506
"SIM-06470",27.588100000931,0.540943137273158,"Signature_3",0.994150380750493
"SIM-06471",12.9853696720571,0.212874912656673,"Signature_5",0.999999897989809
"SIM-06472",10.0867868353449,0.272615860414728,"Signature_5",0.997363969985008
"SIM-06473",0,0,"Signature_5",0.999984678457698
"SIM-06474",8.79398643303305,0.0955868090547071,"Signature_5",0.999999999999622
"SIM-06475",25.6524119400505,0.366463027715008,"Signature_3",0.993567661584804
"SIM-06476",0,0,"Signature_5",0.999999424156179
"SIM-06477",42.2973032128822,0.693398413325938,"Signature_3",0.999999999986641
"SIM-06478",11.2168147784852,0.26085615763919,"Signature_5",0.999517113766851
"SIM-06479",21.2709144713498,0.31747633539328,"Signature_5",0.941430223966923
"SIM-06480",0,0,"Signature_5",0.948818438163234
"SIM-06481",11.5672455425064,0.210313555318298,"Signature_5",0.999999817069898
"SIM-06482",15.1827884762559,0.474462139882997,"Signature_5",0.907210775105962
"SIM-06483",2.9792728943701,0.0608014876402061,"Signature_5",0.999999997722782
"SIM-06484",19.748754606635,0.580845723724559,"Signature_3",0.999653887850336
"SIM-06485",23.6131268477393,0.562217305898554,"Signature_3",0.765313672771482
"SIM-06486",0,0,"Signature_5",0.999999999915392
"SIM-06487",0,0,"Signature_5",0.999999999970836
"SIM-06488",13.0010162781386,0.164569826305552,"Signature_5",0.999999999850477
"SIM-06489",12.1575528675761,0.199304145370099,"Signature_5",0.999652921995938
"SIM-06490",10.2052608435928,0.137908930318822,"Signature_5",0.999999958307379
"SIM-06491",6.79967260600071,0.113327876766679,"Signature_5",0.999999999684505
"SIM-06492",13.6110044628791,0.230694990896255,"Signature_5",0.999242263263733
"SIM-06493",28.0906651859395,0.510739367017082,"Signature_3",0.999883045921542
"SIM-06494",32.0345207744834,0.508484456737832,"Signature_3",0.997755463343505
"SIM-06495",22.4502859528103,0.325366463084208,"Signature_3",0.999836759674711
"SIM-06496",0,0,"Signature_5",0.999999997505125
"SIM-06497",1.35239645275021,0.050088757509267,"Signature_5",0.936912790356921
"SIM-06498",10.5957521325364,0.160541698977824,"Signature_5",0.999913506330914
"SIM-06499",7.28764616561289,0.14872747276761,"Signature_5",0.997769309403437
"SIM-06500",41.6840444881904,0.484698191723144,"Signature_3",0.999999263829713
"SIM-06501",0.413383300821164,0.0087953893791737,"Signature_5",0.99999955356698
"SIM-06502",13.5154257650692,0.293813603588461,"Signature_5",0.736779181507313
"SIM-06503",16.0379649250137,0.327305406632933,"Signature_3",0.845788363205973
"SIM-06504",3.72888437106267,0.0690534142789384,"Signature_5",0.999999993937806
"SIM-06505",15.7835964717377,0.216213650297777,"Signature_5",0.999502173143969
"SIM-06506",7.60630470077627,0.195033453866058,"Signature_5",0.629668067367837
"SIM-06507",13.2304193412217,0.240553078931304,"Signature_5",0.998582850274225
"SIM-06508",19.513065248803,0.354783004523691,"Signature_3",0.998204718120614
"SIM-06509",28.8318387329369,0.423997628425543,"Signature_3",0.998917874190994
"SIM-06510",14.3912456470415,0.235922059787566,"Signature_5",0.999714504413138
"SIM-06511",5.50085849081653,0.0774768801523455,"Signature_5",0.999999974554571
"SIM-06512",11.8762885404752,0.17725803791754,"Signature_5",0.999995183954319
"SIM-06513",8.05021472991076,0.143753834462692,"Signature_5",0.981783126044907
"SIM-06514",15.343261417784,0.29506271957277,"Signature_5",0.999999995127172
"SIM-06515",16.5956145056289,0.272059254190638,"Signature_5",0.998253663508753
"SIM-06516",0,0,"Signature_5",0.999999994327027
"SIM-06517",27.1332306992425,0.334978156780772,"Signature_5",0.999999999784858
"SIM-06518",14.5627344194968,0.217354245067116,"Signature_5",0.999998859865325
"SIM-06519",18.7204630223365,0.346675241154379,"Signature_3",0.999999570509197
"SIM-06520",10.7372167683484,0.214744335366969,"Signature_5",0.853200739037884
"SIM-06521",38.1547759467989,0.40162922049262,"Signature_5",0.997624168163602
"SIM-06522",17.260786054153,0.367250767109638,"Signature_3",0.995425414712059
"SIM-06523",19.9298572810714,0.349646618966165,"Signature_5",0.999999999440024
"SIM-06524",7.32002611319069,0.0690568501244404,"Signature_5",0.999999999999997
"SIM-06525",9.66287461405347,0.268413183723708,"Signature_5",0.955910507619003
"SIM-06526",23.5161492799078,0.36743983249856,"Signature_3",0.993895703524982
"SIM-06527",29.5185163961343,0.517868708704111,"Signature_3",0.988183429410678
"SIM-06528",27.3232184617649,0.359516032391643,"Signature_5",0.999999940635824
"SIM-06529",0,0,"Signature_5",0.999999999997647
"SIM-06530",24.0135708159585,0.407009674846755,"Signature_3",0.999299157181902
"SIM-06531",4.90514243890533,0.0845714213604367,"Signature_5",0.999999973429222
"SIM-06532",37.5286530789051,0.487385104920845,"Signature_5",0.994687498293122
"SIM-06533",8.06989897479191,0.149442573607258,"Signature_5",0.999965085865937
"SIM-06534",12.4363445825287,0.234648010991108,"Signature_3",0.89176504022097
"SIM-06535",0,0,"Signature_5",0.999999999999996
"SIM-06536",22.4713770224266,0.325672130759806,"Signature_5",0.999998504749887
"SIM-06537",0,0,"Signature_5",1
"SIM-06538",5.61959295353431,0.0826410728460928,"Signature_5",0.999709804069744
"SIM-06539",23.3522151530596,0.382823199230485,"Signature_5",0.993231745665645
"SIM-06540",11.1291623504086,0.137397066054427,"Signature_5",0.999999156377872
"SIM-06541",33.5881029005678,0.460110998637916,"Signature_3",0.999999999054151
"SIM-06542",21.9645249594066,0.285253570901384,"Signature_5",0.998242215098974
"SIM-06543",17.1159880862905,0.241070254736486,"Signature_5",0.99993963172199
"SIM-06544",0,0,"Signature_5",0.999976677086643
"SIM-06545",0,0,"Signature_5",0.997800893593848
"SIM-06546",24.6776190514506,0.385587797678916,"Signature_3",0.998884348008166
"SIM-06547",26.8388538075288,0.335485672594111,"Signature_3",0.999789051372475
"SIM-06548",0,0,"Signature_5",1
"SIM-06549",0,0,"Signature_5",0.999999597969678
"SIM-06550",0,0,"Signature_5",0.999999996890323
"SIM-06551",25.8337695201072,0.43056282533512,"Signature_3",0.999980289765324
"SIM-06552",22.7521288686496,0.34472922528257,"Signature_5",0.992555140592187
"SIM-06553",19.7017214536736,0.229089784345042,"Signature_5",0.999791465376248
"SIM-06554",21.0682874875625,0.288606677911815,"Signature_5",0.857845760953465
"SIM-06555",0,0,"Signature_5",0.954822291034989
"SIM-06556",11.0024199957953,0.239183043386854,"Signature_5",0.999999840396244
"SIM-06557",12.4515493403846,0.191562297544378,"Signature_5",0.999999988612
"SIM-06558",7.28959219102189,0.0971945625469586,"Signature_5",0.999999999393574
"SIM-06559",12.2723092514913,0.163630790019884,"Signature_5",0.999999934396584
"SIM-06560",0,0,"Signature_5",0.999982635932624
"SIM-06561",15.1400874799305,0.344092897271148,"Signature_3",0.51209995879091
"SIM-06562",18.9602825853693,0.364620818949409,"Signature_5",0.98464891357661
"SIM-06563",31.9176668957637,0.491041029165595,"Signature_3",0.999850039890306
"SIM-06564",13.7950283775727,0.255463488473569,"Signature_5",0.999977296614587
"SIM-06565",15.4258800748809,0.33534521901915,"Signature_3",0.998785607873525
"SIM-06566",16.9691437021211,0.287612605120696,"Signature_3",0.980280379081162
"SIM-06567",0,0,"Signature_5",0.999999994050162
"SIM-06568",8.95603688110731,0.175608566296222,"Signature_5",0.997767738372191
"SIM-06569",2.93949874004657,0.0426014310151677,"Signature_5",0.999999999999912
"SIM-06570",29.2593788409431,0.417991126299187,"Signature_5",0.971580501572702
"SIM-06571",16.9693300860544,0.435111027847548,"Signature_3",0.99999592387788
"SIM-06572",26.6591789645014,0.346223103435083,"Signature_3",0.999738384754456
"SIM-06573",22.7961309503932,0.414475108188966,"Signature_3",0.999980426974562
"SIM-06574",23.9563308546423,0.368558936225266,"Signature_3",0.999983576166826
"SIM-06575",27.4085244533169,0.559357641904426,"Signature_3",0.999999995562289
"SIM-06576",23.0682605309294,0.427190009832025,"Signature_3",0.999978441548274
"SIM-06577",21.2935576006526,0.483944490923922,"Signature_3",0.882512070662793
"SIM-06578",26.689344889113,0.317730296298964,"Signature_5",0.927523587480283
"SIM-06579",14.2101510350531,0.24500260405264,"Signature_3",0.910783595328422
"SIM-06580",8.11390512919937,0.153092549607535,"Signature_5",0.999999983983959
"SIM-06581",11.3581206862806,0.246915667093056,"Signature_5",0.996029036715591
"SIM-06582",22.0477758073491,0.551194395183727,"Signature_3",0.996956053664878
"SIM-06583",18.8205433448004,0.26886490492572,"Signature_3",0.999856013017606
"SIM-06584",0,0,"Signature_5",0.999814088922653
"SIM-06585",11.1115165445394,0.123461294939326,"Signature_5",0.999997976228162
"SIM-06586",27.6976942440607,0.355098644154624,"Signature_3",0.999999834810757
"SIM-06587",0,0,"Signature_5",0.999535577960741
"SIM-06588",44.7876852265764,0.552934385513289,"Signature_3",0.999999999582818
"SIM-06589",10.7586776711259,0.27586353002887,"Signature_5",0.977981800116526
"SIM-06590",16.1914025523495,0.415164168008961,"Signature_5",0.999580946085857
"SIM-06591",26.110733951599,0.326384174394988,"Signature_3",0.941464828773579
"SIM-06592",8.32444011270626,0.106723591188542,"Signature_5",0.999999999958617
"SIM-06593",14.1652294263386,0.289086314823238,"Signature_5",0.999900676926594
"SIM-06594",12.7858036216962,0.32784111850503,"Signature_3",0.99999539771789
"SIM-06595",10.1507964275869,0.199035224070332,"Signature_5",0.999897922266193
"SIM-06596",22.5251087286275,0.285127958590221,"Signature_5",0.99999989475174
"SIM-06597",7.04666778733894,0.16015154062134,"Signature_5",0.998971748419312
"SIM-06598",23.5951250798691,0.429002274179438,"Signature_3",0.999991868861368
"SIM-06599",0,0,"Signature_5",0.999999754562446
"SIM-06600",18.6685739998588,0.259285749998039,"Signature_5",0.989291097856992
"SIM-06601",25.486641542389,0.392102177575215,"Signature_3",0.999345089041165
"SIM-06602",14.962382377508,0.21684612141316,"Signature_5",0.999998006684339
"SIM-06603",11.9801296832744,0.190160788623404,"Signature_5",0.879541093619194
"SIM-06604",3.79978254658093,0.0612868152674344,"Signature_5",0.999999301752844
"SIM-06605",0,0,"Signature_5",0.999983613291718
"SIM-06606",30.8443473356857,0.41125796447581,"Signature_5",0.831931961379477
"SIM-06607",0,0,"Signature_5",0.99999285576113
"SIM-06608",33.0088073464032,0.55014678910672,"Signature_3",0.999999999715013
"SIM-06609",0,0,"Signature_5",0.999999985559957
"SIM-06610",36.3261565797668,0.427366547997257,"Signature_3",0.999999994403929
"SIM-06611",22.5712366304564,0.358273597308831,"Signature_5",0.983847455695912
"SIM-06612",16.4009711072981,0.256265173551532,"Signature_3",0.999523107023023
"SIM-06613",23.0916830130459,0.444070827173959,"Signature_3",0.99992958323742
"SIM-06614",7.36358840514129,0.188809959106187,"Signature_3",0.615407365070616
"SIM-06615",14.7092661917061,0.334301504356956,"Signature_5",0.989609506126431
"SIM-06616",0,0,"Signature_5",0.999999993881665
"SIM-06617",21.4681248666664,0.35193647322404,"Signature_5",0.999929769788474
"SIM-06618",12.0526824668262,0.211450569593442,"Signature_5",0.987282201359824
"SIM-06619",14.3532051990696,0.377715926291306,"Signature_3",0.581842723824179
"SIM-06620",29.2512331723104,0.352424496051932,"Signature_3",0.883932760063508
"SIM-06621",18.0087309809945,0.360174619619891,"Signature_5",0.993088500148881
"SIM-06622",12.5732638765982,0.246534585815652,"Signature_3",0.998256835641872
"SIM-06623",0,0,"Signature_5",0.999990782980049
"SIM-06624",29.159126668302,0.394042252274351,"Signature_3",0.936891134402517
"SIM-06625",0,0,"Signature_5",0.999992633253817
"SIM-06626",23.7688850294297,0.457093942873647,"Signature_3",0.999999671741373
"SIM-06627",15.2127166128046,0.227055471832905,"Signature_5",0.996387199368591
"SIM-06628",16.1817600816737,0.265274755437275,"Signature_5",0.999171460504776
"SIM-06629",12.2769527301319,0.186014435305029,"Signature_5",0.999997596242369
"SIM-06630",44.5572667102005,0.469023860107374,"Signature_3",0.999827132816155
"SIM-06631",5.21017206632331,0.0651271508290414,"Signature_5",0.999999609595623
"SIM-06632",13.5500991547863,0.215080938964861,"Signature_5",0.999882661814457
"SIM-06633",13.7662789913253,0.186030797180071,"Signature_5",0.989675283302713
"SIM-06634",20.6122230599665,0.332455210644621,"Signature_3",0.991662726590247
"SIM-06635",10.2613919101761,0.162879236669463,"Signature_3",0.973665026129007
"SIM-06636",22.6155066529733,0.309801460999635,"Signature_5",0.992231472319566
"SIM-06637",11.373442812533,0.21459326061383,"Signature_5",0.693478455727164
"SIM-06638",33.3363446999242,0.444484595998989,"Signature_3",0.999999388495421
"SIM-06639",28.5182633637265,0.432094899450402,"Signature_3",0.999740953593955
"SIM-06640",0,0,"Signature_5",0.999999999604892
"SIM-06641",41.0882983171173,0.395079791510744,"Signature_5",0.998954268621173
"SIM-06642",41.3497334672207,0.626511113139707,"Signature_3",0.999999999666521
"SIM-06643",0,0,"Signature_5",0.999999999999976
"SIM-06644",24.44472347887,0.543216077308223,"Signature_3",0.999986520614711
"SIM-06645",26.0954980984519,0.277611681898424,"Signature_5",0.999752658536307
"SIM-06646",24.8121057492003,0.359595735495657,"Signature_3",0.99906152383571
"SIM-06647",0,0,"Signature_5",0.999948804164614
"SIM-06648",25.2511406558558,0.355649868392336,"Signature_3",0.999965500381352
"SIM-06649",0,0,"Signature_5",0.999999999999875
"SIM-06650",42.5342006539938,0.574786495324241,"Signature_3",0.999799019505481
"SIM-06651",23.7379715805611,0.423892349652877,"Signature_3",0.999999998473355
"SIM-06652",4.89425563918049,0.0643981005155327,"Signature_5",0.999999997454855
"SIM-06653",1.47202821581839,0.019892273186735,"Signature_5",0.999999999943018
"SIM-06654",9.17199600468189,0.573249750292618,"Signature_3",0.997954801801377
"SIM-06655",6.95666434497111,0.136405183234728,"Signature_5",0.991034524974524
"SIM-06656",0,0,"Signature_5",0.999999999996252
"SIM-06657",30.9449519681149,0.542893894177455,"Signature_3",0.999959190379426
"SIM-06658",28.0863302238585,0.476039495319636,"Signature_5",0.666530745306497
"SIM-06659",0.58318119315713,0.0121496081907735,"Signature_5",0.530954053282437
"SIM-06660",19.5974083421057,0.316087231324286,"Signature_3",0.847057590528241
"SIM-06661",3.16700335010625,0.0586482101871528,"Signature_5",0.999997743615585
"SIM-06662",0,0,"Signature_5",0.999999976091074
"SIM-06663",0,0,"Signature_5",0.999999994143729
"SIM-06664",11.735890683226,0.308839228505946,"Signature_3",0.739186107455645
"SIM-06665",19.954384680065,0.338209909831611,"Signature_3",0.999877037158589
"SIM-06666",4.94421899277602,0.176579249742001,"Signature_5",0.548654725447411
"SIM-06667",25.6173697417711,0.337070654496989,"Signature_3",0.864285515195352
"SIM-06668",0,0,"Signature_5",0.999999997474238
"SIM-06669",6.80444748141882,0.15464653366861,"Signature_5",0.999137457775615
"SIM-06670",23.8287889969035,0.46723115680203,"Signature_3",0.995697933664899
"SIM-06671",12.5203868511062,0.313009671277655,"Signature_3",0.773915935920638
"SIM-06672",16.7680095371066,0.239542993387237,"Signature_3",0.998137842387213
"SIM-06673",5.65546121732558,0.145011826085271,"Signature_5",0.99947275721706
"SIM-06674",22.9542353721829,0.499005116786585,"Signature_3",0.999828042539594
"SIM-06675",8.8708752753571,0.130454048167016,"Signature_5",0.999931978798182
"SIM-06676",20.3846475918056,0.384615992298219,"Signature_5",0.922685557139202
"SIM-06677",19.8000634919286,0.324591204785715,"Signature_5",0.998197081022316
"SIM-06678",9.43080748109398,0.248179144239315,"Signature_5",0.980089988292599
"SIM-06679",0,0,"Signature_5",0.999999461366399
"SIM-06680",0,0,"Signature_5",0.999999783981053
"SIM-06681",19.4767856447158,0.309155327693901,"Signature_3",0.92292278135865
"SIM-06682",0,0,"Signature_5",0.999999296658576
"SIM-06683",0,0,"Signature_5",0.999999995545539
"SIM-06684",29.7471527996531,0.396628703995374,"Signature_3",0.999999988081883
"SIM-06685",34.0174167064522,0.539958995340511,"Signature_3",0.896515902544505
"SIM-06686",8.99595464247838,0.209208247499497,"Signature_5",0.999999244933712
"SIM-06687",14.3859192771717,0.243829140291046,"Signature_5",0.999998134764735
"SIM-06688",20.7254551071453,0.309335150852915,"Signature_5",0.985250631607942
"SIM-06689",0,0,"Signature_5",0.915502702623447
"SIM-06690",0,0,"Signature_5",0.999999999959713
"SIM-06691",22.5667384921658,0.44248506847384,"Signature_3",0.999958944150979
"SIM-06692",12.6099345436731,0.161665827482989,"Signature_5",0.999999999764264
"SIM-06693",12.7082919240126,0.176504054500175,"Signature_5",0.998949849218168
"SIM-06694",11.1261882393253,0.18857946168348,"Signature_5",0.969308877343755
"SIM-06695",0,0,"Signature_5",0.999999999975163
"SIM-06696",13.320962825444,0.242199324098982,"Signature_5",0.999903039325561
"SIM-06697",34.0294940812673,0.507902896735333,"Signature_5",0.983383639000751
"SIM-06698",28.6612264046938,0.37712140006176,"Signature_3",0.859763832313398
"SIM-06699",12.0732146180125,0.251525304541928,"Signature_5",0.999999789902177
"SIM-06700",12.298801166111,0.559036416641409,"Signature_3",0.999177880707745
"SIM-06701",21.7100683026336,0.319265710332847,"Signature_5",0.76895684384705
"SIM-06702",7.70137475970488,0.111614126952245,"Signature_5",0.999006033832786
"SIM-06703",0,0,"Signature_5",0.999999972506787
"SIM-06704",42.9760954440096,0.53720119305012,"Signature_5",0.991150500590074
"SIM-06705",0,0,"Signature_5",0.999999999588402
"SIM-06706",22.1583049913998,0.492406777586662,"Signature_3",0.997146381171534
"SIM-06707",41.1147201271258,0.622950304956452,"Signature_3",0.999999997384484
"SIM-06708",26.5085575565178,0.363130925431751,"Signature_5",0.717137342124566
"SIM-06709",25.719090182617,0.378221914450251,"Signature_3",0.999999657731455
"SIM-06710",11.0543320650714,0.334979759547619,"Signature_5",0.9974648603242
"SIM-06711",6.41243310932676,0.183212374552193,"Signature_3",0.561348689741352
"SIM-06712",4.40229783391618,0.0957021268242648,"Signature_5",0.999722671624951
"SIM-06713",23.3445066594876,0.245731649047238,"Signature_5",0.99999731737761
"SIM-06714",22.0371900915273,0.408096112806061,"Signature_5",0.988607726744354
"SIM-06715",0,0,"Signature_5",0.999999999999321
"SIM-06716",35.4362821340523,0.590604702234205,"Signature_3",0.999840213102682
"SIM-06717",20.0163884634486,0.400327769268973,"Signature_3",0.999345462998195
"SIM-06718",32.6572591959835,0.459961397126528,"Signature_3",0.999799520013237
"SIM-06719",24.1276792232362,0.339826467932904,"Signature_3",0.999999997877445
"SIM-06720",6.78423267142743,0.212007270982107,"Signature_5",0.876569937567426
"SIM-06721",17.7391738194577,0.322530433081049,"Signature_3",0.963190767293021
"SIM-06722",20.0982096388442,0.319019200616575,"Signature_5",0.999996580157914
"SIM-06723",0,0,"Signature_5",0.999998244023847
"SIM-06724",0,0,"Signature_3",0.761545460279157
"SIM-06725",15.7147493336245,0.238102262630674,"Signature_5",0.998690952548567
"SIM-06726",10.2536252961977,0.244133935623754,"Signature_5",0.957477437773002
"SIM-06727",5.87144060300391,0.103007729877262,"Signature_5",0.999945982178087
"SIM-06728",0,0,"Signature_5",0.999999997606075
"SIM-06729",7.66889826085249,0.121728543823055,"Signature_5",0.999976736436369
"SIM-06730",0.627319161674509,0.0104553193612418,"Signature_5",0.999962098042224
"SIM-06731",17.2187725937628,0.239149619357817,"Signature_5",0.995074415285432
"SIM-06732",0,0,"Signature_5",0.99999998912939
"SIM-06733",0,0,"Signature_5",0.99996486038984
"SIM-06734",11.289965242786,0.185081397422722,"Signature_3",0.954089202539675
"SIM-06735",12.1288141369583,0.151610176711979,"Signature_5",0.999975113446904
"SIM-06736",13.6643977927954,0.317776692855706,"Signature_5",0.999945747391847
"SIM-06737",0,0,"Signature_5",0.999999999991567
"SIM-06738",0,0,"Signature_5",0.999999876495505
"SIM-06739",51.7057617271198,0.689410156361597,"Signature_3",0.999999999999854
"SIM-06740",20.8976577151092,0.274969180461964,"Signature_5",0.999998158617204
"SIM-06741",0,0,"Signature_5",0.999999999091888
"SIM-06742",23.64584575759,0.514040125164999,"Signature_3",0.901818168131586
"SIM-06743",21.5011218344695,0.488661859874307,"Signature_3",0.999999984806062
"SIM-06744",13.6446286822854,0.267541738868341,"Signature_5",0.998625394091805
"SIM-06745",8.18699800610577,0.170562458460537,"Signature_5",0.999999949759721
"SIM-06746",10.5318599576509,0.210637199153017,"Signature_5",0.996903751562605
"SIM-06747",5.63008582257097,0.0760822408455536,"Signature_5",0.999999535917747
"SIM-06748",23.7495647000032,0.300627401265863,"Signature_3",0.998970636853318
"SIM-06749",0,0,"Signature_5",0.996376397570249
"SIM-06750",24.5390164679211,0.471904162844637,"Signature_3",0.953575443601669
"SIM-06751",0,0,"Signature_5",0.999999999999998
"SIM-06752",6.39852437182693,0.13613881642185,"Signature_5",0.990309590560109
"SIM-06753",14.607770869827,0.365194271745674,"Signature_5",0.999969245139312
"SIM-06754",0,0,"Signature_5",0.9888943386431
"SIM-06755",0,0,"Signature_5",0.999258349815089
"SIM-06756",20.0984132184423,0.324167955136166,"Signature_5",0.98439350889892
"SIM-06757",0,0,"Signature_5",0.999999983938966
"SIM-06758",26.5492447825786,0.482713541501429,"Signature_3",0.99375377349285
"SIM-06759",0,0,"Signature_5",0.997681098885387
"SIM-06760",0,0,"Signature_5",0.99999832142441
"SIM-06761",20.7658056222188,0.407172659259191,"Signature_3",0.99459562307566
"SIM-06762",19.3952341958235,0.298388218397284,"Signature_3",0.615229292957018
"SIM-06763",15.311851272429,0.255197521207149,"Signature_5",0.993184648510771
"SIM-06764",11.9389396895721,0.165818606799613,"Signature_5",0.999999999838535
"SIM-06765",32.6138707102561,0.39773013061288,"Signature_5",0.543009251910116
"SIM-06766",0,0,"Signature_5",0.970576008094997
"SIM-06767",25.5757280776335,0.465013237775155,"Signature_3",0.755960613322243
"SIM-06768",0,0,"Signature_5",0.999999999601946
"SIM-06769",11.905903645339,0.205274200781707,"Signature_5",0.988223604397835
"SIM-06770",3.68491175100085,0.0944849166923294,"Signature_5",0.999689622559271
"SIM-06771",24.2159224032474,0.474822007906812,"Signature_5",0.955521513004818
"SIM-06772",0,0,"Signature_5",0.999967385146555
"SIM-06773",3.70216350658643,0.0474636346998261,"Signature_5",0.999999983595027
"SIM-06774",17.2486968956859,0.253657307289499,"Signature_5",0.999952054625664
"SIM-06775",26.7087428128688,0.66771857032172,"Signature_3",0.999999838716236
"SIM-06776",18.0215065206883,0.277253946472128,"Signature_3",0.789076680256267
"SIM-06777",6.98027339409778,0.162331939397623,"Signature_5",0.999873520509675
"SIM-06778",15.2963384054435,0.43703824015553,"Signature_5",0.834242818487757
"SIM-06779",0,0,"Signature_5",0.999999999834477
"SIM-06780",11.1510937516679,0.199126674136927,"Signature_3",0.799060170148518
"SIM-06781",0,0,"Signature_5",0.999999999925625
"SIM-06782",14.4674012558104,0.380721085679222,"Signature_5",0.997884384093903
"SIM-06783",21.4442759895483,0.536106899738708,"Signature_3",0.999999978218195
"SIM-06784",0,0,"Signature_5",0.999999962471171
"SIM-06785",0,0,"Signature_5",0.999999999984879
"SIM-06786",5.67409048114186,0.118210218357122,"Signature_5",0.932316381814673
"SIM-06787",17.1663743033976,0.21457967879247,"Signature_5",0.999980648202195
"SIM-06788",17.3494098119006,0.299127755377597,"Signature_5",0.993538606026019
"SIM-06789",24.9226629958795,0.262343821009258,"Signature_5",0.999843703863592
"SIM-06790",0,0,"Signature_5",1
"SIM-06791",29.9471655555239,0.453744932659454,"Signature_3",0.999999999378634
"SIM-06792",27.1857522042425,0.418242341603731,"Signature_3",0.907492466033418
"SIM-06793",20.3982176762094,0.219335673937735,"Signature_5",0.99999994387546
"SIM-06794",18.0530871893825,0.269449062528097,"Signature_5",0.761704348786369
"SIM-06795",16.4869593593519,0.257608739989873,"Signature_3",0.530113634651332
"SIM-06796",0,0,"Signature_5",0.999999711374542
"SIM-06797",12.4660868372371,0.283320155391752,"Signature_5",0.997043216789585
"SIM-06798",11.3673922163891,0.189456536939819,"Signature_5",0.999453628566795
"SIM-06799",8.39410231910807,0.131157848736064,"Signature_5",0.99999704510396
"SIM-06800",0,0,"Signature_5",0.999968237723548
"SIM-06801",11.4678889521733,0.216375263248552,"Signature_5",0.999999458626122
"SIM-06802",9.15096717620274,0.203354826137839,"Signature_5",0.998719183988583
"SIM-06803",26.1872493232607,0.503600948524243,"Signature_3",0.999943723510758
"SIM-06804",18.0832104262883,0.361664208525765,"Signature_5",0.999978378629727
"SIM-06805",0,0,"Signature_5",0.999998316414768
"SIM-06806",11.0510800337528,0.221021600675056,"Signature_5",0.976939231800171
"SIM-06807",13.9864619953552,0.229286262218938,"Signature_3",0.750915715347119
"SIM-06808",0,0,"Signature_5",0.996860781888828
"SIM-06809",21.6786760701989,0.301092723197207,"Signature_3",0.593719910256611
"SIM-06810",0,0,"Signature_5",0.999999951998268
"SIM-06811",28.4854480518228,0.47475746753038,"Signature_3",0.997573889600659
"SIM-06812",12.9025156700219,0.230402065536106,"Signature_5",0.999899121083762
"SIM-06813",24.1558025736404,0.4645346648777,"Signature_3",0.997024504392582
"SIM-06814",0,0,"Signature_5",0.999999989781958
"SIM-06815",38.6977204216503,0.552824577452147,"Signature_3",0.999995819119431
"SIM-06816",0,0,"Signature_5",0.999997232684821
"SIM-06817",0,0,"Signature_5",0.999999999998496
"SIM-06818",16.035554587674,0.258637977220548,"Signature_5",0.986664139612112
"SIM-06819",32.0800596851762,0.451831826551777,"Signature_5",0.73776561892617
"SIM-06820",3.06880939886821,0.0426223527620585,"Signature_5",0.999999911511788
"SIM-06821",26.3622545164398,0.329528181455497,"Signature_3",0.920981398138051
"SIM-06822",5.04747168938646,0.0917722125342993,"Signature_5",0.913315278582969
"SIM-06823",30.7389306880031,0.495789204645212,"Signature_5",0.99333028962453
"SIM-06824",23.5886139018513,0.393143565030855,"Signature_5",0.988094835260942
"SIM-06825",0,0,"Signature_5",0.999999999999925
"SIM-06826",9.79558726910945,0.244889681727736,"Signature_5",0.998406215206506
"SIM-06827",22.0612657689776,0.361660094573403,"Signature_3",0.990699472826998
"SIM-06828",8.01473032739219,0.104087406849249,"Signature_5",0.999726531044895
"SIM-06829",7.9010180381091,0.188119477097836,"Signature_3",0.699118319945486
"SIM-06830",1.69990939748146,0.0459434972292287,"Signature_5",0.999999364446713
"SIM-06831",27.4661049435333,0.371163580318017,"Signature_3",0.999978773989101
"SIM-06832",0,0,"Signature_5",0.999999998563299
"SIM-06833",23.7186536622005,0.382558930035492,"Signature_3",0.999964544623935
"SIM-06834",0,0,"Signature_5",0.999996550052015
"SIM-06835",0,0,"Signature_5",0.999999999996386
"SIM-06836",18.908702161574,0.282219435247373,"Signature_5",0.999999947125253
"SIM-06837",35.9581942748689,0.521133250360419,"Signature_3",0.999998908897934
"SIM-06838",4.77285329119591,0.0954570658239182,"Signature_5",0.999999888861229
"SIM-06839",0,0,"Signature_5",0.999999983204242
"SIM-06840",31.03437353803,0.392840171367468,"Signature_3",0.999931611011082
"SIM-06841",42.3495619564781,0.580130985705179,"Signature_3",0.999999899803697
"SIM-06842",4.8911731799038,0.0922862864132793,"Signature_5",0.999452680168777
"SIM-06843",22.8642495247112,0.282274685490262,"Signature_5",0.994035041052751
"SIM-06844",17.1004910516415,0.363840235141308,"Signature_3",0.679194136756804
"SIM-06845",23.8910834682887,0.379223547115694,"Signature_3",0.999999907252323
"SIM-06846",2.69560601808609,0.0626885120485138,"Signature_5",0.997498926662203
"SIM-06847",32.9637246204398,0.40199664171268,"Signature_5",0.533840430789662
"SIM-06848",11.6065152289734,0.175856291348081,"Signature_5",0.999998884268641
"SIM-06849",36.5357829890981,0.487143773187975,"Signature_3",0.999619447076365
"SIM-06850",8.00435863310956,0.071467487795621,"Signature_5",0.999999995902384
"SIM-06851",11.3817579208864,0.218879960017046,"Signature_5",0.999962615736555
"SIM-06852",0,0,"Signature_5",0.999999999826801
"SIM-06853",0,0,"Signature_5",0.999999992654844
"SIM-06854",0,0,"Signature_5",0.999999002101856
"SIM-06855",12.9213116484323,0.243798332989288,"Signature_5",0.993728926831575
"SIM-06856",17.6518694346508,0.252169563352154,"Signature_5",0.998757272396288
"SIM-06857",20.3759390067499,0.351309293219826,"Signature_3",0.999779650133065
"SIM-06858",20.1743261786525,0.330726658666434,"Signature_5",0.562973311182263
"SIM-06859",17.8274504603523,0.336366989817969,"Signature_5",0.676748767364428
"SIM-06860",0,0,"Signature_5",0.999999999988829
"SIM-06861",1.50220866137072,0.0283435596485041,"Signature_5",0.999999999996031
"SIM-06862",27.984399626723,0.405571009082942,"Signature_3",0.990357772242876
"SIM-06863",15.79788582044,0.405073995395898,"Signature_3",0.786425464796176
"SIM-06864",0,0,"Signature_5",0.999998544313118
"SIM-06865",37.6151748371145,0.458721644355055,"Signature_5",0.995151321683653
"SIM-06866",30.2096660520013,0.387303410923094,"Signature_3",0.999829354927617
"SIM-06867",8.7651820105071,0.151123827767364,"Signature_5",0.999999997980859
"SIM-06868",0.992906658209253,0.0146015685030772,"Signature_5",0.999999999999998
"SIM-06869",28.8390344527188,0.417957021053895,"Signature_3",0.999428688451892
"SIM-06870",17.597122346319,0.319947679023983,"Signature_3",0.980949920657353
"SIM-06871",1.69870125834555,0.130669327565042,"Signature_5",0.994139778977687
"SIM-06872",21.8078776368607,0.454330784101264,"Signature_3",0.991994852833134
"SIM-06873",12.7098929148144,0.179012576264991,"Signature_5",0.518414864564685
"SIM-06874",21.7708885863114,0.410771482760592,"Signature_3",0.54575611569493
"SIM-06875",38.6539391287119,0.613554589344634,"Signature_3",0.999999999908905
"SIM-06876",17.0728156334889,0.210775501648011,"Signature_3",0.604413411840934
"SIM-06877",0,0,"Signature_5",1
"SIM-06878",35.7961503063291,0.436538418369867,"Signature_3",0.999999999539989
"SIM-06879",13.8270128130673,0.192041844625935,"Signature_5",0.979286020029309
"SIM-06880",0,0,"Signature_5",0.999999989535704
"SIM-06881",21.2395774603578,0.353992957672631,"Signature_3",0.89967462453674
"SIM-06882",17.463295840575,0.301091307596121,"Signature_3",0.909836274750847
"SIM-06883",8.04526264682925,0.131889551587365,"Signature_5",0.999998957948592
"SIM-06884",3.63793484509209,0.227370927818256,"Signature_3",0.781295799104357
"SIM-06885",32.4262664275608,0.483974125784489,"Signature_3",0.999881530060215
"SIM-06886",29.1743165888189,0.435437561027148,"Signature_3",0.995787369840595
"SIM-06887",9.12714528620661,0.325969474507379,"Signature_5",0.994620885288817
"SIM-06888",35.0038273784162,0.593285209803664,"Signature_3",0.999904061335245
"SIM-06889",5.17856277320348,0.207142510928139,"Signature_5",0.999929337533756
"SIM-06890",25.2358809559515,0.365737405158718,"Signature_3",0.999530725765201
"SIM-06891",41.3857378915817,0.465008290916649,"Signature_3",0.765906183200971
"SIM-06892",0,0,"Signature_5",0.916787862329816
"SIM-06893",8.85212079139838,0.295070693046613,"Signature_5",0.777127830305424
"SIM-06894",10.241897215935,0.196959561844905,"Signature_3",0.917878469515369
"SIM-06895",19.2561695752929,0.31058338024666,"Signature_3",0.999995054755624
"SIM-06896",18.2283961817853,0.56963738068079,"Signature_3",0.993059980926918
"SIM-06897",24.6473668079499,0.503007485876529,"Signature_3",0.997252250654195
"SIM-06898",19.2821417515214,0.275459167878877,"Signature_5",0.999995740334086
"SIM-06899",4.73210817124271,0.0830194416007493,"Signature_5",0.999999997523597
"SIM-06900",12.142368751237,0.186805673095954,"Signature_5",0.99999703903953
"SIM-06901",22.3089547384083,0.446179094768166,"Signature_5",0.738285199489252
"SIM-06902",16.1362776401742,0.206875354361207,"Signature_5",0.900475917574727
"SIM-06903",15.4261772468563,0.308523544937125,"Signature_3",0.981297947183499
"SIM-06904",28.1477056639277,0.511776466616867,"Signature_3",0.999842931425512
"SIM-06905",8.6208057371452,0.162656712021607,"Signature_5",0.999920394401456
"SIM-06906",14.4874883992572,0.301822674984525,"Signature_5",0.672908597887365
"SIM-06907",16.1000298297433,0.259677900479731,"Signature_5",0.942731254781869
"SIM-06908",0,0,"Signature_3",0.833439057028028
"SIM-06909",0,0,"Signature_5",0.999999999999999
"SIM-06910",5.78421225107234,0.192807075035745,"Signature_5",0.999291538189258
"SIM-06911",13.8449905143308,0.247231973470192,"Signature_3",0.582375668002324
"SIM-06912",21.2474534642838,0.259115286149802,"Signature_5",0.999384828667359
"SIM-06913",18.1016887424158,0.270174458842027,"Signature_5",0.99999933695163
"SIM-06914",15.0410352820274,0.263877811965393,"Signature_5",0.993459218411958
"SIM-06915",22.5365592316065,0.489925200687099,"Signature_3",0.729242160669678
"SIM-06916",13.0256257365227,0.302921528756341,"Signature_3",0.799288885102928
"SIM-06917",13.8380248893694,0.197686069848134,"Signature_3",0.796232826428932
"SIM-06918",0,0,"Signature_5",0.999998044839516
"SIM-06919",1.64589644594076,0.0235128063705823,"Signature_5",0.999999999952653
"SIM-06920",18.1243045970209,0.377589679104603,"Signature_3",0.999853553502261
"SIM-06921",8.52577165546515,0.160863616140852,"Signature_5",0.98653435140017
"SIM-06922",15.6412455867984,0.300793184361507,"Signature_3",0.998390114966005
"SIM-06923",32.0251612831869,0.47798748183861,"Signature_3",0.819476213686744
"SIM-06924",12.7205618768154,0.363444625051868,"Signature_3",0.581952125508562
"SIM-06925",0,0,"Signature_5",0.986658619520812
"SIM-06926",36.7615767714267,0.510577455158704,"Signature_3",0.99999896875265
"SIM-06927",0,0,"Signature_5",0.999999999999837
"SIM-06928",15.9115067785637,0.233992746743584,"Signature_5",0.999986367813007
"SIM-06929",19.2613290761929,0.287482523525268,"Signature_5",0.999968358995082
"SIM-06930",30.547743301603,0.436396332880043,"Signature_3",0.999999913536342
"SIM-06931",18.7708416957976,0.223462401140447,"Signature_5",0.997408054110553
"SIM-06932",0,0,"Signature_5",0.999999999117812
"SIM-06933",21.3103770352352,0.280399697832043,"Signature_5",0.848606634361393
"SIM-06934",19.5530986466032,0.275395755585961,"Signature_3",0.980703482160173
"SIM-06935",3.56471061753975,0.0698962866184265,"Signature_5",0.999999946918644
"SIM-06936",13.9217621119356,0.267726194460301,"Signature_5",0.767654595919309
"SIM-06937",23.4330589260175,0.296620999063513,"Signature_5",0.995508661504279
"SIM-06938",21.5253136482521,0.364835824546646,"Signature_3",0.995335690907727
"SIM-06939",21.3996787374289,0.403767523347715,"Signature_3",0.993681684473663
"SIM-06940",8.30810006520437,0.0989059531571949,"Signature_5",0.99999999949029
"SIM-06941",0,0,"Signature_5",0.999999999930159
"SIM-06942",21.7222225723423,0.215071510617251,"Signature_5",0.999995651589526
"SIM-06943",0,0,"Signature_5",0.894143269076715
"SIM-06944",1.62762851693377,0.0581295898904919,"Signature_5",0.999414530946063
"SIM-06945",22.949077113074,0.249446490359499,"Signature_5",0.724341930688994
"SIM-06946",19.198314515085,0.417354663371413,"Signature_3",0.998241065949349
"SIM-06947",0,0,"Signature_5",0.999999737615656
"SIM-06948",0,0,"Signature_5",0.999999999846173
"SIM-06949",24.9227588901237,0.395599347462281,"Signature_3",0.999968850404262
"SIM-06950",25.0561299472794,0.373972088765364,"Signature_3",0.999991447973007
"SIM-06951",17.4330508174413,0.335250977258486,"Signature_5",0.9999990598403
"SIM-06952",9.82072909798489,0.166453035559066,"Signature_5",0.999968705072352
"SIM-06953",19.0619611159553,0.414390459042507,"Signature_3",0.784313037579007
"SIM-06954",10.5989539284598,0.173753343089505,"Signature_5",0.999999969575464
"SIM-06955",16.3410925562894,0.398563233080228,"Signature_3",0.975163169597223
"SIM-06956",22.7152098851046,0.688339693488018,"Signature_3",0.999999999021552
"SIM-06957",25.5017519980478,0.510035039960955,"Signature_3",0.999771126700772
"SIM-06958",15.8147007703763,0.316294015407526,"Signature_3",0.995979945581071
"SIM-06959",34.6615920701538,0.412638000835164,"Signature_5",0.994108942354675
"SIM-06960",11.4120492729013,0.158500684345851,"Signature_5",0.999996612425982
"SIM-06961",27.5976848809858,0.349337783303618,"Signature_3",0.875969812776804
"SIM-06962",23.6762979267626,0.455313421668511,"Signature_5",0.580427602029918
"SIM-06963",21.4238599124488,0.218610815433151,"Signature_5",0.999999618041531
"SIM-06964",10.6870712434108,0.288839763335426,"Signature_5",0.657595234156943
"SIM-06965",20.616324258367,0.322130066536984,"Signature_3",0.999995220300441
"SIM-06966",0,0,"Signature_5",0.999998955900359
"SIM-06967",0,0,"Signature_5",0.999999999999998
"SIM-06968",24.2268585072247,0.288414982228865,"Signature_3",0.996463099416704
"SIM-06969",4.38259712599519,0.0796835841090034,"Signature_5",0.706896740317245
"SIM-06970",26.7554758054163,0.35673967740555,"Signature_3",0.99024856888888
"SIM-06971",0,0,"Signature_5",0.999999476739641
"SIM-06972",35.9062606180849,0.466315072962142,"Signature_3",0.999981111394852
"SIM-06973",0,0,"Signature_5",0.999999999999927
"SIM-06974",6.92536929650056,0.12149770695615,"Signature_5",0.999984998089529
"SIM-06975",0,0,"Signature_5",0.999999989844572
"SIM-06976",0,0,"Signature_5",0.99768517294047
"SIM-06977",10.7719300970491,0.163211062076501,"Signature_5",0.999999999910201
"SIM-06978",25.7717428364715,0.277115514370661,"Signature_5",0.999919098954359
"SIM-06979",35.559166911542,0.418343140135788,"Signature_3",0.999941210411044
"SIM-06980",31.402849180051,0.461806605588986,"Signature_5",0.999947083217453
"SIM-06981",31.6567292645742,0.386057673958221,"Signature_5",0.895196026116031
"SIM-06982",20.9630746457565,0.41104067932856,"Signature_5",0.649662505015436
"SIM-06983",35.0501116907741,0.438126396134676,"Signature_3",0.99999987463453
"SIM-06984",0,0,"Signature_5",0.971471453349801
"SIM-06985",20.3447978949785,0.356926278859271,"Signature_5",0.991354388567464
"SIM-06986",0,0,"Signature_5",0.999991798230974
"SIM-06987",2.59451419307516,0.0529492692464319,"Signature_5",0.999999992132918
"SIM-06988",14.381058828162,0.228270775050191,"Signature_5",0.99863396864619
"SIM-06989",12.9766828851179,0.19964127515566,"Signature_5",0.98804772558681
"SIM-06990",27.4158601237026,0.464675595316994,"Signature_3",0.999542746105596
"SIM-06991",0,0,"Signature_5",0.999995993575312
"SIM-06992",30.4418053612431,0.63420427835923,"Signature_3",0.999999999326089
"SIM-06993",0,0,"Signature_5",1
"SIM-06994",29.9927625410233,0.336997331921611,"Signature_5",0.999985495130846
"SIM-06995",10.8628334707086,0.212996734719776,"Signature_5",0.999982076999362
"SIM-06996",2.71133188032374,0.0444480636118645,"Signature_5",0.99999999808365
"SIM-06997",24.4875354333657,0.429605884795889,"Signature_3",0.999276094032271
"SIM-06998",0,0,"Signature_5",0.999999999999976
"SIM-06999",17.6342037181185,0.309371995054711,"Signature_5",0.999420484958785
"SIM-07000",0,0,"Signature_5",0.999969694625723
"SIM-07001",8.54902647783823,0.152661187104254,"Signature_5",0.999998215270797
"SIM-07002",31.8090515378009,0.345750560193489,"Signature_5",0.998087403530382
"SIM-07003",21.7921489411082,0.351486273243681,"Signature_3",0.999999713520198
"SIM-07004",23.7790312140389,0.49539648362581,"Signature_3",0.999983720665679
"SIM-07005",1.07082840243262,0.0223089250506797,"Signature_5",0.999999038411535
"SIM-07006",0,0,"Signature_5",0.99999986491944
"SIM-07007",27.0777891554617,0.330216940920265,"Signature_5",0.999999999998326
"SIM-07008",34.3209840345177,0.520014909613905,"Signature_3",0.999976731829573
"SIM-07009",10.6839040671439,0.237420090380975,"Signature_5",0.999958293538327
"SIM-07010",0,0,"Signature_5",0.999999999999915
"SIM-07011",14.5356220272019,0.238288885691834,"Signature_5",0.998968072621657
"SIM-07012",40.2961983607544,0.610548460011431,"Signature_3",0.999999470774375
"SIM-07013",22.7594769952706,0.270946154705603,"Signature_5",0.999999978876954
"SIM-07014",0,0,"Signature_5",0.999999996684376
"SIM-07015",21.2611898362445,0.276119348522656,"Signature_5",0.999374488231701
"SIM-07016",0,0,"Signature_5",0.999985634258613
"SIM-07017",12.0213162074849,0.14660141716445,"Signature_5",0.99999936199667
"SIM-07018",20.2277605358391,0.297467066703516,"Signature_3",0.98005264087935
"SIM-07019",29.6006039304474,0.384423427668148,"Signature_5",0.99637816568922
"SIM-07020",0,0,"Signature_5",0.999999830514602
"SIM-07021",15.8860808176337,0.217617545447037,"Signature_5",0.999957562167655
"SIM-07022",0,0,"Signature_5",1
"SIM-07023",10.7067037078076,0.227802206549097,"Signature_5",0.653993230199143
"SIM-07024",32.8685377320009,0.421391509384627,"Signature_3",0.999997017698223
"SIM-07025",0,0,"Signature_5",0.990699225954112
"SIM-07026",15.2021618522029,0.323450252174531,"Signature_3",0.981457830470687
"SIM-07027",0,0,"Signature_3",0.999999999329944
"SIM-07028",29.7258345496834,0.45732053153359,"Signature_3",0.85973983522173
"SIM-07029",29.8455644053925,0.426365205791322,"Signature_3",0.999999678292633
"SIM-07030",13.7646202924036,0.167861223078093,"Signature_3",0.996707299872708
"SIM-07031",9.58544445218327,0.245780626979058,"Signature_3",0.999086218786583
"SIM-07032",19.7040948528182,0.36489064542256,"Signature_5",0.998021224606832
"SIM-07033",0,0,"Signature_5",0.999999999912841
"SIM-07034",26.9443925541512,0.464558492312951,"Signature_3",0.931520426769686
"SIM-07035",9.22761777760989,0.180933681913919,"Signature_3",0.999997330271495
"SIM-07036",16.5762020785363,0.368360046189695,"Signature_5",0.992273464335185
"SIM-07037",9.35672014497794,0.21265273056768,"Signature_5",0.999981645637279
"SIM-07038",1.03787984439952,0.0185335686499914,"Signature_5",0.999999999069502
"SIM-07039",0,0,"Signature_5",0.999999863782929
"SIM-07040",23.2637289028273,0.612203392179665,"Signature_3",0.999970939469363
"SIM-07041",23.5701293903017,0.351792975974653,"Signature_5",0.749692715946993
"SIM-07042",14.0317014276163,0.318902305173097,"Signature_5",0.589463834082083
"SIM-07043",21.8673213645526,0.331323050978069,"Signature_3",0.939084028269473
"SIM-07044",19.1712333272734,0.342343452272739,"Signature_5",0.999887875070247
"SIM-07045",0,0,"Signature_5",0.999997220748895
"SIM-07046",14.4589076935564,0.203646587233189,"Signature_5",0.999986626580589
"SIM-07047",12.4568416260925,0.161777163975228,"Signature_5",0.999999999999953
"SIM-07048",13.4230282665672,0.200343705471153,"Signature_5",0.999998259087752
"SIM-07049",14.7174949611588,0.249449067138285,"Signature_5",0.999947789247854
"SIM-07050",39.426758820124,0.597375133638242,"Signature_3",0.999999999577092
"SIM-07051",6.63915108782618,0.102140785966557,"Signature_5",0.99999531438544
"SIM-07052",0,0,"Signature_5",0.999999364215362
"SIM-07053",10.0646292346691,0.150218346786105,"Signature_5",0.999999999184435
"SIM-07054",0,0,"Signature_5",0.99999999989827
"SIM-07055",8.73662115966781,0.143223297699472,"Signature_5",0.888070788055939
"SIM-07056",22.9739983641839,0.478624965920499,"Signature_3",0.996649072914946
"SIM-07057",18.2997390200439,0.406660867112086,"Signature_3",0.999159938568158
"SIM-07058",0,0,"Signature_5",0.999984726067709
"SIM-07059",23.4593215756485,0.360912639625362,"Signature_3",0.998568948969528
"SIM-07060",11.6617054543661,0.242952196965961,"Signature_5",0.685879105260199
"SIM-07061",25.7166698394989,0.347522565398634,"Signature_5",0.997111496994863
"SIM-07062",21.3450822298609,0.328385880459399,"Signature_5",0.999843837779187
"SIM-07063",9.51869083499811,0.183051746826887,"Signature_5",0.999985236900404
"SIM-07064",10.4233767597558,0.176667402707725,"Signature_5",0.969068949692307
"SIM-07065",8.1773972484254,0.140989607731472,"Signature_5",0.999999899916778
"SIM-07066",18.2179343447177,0.379540298848286,"Signature_5",0.817092596372003
"SIM-07067",23.4492863906026,0.426350661647319,"Signature_3",0.999738530627506
"SIM-07068",44.8665441949645,0.640950631356636,"Signature_3",0.999999673149183
"SIM-07069",4.39898848374292,0.109974712093573,"Signature_5",0.950151680649161
"SIM-07070",17.8638536093842,0.255197908705489,"Signature_5",0.999999998237971
"SIM-07071",13.1992725316335,0.216381516912024,"Signature_5",0.999991720816589
"SIM-07072",25.785856287401,0.390694792233348,"Signature_5",0.993033312681113
"SIM-07073",33.9242985077756,0.418818500095995,"Signature_3",0.538657557293277
"SIM-07074",18.9356957643482,0.450849899151149,"Signature_3",0.644330552396873
"SIM-07075",0,0,"Signature_5",0.999999996728693
"SIM-07076",8.90642970080405,0.356257188032162,"Signature_3",0.977150266946427
"SIM-07077",8.52600178909078,0.185347864980234,"Signature_5",0.999998547456566
"SIM-07078",26.1274041980552,0.311040526167324,"Signature_3",0.593964850559611
"SIM-07079",6.44586518770225,0.19532924811219,"Signature_3",0.985009008980475
"SIM-07080",22.9139625147008,0.409177902048229,"Signature_5",0.87592569947725
"SIM-07081",18.1966642039893,0.535196005999686,"Signature_3",0.999992784239271
"SIM-07082",0,0,"Signature_5",0.999939123287462
"SIM-07083",0,0,"Signature_5",0.997643012692792
"SIM-07084",21.4650726509912,0.346210849209536,"Signature_3",0.997719774939728
"SIM-07085",20.9831241195784,0.299758915993977,"Signature_3",0.785657221551162
"SIM-07086",0,0,"Signature_5",0.999544915385012
"SIM-07087",19.7570084894407,0.395140169788814,"Signature_3",0.756248796857545
"SIM-07088",0,0,"Signature_5",0.999999999999699
"SIM-07089",0,0,"Signature_5",1
"SIM-07090",0,0,"Signature_5",0.999999999999514
"SIM-07091",0,0,"Signature_5",0.999999997765581
"SIM-07092",18.8407069514068,0.330538718445734,"Signature_3",0.972624824472277
"SIM-07093",15.0691289092989,0.376728222732472,"Signature_3",0.803743599893879
"SIM-07094",27.4112848869004,0.370422768741897,"Signature_3",0.846865823441855
"SIM-07095",4.24192907336139,0.117831363148927,"Signature_5",0.996306701147845
"SIM-07096",19.9927579034364,0.277677193103283,"Signature_5",0.836119175256715
"SIM-07097",0,0,"Signature_5",0.99999854220082
"SIM-07098",28.675173358558,0.477919555975967,"Signature_3",0.953699791665389
"SIM-07099",19.4268385910351,0.366544124359154,"Signature_3",0.999982933628387
"SIM-07100",23.7034548705318,0.370366482352059,"Signature_5",0.998021116253958
"SIM-07101",0,0,"Signature_5",0.999951026870686
"SIM-07102",12.0058682578353,0.200097804297254,"Signature_5",0.999827840327867
"SIM-07103",30.9547651844347,0.391832470689047,"Signature_5",0.999999395264989
"SIM-07104",10.4203535427703,0.208407070855406,"Signature_5",0.999999959952349
"SIM-07105",12.2551664239737,0.371368679514354,"Signature_5",0.514148445947963
"SIM-07106",2.17346703727616,0.0310495291039451,"Signature_5",0.999999999998564
"SIM-07107",17.0414721001696,0.274862453228542,"Signature_5",0.957327108385519
"SIM-07108",13.8786172379705,0.198265960542435,"Signature_5",0.733256616836471
"SIM-07109",0,0,"Signature_5",0.999999999989488
"SIM-07110",14.976067904758,0.223523401563552,"Signature_5",0.976907224667049
"SIM-07111",23.7462739512567,0.249960778434281,"Signature_5",0.996751562399526
"SIM-07112",25.0224836535985,0.390976307087476,"Signature_5",0.991276792472858
"SIM-07113",0,0,"Signature_5",0.999999999999924
"SIM-07114",36.3383289719787,0.478135907526036,"Signature_3",0.995673288066666
"SIM-07115",0,0,"Signature_5",0.999983763458415
"SIM-07116",18.3158348941503,0.228947936176879,"Signature_5",0.999999162090759
"SIM-07117",15.0798895153141,0.206573828976905,"Signature_5",0.999626840209406
"SIM-07118",8.19106179181348,0.146268960568098,"Signature_5",0.973813083981464
"SIM-07119",3.89242833303317,0.0598835128158949,"Signature_5",0.999999890010771
"SIM-07120",6.93238214647219,0.135929061695533,"Signature_5",0.824919351489726
"SIM-07121",16.6668704769181,0.252528340559365,"Signature_5",0.999999998546783
"SIM-07122",0,0,"Signature_5",0.999999999920093
"SIM-07123",17.6896000122167,0.431453658834554,"Signature_3",0.999992609967884
"SIM-07124",17.7449558514762,0.328610293545856,"Signature_3",0.861396517307555
"SIM-07125",21.9483575935274,0.309131797091936,"Signature_5",0.999695244640532
"SIM-07126",9.63610961308368,0.209480643762689,"Signature_5",0.948441288873969
"SIM-07127",0,0,"Signature_5",0.999932828394037
"SIM-07128",5.78975857727205,0.115795171545441,"Signature_5",0.999999923831041
"SIM-07129",0,0,"Signature_5",0.99999999733273
"SIM-07130",0,0,"Signature_5",0.999999999998369
"SIM-07131",0,0,"Signature_5",1
"SIM-07132",28.7950631244568,0.464436502007368,"Signature_3",0.781976634791247
"SIM-07133",0,0,"Signature_5",1
"SIM-07134",17.5512810059604,0.261959417999409,"Signature_5",0.667185953498048
"SIM-07135",14.1991219726317,0.211927193621368,"Signature_5",0.969573515567711
"SIM-07136",18.9122834445519,0.295504428821124,"Signature_5",0.87962230596594
"SIM-07137",4.38374463502946,0.0707055586295074,"Signature_5",0.999999977991159
"SIM-07138",8.16909376832989,0.22078631806297,"Signature_5",0.991044130429652
"SIM-07139",33.7458751030146,0.544288308113138,"Signature_3",0.999999999391362
"SIM-07140",17.6267833650594,0.204962597268133,"Signature_5",0.999456083216753
"SIM-07141",0,0,"Signature_5",0.999999968354732
"SIM-07142",19.4179901051121,0.329118476357832,"Signature_5",0.902571850170476
"SIM-07143",2.48692574422572,0.0314800727117179,"Signature_5",0.99999996444904
"SIM-07144",0,0,"Signature_5",0.999998652558877
"SIM-07145",10.5404743586147,0.167309116803407,"Signature_5",0.999995775772005
"SIM-07146",8.47802509738981,0.11613733010123,"Signature_5",0.99999999917789
"SIM-07147",0,0,"Signature_5",0.999994428423031
"SIM-07148",5.69992879801009,0.11874851662521,"Signature_5",0.999999986447564
"SIM-07149",0,0,"Signature_5",0.999999668146463
"SIM-07150",8.84978487637274,0.163884905118014,"Signature_5",0.999993376619403
"SIM-07151",0,0,"Signature_5",0.999981075866061
"SIM-07152",37.0309595953445,0.544572935225655,"Signature_3",0.999972804039598
"SIM-07153",12.4176330136751,0.36522450040221,"Signature_3",0.969093943215384
"SIM-07154",28.5878077824048,0.361870984587402,"Signature_5",0.956798202925644
"SIM-07155",0,0,"Signature_5",0.931627874012139
"SIM-07156",22.5855012015339,0.396236863184805,"Signature_3",0.99965056507044
"SIM-07157",34.7622507614197,0.496603582305996,"Signature_3",0.999979520981099
"SIM-07158",26.6702208468249,0.289893704856793,"Signature_5",0.998914665702121
"SIM-07159",4.65172072261951,0.125722181692419,"Signature_5",0.9998089930394
"SIM-07160",19.1243919415585,0.335515648097517,"Signature_3",0.999928274473191
"SIM-07161",14.8630554697365,0.198174072929819,"Signature_5",0.999999996598228
"SIM-07162",12.2757405269508,0.272794233932239,"Signature_5",0.612989655123025
"SIM-07163",27.8990037682186,0.472864470647773,"Signature_3",0.999999996780804
"SIM-07164",0,0,"Signature_5",0.999999740067797
"SIM-07165",6.11614230651165,0.142235867593294,"Signature_5",0.996978019763926
"SIM-07166",20.1197874639814,0.447106388088475,"Signature_3",0.999999999994976
"SIM-07167",2.62740797917174,0.0571175647646031,"Signature_5",0.994525851233978
"SIM-07168",28.6607787838585,0.502820680418571,"Signature_3",0.999999998484943
"SIM-07169",19.3386192187103,0.333424469288108,"Signature_3",0.966090757728268
"SIM-07170",0.102767714179435,0.00131753479717225,"Signature_5",0.999999393879814
"SIM-07171",19.4742482033014,0.354077240060026,"Signature_3",0.996566991003236
"SIM-07172",37.0132771533312,0.445943098232906,"Signature_3",0.99998876749818
"SIM-07173",36.606017710282,0.690679579439284,"Signature_3",0.99999991078524
"SIM-07174",7.14604992734716,0.0940269727282521,"Signature_5",0.999999999507374
"SIM-07175",0,0,"Signature_5",0.999999999990275
"SIM-07176",18.3656771938212,0.286963706153457,"Signature_5",0.999425612548644
"SIM-07177",1.57157954022571,0.0275715708811528,"Signature_5",0.999968774102902
"SIM-07178",25.9288163043067,0.386997258273235,"Signature_3",0.999998525098276
"SIM-07179",30.8111635695711,0.466835811660168,"Signature_3",0.999999990739091
"SIM-07180",6.25042117786284,0.138898248396952,"Signature_5",0.999630644496418
"SIM-07181",0,0,"Signature_5",0.999997389360631
"SIM-07182",0,0,"Signature_5",0.999999999998163
"SIM-07183",12.3600327310705,0.206000545517841,"Signature_3",0.970411655617269
"SIM-07184",0,0,"Signature_5",0.999999999961844
"SIM-07185",34.6575973780877,0.468345910514699,"Signature_3",0.520146696073415
"SIM-07186",26.6268041953226,0.36475074240168,"Signature_3",0.997984127030012
"SIM-07187",11.4565017916025,0.170992564053769,"Signature_5",0.999946570185554
"SIM-07188",24.7983050133367,0.31792698735047,"Signature_5",0.78228739853176
"SIM-07189",32.3238903015508,0.646477806031016,"Signature_3",0.999997079935984
"SIM-07190",15.3146671523272,0.218780959318961,"Signature_5",0.999999979795548
"SIM-07191",14.4696311605381,0.183159888108077,"Signature_5",0.99999983621901
"SIM-07192",0,0,"Signature_5",0.999999964162176
"SIM-07193",0,0,"Signature_3",0.554038025079537
"SIM-07194",10.9400135062192,0.266829597712663,"Signature_5",0.952153378520736
"SIM-07195",0,0,"Signature_5",0.999999999999716
"SIM-07196",28.8506306033644,0.331616443716832,"Signature_3",0.971641029575115
"SIM-07197",26.075698390331,0.303205795236406,"Signature_5",0.999768904033902
"SIM-07198",33.3681536240373,0.427796841333811,"Signature_3",0.999991712575634
"SIM-07199",25.8368513510722,0.487487761340985,"Signature_3",0.999998128977333
"SIM-07200",0,0,"Signature_5",0.999999999863633
"SIM-07201",9.94813063020636,0.292592077359011,"Signature_3",0.948222223358222
"SIM-07202",19.7227862631469,0.273927586988151,"Signature_3",0.930582355381066
"SIM-07203",0,0,"Signature_5",0.999999999994973
"SIM-07204",2.57572270520891,0.0485985416077153,"Signature_5",0.999999999997696
"SIM-07205",0,0,"Signature_5",0.99999445690651
"SIM-07206",19.2174250929996,0.198117784463914,"Signature_5",0.992108553809799
"SIM-07207",0,0,"Signature_3",0.968281423387097
"SIM-07208",11.7904905445844,0.240622256011927,"Signature_3",0.985821015354198
"SIM-07209",0,0,"Signature_5",0.999999999988904
"SIM-07210",10.8660541329911,0.265025710560759,"Signature_5",0.978612429581184
"SIM-07211",0,0,"Signature_5",0.999999999903889
"SIM-07212",36.3561793576468,0.526901150110824,"Signature_3",0.98963783222222
"SIM-07213",26.7815169285449,0.343352781135192,"Signature_5",0.998660145312575
"SIM-07214",25.4628928657073,0.369027432836338,"Signature_3",0.999998493381785
"SIM-07215",0,0,"Signature_5",0.999999998938829
"SIM-07216",6.7023539334228,0.186176498150633,"Signature_5",0.918767656043681
"SIM-07217",26.9545145836652,0.359393527782203,"Signature_5",0.998827473631935
"SIM-07218",41.9378737036674,0.476566746632585,"Signature_5",0.923842286814467
"SIM-07219",17.20063908487,0.256725956490596,"Signature_5",0.999999360396798
"SIM-07220",0,0,"Signature_5",0.999999999944176
"SIM-07221",0,0,"Signature_5",0.999862589372216
"SIM-07222",0,0,"Signature_5",0.999999246346283
"SIM-07223",8.95393265994629,0.203498469544234,"Signature_5",0.970928365801917
"SIM-07224",42.8349757114014,0.556298385862356,"Signature_3",0.999999115684088
"SIM-07225",0,0,"Signature_5",0.999970558464667
"SIM-07226",20.2398266938212,0.421663056121276,"Signature_5",0.998233543502151
"SIM-07227",10.3777007474271,0.305226492571386,"Signature_3",0.890254288384842
"SIM-07228",4.70865626608758,0.0747405756521838,"Signature_5",0.999999999897156
"SIM-07229",18.6263141599744,0.305349412458597,"Signature_5",0.99891682342005
"SIM-07230",8.58602205073944,0.306643644669266,"Signature_3",0.977148641190502
"SIM-07231",13.4231058986609,0.244056470884744,"Signature_5",0.999999981646003
"SIM-07232",14.6174524595919,0.365436311489796,"Signature_3",0.904544730655702
"SIM-07233",12.3149579872777,0.208728101479283,"Signature_5",0.998075685126917
"SIM-07234",0,0,"Signature_5",0.999999998574575
"SIM-07235",0,0,"Signature_5",1
"SIM-07236",15.3885428581099,0.279791688329271,"Signature_5",0.999988260789177
"SIM-07237",0,0,"Signature_5",0.999999998674961
"SIM-07238",0,0,"Signature_5",1
"SIM-07239",2.1257588731052,0.036651015053538,"Signature_5",0.999999832895581
"SIM-07240",19.2379431577054,0.29596835627239,"Signature_5",0.998572337110063
"SIM-07241",16.0502304533683,0.373261173334146,"Signature_5",0.933840845574462
"SIM-07242",13.1845354328165,0.23130763917222,"Signature_5",0.999972904258248
"SIM-07243",20.10032320625,0.386544677043269,"Signature_5",0.999669769145402
"SIM-07244",0,0,"Signature_5",0.99999999999528
"SIM-07245",28.2642961468622,0.353303701835778,"Signature_3",0.904399634657464
"SIM-07246",27.9068430779474,0.526544209017875,"Signature_3",0.988351151670777
"SIM-07247",1.85404543148071,0.0303941874013231,"Signature_5",0.999997455734706
"SIM-07248",18.072793282618,0.334681357085518,"Signature_5",0.999387223066122
"SIM-07249",17.431889242255,0.348637784845099,"Signature_3",0.977360377437515
"SIM-07250",14.9524961447393,0.241169292657086,"Signature_3",0.983381132241544
"SIM-07251",30.9286294319374,0.562338716944316,"Signature_3",0.996836266522346
"SIM-07252",13.6761059411471,0.303913465358825,"Signature_3",0.999763260040617
"SIM-07253",0,0,"Signature_5",0.997798832417336
"SIM-07254",7.58325196781474,0.216664341937564,"Signature_5",0.593010493256166
"SIM-07255",7.49870754530486,0.241893791784028,"Signature_3",0.859282591123927
"SIM-07256",34.0803816080252,0.442602358545782,"Signature_3",0.999999635981466
"SIM-07257",20.4318307900169,0.358453171754682,"Signature_5",0.990908042926278
"SIM-07258",29.2181758376397,0.478986489141635,"Signature_3",0.995863023670201
"SIM-07259",18.5907209325036,0.304765916926289,"Signature_5",0.999116348074561
"SIM-07260",21.3539112438312,0.454338537102792,"Signature_3",0.999594306900693
"SIM-07261",11.4408296209691,0.163440423156701,"Signature_5",0.999999767405182
"SIM-07262",17.9657156541825,0.579539214651049,"Signature_3",0.910360034880692
"SIM-07263",10.186859476636,0.110726733441695,"Signature_5",0.999999999989434
"SIM-07264",25.237485368868,0.50474970737736,"Signature_3",0.956627901270319
"SIM-07265",42.7768955303713,0.423533619112587,"Signature_3",0.999984711529394
"SIM-07266",24.4215001229865,0.375715386507485,"Signature_3",0.876377295556459
"SIM-07267",16.3099854797801,0.226527576108057,"Signature_5",0.999994006591619
"SIM-07268",13.0874687316361,0.150430675076277,"Signature_5",0.999999950214042
"SIM-07269",0,0,"Signature_5",0.999998251705913
"SIM-07270",22.8125418431693,0.380209030719488,"Signature_3",0.998312929455532
"SIM-07271",20.8748799326615,0.401439998705028,"Signature_5",0.589520441405048
"SIM-07272",53.8331754235982,0.681432600298711,"Signature_3",1
"SIM-07273",0,0,"Signature_5",0.999919381756722
"SIM-07274",4.26779397960498,0.101614142371547,"Signature_5",0.999350674991637
"SIM-07275",7.91125357456731,0.226035816416209,"Signature_5",0.65670168408978
"SIM-07276",21.3956383336882,0.375362076029617,"Signature_5",0.999999911076806
"SIM-07277",1.51801155818545,0.034500262686033,"Signature_5",0.999501848808944
"SIM-07278",23.3956903769443,0.371360164713402,"Signature_5",0.990565796407276
"SIM-07279",0,0,"Signature_5",0.999999999010112
"SIM-07280",0,0,"Signature_5",0.930543667177599
"SIM-07281",23.789086209583,0.517154048034413,"Signature_3",0.99617075096704
"SIM-07282",14.5352709491427,0.259558409806119,"Signature_5",0.985311490396225
"SIM-07283",22.177916026931,0.462039917227729,"Signature_3",0.983901797180453
"SIM-07284",20.5355057105483,0.293364367293547,"Signature_3",0.997089066741357
"SIM-07285",13.0467099621693,0.189082753074917,"Signature_3",0.999777914380938
"SIM-07286",12.3989717473194,0.15694900945974,"Signature_5",0.825373529748965
"SIM-07287",32.9051487971697,0.483899247017201,"Signature_3",0.999438047831558
"SIM-07288",10.7863708287069,0.1712122353763,"Signature_5",0.999999186682502
"SIM-07289",12.5395661789739,0.223920824624535,"Signature_5",0.997726584713343
"SIM-07290",8.28567429214236,0.145362706879691,"Signature_5",0.999999999875873
"SIM-07291",6.36043204591709,0.0895835499424942,"Signature_5",0.999999999612572
"SIM-07292",28.6336315625548,0.421082817096395,"Signature_5",0.859776032263306
"SIM-07293",8.71195438947419,0.189390312814656,"Signature_5",0.999999997061624
"SIM-07294",0,0,"Signature_5",0.999975539614424
"SIM-07295",10.6139853901311,0.393110570004856,"Signature_3",0.854718205976348
"SIM-07296",0,0,"Signature_5",0.999958376014344
"SIM-07297",22.8717348664377,0.25133774578503,"Signature_3",0.911912493193672
"SIM-07298",11.4079864868702,0.167764507159856,"Signature_5",0.999999222549508
"SIM-07299",13.4241780649034,0.268483561298068,"Signature_5",0.976045838539759
"SIM-07300",14.9319149669599,0.403565269377296,"Signature_3",0.999988815415747
"SIM-07301",14.7055292344272,0.253543607490125,"Signature_5",0.80674027391008
"SIM-07302",0,0,"Signature_5",0.998925516255085
"SIM-07303",8.7577962422025,0.118348597867601,"Signature_5",0.999999981624837
"SIM-07304",0,0,"Signature_5",0.999999998011405
"SIM-07305",27.1960111417349,0.453266852362248,"Signature_5",0.999993529453786
"SIM-07306",10.484509625066,0.23828430966059,"Signature_3",0.85480185772505
"SIM-07307",0,0,"Signature_5",0.999911861492954
"SIM-07308",6.63145084208007,0.110524180701334,"Signature_5",0.999999994618916
"SIM-07309",12.0704573153007,0.274328575347743,"Signature_5",0.706525089250287
"SIM-07310",31.5670502091774,0.618961768807399,"Signature_3",0.999999997920832
"SIM-07311",7.32236323022778,0.107681812209232,"Signature_5",0.999999997648808
"SIM-07312",3.18060841478109,0.0837002214416078,"Signature_5",0.999991072418136
"SIM-07313",28.2781141151694,0.372080448883808,"Signature_3",0.99985845824882
"SIM-07314",5.62533597452066,0.175791749203771,"Signature_5",0.984874762762503
"SIM-07315",7.55060416103134,0.132466739667217,"Signature_5",0.999999227097218
"SIM-07316",21.9570845142727,0.343079445535512,"Signature_3",0.999998279580098
"SIM-07317",5.64964685521697,0.092617161560934,"Signature_5",0.999999879124835
"SIM-07318",8.92854205609335,0.156641088703392,"Signature_5",0.999999521987765
"SIM-07319",8.12861669382336,0.172949291357944,"Signature_5",0.999999792905809
"SIM-07320",16.0143593473854,0.280953672761148,"Signature_5",0.9952306631808
"SIM-07321",16.4427120360811,0.316206000693866,"Signature_3",0.949922942381607
"SIM-07322",17.9564868174751,0.268007265932464,"Signature_5",0.995120404982799
"SIM-07323",3.54367454194778,0.0787483231543951,"Signature_5",0.999999949343827
"SIM-07324",0,0,"Signature_5",0.999999999985608
"SIM-07325",17.6171081634104,0.279636637514451,"Signature_5",0.955353878875265
"SIM-07326",28.5796911247272,0.304039267284332,"Signature_3",0.998488077087506
"SIM-07327",29.1639496876988,0.422665937502882,"Signature_3",0.67582440850544
"SIM-07328",0,0,"Signature_5",0.99919210135907
"SIM-07329",0,0,"Signature_5",0.999999824488308
"SIM-07330",13.2898479489317,0.154533115685253,"Signature_5",0.999998731002765
"SIM-07331",25.8956014546921,0.497992335667156,"Signature_3",0.999972631370257
"SIM-07332",16.4086489865218,0.248615893735179,"Signature_5",0.999998690241257
"SIM-07333",9.77577264780159,0.207995162719183,"Signature_5",0.999972347687466
"SIM-07334",6.26265450490844,0.127809275610376,"Signature_5",0.981176918163703
"SIM-07335",23.5846600850493,0.393077668084156,"Signature_5",0.999609280392463
"SIM-07336",32.9198303698121,0.567583282238139,"Signature_3",0.999993608972994
"SIM-07337",0,0,"Signature_5",0.999999223022649
"SIM-07338",21.2135235009768,0.662922609405524,"Signature_3",0.999999926741713
"SIM-07339",11.1262046461128,0.3090612401698,"Signature_3",0.999927204090045
"SIM-07340",0,0,"Signature_5",0.999999990399254
"SIM-07341",26.7559986715165,0.524627424931696,"Signature_5",0.999424443384547
"SIM-07342",9.18606899490955,0.13508924992514,"Signature_5",0.999999999827039
"SIM-07343",30.5589534119137,0.492886345353446,"Signature_3",0.999999999908428
"SIM-07344",24.3993076498466,0.451839030552715,"Signature_3",0.999999997043695
"SIM-07345",3.35554451063805,0.0541216856554525,"Signature_5",0.999999848209364
"SIM-07346",24.980390442616,0.446078400761,"Signature_3",0.999668746051296
"SIM-07347",16.659423314831,0.277657055247184,"Signature_3",0.967130661599432
"SIM-07348",25.3577731958899,0.437202986136032,"Signature_3",0.999993380825789
"SIM-07349",9.73096253426093,0.12803898071396,"Signature_5",0.999999958887478
"SIM-07350",14.2579338448521,0.297040288434419,"Signature_5",0.833527355879177
"SIM-07351",10.7487934959994,0.199051731407396,"Signature_5",0.999990289986172
"SIM-07352",18.8753661609267,0.314589436015446,"Signature_5",0.972190196240155
"SIM-07353",42.1608674046335,0.501915088150399,"Signature_3",0.99997313866369
"SIM-07354",0,0,"Signature_5",0.999999999648231
"SIM-07355",8.75326773781781,0.148360470132505,"Signature_5",0.99999998563827
"SIM-07356",17.6144417584833,0.326193365897838,"Signature_5",0.999984672646654
"SIM-07357",0,0,"Signature_5",0.99999999997206
"SIM-07358",12.8417541663906,0.203837367720486,"Signature_5",0.997249079635896
"SIM-07359",1.94480532745976,0.0525623061475611,"Signature_5",0.930604456423627
"SIM-07360",27.2042341131583,0.36762478531295,"Signature_3",0.940353963830168
"SIM-07361",28.7021066003336,0.45558899365609,"Signature_3",0.999993143095655
"SIM-07362",25.8624101168862,0.315395245327881,"Signature_3",0.960968049731434
"SIM-07363",19.8564900061846,0.381855577042011,"Signature_3",0.998964701832338
"SIM-07364",36.4125503267141,0.328040993934361,"Signature_5",0.999837616852606
"SIM-07365",0,0,"Signature_5",0.999999999997384
"SIM-07366",24.2868438018187,0.292612575925526,"Signature_5",0.999978049984336
"SIM-07367",30.1595431441212,0.548355329893112,"Signature_3",0.907572213763733
"SIM-07368",0,0,"Signature_5",0.999994881370932
"SIM-07369",35.485981499327,0.427541945775024,"Signature_5",0.942735221403245
"SIM-07370",9.48062300490554,0.117044728455624,"Signature_5",0.999999993783731
"SIM-07371",23.6684351137903,0.388007133012956,"Signature_5",0.997690459417042
"SIM-07372",14.6187085897058,0.339969967202459,"Signature_3",0.863292249708305
"SIM-07373",12.9582283051777,0.219630988223351,"Signature_5",0.985478437872392
"SIM-07374",44.3428688214811,0.692857325335643,"Signature_3",0.999999996791574
"SIM-07375",22.4200726868931,0.546831041143734,"Signature_3",0.999951517201912
"SIM-07376",30.0306826298371,0.42296736098362,"Signature_5",0.99800764639803
"SIM-07377",43.5856111553021,0.518876323277406,"Signature_3",0.999995648030932
"SIM-07378",3.16016928999469,0.0619641037253861,"Signature_5",0.999999972508449
"SIM-07379",0,0,"Signature_5",0.999999999999995
"SIM-07380",16.5389761232187,0.318057233138821,"Signature_5",0.612788868385268
"SIM-07381",35.3379433074473,0.588965721790788,"Signature_3",0.990173082973203
"SIM-07382",23.2639945353246,0.494978607134567,"Signature_3",0.999984434182833
"SIM-07383",10.0909448420862,0.296792495355476,"Signature_5",0.987739299832789
"SIM-07384",28.4274259023434,0.350955875337572,"Signature_5",0.977362961431045
"SIM-07385",2.21648662908365,0.054060649489845,"Signature_5",0.999934492001854
"SIM-07386",15.4418069484753,0.308836138969506,"Signature_3",0.634705615213636
"SIM-07387",18.5212224298239,0.289394100465998,"Signature_3",0.743389529595092
"SIM-07388",0,0,"Signature_5",0.999997865120534
"SIM-07389",9.0423426734494,0.251176185373595,"Signature_3",0.829910831251592
"SIM-07390",18.9008711681419,0.37060531702239,"Signature_5",0.545325395854553
"SIM-07391",0,0,"Signature_5",0.999999999889764
"SIM-07392",0,0,"Signature_5",0.999999998797603
