"caaa","caac","caag","caat","caca","cacc","cacg","cact","caga","cagc","cagg","cagt","cata","catc","catg","catt","cgaa","cgac","cgag","cgat","cgca","cgcc","cgcg","cgct","cgga","cggc","cggg","cggt","cgta","cgtc","cgtg","cgtt","ctaa","ctac","ctag","ctat","ctca","ctcc","ctcg","ctct","ctga","ctgc","ctgg","ctgt","ctta","cttc","cttg","cttt","taaa","taac","taag","taat","taca","tacc","tacg","tact","taga","tagc","tagg","tagt","tata","tatc","tatg","tatt","tcaa","tcac","tcag","tcat","tcca","tccc","tccg","tcct","tcga","tcgc","tcgg","tcgt","tcta","tctc","tctg","tctt","tgaa","tgac","tgag","tgat","tgca","tgcc","tgcg","tgct","tgga","tggc","tggg","tggt","tgta","tgtc","tgtg","tgtt","tumor","ndel","nins","nmsi_del","nmsi_ins","msisensor","total_snvs","Signature_3_c1_ml","Signature_3_c2_ml","Signature_3_c3_ml","Signature_3_c4_ml","Signature_8_c1_ml","Signature_17_c1_ml","Signature_17_c2_ml","Signature_clock_c1_ml","Signature_clock_c2_ml","Signature_APOBEC_c1_ml","Signature_APOBEC_c2_ml","Signature_clock_c3_ml","sig_max_ml","max_ml","pass_ml","Signature_3_ml","Signature_3_c","Signature_8_c","Signature_1_c","Signature_5_c","Signature_2_c","Signature_13_c","Signature_18_c","Signature_17a_c","Signature_17b_c","Signature_30_c","Signature_41c_c","Signature_41b_c","Signature_30b_c","Signature_14_c","Signature_15_c","Signature_20_c","Signature_21_c","Signature_26_c","Signature_54_c","Signature_6_c","Signature_10a_c","Signature_10b_c","sig_max_c","max_c","sigs_all","exps_all","comb_all_l","comb_all_c","exp_sig3","Signature_3_c_diff","Signature_8_c_diff","Signature_1_c_diff","Signature_5_c_diff","Signature_2_c_diff","Signature_13_c_diff","Signature_18_c_diff","Signature_17a_c_diff","Signature_17b_c_diff","Signature_30_c_diff","Signature_41c_c_diff","Signature_41b_c_diff","Signature_3_l_rat","Signature_8_l_rat","Signature_1_l_rat","Signature_5_l_rat","Signature_2_l_rat","Signature_13_l_rat","Signature_18_l_rat","Signature_17a_l_rat","Signature_17b_l_rat","Signature_30_l_rat","Signature_41c_l_rat","Signature_41b_l_rat","rat_sig3","Signature_3_wl","Signature_8_wl","Signature_1_wl","Signature_5_wl","Signature_2_wl","Signature_13_wl","Signature_18_wl","Signature_30_wl","sig_max_wl","max_wl"
0,4,0,1,2,1,0,0,1,1,0,0,1,1,0,1,1,0,0,0,1,1,0,1,1,0,0,2,0,1,0,3,2,1,0,5,2,2,1,3,2,2,0,0,1,3,1,2,1,0,4,1,0,1,0,1,1,2,0,4,1,1,0,1,2,0,6,1,1,2,2,0,2,0,4,1,6,2,0,2,1,0,2,0,0,1,0,2,0,0,3,0,1,0,0,1,"SIM-00028",0,0,0,0,0,111,0.00632995589046156,0.985623238912515,1.80312359637369e-19,0.00804677212032096,3.01391148888276e-08,2.16871648196416e-09,0,1.09472361837842e-13,7.68762048189686e-10,9.47001687207905e-25,0,7.65715703471906e-18,"Signature_3_c2",0.985623238912515,TRUE,0.999999966923297,0.633599369041401,0.511600815498492,0.137270903917206,0.630971715001651,0.198735045781985,0.189544343334325,0.242095209211391,0.114674405375109,0.133018890919028,0.423412116404654,0.434770818311366,0.50530824757373,0.456305424917336,0.174981908508126,0.118485508113282,0.19840206013535,0.396365702342243,0.486879149431103,0.403488252682644,0.292305694377523,0.0862035336852559,0.102292681856464,"Signature_3",0.633599369041401,"Signature_3.Signature_5.Signature_17b.Signature_30.Signature_41c","59.8155124115392_18.5976237227238_1.70693960256736_9.62596354503085_20.0359674194502",-493.20559802705,0.733775975752121,59.8155124115392,0.0335972599066422,0,0,0.00227715942364726,0,0,0,0,0.0020074417641045,0.00139460574810135,0.0355038975013718,0,0.965374767815853,0,0.5,0.655441387252686,0,0,0,0,0.569452976734333,0.495050050270926,0.986812954119265,0,0.538878490194047,0.999999999993241,2.75429312124085e-98,2.44611205126168e-272,6.75884097332049e-12,0,0,1.13626366335697e-195,1.11009700368413e-155,"Signature_3",0.999999999993241
0,0,1,1,0,0,0,0,0,0,0,0,0,0,0,1,0,0,0,0,0,1,0,1,0,1,1,0,0,0,0,0,2,1,0,0,0,3,0,2,0,0,0,1,2,2,0,0,0,0,2,0,1,0,1,1,1,0,1,0,1,0,0,0,3,1,0,2,1,0,0,1,0,1,2,1,1,0,0,2,0,0,0,0,0,0,1,0,0,0,0,0,0,0,0,0,"SIM-00064",0,0,0,0,0,44,0.0848527377334981,0.684465975109984,1.29118228089986e-08,0.220430610140589,0.00137686986503415,2.70786695790987e-05,1.45354871093437e-13,0.000152827421462815,0.00869251110195255,1.42633529837456e-09,0,1.37561959693632e-06,"Signature_3_c2",0.684465975109984,TRUE,0.989749335895894,0.440564392957565,0.35150123293303,0.0814910785604196,0.53332502914053,0.264098725971755,0.0810546927267352,0.129501522562392,0.147181215683272,0.0130361372546171,0.482605300699003,0.477478372897794,0.475649920277376,0.47987755034736,0.142330480551599,0.0841048204558774,0.111932190703573,0.316289858036052,0.367627988705617,0.150267355719949,0.261395101066794,0.12896406280579,0.0332626541732654,"Signature_5",0.53332502914053,"Signature_3.Signature_2.Signature_17a.Signature_30.Signature_41c","12.3610495440044_0.89509251629698_1.69656303121673_14.2548748289086_13.3753916315338",-192.963339214881,0.687250792034781,12.3610495440044,0.00933863373012178,0,0,0,0.00124181650951083,0,0,0.00586700463027401,0,0.0307975557379675,0.0817247712007416,0,0.862718862256464,0,0.5,0,0.456167398466244,0,0,0.605353826327873,0,0.551918299801377,0.988207952510563,0,0.280932944181918,0.00647248879181021,1.13941137759815e-36,2.30183431988788e-114,0.99352751120819,0,0,4.5289180455425e-83,1.18419357037392e-49,"Signature_5",0.99352751120819
1,0,0,1,2,1,1,1,1,1,0,2,1,0,0,0,0,0,1,0,1,0,0,1,0,0,0,1,0,2,0,0,2,1,0,2,2,2,0,0,0,1,1,1,1,2,0,0,0,0,1,0,0,1,0,2,0,0,0,0,1,0,2,0,2,0,4,1,1,1,1,2,1,1,0,1,1,0,2,2,0,0,0,1,0,2,1,1,0,0,1,1,1,0,1,3,"SIM-00082",0,0,0,0,0,72,0.0116993069454531,0.687862223970964,1.05865438267167e-14,0.0110301048992787,5.23315318143274e-05,0.28935554361572,5.13806050963771e-12,5.25664616069303e-10,4.8849780773363e-07,1.44499112632535e-18,0,8.14851866194256e-12,"Signature_3_c2",0.687862223970964,TRUE,0.710591635815707,0.620545051635948,0.511831963658093,0.138719186607904,0.650823292907775,0.13530136798108,0.0892398431892425,0.353761467550936,0.275997927158582,0.176069693800117,0.431718253168103,0.425326810429288,0.51623331598576,0.42679431662214,0.278586125066584,0.207566991011002,0.295823856163498,0.296240638846194,0.47744280925353,0.375928343804204,0.2686130784738,0.0491803525313149,0.0443504448734453,"Signature_5",0.650823292907775,"Signature_3.Signature_17a.Signature_17b.Signature_30.Signature_41c","38.2383679312563_3.99562365925202_1.8647493398064_11.2247770208537_13.461239450322",-319.70505021146,0.744269038728489,38.2383679312563,0.0218779997639862,0,0,0,0,0,0,0.00985545268312293,0.000449195002761749,0.00210773174170609,0.0320578147248645,0,0.808267046121221,0,0.5,0,0,0,0,0.664465275467049,0.633746497194256,0.491152457170767,0.961796540422376,0,0.531088443489671,0.999948638222435,3.94523623732631e-67,2.53781199173847e-185,5.13617775652572e-05,0,0,1.01489254300229e-115,2.34712690912328e-106,"Signature_3",0.999948638222435
1,1,0,0,0,2,0,0,0,0,0,0,0,0,0,0,2,1,0,3,2,0,0,0,0,0,1,1,1,1,1,0,1,0,0,1,1,1,0,2,1,2,0,0,0,2,0,2,1,0,0,1,0,0,0,1,0,1,0,0,0,0,1,1,1,0,1,2,1,0,0,1,0,1,2,3,0,0,1,1,0,0,0,0,0,0,1,0,0,0,0,0,0,0,0,1,"SIM-00100",0,0,0,0,0,52,0.232762568208046,0.647476846096605,1.21487390629388e-08,0.119747665526458,6.91712463131982e-06,1.15817151476765e-06,1.65023917921849e-13,2.0258596811448e-07,4.62978518609228e-06,1.02032166801728e-11,0,3.42483282521783e-10,"Signature_3_c2",0.647476846096605,TRUE,0.999987091979848,0.594987866161759,0.402965263571295,0.0897372164444867,0.550894710255737,0.174367488181728,0.133884033588748,0.119097835329562,0.135151093286673,0.0268541570662873,0.406867227610222,0.351963222583741,0.41325541318618,0.455082528415717,0.163461812118229,0.141442379832033,0.22780596817177,0.399597259471946,0.399261391967847,0.226043073598542,0.285754180605254,0.0255712187800203,0.0565237657483394,"Signature_3",0.594987866161759,"Signature_3.Signature_17a.Signature_30.Signature_41c","35.0144206630415_0.52418498048354_7.88103268174942_8.61747104835232",-229.426367953341,0.663263775795543,35.0144206630415,0.0693213349670018,0,0,0,0,0,0,0.000516203573857843,0,0.0113436893585163,0.0329323487881391,0,0.997771955105815,0,0.5,0,0,0,0,0.521615435022755,0,0.616431419782523,0.982981933058298,0,0.673354243520029,0.999999998788901,1.06444929195682e-57,2.92274807083896e-143,1.21109943384275e-09,0,0,5.58578167304826e-100,3.14919305602377e-81,"Signature_3",0.999999998788901
0,0,0,0,0,1,0,0,1,1,0,0,0,1,0,0,0,1,0,1,1,2,0,0,0,0,0,1,0,0,0,2,3,1,0,1,1,1,0,0,3,0,1,1,1,1,1,0,0,0,0,1,0,0,0,0,1,0,0,1,0,0,1,1,3,0,1,2,1,0,0,2,0,1,0,1,0,0,2,0,0,0,0,0,1,0,0,0,0,0,0,1,0,0,0,1,"SIM-00163",0,0,0,0,0,48,0.12732919551591,0.641781050967989,2.15076547476218e-08,0.228380670231372,0.00118301451431889,0.000203742361872541,0,4.19172090241398e-05,0.00107980391603248,1.1503155871431e-09,0,5.82625510796049e-07,"Signature_3_c2",0.641781050967989,TRUE,0.997490938222926,0.543782452725291,0.380937603777807,0.183211942149192,0.574262053022967,0.199222108922678,0.222242639843212,0.189925862954916,0.21700176309753,0.0457691244945942,0.435710172327619,0.432734651759429,0.498483008192217,0.456483730199128,0.252643220605072,0.210945174074831,0.22672854557437,0.244775981092808,0.383379706781342,0.174118030860725,0.507625850150198,0.0248705354159195,0.142467442957395,"Signature_5",0.574262053022967,"Signature_3.Signature_13.Signature_17a.Signature_30.Signature_41c","21.9741921519698_1.62482144749071_2.60011675591625_10.9954939808289_11.6623237773905",-209.063557521147,0.692409194934335,21.9741921519698,0.0182206148032106,0,0,0,0,0.00394558175443349,0,0.0112322159072817,0,0.0176624002351778,0.0470979125122902,0,0.873056990601669,0,0.5,0,0,0.524769890436714,0,0.707624569925983,0,0.77297177861538,0.986607829759969,0,0.457795669832705,0.648636335615903,1.43757403290368e-52,4.3107673165477e-108,0.351363664384097,0,0,1.0629822909637e-86,6.94596459210833e-59,"Signature_3",0.648636335615903
1,2,0,2,0,1,0,2,0,1,0,0,0,0,0,1,0,0,0,0,1,0,0,1,1,0,0,0,1,1,0,0,1,0,0,0,0,2,1,1,1,0,0,1,1,1,0,2,0,1,0,0,0,1,0,0,0,0,1,0,0,0,0,0,1,0,1,1,0,1,1,0,0,0,1,1,2,2,0,0,0,0,0,0,0,1,1,1,0,0,0,0,0,0,0,0,"SIM-00166",0,0,0,0,0,43,0.246205310744476,0.545314050933027,2.31381774311199e-06,0.202125095388918,0.0028915310036215,0.00325213992963237,0,3.81431340459155e-05,0.000171035239199706,2.60649318885236e-08,0,3.53744404044828e-07,"Signature_3_c2",0.545314050933027,TRUE,0.993646770884165,0.620706234757772,0.557191298482192,0.153935230775176,0.592217934364866,0.286511909505063,0.178244540150132,0.257613882910965,0.124192641090931,0.149769248651426,0.412544429220477,0.25880886987121,0.402689539376498,0.417153156079511,0.292496852224171,0.113756950019042,0.409872685560492,0.337954781724325,0.434961100130867,0.302166260343293,0.314416749527767,0.165223012069901,0.0643242281140991,"Signature_3",0.620706234757772,"Signature_3.Signature_5.Signature_2.Signature_17b.Signature_41c","25.4235166453429_12.4804807230027_2.67355840287171_0.998793546622346_3.33713923979284",-187.442474402066,0.677488054902291,25.4235166453429,0.0230354146272714,0,0,0.000111451839946541,0.00600679377873092,0,0,0,0.000341132991404924,0,0.00463003171317777,0,0.752180778354749,0,0.5,0.588352828792331,0.669722060627646,0,0,0,0.546495168598914,0,0.62172779394475,0,0.591244573147509,0.999999995672971,1.36049863234115e-34,3.85817787123568e-110,4.32702864903634e-09,0,8.61259929847476e-134,2.98131775213297e-68,2.15096804436345e-64,"Signature_3",0.999999995672971
0,0,0,0,1,0,0,0,1,0,0,0,0,0,0,1,0,0,0,0,0,0,0,0,0,0,0,0,0,1,0,0,2,0,0,0,0,0,0,0,0,2,0,1,0,3,0,0,1,0,0,0,0,0,0,0,0,0,0,0,0,0,0,1,3,0,1,0,0,0,1,0,0,0,0,0,0,0,0,0,0,0,1,0,0,0,0,0,0,0,0,0,0,1,0,0,"SIM-00207",0,0,0,0,0,21,0.175512248777812,0.217934876343248,0.000501109655137993,0.242583689010565,0.0676339859922637,0.00924595630284147,0,0.0554420979915801,0.219760562474257,0.000509382052021272,0,0.0108760914002741,"Signature_3_c4",0.242583689010565,TRUE,0.636531923786762,0.339627134609838,0.259304712340697,0.0828833920369625,0.441124312592827,0.121153804632585,0.0661267324972982,0.266078148284345,0.0424117021481379,0.00692887542116266,0.418136489046041,0.369037292123702,0.372445848679807,0.460423153328373,0.193457465112168,0.178179657851816,0.196673680921297,0.187609970214263,0.29133275160695,0.238546473733607,0.32457776990691,0.183493664804939,0.0584292867408263,"Signature_30b",0.460423153328373,"Signature_3.Signature_18.Signature_17a.Signature_30.Signature_41c","2.09698679087754_4.37706579818016_0.189411375830717_9.88344090603904_7.68661186956844",-86.2249602597603,0.568995682078484,2.09698679087754,0.000851659708386077,0,0,0,0,0,0.0171853567292483,0.000172610958749098,0,0.05084900026483,0.0657815857814762,0,0.625343016319944,0,0.5,0,0,0,0.790297604612373,0.565910315352235,0,0.716323569895118,0.787258904592194,0,0.0998565138513115,3.80978681958207e-05,9.71298771416629e-29,3.81008795489624e-59,0.999961902131804,0,7.31957286051049e-61,1.86561513565396e-34,4.27911761010483e-22,"Signature_5",0.999961902131804
0,1,1,2,4,0,0,1,0,2,1,2,1,0,0,1,1,1,0,0,4,2,0,2,0,0,0,1,1,0,0,0,5,0,1,2,1,2,1,2,2,2,0,1,3,3,1,1,1,0,1,1,0,1,1,1,0,0,1,1,1,1,0,1,4,1,3,2,3,0,0,1,0,0,1,2,1,0,0,3,1,0,0,0,0,1,1,0,1,1,2,0,1,1,1,0,"SIM-00225",0,0,0,0,0,97,0.0235263508670287,0.954676682857869,2.54000264462709e-16,0.0217967844379479,1.57867766264527e-07,2.81853284774157e-11,0,4.45937979232682e-11,2.38965986494103e-08,9.04927612999982e-21,0,1.03131462103057e-14,"Signature_3_c2",0.954676682857869,TRUE,0.999999818162846,0.664056968561666,0.56259737139251,0.194318050044851,0.664277324712123,0.294275753018464,0.136838912732825,0.333767398060349,0.100660339235062,0.0175574708142629,0.513253675206175,0.491056396237635,0.532587339418607,0.517821806503473,0.270617961300298,0.151792263525405,0.270979072260425,0.306961110967663,0.395957979276604,0.217157651163449,0.408437343499803,0.106079903824303,0.108990417428132,"Signature_5",0.664277324712123,"Signature_3.Signature_8.Signature_2.Signature_30.Signature_41c","48.6370503486928_9.54573129772786_2.50012475843955_16.3517106522174_20.7314062678225",-427.548752203811,0.805552379840685,48.6370503486928,0.0353361233793497,0.00120911311095451,0,0,0.00279277789592758,0,0,0,0,0.0122797495069976,0.0597750432185866,0,0.999423528117916,0.543539643937971,0,0,0.565855625994632,0,0,0,0,0.769812074188214,0.999268302875266,0,0.501412890192709,0.999999999997059,2.02981636544572e-79,8.1147478791988e-237,2.94097865963905e-12,0,0,8.00896619326847e-165,6.62390280287832e-126,"Signature_3",0.999999999997059
0,0,0,1,2,1,0,0,1,1,1,0,1,1,1,0,1,0,0,0,1,2,0,3,0,2,1,1,1,1,0,0,2,2,0,0,4,2,3,0,0,2,1,0,3,1,2,1,0,0,0,0,0,1,0,0,0,0,1,0,1,0,1,2,4,3,3,3,0,2,7,1,1,0,3,0,0,2,1,1,0,1,2,2,0,2,0,3,0,0,0,0,0,0,0,2,"SIM-00313",0,0,0,0,0,95,0.00559276731779175,0.140489701432184,1.59637938196276e-16,0.0176952205936993,3.23896010041152e-06,0.836211298776067,4.86467638140732e-14,3.33437227868439e-09,7.76958501481643e-06,2.57710966795606e-19,0,7.22596528697578e-13,"Signature_17_c1",0.836211298776067,FALSE,0.163777689343675,0.56589689753056,0.41870919874849,0.251607582785357,0.680107977526058,0.265306071382986,0.137003225288285,0.271086686056693,0.252408147573113,0.235420277136196,0.457878328286206,0.317634949806385,0.432788781262422,0.405093167044441,0.210732559120822,0.184035730090817,0.234760289523229,0.412711167276051,0.588642159361897,0.614691317392541,0.175961152986415,0.0358246083291938,0.159002453833053,"Signature_5",0.680107977526058,"Signature_5.Signature_2.Signature_17a.Signature_17b.Signature_41c","69.7319148162852_4.63923255453438_3.22793511522108_4.10113879668576_8.46537073551006",-418.480397133233,0.727868242384762,0,0,0,0,0.0391106682693294,0.00870903236776688,0,0,0.00311662729956097,0.0151805794898774,0,0.0112567326381193,0,0,0,0.5,0.998287079026287,0.768472903417491,0,0,0.5346730089412,0.925363782505724,0,0.632561300242825,0,0,1.56837654085209e-06,2.02140727882006e-107,4.38603742515782e-209,0.999998431623459,0,0,5.27495111897482e-157,4.72030956459622e-133,"Signature_5",0.999998431623459
0,3,0,0,1,1,0,0,0,1,0,1,0,2,0,1,2,1,0,0,0,0,0,0,0,0,0,1,0,0,0,0,2,0,1,1,1,0,1,2,1,1,2,1,1,0,0,0,0,1,1,0,0,1,3,2,0,0,2,0,0,1,0,0,5,0,0,4,0,0,1,2,0,0,3,0,2,3,0,2,0,0,0,0,0,1,1,0,1,0,3,0,2,0,1,1,"SIM-00400",0,0,0,0,0,71,0.00161844493164555,0.995391999059082,5.28305154415327e-17,0.00298701389637233,1.00437895287092e-06,5.58881974660181e-07,1.71325984113489e-19,2.03303766317182e-10,9.78634910884039e-07,5.37493924470073e-20,0,1.37573492327865e-11,"Signature_3_c2",0.995391999059082,TRUE,0.9999974578871,0.552622394563434,0.549305911321002,0.241592800185299,0.600063983215084,0.0899521975110681,0.0441947651150234,0.246816095026141,0.221074009228368,0.0324265582857447,0.284526236552849,0.453603846541061,0.512910986306316,0.271028428061074,0.288675369326471,0.257611696878099,0.203085155722216,0.326660672424407,0.442957634489687,0.26702072846788,0.252007442588377,0.110225174642292,0.0311857825614905,"Signature_5",0.600063983215084,"Signature_3.Signature_8.Signature_5.Signature_17a.Signature_41c","16.9455226434591_16.2335438057134_22.1692781916122_2.42894874744759_15.1444560996544",-312.261841602346,0.700350824288172,16.9455226434591,0.00622555219634113,0.00853133669344874,0,0.00955913747971082,0,0,0,0.00548351990817519,0,0,0.0470288175203009,0,0.778538728915672,0.677305371322164,0.5,0.801437939960575,0,0,0,0.638376721876383,0,0,0.961716650745443,0,0.238669333006467,0.999999853402817,6.54352753698515e-51,4.99395980359838e-153,1.46597182745683e-07,0,0,1.66228922055785e-120,2.82636072201337e-118,"Signature_3",0.999999853402817
0,0,0,0,1,0,0,0,0,0,0,0,0,0,0,0,0,0,0,1,0,0,0,0,0,0,0,0,0,0,0,0,0,0,0,0,0,0,0,0,0,0,0,0,0,0,0,0,0,0,0,0,0,0,0,0,0,0,0,1,0,0,0,0,0,0,1,1,0,0,0,0,1,0,0,0,0,0,0,0,0,0,0,0,0,0,0,0,0,0,0,0,0,0,0,0,"SIM-00423",0,0,0,0,0,6,0.18909143673408,0.367658537513074,0.00970054459385745,0.194522497788716,0.07180463518932,0.0370748415208678,0.00119969236685492,0.026975357647757,0.0725322955180961,0.0030984847228315,0,0.0263416764045444,"Signature_3_c2",0.367658537513074,TRUE,0.760973016629728,0.238805946114033,0.232319750960207,0.0236772994414678,0.231666443070568,0.00243992151125869,0.00637145202802501,0.171561581546769,0.00760207462196236,0.00165901314644446,0.0202272090679403,0.219068341335125,0.119019407310692,0.0395439332701397,0.0178217397353677,0.0274863905228747,0.0753040418831356,0.250513740110494,0.327450803082139,0.214126651090534,0.0153737351628444,0.00630480128897273,0.00515970084733055,"Signature_26",0.327450803082139,"Signature_3.Signature_8.Signature_5.Signature_18.Signature_41c","2.60328492001003_0.718663897923793_0.348083481543782_0.755672207131232_1.66952865333484",-25.5073479116839,0.308762606006878,2.60328492001003,0.0086447534550681,0.000676100707848404,0,0.000169093173956691,0,0,0.00383851328999979,0,0,0,0.0518422409063953,0,0.498093099339113,0.526651356390222,0.5,0.490506186452601,0,0,0.481061495611302,0,0,0,0.821487144997947,0,0.433880820001672,0.885534691539563,0.000902817227877761,2.13831740627725e-16,0.113562491220992,0,0,1.15670568878785e-11,1.10007942123341e-16,"Signature_3",0.885534691539563
0,1,0,0,0,0,0,0,0,1,0,0,0,1,0,2,0,0,0,0,1,2,0,0,0,1,0,1,1,1,0,0,0,2,0,1,1,1,1,0,1,0,1,1,2,2,2,2,0,0,0,0,1,0,1,0,0,0,0,1,1,0,0,1,5,0,3,1,3,2,1,1,0,0,0,0,2,2,0,1,1,0,0,0,0,0,0,0,0,0,0,1,0,0,0,1,"SIM-00428",0,0,0,0,0,58,0.167259818792397,0.185500281583737,6.62335677411343e-08,0.635842713474985,0.00064699341986825,0.0080069735192449,0,0.0003060397062358,0.0024368730192092,3.2095182774803e-08,0,2.08155572152715e-07,"Signature_3_c4",0.635842713474985,TRUE,0.988602880084687,0.491959243977065,0.399367545295684,0.227585197893922,0.599715161473848,0.356211180833943,0.171552707872019,0.213765697809648,0.211815353477938,0.0391613851860228,0.423141003748331,0.539203339265889,0.538451941253117,0.381928321195951,0.237109360777272,0.176971088145241,0.145251033182437,0.258077747802148,0.47475277475568,0.305099569153818,0.228712646405,0.216341658359883,0.255316694271859,"Signature_5",0.599715161473848,"Signature_3.Signature_5.Signature_2.Signature_17a.Signature_41c","7.72957629389822_27.677169658051_5.9369624027327_2.23494286042573_16.5474031556013",-245.770856284379,0.760909385517945,7.72957629389822,0.00193759226804546,0,0,0.0147816972194458,0.0305259074321728,0,0,0.00601128003439377,0,0,0.0747663286857974,0,0.579792330662375,0,0.5,0.631746818120624,0.912182201705824,0,0,0.700852999362195,0,0,0.994657999517907,0,0.133268556791349,2.77202846544789e-07,6.48644133271059e-62,4.94108444506228e-135,0.999999722797154,0,0,4.3275675561187e-110,3.4257054521268e-81,"Signature_5",0.999999722797154
2,0,0,0,1,0,0,0,0,1,1,0,1,0,0,0,1,0,0,1,0,0,0,0,0,0,0,0,0,0,0,0,1,1,1,1,1,1,1,2,2,0,0,0,1,0,0,0,0,1,0,1,0,0,0,0,0,0,0,0,0,0,0,1,1,0,0,0,1,2,2,2,2,1,0,0,2,0,2,2,0,0,1,0,0,0,0,0,0,0,0,0,0,0,0,1,"SIM-00460",0,0,0,0,0,42,0.0212320826751039,0.647701370101342,8.05557632624257e-10,0.076395845913042,0.0162600892080011,0.159532135091289,1.89227778893235e-10,0.00087115169393812,0.0777961523879687,1.34885439084293e-09,0,0.000211170585676049,"Signature_3_c2",0.647701370101342,TRUE,0.745329299495045,0.481984252642205,0.426604565581511,0.222436217321443,0.598126555531263,0.136049046981773,0.0545040650890997,0.213409101570105,0.408950518792245,0.0338830318743836,0.365279536415202,0.477066187713078,0.525843902054338,0.407075679713314,0.182775133062278,0.110404648604567,0.1937549758088,0.437819166630252,0.50964509067702,0.333653841817583,0.336023532033037,0.0303044418940236,0.0170902898998671,"Signature_5",0.598126555531263,"Signature_3.Signature_5.Signature_17a.Signature_30.Signature_41c","5.94521640974422_17.4764095874342_5.24116201186017_3.52803310142664_10.8977077139741",-176.23076660282,0.738904921362551,5.94521640974422,0.0020325372766169,0,0,0.00834933150149986,0,0,0,0.0587826134228002,0,0.00181388858919918,0.0540519955958207,0,0.393677909212317,0,0.5,0.767139559967171,0,0,0,0.952959460687865,0,0.50362387938768,0.966499159553796,0,0.141552771660577,0.0051499628521162,4.83408826334342e-43,6.37754377112229e-86,0.994850037147884,0,0,6.90908348737168e-77,6.64915137907708e-65,"Signature_5",0.994850037147884
2,3,0,0,1,0,1,1,0,0,1,0,0,0,0,0,2,0,0,0,1,0,0,1,1,0,0,0,0,2,0,1,1,0,0,0,2,1,3,2,2,0,1,3,2,2,0,1,0,1,1,0,0,1,0,0,0,0,1,2,0,0,0,1,0,1,3,1,0,1,0,1,1,0,0,0,0,0,1,1,0,0,0,0,1,0,0,1,0,1,0,0,1,1,0,1,"SIM-00529",0,0,0,0,0,60,0.176405650445311,0.641082072551476,1.06726302007685e-08,0.179330153322054,0.00287324639256257,7.63676351841898e-05,0,1.58291697509038e-05,0.00021659281991553,7.05866983554807e-11,0,7.69205289305005e-08,"Signature_3_c2",0.641082072551476,TRUE,0.996817886991471,0.627424514123834,0.509894170471077,0.289763675380851,0.672262856927142,0.295533559818061,0.188712615666293,0.260652092137559,0.157074888176752,0.121221377683478,0.510810595780104,0.171104306365786,0.402558178544932,0.503239653838476,0.328699585672159,0.22576811671985,0.292274288053959,0.329561612790957,0.416110364505349,0.295150822246854,0.440684984323531,0.0312981968970206,0.0539422445613533,"Signature_5",0.672262856927142,"Signature_3.Signature_5.Signature_2.Signature_17b.Signature_41b","22.1344769378429_34.1401132044663_3.32923431834095_0.759593064835997_1.09845668801037",-265.87779688369,0.710456490160652,22.1344769378429,0.0183393391876029,0,0,0.0207362361803407,0.0095369166343956,0,0,0,0.00138577905279569,0,0,4.79363984409176e-05,0.943310044713442,0,0.5,0.835996352109389,0.591502952515546,0,0,0,0.537117375519413,0,0,0.523533455077915,0.368907948964049,0.999999469647695,2.09007622830609e-58,4.82164818825907e-138,5.30352304621411e-07,0,0,1.21409140274284e-102,6.52782105016973e-70,"Signature_3",0.999999469647695
0,1,0,0,0,1,0,2,2,0,0,3,3,1,0,1,2,0,0,1,0,3,0,1,1,0,0,2,0,1,0,0,3,1,0,2,2,3,1,2,1,0,0,0,0,1,0,3,1,1,2,0,0,2,0,0,0,1,0,0,0,0,1,2,3,1,2,3,1,4,3,1,1,0,1,2,2,2,0,0,0,0,0,0,1,0,0,0,0,0,2,0,1,0,2,0,"SIM-00574",0,0,0,0,0,86,0.00748816952356124,0.987804224961932,1.39166770910387e-16,0.00470753299888535,4.85656010284278e-08,9.40436559540517e-09,5.49688927395442e-27,9.53004520362996e-12,1.45360470688581e-08,4.23424709213894e-21,0,7.72424225459123e-14,"Signature_3_c2",0.987804224961932,TRUE,0.999999927484379,0.650857329592626,0.546563474690903,0.126167769532979,0.64933085678048,0.147218132519022,0.072614609293412,0.36418281318356,0.275801527103502,0.0147497807595606,0.384307122997644,0.36761311935435,0.423351042304793,0.414734344246186,0.239069406356857,0.090153413558235,0.2919712704195,0.324142080471845,0.474620278258777,0.344447580397659,0.270124592502672,0.129810027608943,0.0461349318407738,"Signature_3",0.650857329592626,"Signature_3.Signature_5.Signature_18.Signature_17a.Signature_41c","41.8740664416329_26.1643206972055_3.53119987210115_3.77694818122307_11.4948007838261",-379.783985796707,0.731627872786627,41.8740664416329,0.0346885061239081,0,0,0.0044031763360638,0,0,0.00157141723788712,0.0105493949975356,0,0,0.0299836324429829,0,0.934812181309424,0,0.5,0.621398742699991,0,0,0.553520843875639,0.772354245839774,0,0,0.971359725866932,0,0.486907749321313,0.999999999517296,4.69745662020652e-65,7.59948747667035e-217,4.82703740311523e-10,0,0,5.35477346886175e-146,2.03862530876615e-134,"Signature_3",0.999999999517296
0,1,0,0,0,1,0,0,0,0,0,0,0,0,0,1,3,0,0,0,1,0,0,1,0,0,0,0,0,1,0,1,3,1,0,3,1,2,0,1,0,1,0,2,2,0,0,0,0,0,0,0,1,1,0,0,0,1,1,1,0,0,0,0,1,0,4,3,0,1,1,0,0,0,1,0,0,0,1,0,0,0,0,1,0,0,1,0,0,0,0,0,0,0,0,0,"SIM-00591",0,0,0,0,0,45,0.195050567536254,0.655731643068227,9.12916606529779e-08,0.148866453272545,9.61839007099654e-05,3.45909197228942e-06,0,6.98265720631873e-06,0.000244550546047759,2.79707947425991e-10,0,6.83556695576265e-08,"Signature_3_c2",0.655731643068227,TRUE,0.999648755168686,0.520063847719583,0.373459921130381,0.0862591558517031,0.530769958396405,0.212821093529144,0.166613603875864,0.125077922061737,0.0951193292370432,0.0166697595431379,0.4013011855918,0.252156566110291,0.306457769577859,0.492633470824269,0.164014230307779,0.118456000410409,0.20786654353227,0.21475445912063,0.370997216797032,0.383760578434739,0.41207397424918,0.120969717191728,0.0245796319053715,"Signature_5",0.530769958396405,"Signature_3.Signature_5.Signature_2.Signature_30.Signature_41c","24.0236632871763_12.5788330300389_1.2843595633927_4.55985488411809_4.83487258452685",-196.217002959389,0.581201070846522,24.0236632871763,0.0268475572467608,0,0,0.00484736158194032,0.00208903128767746,0,0,0,0,0.00291842631761396,0.0142107122229852,0,0.89481760823087,0,0,0.616920208311757,0.519124528322054,0,0,0,0,0.596164883650622,0.683755126678238,0,0.533859184159473,0.996860353525285,4.19305248957593e-43,2.9180633407727e-112,0.00313964647471481,0,0,1.14078496767288e-86,2.33262998955989e-52,"Signature_3",0.996860353525285
1,2,0,1,0,1,0,0,0,1,0,2,1,1,0,1,0,0,0,0,0,2,1,2,1,0,1,2,1,2,0,2,1,1,0,3,2,1,0,2,3,1,0,0,3,2,1,0,0,0,3,0,1,1,1,0,2,0,0,0,1,1,1,2,8,1,0,6,2,0,1,2,0,1,2,0,1,0,0,2,0,0,1,0,0,1,0,1,0,0,1,2,1,0,3,3,"SIM-00780",0,0,0,0,0,97,0.0980570583673273,0.831859089587316,2.31190316460732e-15,0.0700820776277891,6.3250206727083e-08,1.71026821202421e-06,2.99443327075756e-22,1.67876464274607e-12,8.97468123873108e-10,1.48970545214951e-20,0,3.41899746790633e-17,"Signature_3_c2",0.831859089587316,TRUE,0.999998225582434,0.587834420893855,0.438921062966122,0.0954695480348495,0.555578178446862,0.23964001057458,0.229011111145586,0.203156897432085,0.154671478652852,0.12019511716791,0.359662716425789,0.53115950903215,0.45151135849516,0.375806631228556,0.160310579852943,0.102077553057477,0.137735374962371,0.227976551863805,0.350539365598151,0.164365752564053,0.275698953791554,0.0891857859890474,0.0945387781765152,"Signature_3",0.587834420893855,"Signature_3.Signature_2.Signature_17b.Signature_30.Signature_41c","59.4411734897625_3.6590369833477_1.49058747027106_5.92264867140081_26.219535272618",-428.535488456583,0.743670428476102,59.4411734897625,0.0383434373726539,0,0,0,0.00327772180482744,0,0,0,0.00069884778233742,0.000879073344916437,0.101465699358103,0,0.999659217828521,0,0.5,0,0.613636492838925,0,0,0,0.547899894846965,0.532804777387554,0.999970161337559,0,0.612795602987242,0.999999996341656,1.76115138309061e-92,1.57100733661918e-245,3.65834397407336e-09,0,0,2.46610766676342e-173,1.05050899283213e-152,"Signature_3",0.999999996341656
0,0,0,1,0,0,1,0,0,1,0,0,0,0,0,0,1,1,0,0,0,0,0,1,0,0,0,0,0,0,0,0,0,1,0,3,0,1,0,0,1,0,0,0,0,2,0,0,1,0,0,0,0,0,0,1,0,0,0,0,1,1,0,1,1,0,4,0,0,0,1,0,0,0,0,0,1,0,0,1,1,0,0,0,0,0,0,1,0,0,0,0,0,0,0,0,"SIM-00851",0,0,0,0,0,29,0.0885563819097213,0.705441076154971,4.66877014793242e-07,0.150884968977852,0.0337179580969349,0.00140844514489912,3.58201042449474e-09,0.000517070245437748,0.0194265149974419,4.00579654594345e-08,0,4.70739557513623e-05,"Signature_3_c2",0.705441076154971,TRUE,0.944882893919559,0.378241090311427,0.275420506498542,0.0588418370688877,0.438716939731556,0.0716037548328749,0.0207827573540614,0.0964868771990608,0.066591655798195,0.143684805984937,0.320103163523975,0.341093683910368,0.396352298811794,0.347070429036668,0.118553445978439,0.0538180579717574,0.120236175801612,0.146247330979053,0.306891982255026,0.399054127325242,0.226539541954465,0.0111742118766332,0.0237582028981749,"Signature_5",0.438716939731556,"Signature_3.Signature_5.Signature_17b.Signature_30.Signature_41c","8.56242160109732_8.61873329533568_1.12056523126097_4.07874787908088_6.81838675038679",-125.946205320323,0.514039454742967,8.56242160109732,0.00687279241273608,0,0,0.00262418907510653,0,0,0,0,0.00877665977262809,0.00538105949497314,0.0251996162686176,0,0.483259225052904,0,0.5,0.548430044708448,0,0,0,0,0.605076921554605,0.534597654148527,0.737340297156105,0,0.295255917279218,0.0136549597468514,4.17962644213082e-28,8.36915723011132e-72,0.986345040253149,0,0,1.35936430796107e-54,1.39025394107589e-38,"Signature_5",0.986345040253149
2,0,0,0,3,1,0,0,0,0,0,0,1,1,0,0,0,0,0,0,1,1,0,0,0,1,0,0,0,1,0,1,3,1,0,1,0,1,0,1,3,0,0,0,1,1,0,1,1,0,0,0,0,0,0,0,0,1,0,0,0,1,0,0,3,1,2,2,0,0,0,1,0,0,0,0,0,0,0,0,0,1,0,1,0,0,0,2,2,0,0,0,0,0,0,0,"SIM-00875",0,0,0,0,0,44,0.191503315591179,0.51142402892937,7.37527072186315e-07,0.268591938475937,0.0251731476539948,0.00267124574585748,1.84292937748191e-10,3.52893376833929e-05,0.000600061207627763,6.06583128782703e-09,0,2.29281154663113e-07,"Signature_3_c2",0.51142402892937,TRUE,0.971520020523558,0.530259314367326,0.415764201149238,0.0851642633761144,0.495642753150676,0.205834061221516,0.169963577915369,0.269199041923767,0.114677490603489,0.234309014057143,0.381239910294268,0.334405522202028,0.357374846816746,0.448127422886964,0.149251010146143,0.0768417336570921,0.215053731823483,0.141217969677804,0.265354006488736,0.145995613036864,0.437610638343995,0.0302259876299165,0.025865551820395,"Signature_3",0.530259314367326,"Signature_3.Signature_2.Signature_17b.Signature_30.Signature_41c","28.4993914979703_0.887444754011598_2.57985099435812_6.83094443140055_8.15244037050917",-192.63900725663,0.631150630795562,28.4993914979703,0.0361453284258066,0,0,0,3.34439750614424e-05,0,0,0,0.0250683209052026,0.00978359661846406,0.0370251052911763,0,0.973217020402987,0,0.5,0,0.531466274899002,0,0,0,0.89192864768878,0.709592754674899,0.94921451926817,0,0.647713443135689,0.999994250912535,1.97426318664408e-43,5.53665643832324e-107,5.74908746545568e-06,0,1.66971686865548e-127,1.30234053929622e-71,4.24571926566464e-57,"Signature_3",0.999994250912535
2,0,0,0,2,2,0,2,0,1,0,0,2,0,0,2,2,1,0,4,4,0,2,1,0,1,0,1,3,0,0,1,4,3,2,3,3,0,2,2,4,0,1,1,1,4,1,0,1,0,2,2,0,0,0,0,0,1,0,0,0,0,1,0,4,0,5,3,1,0,1,2,1,0,1,1,1,1,1,1,2,0,1,0,1,1,1,0,0,0,1,1,0,1,0,2,"SIM-00883",0,0,0,0,0,105,0.0679777038653323,0.804473306777071,2.69961646594118e-16,0.127548795686299,7.47089763111266e-08,6.38574662668435e-11,0,2.23902725671331e-10,1.18674504424718e-07,3.81795353605414e-20,0,5.64150872335382e-14,"Signature_3_c2",0.804473306777071,TRUE,0.999999806328703,0.665606727919877,0.529810750479099,0.280842523748095,0.70266103770158,0.177548460741104,0.222908745765022,0.296464778895345,0.141376055822756,0.0427488352413941,0.494188384720231,0.41780231409334,0.492150562557799,0.490387140839837,0.31440826838693,0.174841398733032,0.350693680287297,0.321846932460683,0.471300646295657,0.330468183457344,0.435636700027566,0.163649769684183,0.106329481042388,"Signature_5",0.70266103770158,"Signature_3.Signature_5.Signature_13.Signature_30.Signature_41c","44.1341493412958_36.3091632691775_1.93688758526577_9.19548730390266_16.1812381088348",-462.386156023676,0.773176229502077,44.1341493412958,0.0219384007813028,0,0,0.00814420182231557,0,0.00138846492792011,0,0,0,0.0039674183472499,0.0337368053574592,0,0.962893542729817,0,0.5,0.830067638174049,0,0.664185394909679,0,0,0,0.608737694154082,0.989526083477941,0,0.420325231821865,0.999997068043946,3.67476052667549e-108,4.8312776662892e-239,2.93195605436979e-06,0,0,4.12506591703616e-175,2.06698057854222e-140,"Signature_3",0.999997068043946
0,0,1,2,1,0,0,1,0,0,0,0,3,4,0,1,1,1,0,2,0,0,0,1,0,0,0,0,1,1,0,0,1,1,0,0,1,0,3,0,2,1,0,2,3,3,1,1,0,1,2,0,1,1,1,0,0,0,0,0,0,0,0,1,2,1,1,3,0,1,1,0,0,0,1,0,2,0,1,2,0,1,1,0,0,1,0,1,0,0,0,0,1,0,0,1,"SIM-00905",0,0,0,0,0,67,0.254991684353279,0.240813903292064,2.70676275928844e-07,0.499578862741324,0.00318593411255041,0.000671020890070345,0,0.00015312387894525,0.000605025868954571,9.41954598977212e-09,0,1.64766990175986e-07,"Signature_3_c4",0.499578862741324,TRUE,0.995384721062943,0.572301736025884,0.480771073322634,0.249507618906679,0.637326675029709,0.383815892697277,0.218560908114792,0.341373614938654,0.0909430538666034,0.111410348089431,0.469275140390135,0.358073626718374,0.411529932670752,0.452846669898584,0.278828146108231,0.152893235823832,0.258124947649142,0.336953565432703,0.392757152779547,0.267520580918241,0.358806514700993,0.158794409457626,0.144028651166992,"Signature_5",0.637326675029709,"Signature_3.Signature_5.Signature_2.Signature_17b.Signature_41c","18.8357866725955_32.2213926400869_6.44627290610095_0.801385929312061_8.7867910951643",-295.520158018435,0.723739583343749,18.8357866725955,0.0089586134828078,0,0,0.0200940014479073,0.0354234299260384,0,0,0,0.000544004093089523,0,0.0262157846906672,0,0.704447555195401,0,0.5,0.9620622140317,0.915809969202465,0,0,0,0.564873952972912,0,0.886273805724924,0,0.281131144367096,0.602432925967114,1.02632058046259e-60,3.71513020576028e-140,0.397567074032886,0,3.17419244207398e-180,3.55805244514017e-95,1.92995163302088e-86,"Signature_3",0.602432925967114
3,0,0,0,0,0,0,2,1,0,0,0,1,0,0,2,0,0,0,1,1,0,0,2,0,1,0,2,2,2,0,0,2,1,0,0,2,1,1,2,2,3,0,1,0,2,1,3,0,0,1,0,0,0,1,0,0,0,0,0,0,0,0,0,2,2,0,2,1,3,3,0,0,0,0,1,2,2,0,1,0,1,0,2,0,1,0,1,0,1,1,0,2,2,1,2,"SIM-00947",0,0,0,0,0,76,0.331325665220611,0.43171061339258,3.60735038751317e-11,0.127446135231781,2.60865869384262e-06,0.109513822660743,3.43533057085497e-10,2.72953584914062e-08,1.1271550905631e-06,5.12126736217491e-14,0,5.48498178350497e-12,"Signature_3_c2",0.43171061339258,TRUE,0.890482413881045,0.637008368870218,0.43409843641425,0.167462380604214,0.646119033851634,0.209414455698464,0.187783254211898,0.2872518134282,0.194978621398103,0.133641571501533,0.471649651475738,0.317738072110999,0.3779450382138,0.51092564315618,0.281251024290486,0.178612565706393,0.329367745632487,0.30536690646739,0.442254770135189,0.271003291154328,0.37678972720365,0.211017359762614,0.156938653903623,"Signature_5",0.646119033851634,"Signature_3.Signature_5.Signature_17b.Signature_30.Signature_41c","39.8250931513854_17.0566322271942_1.20010480729193_8.81438260267692_8.25465432236898",-340.006952135182,0.70825303758224,39.8250931513854,0.0349097519455119,0,0,0.000196640282558724,0,0,0,0,3.31587927772103e-05,0.00413797754177037,0.0193070299489224,0,0.972350357846609,0,0.5,0.441658945958487,0,0,0,0,0.554273613308795,0.563598744672814,0.935467481495266,0,0.52401438357086,0.999999997517423,7.01633190799391e-97,1.91393817220925e-190,2.48257663260527e-09,0,0,1.98358477474509e-138,6.5092907401214e-107,"Signature_3",0.999999997517423
1,0,0,0,0,1,0,0,1,1,0,0,0,0,0,0,1,0,0,0,0,0,0,0,0,0,0,1,0,0,0,0,0,0,0,0,1,0,0,0,0,0,0,0,2,0,0,0,0,0,0,0,0,0,0,0,0,0,0,0,1,0,0,0,0,0,1,3,1,1,0,0,0,0,1,1,0,0,0,1,0,0,0,0,0,0,0,0,0,0,0,0,0,1,0,0,"SIM-00994",0,0,0,0,0,20,0.214271484493393,0.412712705509996,0.000399498448990454,0.285143600079203,0.00966743876730279,0.0406855971809531,1.02461175011112e-05,0.00914796772763008,0.0264539670840878,0.000103195017106331,0,0.00140429957383577,"Signature_3_c2",0.412712705509996,TRUE,0.912527288531583,0.353894898878384,0.311497180673936,0.046523259099279,0.350525188157916,0.319114158114218,0.100612901033497,0.219596425754279,0.100460506819997,0.0081140762831928,0.215544536570686,0.312762407746631,0.259803104847129,0.18355595065914,0.0421644555232291,0.0344496389155511,0.129809949793939,0.227916688089338,0.308029091137562,0.206150263328242,0.0848380428334355,0.00597253303027061,0.00632187864232445,"Signature_3",0.353894898878384,"Signature_3.Signature_2.Signature_18.Signature_17a.Signature_41c","8.93195798462991_3.10267597745572_2.02879386249116_0.546179071529664_5.28229775840135",-85.4308048412402,0.511269808940433,8.93195798462991,0.0128873115900989,0,0,0,0.0639356625983679,0,0.00285872493198625,0.00169215052470373,0,0,0.0584394697540172,0,0.732576098623796,0,0.5,0,0.797737377590276,0,0.585165965035937,0.508819134065269,0,0,0.984345825834282,0,0.446597899231495,0.464265272563565,1.0178262090233e-14,5.90339411900798e-45,0.535734727436425,0,0,1.04598827768359e-31,4.05120374433289e-34,"Signature_5",0.535734727436425
1,0,1,2,1,0,0,0,0,0,0,0,0,0,0,0,0,2,0,1,0,0,0,0,0,0,0,1,0,0,0,1,2,0,0,1,0,1,1,1,0,0,0,1,0,0,0,0,0,0,1,0,0,1,0,1,0,0,0,0,1,0,0,0,1,0,2,2,0,1,1,0,0,1,0,0,1,1,0,0,0,1,1,0,0,0,1,0,1,0,1,0,1,0,0,0,"SIM-01023",0,0,0,0,0,37,0.0622824357800916,0.904413366848915,2.26819357641224e-09,0.0331854015923127,6.8986358907628e-05,6.40252868925584e-06,3.2339268026723e-12,5.69747639562545e-07,4.27133082640197e-05,5.29865131365011e-12,0,1.215584537646e-07,"Signature_3_c2",0.904413366848915,TRUE,0.999881206489513,0.529923086900523,0.436260906739256,0.135740247204606,0.509939285760956,0.0383416011265583,0.112241930285363,0.176455116063286,0.151985180372455,0.0158291074769684,0.239454400261161,0.305678137460945,0.352115531267369,0.28096070737032,0.137228489344788,0.0849337334384945,0.153417100397004,0.246324629584678,0.367125162749959,0.324229329828583,0.263645529052943,0.0194270912711881,0.0127607069017129,"Signature_3",0.529923086900523,"Signature_3.Signature_5.Signature_17a.Signature_41c","20.1978310769196_9.89749164952978_0.397391449076473_4.83006500336995",-168.072095543707,0.582212298160353,20.1978310769196,0.0352849148654241,0,0,0.00954138011628491,0,0,0,0.000581269584800648,0,0,0.0242322260705797,0,0.949227262137935,0,0.5,0.590249178415873,0,0,0,0.508519087660626,0,0,0.762332915264603,0,0.545887326403232,0.999996686631479,1.45462618291244e-30,1.48919140449104e-84,3.31336852078881e-06,0,0,6.45071640410708e-66,1.34083995706883e-64,"Signature_3",0.999996686631479
1,1,0,1,0,0,1,0,0,0,0,0,0,0,0,0,0,0,0,0,0,0,0,0,0,0,0,0,0,0,0,0,1,1,0,0,1,0,0,0,1,1,0,1,0,0,1,0,0,0,0,1,0,0,0,0,0,0,0,0,1,0,0,0,1,0,2,0,0,0,1,2,0,0,0,0,0,0,0,1,1,0,0,0,0,0,0,0,0,0,0,0,0,0,0,0,"SIM-01046",0,0,0,0,0,21,0.028144076562276,0.245114185644356,6.77434605348278e-06,0.0870489729908655,0.179120496165096,0.0323732210949302,7.40580014585546e-07,0.0267866457089321,0.387238210474506,1.34301887702737e-05,0,0.0141532462442008,"Signature_clock_c2",0.387238210474506,FALSE,0.360314009543551,0.36420942473545,0.322013435417999,0.142307061969762,0.504400871966996,0.068116434727256,0.0161356937107511,0.141839776560336,0.398504304229327,0.0166126909884082,0.336604009035641,0.360038746678366,0.513774298705363,0.410132070968435,0.182349700293313,0.15875518109837,0.207744926185351,0.239119661805893,0.370130928261211,0.394396204881163,0.414636600386753,0.0247416723046811,0.214770909297552,"Signature_41b",0.513774298705363,"Signature_5.Signature_17a.Signature_30.Signature_41c.Signature_41b","7.05925473224766_3.31886618599891_2.98749373026805_3.06972042703631_5.91756690523261",-86.6210268164868,0.64172696376173,0,0,0,0,0.00584824753001234,0,0,0,0.0666732252065987,0,0.00528669478127142,0.0100292455497154,0.0103229400663629,0.5,0,0.5,0.618148601226821,0,0,0,0.766472731797618,0,0.641566871450169,0.463320100556021,0.73662902263168,0,4.98226805574589e-05,4.05277605091136e-23,1.08590817860741e-46,0.999950177319443,0,0,1.33821907357702e-36,1.09872978175226e-26,"Signature_5",0.999950177319443
1,0,0,1,3,4,2,0,1,0,0,0,0,1,0,0,1,0,2,1,1,0,0,0,0,0,0,2,1,0,0,0,5,2,0,2,2,3,0,2,4,2,1,1,2,4,3,0,2,0,2,0,0,1,1,0,0,0,0,0,1,0,1,0,8,2,7,5,2,1,2,3,0,0,1,0,1,1,2,2,0,1,0,0,0,2,1,0,0,0,0,0,0,0,0,2,"SIM-01082",0,0,0,0,0,105,0.00305874864681447,0.954678393840107,2.21762865867837e-19,0.0407886602712201,3.5663371325179e-06,3.69874072183037e-08,2.55389058198699e-27,5.50179209807146e-08,0.00147053887142458,9.67890459944808e-21,0,2.79730530882353e-11,"Signature_3_c2",0.954678393840107,TRUE,0.998525802758142,0.537368643429387,0.426124679979413,0.175460203083427,0.6465411588855,0.201697416225749,0.0906104018745225,0.244940877307958,0.215397727645376,0.0333809352610951,0.497024750688345,0.511963036085467,0.530002824487136,0.524863481189214,0.219936086415227,0.175615732631079,0.300577330548152,0.269552745651216,0.472722207033105,0.385410569164835,0.41377250818264,0.0227457998072803,0.191885848710369,"Signature_5",0.6465411588855,"Signature_3.Signature_5.Signature_17a.Signature_30.Signature_41c","29.2493024143259_24.1569816374446_4.69752139226834_23.2077314340384_28.3858756471574",-449.722603677568,0.75786596354313,29.2493024143259,0.00895570607125307,0,0,0.0030495807073071,0,0,0,0.00812808406479404,0,0.0152711117644851,0.0733886337395838,0,0.937455175586044,0,0.5,0.650317449617066,0,0,0,0.817934798968859,0,0.910903018074527,0.999733722590459,0,0.278564784898342,1.02945690240956e-15,1.93044257807308e-122,1.15053753228782e-235,0.999999999999999,0,0,4.75001132722428e-187,1.66506076061369e-130,"Signature_5",0.999999999999999
1,0,0,0,0,0,0,0,0,0,0,0,0,0,0,1,1,0,0,0,0,1,0,1,0,0,1,0,0,2,0,2,0,0,0,0,0,0,0,1,0,0,0,1,1,1,0,0,0,0,0,0,0,0,0,0,0,0,0,1,0,0,0,0,1,1,0,2,0,0,0,1,0,0,0,0,0,1,0,0,0,0,0,0,0,1,0,0,0,0,0,1,0,0,0,0,"SIM-01146",0,0,0,0,0,23,0.673175975372873,0.0915738921543883,0.0109557101537492,0.219813949880269,0.000438342744441839,0.00371120923818663,4.47056021286353e-05,0.000106341298614399,6.74126119360243e-05,0.000112460943412896,0,0,"Signature_3_c1",0.673175975372873,TRUE,0.99551952756128,0.517711408702201,0.289931431972128,0.0480942548616494,0.386042705878724,0.2535006660086,0.404154623429294,0.163395311314416,0.179174729043776,0.0534450097426335,0.21125444587203,0.193120481359716,0.219642593855382,0.229796033191717,0.092606188674107,0.0666256066342301,0.0625761543285443,0.110682163842761,0.240856814398556,0.0568550470451396,0.161827703992358,0.193976373928665,0.0342280161162956,"Signature_3",0.517711408702201,"Signature_3.Signature_2.Signature_13.Signature_17a.Signature_41c","17.0292457523043_1.01005082561884_2.99799495081038_1.08893798801286_2.34895140442696",-98.8488997883703,0.592181558673115,17.0292457523043,0.0474747899473209,0,0,0,0.00504442587444853,0.0373533892811588,0,0.00705541197632864,0,0,0.0109283591706385,0,0.965742850170916,0,0.5,0,0.508784448250162,0.672499794611035,0,0.603859010316867,0,0,0.666337031061456,0,0.740401989230624,0.999999876147038,7.73206059562009e-29,0,1.23852961678794e-07,0,6.70315777300489e-64,4.71787603578786e-41,3.51186958185069e-46,"Signature_3",0.999999876147038
0,0,0,0,2,1,0,0,0,0,2,0,0,1,0,1,1,0,0,1,0,0,1,2,0,0,0,0,1,2,0,2,1,2,0,1,0,1,0,0,3,2,0,3,3,2,0,0,0,0,1,0,0,0,0,0,1,0,0,1,0,0,0,0,1,0,1,1,2,0,0,2,2,1,1,1,0,0,1,2,0,0,0,0,0,0,1,0,0,0,0,0,1,0,0,1,"SIM-01151",0,0,0,0,0,56,0.455349167259301,0.0858290070446137,2.58136098365778e-06,0.458633503506797,3.43005844127433e-05,3.76634600566865e-05,0,3.90747555698401e-05,7.46366853983993e-05,4.81891074917605e-08,0,1.71537590329429e-08,"Signature_3_c4",0.458633503506797,TRUE,0.999814259171696,0.593814006358981,0.340352566506433,0.102677709805439,0.580677682079469,0.34575560614948,0.351497155128145,0.244906009590278,0.194411467880216,0.026468697229766,0.486811878848359,0.318722588378738,0.354868495310581,0.55940782330862,0.249909410813727,0.207684241309064,0.256464156674709,0.406854012035777,0.457291752043424,0.181197510613044,0.548213404643394,0.125825617221721,0.0501657794324783,"Signature_3",0.593814006358981,"Signature_3.Signature_13.Signature_17a.Signature_30.Signature_41c","26.661281659654_4.60522251010315_2.40053044514347_14.1523495784207_8.74821718789134",-244.705044708881,0.708625515090279,26.661281659654,0.0250183008227496,0,0,0,0,0.0106606852902318,0,0.00485669331291017,0,0.012843579363322,0.0331915230249896,0,0.487071973158812,0,0.5,0,0,0.765882102334532,0,0.737768603395496,0,0.478209781521897,0.96025840030506,0,0.476094315350964,0.999968657152236,4.12841999237238e-75,1.78928380460205e-139,3.13428477634616e-05,0,0,1.57929066897685e-96,3.42135166004879e-73,"Signature_3",0.999968657152236
0,3,0,1,1,5,2,1,0,0,0,0,0,0,0,0,0,0,0,2,0,1,0,3,3,0,0,1,1,4,1,0,2,1,0,1,2,1,1,2,0,3,3,1,2,3,0,1,0,1,0,0,0,0,0,2,0,1,0,0,1,0,0,0,1,2,5,2,2,3,1,2,0,1,3,1,1,1,0,2,1,0,2,2,0,1,0,0,0,1,2,0,0,0,1,2,"SIM-01227",0,0,0,0,0,96,0.123165853217562,0.854397401308655,1.35266244294253e-15,0.0224363971196345,3.19695111547938e-09,3.44743831774087e-07,1.44426812240509e-22,8.801669870421e-13,4.12483758731439e-10,1.17154259022886e-21,0,1.00473999444245e-16,"Signature_3_c2",0.854397401308655,TRUE,0.999999651645853,0.669077304982583,0.519726032522673,0.226503387355093,0.655565936988535,0.205798737005466,0.15865394683091,0.230606973301613,0.261482202834555,0.046238786582828,0.446098517542642,0.280312354805947,0.455148554183865,0.427812346692533,0.338746574117292,0.327556024829126,0.380694612115033,0.363765840944726,0.532184493200447,0.40385658269476,0.257244827399993,0.0403793112400895,0.0492903051313991,"Signature_3",0.669077304982583,"Signature_3.Signature_5.Signature_17a.Signature_30.Signature_41c","55.5936402366424_19.725538323946_3.91248677090872_8.56951468102492_7.98532767014392",-426.374670473612,0.723726169672512,55.5936402366424,0.047019548740441,0,0,0.00337121293686138,0,0,0,0.00791142831797009,0,0.00141008994726199,0.00614479559863967,0,0.999896655407401,0,0.5,0.642386015756565,0,0,0,0.767385957075351,0,0.59660450220086,0.857948352703869,0,0.579100419131692,0.999999999999909,3.4797526978299e-97,2.44067535446176e-233,9.14078358157107e-14,0,0,3.4524799013824e-167,7.12031392217017e-140,"Signature_3",0.999999999999909
0,0,0,0,2,2,1,0,1,1,0,0,0,1,0,1,0,0,0,1,0,1,0,0,1,2,0,1,0,2,0,0,1,0,1,2,2,1,0,1,1,1,0,0,2,0,1,1,0,1,0,0,0,0,0,0,1,0,0,1,0,0,0,0,2,0,2,4,0,1,0,0,0,0,1,1,1,0,1,2,1,0,2,1,0,0,0,0,0,0,1,0,0,0,0,1,"SIM-01263",0,0,0,0,0,55,0.13871108406778,0.726847454481859,2.39085849197226e-09,0.134311475211436,3.68574937152327e-05,1.80796845914984e-06,0,3.07418626526269e-06,8.81959088464295e-05,1.594067270455e-11,0,4.82748392190081e-08,"Signature_3_c2",0.726847454481859,TRUE,0.999870016151934,0.575250983403184,0.476610137864581,0.17626688967949,0.569039873916666,0.271656201084735,0.123961783457303,0.337406936185106,0.0665687982479917,0.0265336207695228,0.384631005066471,0.427490462315646,0.386317930281883,0.393087246094267,0.165178027859488,0.110399127860615,0.240182696813307,0.283063560962668,0.371597824354818,0.220709554630021,0.276385835199041,0.12597578499473,0.139103120198849,"Signature_3",0.575250983403184,"Signature_3.Signature_5.Signature_2.Signature_18.Signature_41c","26.3563162222582_11.3375045724045_3.28192269889807_3.26895263471519_11.221673692391",-242.178506520333,0.692946577400529,26.3563162222582,0.0307725431422762,0,0,0.00120429289653967,0.00976805385780544,0,0.00308324684122463,0,0,0,0.0640828378353915,0,0.962060940711222,0,0.5,0.457630216170014,0.593644724875981,0,0.561927571731867,0,0,0,0.995697481415276,0,0.479205749495604,0.999205193129001,2.43789277783329e-49,3.77316386983679e-127,0.000794806870998541,0,0,3.92669449905924e-86,1.02130976142692e-74,"Signature_3",0.999205193129001
0,0,0,0,1,1,0,0,0,1,0,0,0,0,0,1,0,0,0,0,1,0,0,0,0,0,0,1,0,1,0,0,1,0,0,1,1,0,5,1,0,0,0,1,1,0,0,0,0,0,0,0,0,0,0,0,0,0,0,0,0,0,0,1,3,1,5,3,1,0,3,0,0,1,1,1,0,1,1,0,0,0,0,0,0,0,0,0,0,0,0,0,1,0,0,0,"SIM-01320",0,0,0,0,0,41,0.0170886982057364,0.255095302790706,1.57713281599837e-09,0.104982296213196,0.00100637998182429,0.000151418765256349,3.98727538594747e-13,0.00450144427309062,0.616420252054007,8.50773952883807e-09,0,0.00075419763091267,"Signature_clock_c2",0.616420252054007,FALSE,0.377166298786771,0.381943979297972,0.365828195000861,0.304713808144809,0.574748343892247,0.113093747183876,0.0550647995476869,0.227619425165901,0.0973475912773058,0.00687384344389714,0.261994784704725,0.349089406684955,0.327755375760435,0.242196362226416,0.188547053839185,0.106756292428442,0.22216602204459,0.465442061489245,0.56152101630579,0.662383795132191,0.164109879531374,0.110409402206724,0.0228613020993583,"Signature_54",0.662383795132191,"Signature_5.Signature_41c","41.0117356293875_7.53411967234415",-169.816513844943,0.606206869299919,0,0,0,0,0.0767364993786923,0,0,0,0,0,0,0.0314585254076718,0,0,0,0,0.998864344398569,0,0,0,0,0,0,0.893203114888839,0,0,6.41191287510463e-13,6.73943074594475e-49,4.8781909785066e-86,0.999999999999359,0,0,2.91414521837619e-80,1.44472546418048e-66,"Signature_5",0.999999999999359
0,0,0,0,0,1,0,0,0,0,0,0,0,0,0,1,0,0,0,0,1,1,0,0,0,0,0,0,0,0,0,0,0,1,0,0,0,1,0,1,1,2,0,0,0,0,1,0,0,0,1,1,0,0,1,0,0,0,0,0,0,0,0,0,0,0,1,0,2,0,0,1,0,0,0,1,0,0,0,0,0,0,0,0,0,0,0,0,0,0,0,0,1,0,0,0,"SIM-01384",0,0,0,0,0,20,0.122240145330733,0.457975843899785,5.11696456250729e-05,0.209579760947869,0.0595578715221642,0.00397236516782416,1.46793007136777e-06,0.0137817639355582,0.128324397008447,2.02210497552076e-05,0,0.00449499356216787,"Signature_3_c2",0.457975843899785,TRUE,0.789846919824012,0.387432303996068,0.312486148263246,0.145164985397791,0.471445565426341,0.0699534213201993,0.0274698425761177,0.163820731958225,0.194402058585724,0.00927177291693104,0.392401897554336,0.214568002304881,0.336499348841372,0.44003141321953,0.220808862266493,0.198640745050603,0.256490929820591,0.294727512291479,0.323577836703628,0.158442853299453,0.288027460344892,0.220296413605653,0.231645690561795,"Signature_5",0.471445565426341,"Signature_3.Signature_5.Signature_17a.Signature_30.Signature_41c","4.84307172420744_6.26568131378366_1.27711263762538_4.97334974849326_2.39885038128951",-86.6658056330579,0.506087207485904,4.84307172420744,0.00521580698828628,0,0,0.00459742829091736,0,0,0,0.0123420602306158,0,0.0183885335834851,0.00749854171878306,0,0.521094948611419,0,0.5,0.612045106738759,0,0,0,0.571276820128966,0,0.597975737939027,0.671177134818752,0,0.242153586210372,0.529703564379139,1.39615988838773e-23,6.9892685235765e-53,0.470296435620861,0,0,3.95726761811581e-39,8.36925470347456e-22,"Signature_3",0.529703564379139
1,1,0,0,0,0,1,0,1,0,0,2,0,3,0,0,1,1,1,0,1,1,0,1,0,1,0,0,0,2,0,1,1,1,2,1,1,2,1,5,1,3,0,1,2,2,1,2,0,0,0,0,0,4,1,0,0,0,0,0,0,0,0,2,3,1,1,3,3,2,2,1,1,0,2,2,2,3,1,1,1,0,3,1,1,1,0,2,0,0,1,1,1,0,2,1,"SIM-01451",0,0,0,0,0,95,0.0615887413067351,0.90013749531506,2.43228114761467e-16,0.0357116498064727,7.61516193346654e-07,0.00256083851927447,1.50135282225409e-16,5.19172428787606e-10,5.13016935452399e-07,1.56857249629984e-19,0,1.56317243927368e-13,"Signature_3_c2",0.90013749531506,TRUE,0.997437886428268,0.642234656181088,0.493253640257277,0.238192264517841,0.6982404297934,0.265058660757141,0.15171486172797,0.263408450389754,0.214181696266637,0.181150557504833,0.503584105199167,0.394242879008769,0.433596091641804,0.503634679039233,0.262741995988496,0.179878866806225,0.197176042044544,0.436090421933512,0.532975805576371,0.294292259445269,0.289089760355481,0.0347530310276616,0.116334117773913,"Signature_5",0.6982404297934,"Signature_3.Signature_5.Signature_2.Signature_17b.Signature_41c","31.2812825351173_44.2365942273036_3.7658332027162_2.37244571697296_11.9930348988796",-422.877819489369,0.763737225456289,31.2812825351173,0.0167594800405048,0,0,0.00670460488544478,0.00285688827170438,0,0,0,0.00521726081848506,0,0.0302408714841342,0,0.842388363209441,0,0.5,0.390795259794154,0.452796695456173,0,0,0,0.720061568151982,0,0.991265626239984,0,0.329276658264393,0.999986785678305,2.97094619642274e-101,1.72292060274441e-224,1.32143216948384e-05,0,0,1.24279388470799e-169,1.57453614874665e-116,"Signature_3",0.999986785678305
0,3,0,0,1,0,1,0,0,1,0,1,0,0,0,0,0,0,0,0,1,0,0,1,2,1,0,2,1,2,0,1,3,3,1,0,0,2,0,1,1,2,0,4,0,0,0,0,0,0,1,1,0,1,1,1,1,0,1,0,0,1,0,0,1,0,5,1,1,1,1,0,0,0,1,2,2,1,1,1,0,1,0,1,0,1,0,1,0,0,0,1,0,0,0,1,"SIM-01474",0,0,0,0,0,67,0.030625324414097,0.940571529109426,1.53504337065425e-13,0.0287871399604957,7.33271896609614e-06,2.34420678782915e-06,4.76644921133162e-17,5.00849375728608e-09,6.32454425957171e-06,2.64711612778828e-17,0,3.73208328326963e-11,"Signature_3_c2",0.940571529109426,TRUE,0.999983993484172,0.592130176941657,0.426424280643932,0.144600511393934,0.607456445349593,0.0367920865309707,0.162690453135774,0.162396626242941,0.104389801225305,0.129774111347886,0.39172855457247,0.342808635709365,0.425968276951834,0.46248010468995,0.240083609901552,0.189494833854113,0.221546870867405,0.335301603957167,0.451343686989335,0.372698474005447,0.453062695515372,0.0289776611030011,0.0312318420768554,"Signature_5",0.607456445349593,"Signature_3.Signature_5.Signature_17b.Signature_30.Signature_41c","31.5876229824736_24.179411028868_1.0950774367657_2.04274407231996_8.65840218493223",-296.86120045076,0.667963526199194,31.5876229824736,0.0264492392194163,0,0,0.0112564437047125,0,0,0,0,0.00255980530858768,0.000415590120885989,0.0207840123955662,0,0.887710001610721,0,0.5,0.787908939205727,0,0,0,0,0.638017195053991,0.513051908151307,0.878396363907381,0,0.471457059439905,0.9999999974956,4.10807344839626e-70,7.05311174214093e-178,2.50440039817642e-09,0,0,1.60627791312732e-128,7.78922906702723e-92,"Signature_3",0.9999999974956
1,0,0,1,2,0,0,1,0,2,0,1,2,1,0,1,2,1,0,3,3,3,0,5,1,0,2,2,1,0,0,4,0,3,1,2,1,0,2,2,2,2,1,2,1,2,2,0,0,1,1,0,0,3,0,1,0,0,0,3,0,0,1,4,5,0,3,1,0,1,1,1,0,0,2,1,1,2,1,0,0,1,0,0,1,2,0,0,2,0,0,0,1,2,0,1,"SIM-01485",0,0,0,0,0,105,0.162312825287875,0.824223883460254,4.88074584215871e-17,0.0134632912096878,4.11591230338848e-11,9.0817134360142e-14,0,2.35910230986685e-15,9.31072311292324e-13,7.3699188286902e-25,0,3.1234785156736e-19,"Signature_3_c2",0.824223883460254,TRUE,0.999999999957817,0.713178454151028,0.524800357037406,0.247996061938418,0.645219431161756,0.173674172311935,0.285576954897186,0.281106088909505,0.141411377149365,0.0291721223165127,0.371894230127237,0.297227797481543,0.410161020432513,0.363111697768808,0.288685965086855,0.207553201785593,0.235433772689624,0.323687688245836,0.430969141587175,0.30211665970475,0.282844304790776,0.109191435548654,0.160068281545406,"Signature_3",0.713178454151028,"Signature_3.Signature_1.Signature_5.Signature_13.Signature_41c","66.5714239858427_0.48799882004366_25.4243114016305_2.92095123361198_8.53512564380838",-472.612564457296,0.74525722212185,66.5714239858427,0.0562505447478043,0,3.10689182357882e-05,0.00409390853102243,0,0.0030203183112355,0,0,0,0,0.0113137233349295,0,0.999955389429832,0,0.50715183578273,0.606215791139162,0,0.504166313342437,0,0,0,0,0.671790546538015,0,0.634013561769931,1,4.26134939851416e-106,9.72617201808847e-269,6.97334659984209e-24,0,1.45615419385924e-316,3.05920262476107e-182,1.01046646397624e-177,"Signature_3",1
2,2,0,3,5,0,0,1,0,0,0,1,2,0,0,1,0,1,0,0,3,2,0,1,1,0,0,0,0,2,0,1,0,1,0,3,3,4,0,1,1,2,1,1,0,1,0,2,0,0,1,0,0,0,0,1,0,0,1,0,0,0,0,1,6,0,1,1,0,0,0,3,1,0,1,1,2,0,0,3,0,1,0,0,0,2,1,3,0,0,0,0,0,2,0,0,"SIM-01545",0,0,0,0,0,80,0.0295524482070025,0.925417946699553,3.67348937622087e-14,0.0441337854028126,0.000837216884354115,5.73723538534963e-05,2.58201479093723e-16,1.54169521508622e-09,1.22890768432312e-06,8.50280069003914e-18,0,3.00725182195215e-12,"Signature_3_c2",0.925417946699553,TRUE,0.999104180309405,0.587505701662285,0.507878011661999,0.125053977142496,0.584999408236747,0.113049990237167,0.122170628190738,0.332701898509082,0.205790612852582,0.229382547781587,0.378153130329343,0.428178008723118,0.435711660181138,0.434630321905495,0.246039960658275,0.182086651587014,0.22399682659426,0.248977259483082,0.355092885035979,0.14855663090928,0.240415410283703,0.120772355613818,0.0439307323660418,"Signature_3",0.587505701662285,"Signature_3.Signature_17a.Signature_17b.Signature_30.Signature_41c","49.8587127725116_2.98767820494406_3.81005631939164_10.883679141618_17.8898448069739",-347.978758391511,0.709926339585634,49.8587127725116,0.0253262728390771,0,0,0,0,0,0,0.000986989273573879,0.0131971362573494,0.00373567188499313,0.0536568872675089,0,0.998868254180583,0,0.5,0,0,0,0,0.57678411931555,0.93199712936095,0.564189515437174,0.98272878306599,0,0.623233909656395,0.999999999955431,5.0240799000947e-70,5.13456567930156e-215,4.4568542881226e-11,0,3.77196735481283e-262,2.94701012797488e-126,4.16942319243692e-136,"Signature_3",0.999999999955431
1,2,0,2,0,1,1,1,0,1,0,1,0,0,0,1,1,1,0,0,0,3,0,1,0,0,0,1,0,1,0,1,2,1,0,4,1,0,1,3,4,2,0,1,1,3,0,2,1,0,0,0,0,0,0,0,1,1,0,0,1,1,1,2,3,1,4,1,0,2,1,3,0,0,5,0,0,2,2,1,0,0,1,2,0,0,0,1,1,0,0,0,1,0,0,1,"SIM-01554",0,0,0,0,0,85,0.015869099781754,0.965331958823485,8.34616636921696e-16,0.0187247682900557,1.07252956649855e-05,6.15774553997953e-05,1.69879409752699e-21,1.47805511183334e-09,1.86887381350102e-06,8.14936401593243e-19,0,1.7714488271878e-12,"Signature_3_c2",0.965331958823485,TRUE,0.999925826895295,0.617600296073563,0.4700948307027,0.135571298142539,0.65747171648802,0.205679916671284,0.116955159057161,0.205498157333777,0.287894329504124,0.10342818227081,0.454063171707982,0.308030123740897,0.459258751292087,0.514069066076882,0.271517966942217,0.156872458751625,0.280411636053123,0.393566933006487,0.476812899894723,0.440076677046571,0.462464094389477,0.100664820130655,0.0534155137710565,"Signature_5",0.65747171648802,"Signature_3.Signature_5.Signature_17a.Signature_30.Signature_41c","36.0959391373159_26.6700499597433_4.56929852638213_8.27538526412713_8.77624431135926",-377.275581057688,0.709830639742347,36.0959391373159,0.022878399609123,0,0,0.00742170341153325,0,0,0,0.0130658352769548,0,0.00140694684686615,0.010961216173394,0,0.762950607671508,0,0.5,0.854697490413036,0,0,0,0.698718140514547,0,0.490831582081475,0.696517759802116,0,0.424658107497835,0.99963798112882,8.97377931575358e-88,8.12381729489e-207,0.000362018871180192,0,0,7.66529797377347e-144,2.04932092923812e-106,"Signature_3",0.99963798112882
2,0,0,0,1,0,0,0,0,0,0,1,0,0,0,1,0,0,0,0,1,0,1,1,1,0,0,0,0,0,0,3,1,0,0,0,0,2,0,0,1,0,0,1,0,0,0,0,0,1,3,1,0,1,1,1,0,0,0,2,0,1,0,0,0,2,2,0,0,1,1,0,0,1,0,0,1,1,0,1,0,0,1,0,0,0,0,1,0,0,0,0,1,0,0,0,"SIM-01591",0,0,0,0,0,41,0.138710309155553,0.794752588345723,4.38407299331079e-08,0.0659582928944558,0.000307512622316827,0.000266386135386918,0,2.25839785518317e-07,4.63148526056663e-06,1.32283549778264e-11,0,9.66756013386906e-09,"Signature_3_c2",0.794752588345723,TRUE,0.999421234236462,0.542073557318121,0.416409096271718,0.0605153721954117,0.462407388337527,0.0626734929278583,0.285761502838238,0.229792565945223,0.146589606943468,0.132156555376254,0.236954831550376,0.200352452612781,0.402696684125751,0.241237524688811,0.129056829673626,0.0882595989707505,0.127007550464445,0.202203515686444,0.317733866496517,0.243521414753724,0.220736315442816,0.139228629038648,0.0181035985528075,"Signature_3",0.542073557318121,"Signature_3.Signature_5.Signature_13.Signature_17b.Signature_41b","24.9872701975593_1.69378977728235_2.47926962114169_1.06388841325794_10.1099921432857",-183.361327402191,0.58911639339897,24.9872701975593,0.0380222235629982,0,0,3.22049657797141e-05,0,0.0126791676638047,0,0,0.0055372114056581,0,0,0.0174823838998891,0.921929621758554,0,0.5,0.492127479109903,0,0.412133603425028,0,0,0.574507783402,0,0,0.84317727058033,0.609445614574617,0.999999999899902,1.31251239518832e-34,1.756086145794e-110,1.0009760880461e-10,0,4.52880837600711e-135,6.91142268495678e-74,4.56739281253444e-70,"Signature_3",0.999999999899902
0,1,0,1,0,0,0,0,0,1,0,0,1,1,0,0,0,0,0,0,0,1,0,0,0,0,0,0,2,0,0,1,3,1,0,3,0,1,0,2,1,1,0,2,2,2,0,2,0,1,0,1,0,0,0,1,1,1,1,0,0,0,0,1,3,1,3,3,2,1,1,1,2,0,1,0,1,1,1,2,0,0,0,0,0,1,0,0,0,0,0,0,0,0,1,0,"SIM-01608",0,0,0,0,0,61,0.171689278773648,0.330831469935595,3.46106980483654e-08,0.494664963785256,0.000143743146859064,0.000405006515004709,0,0.000125048997737787,0.00214042675224553,6.86716788482169e-09,0,2.06157868715079e-08,"Signature_3_c4",0.494664963785256,TRUE,0.997185747105198,0.526760057582144,0.419752872792775,0.0992805511884238,0.610651532975605,0.332957834005285,0.273624843458113,0.124590503601284,0.183661952256137,0.0168942744177956,0.449968206519493,0.553557309528133,0.545175119295891,0.538467182217432,0.192129290182861,0.132615440857279,0.18096092718878,0.363884424797024,0.522733221163866,0.331690234003919,0.446833693086921,0.0412489829905765,0.0524220682645153,"Signature_5",0.610651532975605,"Signature_5.Signature_2.Signature_13.Signature_17a.Signature_41c","34.2918205163983_4.03029116598629_3.55076577174215_1.53905548217712_16.8363005682206",-259.125949900457,0.773738152186878,0,0,0,0,0.00954405859038832,0.007433992189531,0.00503005223186814,0,0.000994656934466542,0,0,0.0776488638834754,0,0,0,0.5,0.866603777656305,0.615692677771054,0.847550042366017,0,0.685133427042487,0,0,0.997512616627736,0,0,9.5196335291918e-06,7.13641677046828e-59,1.16228063508949e-143,0.999990480366471,0,0,4.12190776924159e-122,1.04348819959143e-73,"Signature_5",0.999990480366471
1,1,0,1,1,2,1,0,0,0,0,0,0,0,1,0,1,0,0,0,0,1,0,3,3,0,0,0,0,1,0,0,2,2,0,3,1,1,1,0,2,0,1,2,2,1,0,3,1,0,1,0,0,1,1,0,0,0,0,1,2,1,1,0,1,0,2,1,1,1,0,1,1,0,1,1,1,0,0,1,0,0,1,0,0,1,0,0,1,0,0,0,0,0,0,1,"SIM-01609",0,0,0,0,0,63,0.11281014333091,0.751519123602577,3.36440552874388e-10,0.135525271524807,0.000131657340175887,3.77836754222716e-07,0,5.49283669785204e-07,1.28757268833415e-05,5.36766868065002e-13,0,1.01724517415573e-09,"Signature_3_c2",0.751519123602577,TRUE,0.999854538794735,0.613392272946607,0.490135520030454,0.189934962912014,0.606177841293195,0.336730149186599,0.108974460036207,0.219677528886189,0.157430245259344,0.0282796354927596,0.484171331984039,0.345967572384932,0.451048194802353,0.507840358856094,0.270086298996891,0.199129243028172,0.257649217899965,0.30257053471465,0.405381642876182,0.223240334887681,0.474279190144355,0.0337750301858624,0.0661685316252133,"Signature_3",0.613392272946607,"Signature_3.Signature_2.Signature_17a.Signature_30.Signature_41c","37.4028915650645_3.35824741781489_1.15560497209638_9.54560254525111_9.37738585972953",-279.507660613361,0.712041424308791,37.4028915650645,0.0391958529302708,0,0,0,0.0117376984737075,0,0,0.000625394507422827,0,0.00485926362946965,0.0214216086030801,0,0.972981698785672,0,0.5,0,0.594944005715639,0,0,0.491060301211229,0,0.630611490657959,0.927692440233445,0,0.593696691508961,0.999999921375293,1.66816419147021e-52,2.57749908131125e-148,7.86247067771024e-08,0,0,3.14991248472001e-105,6.20412518018079e-68,"Signature_3",0.999999921375293
0,1,1,2,0,0,0,3,1,0,1,0,0,1,0,0,0,0,0,1,0,0,0,0,0,0,0,0,0,0,0,2,2,0,0,1,1,1,0,0,1,0,0,0,2,1,0,0,1,0,0,4,1,0,1,0,0,0,0,0,1,0,0,0,1,1,3,0,1,1,1,0,0,0,1,1,0,0,0,1,0,0,0,1,0,0,0,2,0,0,0,0,0,0,1,1,"SIM-01675",0,0,0,0,0,46,0.0547281609444572,0.352602885482437,6.97311132126248e-08,0.102852980027166,0.0576885797855036,0.431780708279181,2.53348816168864e-10,2.49815004191337e-05,0.000321265093317282,1.00071830968615e-09,0,3.67902338649732e-07,"Signature_17_c1",0.431780708279181,TRUE,0.510184096185173,0.467730171158383,0.420146922427661,0.0719868949579603,0.473667947035303,0.251808847365457,0.233319280020805,0.222600259151819,0.0961516669608201,0.245768872742372,0.331583930016664,0.442169551386058,0.554416609903771,0.316402991476904,0.222212492999414,0.0669710570897962,0.397680714854474,0.20582033718415,0.35843560920047,0.31939606175616,0.266356270787839,0.0301230958851789,0.0225233149139439,"Signature_41b",0.554416609903771,"Signature_3.Signature_2.Signature_17b.Signature_41c.Signature_41b","18.9614506594609_3.22376500841296_2.96142325493285_6.36727202311401_15.738195770178",-200.358687989548,0.671095336450585,18.9614506594609,0.0157418256595835,0,0,0,0.00857452554264249,0,0,0,0.0287524804592659,0,0.0103554343380848,0.0183806350777603,0.591984275827381,0,0.5,0,0.695830605365826,0,0,0,0.958467764423047,0,0.891120172591824,0.305426831382718,0.412205449118715,0.90644646005623,2.0102177053786e-29,1.32007124893695e-104,0.0935535399437705,0,0,2.52568967032281e-67,1.48972857466273e-58,"Signature_3",0.90644646005623
1,0,0,0,0,0,2,0,1,1,1,0,1,0,1,1,2,1,0,1,0,1,0,0,0,1,0,0,1,1,0,0,1,1,1,0,2,1,5,1,0,0,0,1,1,2,0,0,0,0,0,0,0,0,1,0,0,0,0,0,0,1,0,3,0,2,3,0,1,1,0,1,0,0,2,1,2,1,1,0,0,0,0,0,1,0,0,0,0,0,1,1,0,0,1,0,"SIM-01680",0,0,0,0,0,57,0.0805571630144378,0.725424607472617,9.43417720250699e-10,0.185661994733703,0.00343358624696106,3.52060560562453e-05,4.28082323578757e-15,0.000171389822395476,0.00469713537953867,1.03321307311039e-10,0,1.8916227546914e-05,"Signature_3_c2",0.725424607472617,TRUE,0.991643766164176,0.516290433010201,0.437466182495683,0.372879449440132,0.66110254413454,0.170653619032686,0.135982486162735,0.354583573076149,0.156600383929546,0.0276696053275679,0.470633927457636,0.208622357406916,0.380992405773648,0.362435264310045,0.234055939381322,0.113331534842504,0.18614072130011,0.472665272547172,0.448218521096608,0.409453905070538,0.188939546337061,0.123118688550492,0.0334717666808111,"Signature_5",0.66110254413454,"Signature_5.Signature_2.Signature_13.Signature_18.Signature_41c","50.6596947477198_0.225580663187008_0.98379408204824_1.71148422509489_1.07296200281193",-252.144952670262,0.663816214990308,0,0,0,0,0.0396522217931427,4.66140705983609e-05,0.00103984244048061,0.000791378219884509,0,0,0,0.000533037416141857,0,0,0,0.5,0.992835577854084,0.49482182677863,0.624206789155697,0.505741880067119,0,0,0,0.559505808828696,0,0,0.0368636304688115,8.11105412637517e-53,7.05078756074054e-118,0.963136369531189,0,0,2.33499306752024e-81,2.89993693987767e-64,"Signature_5",0.963136369531189
0,2,1,2,0,1,0,2,1,1,1,0,0,0,0,1,1,0,1,1,1,1,0,2,0,0,0,0,1,5,0,2,1,1,0,3,3,0,1,2,2,1,0,2,1,2,1,2,1,0,2,0,1,1,0,0,0,0,0,0,0,0,1,0,3,2,2,3,1,3,2,2,1,1,1,2,3,3,2,0,0,0,3,1,0,0,1,0,0,0,1,0,0,0,1,2,"SIM-01717",0,0,0,0,0,95,0.291405863182823,0.638090795454835,3.43710692548052e-14,0.0705031277546075,4.17983076958422e-09,2.08065944129359e-07,0,7.77840752288853e-12,1.35414629547631e-09,6.54859030323708e-19,0,6.40654862576652e-16,"Signature_3_c2",0.638090795454835,TRUE,0.9999997863923,0.696355055594391,0.483731265092061,0.148013767520189,0.667944545829388,0.218408495299094,0.2623033639671,0.231884271696601,0.279611905938698,0.0399391354575387,0.394452912423503,0.387613661526513,0.397321817091449,0.432397596603435,0.238537462554437,0.135556332689332,0.298935914725574,0.382186423944856,0.531024656483868,0.321590923111551,0.358534877045014,0.101738613956704,0.125097231550227,"Signature_3",0.696355055594391,"Signature_3.Signature_5.Signature_2.Signature_17a.Signature_41c","53.9199822908894_22.7446002380028_2.44111602261355_3.80485878046356_12.7022745894475",-420.59221141148,0.771834814198205,53.9199822908894,0.0385241500798545,0,0,0.0062686361183053,0.00015048966793807,0,0,0.00817650408438653,0,0,0.0329947307161549,0,0.973593282218822,0,0.5,0.802652633604492,0.542563904177305,0,0,0.725567309226175,0,0,0.99249609988638,0,0.56757876095673,0.999998650349002,7.8663127962888e-100,7.06907629049893e-232,1.34965099749303e-06,0,0,3.0665791499684e-165,2.49131710271974e-144,"Signature_3",0.999998650349002
2,1,0,1,0,0,0,1,0,2,0,1,0,1,0,1,0,0,0,0,0,1,0,0,0,0,0,2,0,1,0,1,3,0,1,2,1,2,2,0,1,1,1,1,0,2,0,1,0,1,0,1,0,1,1,0,0,0,0,1,0,0,0,0,3,0,2,0,0,1,1,1,1,0,0,0,0,0,1,2,0,1,0,1,0,0,0,1,0,0,1,0,1,0,0,3,"SIM-01719",0,0,0,0,0,58,0.0350034843402451,0.816357984562325,4.98241939831186e-11,0.0821131474884633,0.0240758360607569,0.0403826677323252,6.75539485870902e-12,1.9866263674806e-05,0.0020461746568026,3.87974572207657e-12,0,8.38834947242111e-07,"Signature_3_c2",0.816357984562325,TRUE,0.933474616440858,0.605071999377738,0.549632951556049,0.312520891374207,0.690962896571883,0.134627780289531,0.131167738985901,0.286400419617229,0.190725021013178,0.158561914855567,0.48598126340632,0.439756142266026,0.593911020603403,0.475473548128799,0.380103131795206,0.242661727153779,0.298774913381467,0.339647990053234,0.451417150438503,0.321919400246542,0.370247079597971,0.144098928833887,0.0684165974619554,"Signature_5",0.690962896571883,"Signature_3.Signature_5.Signature_17b.Signature_41c.Signature_41b","15.7729699933399_30.5396684286002_1.32952580013238_6.93264659740799_8.54030674328034",-251.082612974346,0.756126181084394,15.7729699933399,0.00893295793270243,0,0,0.00706151429285973,0,0,0,0,0.00136740947789737,0,0.0106856404810521,0.00112080587876984,0.718551341117664,0,0.5,0.628419250487563,0,0,0,0,0.609579359567574,0,0.649961702403716,0.605154468426519,0.27194775850586,0.565172339584538,2.28019096550502e-53,1.32670900631611e-122,0.434827660415462,0,0,6.9632702578341e-90,5.49068916642542e-71,"Signature_3",0.565172339584538
1,1,0,2,0,2,0,0,0,1,0,1,0,2,1,1,0,0,0,1,0,0,0,1,1,0,0,2,1,1,0,3,4,1,1,2,0,1,3,2,3,1,1,0,0,5,0,2,0,0,3,0,0,0,2,1,0,0,0,0,0,2,2,3,2,1,2,0,4,0,0,2,1,1,0,2,0,1,1,1,0,1,0,0,0,1,0,0,0,0,0,0,0,0,1,5,"SIM-01743",0,0,0,0,0,87,0.135359935124929,0.664556482652925,1.22369131204719e-12,0.199146889648508,0.000314200338857498,0.000620115022765624,0,5.87564403653092e-08,2.31843373584539e-06,4.094318197552e-15,0,2.06110126285273e-11,"Signature_3_c2",0.664556482652925,TRUE,0.999063307427586,0.612380652584067,0.510588388759119,0.269698592431691,0.636205339134739,0.196929406424053,0.249348770254048,0.238914595401861,0.160143495196159,0.0603761328796161,0.487526312158597,0.334407304194229,0.517397224430886,0.46419798907256,0.303569153432197,0.188105044727165,0.233035139031478,0.34889673571917,0.410784393933066,0.201455575734828,0.360712722134401,0.103800433961423,0.0725676973806778,"Signature_5",0.636205339134739,"Signature_3.Signature_13.Signature_30.Signature_41c.Signature_41b","46.0543105160472_2.401113065348_16.5567005960387_7.07244241434816_15.204475101772",-384.135123481214,0.705693785644103,46.0543105160472,0.0185563499835381,0,0,0,0,0.00176492249761062,0,0,0,0.0071483722902218,0.00292948435382623,0.00264204008543578,0.7144016066842,0,0.5,0,0,0.495247585276878,0,0,0,0.405339835648523,0.537618172575371,0.675200157422946,0.529359890989049,0.999996031523221,3.89550225369378e-81,3.44563463891328e-191,3.96847677884952e-06,0,0,1.0722665001457e-143,6.74523636195249e-108,"Signature_3",0.999996031523221
1,2,0,1,1,1,0,1,0,0,1,0,0,1,0,1,0,2,0,0,1,0,1,0,0,1,0,0,0,1,0,2,0,1,0,1,1,0,0,2,0,1,0,1,1,1,0,0,0,0,0,0,0,0,1,0,0,1,0,0,1,1,0,0,0,1,0,0,0,1,0,0,0,0,0,0,0,1,1,0,0,0,0,0,0,0,0,0,1,0,0,0,0,0,0,0,"SIM-01748",0,0,0,0,0,36,0.502956419429425,0.327231373011492,4.28590880982395e-05,0.168806527572391,0.000910436224972246,1.25952797409796e-06,0,2.23348700371877e-05,2.77603975154791e-05,6.55564690666978e-08,0,9.64321625961233e-07,"Signature_3_c1",0.502956419429425,TRUE,0.999037179101406,0.662042580627743,0.539279768830519,0.0861168103445217,0.505479301120074,0.22137120801631,0.313166251457401,0.315700513692839,0.0876033933178177,0.00615430826375916,0.360012535755592,0.0587272437777979,0.297084123042992,0.411544794891152,0.229995963665147,0.129610359352378,0.311761393630755,0.154065776965378,0.244833736081695,0.0845816646351038,0.269537598375128,0.175881001727717,0.0376022900054597,"Signature_3",0.662042580627743,"Signature_3.Signature_8.Signature_2.Signature_13.Signature_30","28.0902159961381_5.6326117216119_0.580254611408987_1.53185806039437_1.85714124560976",-157.297658998138,0.676485767109809,28.0902159961381,0.0611890849594695,0.00417419380320727,0,0,0.000714089947571495,0.00487176217013219,0,0,0,0.00151606130342696,0,0,0.988602680797711,0.451959635111479,0.5,0,0.500440523357867,0.478683412949449,0,0,0,0.528572548668517,0,0,0.780283777670503,0.999999999999663,2.24640103630054e-33,1.44619976979296e-91,3.37112394103666e-13,0,8.37792793435548e-104,7.80570168150765e-49,8.93201086904754e-59,"Signature_3",0.999999999999663
1,1,0,0,1,2,0,1,1,0,0,1,2,0,0,0,0,2,0,2,0,1,1,0,0,4,0,1,0,0,0,2,4,2,0,1,3,2,0,1,0,2,1,1,2,5,0,0,0,0,1,0,1,1,0,0,1,1,1,0,0,0,4,1,2,0,5,2,2,1,0,0,2,0,1,0,1,0,0,2,0,0,1,1,0,0,1,0,0,0,1,0,0,0,2,4,"SIM-01753",0,0,0,0,0,86,0.09253707222472,0.841857611428757,6.97302021042133e-14,0.0656042503948258,8.04768403106234e-07,4.52021902647864e-08,0,7.13963799873528e-10,2.15266566446117e-07,3.15791482374401e-18,0,5.04259287476172e-13,"Signature_3_c2",0.841857611428757,TRUE,0.999998934048372,0.585627432529394,0.428008742403526,0.130975792406697,0.60272030481174,0.230528517907463,0.175178144974294,0.242718541417071,0.0548883139017922,0.048023780984882,0.533054422888043,0.372388353067666,0.47286017355966,0.517534634769049,0.236390898050285,0.180000726313323,0.277313042677988,0.262443102915709,0.402268731559282,0.255962248526212,0.302519717000793,0.0468708483473013,0.0499852354634667,"Signature_5",0.60272030481174,"Signature_3.Signature_30.Signature_41c","46.0560328182501_23.8073923228838_15.2081481589748",-379.226607830045,0.713005757861999,46.0560328182501,0.0382719491108264,0,0,0,0,0,0,0,0,0.0364534254602898,0.0292136881517636,0,0.997829320049375,0,0,0,0,0,0,0,0,0.919724170737976,0.986328176893856,0,0.535535265328489,0.999997826563984,1.42348005256618e-87,3.10624485104359e-219,2.17343601606118e-06,0,0,1.71630217947374e-151,9.57701437360185e-108,"Signature_3",0.999997826563984
1,2,1,0,1,0,0,4,0,1,0,1,1,1,0,0,1,1,0,1,2,0,0,0,0,0,0,0,1,1,0,0,1,1,0,2,1,1,1,1,3,2,2,1,2,0,0,3,0,1,1,0,1,0,1,0,0,0,0,0,1,2,3,1,1,0,1,4,0,1,0,2,0,1,0,0,1,0,1,2,0,0,0,1,0,1,1,0,0,0,1,0,0,0,0,2,"SIM-01777",0,0,0,0,0,72,0.0484968705882663,0.873789303124261,2.58981343798041e-11,0.0770817228572361,0.000539189489193264,8.75922019339432e-05,0,2.36346359161447e-07,5.08485998374229e-06,1.12661794328934e-13,0,5.06755552782771e-10,"Signature_3_c2",0.873789303124261,TRUE,0.999367896595662,0.604168329167529,0.561027282992014,0.228211564139068,0.632969081829378,0.28846581842741,0.158578426233146,0.283167436659343,0.212672565647205,0.0478157854878674,0.431449733506243,0.320678186873398,0.46156121860107,0.449052500684528,0.46484342346734,0.322894856091706,0.476857684525612,0.263912797302713,0.407888300680482,0.182744581400683,0.428021241326149,0.0671665510307456,0.063070336928566,"Signature_5",0.632969081829378,"Signature_3.Signature_8.Signature_5.Signature_2.Signature_41c","23.2530383608183_9.71694025886376_25.599798465823_4.10130294583692_7.41385281676674",-320.375839445588,0.697250577890529,23.2530383608183,0.00952202011675196,0.000455325848455423,0,0.0092023100659292,0.0101334802280794,0,0,0,0,0,0.0111244336743425,0,0.689046603445246,0.605409145422351,0,0.637816179915888,0.60855817177886,0,0,0,0,0,0.768889569747842,0,0.322958866122476,0.999999889692789,4.96626903557621e-52,1.7049699549812e-163,1.10307211497058e-07,0,0,1.18243196155853e-110,2.09300889249035e-94,"Signature_3",0.999999889692789
1,0,0,0,0,0,0,1,0,0,0,0,1,0,0,0,0,0,0,0,0,0,0,0,0,1,0,1,0,0,0,2,0,1,0,0,1,1,0,0,0,0,0,2,0,1,1,0,1,0,0,0,0,0,0,0,0,0,0,0,0,0,0,0,0,0,0,0,0,0,0,1,0,0,0,0,0,0,0,1,0,0,0,0,0,1,0,0,0,0,0,0,0,0,0,0,"SIM-01838",0,0,0,0,0,18,0.352377452704248,0.160175806510063,0.0279415514639599,0.342668411234658,0.049689964563902,0.0129086052832778,0,0.0237383955142224,0.0184873432433075,0.00933717749431267,0,0.0026752919880489,"Signature_3_c1",0.352377452704248,TRUE,0.883163221912929,0.445745373200374,0.276124668081736,0.131465074117655,0.416087354426364,0.176170542315708,0.352255056158412,0.174788089407055,0.192789404805476,0.023615660524763,0.382650582995444,0.123141020064794,0.261966218216023,0.407441235889272,0.222370205934494,0.114922506407941,0.275339907197028,0.140386397638026,0.222596765980572,0.0457517265656801,0.321182899612452,0.0538079457686316,0.243817775726396,"Signature_3",0.445745373200374,"Signature_3.Signature_13.Signature_17a.Signature_30.Signature_41c","7.95565387045469_2.72904084534865_1.42270685603912_5.66624522266953_1.1214154666103",-75.6816911973828,0.555865313741188,7.95565387045469,0.0146802808560946,0,0,0,0,0.0500096751097955,0,0.0167829048796848,0,0.02768382765497,0.00238403151943523,0,0.759641463313717,0,0.5,0,0,0.807581712329189,0,0.677581348743139,0,0.813552991249757,0.560008196934112,0,0.441980770580816,0.997792493923905,1.6201139397644e-22,4.40100431316266e-44,0.00220750607609552,0,4.82296531145644e-46,7.54964231077667e-28,3.16261583074133e-20,"Signature_3",0.997792493923905
2,0,0,0,0,0,0,0,0,0,0,0,0,0,0,1,0,0,0,0,0,0,0,1,0,0,0,1,1,1,0,0,0,0,0,0,1,1,1,2,1,0,0,0,0,0,0,1,0,1,0,0,0,0,0,0,0,0,0,0,1,0,0,0,2,0,1,1,1,0,0,0,0,0,0,0,1,0,1,0,0,0,0,0,0,0,0,0,0,0,0,0,0,0,1,0,"SIM-01896",0,0,0,0,0,24,0.273912731604297,0.232100480640812,0.00036807551602214,0.403530724888426,0.00872420983784734,0.000320613937266846,0,0.023790909560801,0.0551639817755627,0.000413450552622268,0,0.00167482168634303,"Signature_3_c4",0.403530724888426,TRUE,0.909912012649557,0.462942138311183,0.351988340148998,0.159686212269076,0.492564855166676,0.127777849347348,0.174718836554478,0.204532300995618,0.0158475386480775,0.00485076770060565,0.31388485973713,0.416192039592003,0.39213485116282,0.365596059238946,0.139600604676709,0.0634762147094649,0.111777622628394,0.215587113121622,0.278900274113174,0.210486939048886,0.215916491440336,0.188863923724563,0.0395990448369878,"Signature_5",0.492564855166676,"Signature_3.Signature_5.Signature_13.Signature_30.Signature_41c","9.29609239984722_8.92420510146316_0.855613906647193_1.22909349941053_6.51567174348032",-101.680232348008,0.59319167603466,9.29609239984722,0.0111027454070599,0,0,0.00689069581205959,0,0.0030318413293281,0,0,0,0.000796126587705115,0.063779229871851,0,0.650975941718346,0,0.5,0.502970702543684,0,0.605509348081027,0,0,0,0.525776459713501,0.894626691081377,0,0.387337183326968,0.412426812769423,8.11885059530035e-25,1.29792227065769e-56,0.587573187230577,0,0,7.73843386686224e-44,1.09814659680048e-35,"Signature_5",0.587573187230577
0,0,0,1,1,0,0,1,1,0,0,1,0,0,0,1,0,0,0,1,1,0,0,0,0,0,0,0,1,1,0,0,0,0,0,1,0,2,0,1,0,3,0,1,3,0,1,0,0,1,1,1,1,0,0,0,0,0,0,0,0,0,1,0,5,0,1,1,1,1,0,0,0,1,1,0,0,0,0,2,0,0,2,0,0,1,0,0,0,0,0,0,0,0,0,0,"SIM-01899",0,0,0,0,0,43,0.227226412487814,0.40980197810212,2.65947927981097e-06,0.356227335195512,0.000933799529861964,0.000214357311228614,0,0.00123068683692197,0.00434825724347972,4.83607490487258e-07,0,1.40302062913479e-05,"Signature_3_c2",0.40980197810212,TRUE,0.993258385264726,0.409698760274622,0.35929162512941,0.112813711227988,0.485499020572574,0.321314881973427,0.188703799703961,0.275185170812594,0.0661865219543222,0.0121696174280919,0.371454725395243,0.49992578056313,0.411685451041362,0.394169681851837,0.237395543502206,0.194141030620618,0.253521587734705,0.302096420200582,0.378422787212341,0.173753367602409,0.231529773794373,0.13872465332047,0.136784722202726,"Signature_41c",0.49992578056313,"Signature_3.Signature_5.Signature_2.Signature_18.Signature_41c","6.17378192519354_14.3461039796624_4.78376340380673_4.04779721890766_14.1959337303816",-187.563748268095,0.666500548362467,6.17378192519354,0.000158185534086308,0,0,0.000400227391859298,0.0146176207518763,0,0.00489838438514079,0,0,0,0.107128846404999,0,0.548699716989176,0,0.5,0.625086866908691,0.708600107020509,0,0.479041221012572,0,0,0,0.969432625161251,0,0.14357632384171,0.000782863140302894,1.40066339969024e-36,1.74140229079461e-105,0.999217136859697,0,3.13629658226929e-132,5.29587030312455e-71,1.29073212899675e-52,"Signature_5",0.999217136859697
1,0,0,0,3,1,1,0,1,0,0,0,1,2,0,1,2,0,1,1,0,0,0,1,0,0,0,0,0,0,0,1,1,0,0,1,1,1,1,0,2,1,2,1,0,7,3,0,2,1,1,2,0,1,0,2,1,0,0,0,1,0,1,0,3,2,2,5,2,1,1,0,2,0,3,2,0,0,0,2,0,0,1,0,0,0,0,0,0,0,0,1,0,1,0,0,"SIM-01960",0,0,0,0,0,78,0.0117669156504609,0.817722110418903,2.14302642917222e-13,0.134902457702703,0.00113552207441662,1.33679157781882e-06,0,6.59135016625148e-05,0.0344048104462167,1.34355727072489e-13,0,9.3341371061885e-07,"Signature_3_c2",0.817722110418903,TRUE,0.964391483772281,0.518772911948435,0.463930897338128,0.259579517015539,0.634646460782616,0.192765684473435,0.113192009759732,0.341135704194699,0.0993008880260574,0.0219413733376992,0.469704308814959,0.453884793783929,0.493902361108107,0.415207558058056,0.284059511293639,0.252191175685133,0.217961716432192,0.422960306109516,0.541601059145254,0.290927206284537,0.254441670925363,0.11251549962305,0.267752125593117,"Signature_5",0.634646460782616,"Signature_3.Signature_5.Signature_18.Signature_30.Signature_41c","13.9275179056004_28.9609220391132_6.39805980532604_11.8342239849676_17.7486328812146",-337.481563030194,0.710502641001386,13.9275179056004,0.00326527196529147,0,0,0.00871790783915405,0,0,0.00506111820683353,0,0,0.00673818037966933,0.0529071513013279,0,0.494340984365056,0,0.5,0.949815755797244,0,0,0.66036119513897,0,0,0.457873100111985,0.99846326923532,0,0.178557921866672,3.89168973800348e-11,7.64102237172062e-77,6.65640512912885e-168,0.999999999961083,0,0,1.65609814252273e-119,5.96211698866737e-102,"Signature_5",0.999999999961083
1,1,0,1,2,3,0,0,2,0,0,1,1,0,0,0,1,1,0,2,0,2,0,2,0,0,0,0,2,2,0,0,0,2,0,2,0,2,3,6,4,4,0,1,0,4,2,0,0,0,0,0,0,0,1,0,0,2,0,0,0,0,0,0,6,1,4,2,2,0,3,0,2,1,1,2,1,2,3,2,0,0,1,1,0,0,0,0,0,0,3,1,1,0,0,2,"SIM-01992",0,0,0,0,0,98,0.0189119901396185,0.929918703228585,9.82540817004178e-18,0.0510045551814792,1.28482962834013e-07,2.60919577610736e-09,1.45204385895376e-25,3.810227649476e-08,0.000164582219497918,3.51663491290543e-19,0,3.63843784372495e-11,"Signature_3_c2",0.929918703228585,TRUE,0.999835248549683,0.611250855740231,0.456711864587591,0.227958884799743,0.691754405961353,0.118762443835411,0.13047897722048,0.297862198573961,0.0746823206025633,0.0359766985643043,0.480235722075483,0.430231802168879,0.419629722407291,0.530513047590439,0.265136600309392,0.200484856576868,0.30071141033596,0.473419565223466,0.556337305598289,0.4066024552677,0.36034774027053,0.0337261478780665,0.158939667832575,"Signature_5",0.691754405961353,"Signature_3.Signature_5.Signature_30.Signature_41c","33.2940623912934_47.7286361306819_7.44980131731886_17.1669101239255",-423.404066062289,0.74836878471491,33.2940623912934,0.0136336879425286,0,0,0.0184091963482067,0,0,0,0,0,0.00259136247239711,0.0451366786846735,0,0.876549770400001,0,0,0.920768455445871,0,0,0,0,0,0.569767307155565,0.996424509434685,0,0.339735330523402,0.655765760451703,4.83097995364827e-119,2.14149035132849e-227,0.344234239548297,0,0,7.38640651321634e-164,2.64282650247364e-128,"Signature_3",0.655765760451703
2,1,1,0,0,4,0,0,0,2,0,0,1,1,0,1,0,0,0,0,1,2,0,1,0,0,0,2,0,0,0,1,2,2,0,1,1,0,0,1,1,2,0,4,1,3,1,1,0,0,0,0,0,0,0,0,0,0,1,2,0,0,0,1,1,0,1,1,1,0,0,1,1,0,0,0,0,0,0,1,0,0,2,0,0,0,0,0,0,0,0,0,0,0,0,0,"SIM-01993",0,0,0,0,0,53,0.251584295256206,0.625597249079976,1.4135063629406e-07,0.121946249567145,0.000838826320316763,1.54759689060161e-08,0,3.99193943163769e-06,2.91877419190766e-05,1.23870090934741e-10,0,4.31445295296672e-08,"Signature_3_c2",0.625597249079976,TRUE,0.999127935253964,0.616093334930221,0.499078679842741,0.134920219245965,0.565621484749128,0.254018939266559,0.152960388077652,0.243017357977268,0.0989799734533771,0.00657925349131356,0.483978089156373,0.214876719129555,0.37143711005321,0.574181218890026,0.258416286175096,0.198816992662498,0.335404346768181,0.234237136886302,0.314519391325237,0.105823125188653,0.51835736122536,0.141649839277265,0.162453469967873,"Signature_3",0.616093334930221,"Signature_3.Signature_8.Signature_2.Signature_30.Signature_41c","37.0695917338738_3.97992505635219_0.923220839654193_11.4698491958573_3.97998548364041",-228.338446008321,0.668098137896446,37.0695917338738,0.0541020436136282,0.000974493597849291,0,0,0.000967898850396609,0,0,0,0,0.0197031175616613,0.00552299814647861,0,0.959414046884937,0.558886442281443,0,0,0.534347579854418,0,0,0,0,0.814336445284158,0.723443006372548,0,0.699426259129695,0.99999999894155,6.42846381247642e-46,2.59643400920781e-133,1.0584495024342e-09,0,3.34481477624102e-156,2.71764965151753e-82,4.27181292676202e-63,"Signature_3",0.99999999894155
2,1,0,0,0,1,1,1,0,1,0,0,1,0,0,1,1,1,0,1,0,2,0,3,0,1,0,1,1,2,0,2,2,1,0,2,4,3,0,0,5,5,0,2,3,3,1,1,2,0,0,1,0,0,0,1,0,0,1,0,0,0,0,1,3,0,3,3,0,1,5,1,4,1,2,0,0,2,0,2,0,0,0,0,1,0,0,2,0,0,1,0,1,1,1,3,"SIM-02010",0,0,0,0,0,99,0.216358930674282,0.44861004547614,1.55085729885645e-13,0.334863523281104,6.17078371678966e-07,0.000159512337014471,4.30386539391038e-18,2.47084105945504e-08,7.34644440033615e-06,2.29666818282773e-16,0,1.22038197574003e-13,"Signature_3_c2",0.44861004547614,TRUE,0.999832499431681,0.650166615857266,0.380042134040955,0.137871993419814,0.70170926187311,0.287201008334468,0.239068443631023,0.189537884059957,0.185699695338022,0.15716249669562,0.574118546200387,0.367848248925287,0.446449802481565,0.640818550839573,0.264867602927572,0.224855539974409,0.317220877375108,0.457598629393426,0.583860262818009,0.421998096977809,0.506464331955756,0.100549118634949,0.115633925763483,"Signature_5",0.70170926187311,"Signature_3.Signature_17a.Signature_17b.Signature_30.Signature_41c","54.9807781769727_2.7301191841151_2.23530239375136_27.9281360559372_15.7911350815254",-429.573918318631,0.775367763561768,54.9807781769727,0.0194539030412452,0,0,0,0,0,0,0.00121109225432192,0.00318957860948188,0.0134637567274923,0.0308549672728429,0,0.49800044189568,0,0.5,0,0,0,0,0.449662584596476,0.50595127229667,0.433691747852603,0.989297588601377,0,0.555361395726997,0.998535667971871,1.43747992717253e-130,5.43112585617451e-241,0.0014643320281294,0,0,1.27208229914909e-176,1.43859418742432e-124,"Signature_3",0.998535667971871
0,1,0,0,0,1,0,1,2,1,0,1,0,0,0,0,0,0,1,1,0,1,0,1,0,1,0,0,2,0,0,1,0,1,0,1,1,2,1,1,0,0,0,2,3,2,2,1,0,1,0,1,0,0,1,0,0,0,1,0,0,0,0,0,2,1,1,2,1,0,1,1,0,1,3,2,1,0,1,0,0,1,2,0,0,1,0,1,0,0,0,0,0,0,1,2,"SIM-02013",0,0,0,0,0,61,0.25773085795001,0.22736772961894,1.14199623334565e-07,0.48911375935958,0.000160842498846395,0.0252508369004466,1.51894560064155e-10,8.37759143664423e-05,0.00029201339648772,4.95990247626201e-09,0,6.50499021237122e-08,"Signature_3_c4",0.48911375935958,TRUE,0.974212461128154,0.565212594922773,0.449448430845819,0.195777393715727,0.625604174036249,0.437378833072944,0.305948416814004,0.307066796862123,0.142266638763065,0.143371431334463,0.50457274029928,0.341258312534555,0.387754358709069,0.441643249980005,0.228178872050851,0.128396157676174,0.253435291706846,0.451801836674831,0.506922244459109,0.339899976493365,0.254072380728858,0.0294726067089163,0.256382329547662,"Signature_5",0.625604174036249,"Signature_3.Signature_5.Signature_2.Signature_17b.Signature_41c","16.296260051384_26.2102289574381_6.91315763355057_1.25256574725593_7.21383738656948",-270.187283010933,0.735379600811435,16.296260051384,0.00117689564704271,0,0,0.0149742200743374,0.0338888682638619,0,0,0,0.000515666419449445,0,0.0204946920721631,0,0.480134647288438,0,0.5,0.913898526072823,0.828231823834801,0,0,0,0.51309836179291,0,0.779011257987274,0,0.267151804121049,0.000158054088833394,7.71869815918877e-64,1.86121990556049e-139,0.999841945911167,0,0,1.92102244084479e-97,2.01404081720127e-63,"Signature_5",0.999841945911167
0,0,0,0,0,1,0,0,0,0,1,0,0,1,0,0,1,0,0,0,1,0,0,1,0,1,0,0,0,0,0,0,1,0,0,1,1,0,0,1,1,0,1,4,1,1,1,0,1,0,0,0,0,0,1,0,0,0,2,0,1,0,0,0,0,0,1,2,2,0,1,1,0,0,1,3,1,2,1,1,0,0,0,0,0,0,1,0,2,0,0,0,0,0,0,0,"SIM-02053",0,0,0,0,0,44,0.0446202705349939,0.777907436384203,2.01765787650659e-09,0.159855165541979,0.000289231555693175,2.73542152945843e-05,1.07785614477079e-11,0.000130606873322038,0.0171631373249294,4.70585367923047e-10,0,6.79507056272232e-06,"Signature_3_c2",0.777907436384203,TRUE,0.982382874478834,0.456011054956382,0.333256512444557,0.172038228019124,0.556327213109017,0.170497025885368,0.0595008905086011,0.133180838628591,0.158296117095971,0.0129306064314575,0.338806507728308,0.33087231934804,0.397108686588137,0.385001896574181,0.253697423786333,0.237308978006287,0.219756723436984,0.366453783223867,0.489145386921597,0.276963821198843,0.470508836870972,0.0334089129864272,0.153244063338805,"Signature_5",0.556327213109017,"Signature_3.Signature_5.Signature_2.Signature_17a.Signature_41c","5.70275011757299_28.3612653224472_1.06333560040576_0.561462562696699_6.1864746798987",-194.602429883561,0.590110628081351,5.70275011757299,0.00220600642508206,0,0,0.0417529013992068,0.00253103257830234,0,0,0.000744887544550932,0,0,0.0230239410001499,0,0.491374852227968,0,0.5,0.97898438117707,0.533495252240596,0,0,0.496617253478681,0,0,0.927435920575049,0,0.129607957217568,0.0998209774920739,5.08545054402506e-46,8.19160364777196e-102,0.900179022507926,0,0,3.7659845070868e-80,1.06610239148413e-56,"Signature_5",0.900179022507926
0,1,0,0,0,1,0,0,0,0,1,2,0,0,1,1,0,1,0,1,1,0,0,2,0,0,0,1,1,0,0,0,4,0,1,2,0,1,0,1,0,1,0,1,2,2,2,0,0,0,0,0,0,0,0,1,0,0,0,0,0,0,1,0,3,2,1,4,0,2,3,0,1,0,1,2,3,1,0,0,0,0,1,0,1,2,0,0,1,1,0,0,0,1,1,0,"SIM-02058",0,0,0,0,0,64,0.0494937815043955,0.842295971140838,1.54449371458064e-11,0.107986447595401,4.35568238657341e-06,2.29173971310927e-05,2.23498056896834e-13,1.10732958420075e-06,0.000195414190512731,2.75443011647725e-13,0,5.14380733680256e-09,"Signature_3_c2",0.842295971140838,TRUE,0.999776200256079,0.512174223922531,0.408560344974515,0.184764094962831,0.574996670726886,0.25090589759089,0.128180206919017,0.211522978244467,0.170662601520767,0.0250997128998655,0.381858322997792,0.436181901486637,0.339669700776675,0.391133207886824,0.202011767274587,0.124989344450796,0.187348836474605,0.356221057638407,0.508618056219376,0.336580907806803,0.309515655562828,0.109453742405153,0.208104311545811,"Signature_5",0.574996670726886,"Signature_3.Signature_5.Signature_2.Signature_17a.Signature_41c","17.4452826904128_26.9842401359063_3.48458778946084_1.14436420584946_13.1131056998946",-286.10489580962,0.668044327161495,17.4452826904128,0.0104299144112139,0,0,0.0141306190484117,0.0112740709010094,0,0,0.00156279436685847,0,0,0.0693141019249591,0,0.956423408625831,0,0.5,0.88612907233059,0.719433544577806,0,0,0.539524746916912,0,0,0.990178950937048,0,0.2725825420377,0.00910413308847155,1.93789965077933e-66,2.82099859259811e-142,0.990895866911529,0,0,1.99537121321642e-117,1.12306339878992e-87,"Signature_5",0.990895866911529
2,1,0,1,0,0,0,0,0,0,0,2,0,0,0,1,1,0,0,2,1,0,1,2,1,1,0,0,0,0,0,0,2,1,0,2,4,3,3,2,1,3,1,3,3,5,1,0,0,2,1,1,0,0,0,1,0,0,1,1,1,0,0,1,10,2,2,2,2,3,2,1,0,0,2,0,6,0,0,2,0,0,2,2,1,0,1,1,0,0,0,0,1,0,1,0,"SIM-02101",0,0,0,0,0,102,0.00733838074356878,0.907793683031162,6.29270258756752e-19,0.0791429205104746,1.56739061603553e-05,6.63622379429706e-07,4.17081034787916e-23,4.45660385471927e-07,0.00570823244217209,4.87949153902368e-19,0,8.36976609455652e-11,"Signature_3_c2",0.907793683031162,TRUE,0.994274984285205,0.509076407282745,0.389857270340648,0.22214532944414,0.65815715688548,0.238881712164285,0.0720074210515065,0.195801396818411,0.172628140718003,0.0739095985798885,0.539429568788799,0.603723611943244,0.521610132724979,0.537552572478554,0.271342585808409,0.209558888301733,0.196570405056257,0.351086670514517,0.466395350802332,0.296347817614083,0.329960005425241,0.0804563868417887,0.0972248360387616,"Signature_5",0.65815715688548,"Signature_3.Signature_5.Signature_17a.Signature_30.Signature_41c","19.1684088152341_20.7182852980686_3.49598263437714_29.4570853530024_34.8524878732324",-430.847605880051,0.818934754202888,19.1684088152341,0.00361673506023075,0,0,0.00239085930984417,0,0,0,0.00427145437967735,0,0.0217129552992857,0.127593779096274,0,0.71886874263411,0,0.5,0.726585205110679,0,0,0,0.788734548114844,0,0.954355628775158,0.999999337016897,0,0.187925576619942,8.37895536995015e-13,1.58313565481455e-120,1.23686380031767e-239,0.999999999999162,0,0,1.51670397293198e-201,1.11573471317504e-120,"Signature_5",0.999999999999162
0,1,0,0,0,1,0,0,1,1,0,1,0,0,0,0,0,0,0,0,0,0,1,0,0,0,0,1,0,0,0,0,0,0,0,1,1,0,0,0,0,0,0,0,1,0,1,0,0,0,0,0,0,0,0,0,0,0,0,0,0,0,1,0,3,1,1,0,0,0,1,0,0,0,1,0,0,0,0,0,0,0,0,0,0,1,0,0,0,0,0,0,0,0,0,0,"SIM-02188",0,0,0,0,0,20,0.143099053488023,0.54650871803872,0.000134422653816148,0.227569619118648,0.01994354191259,0.00738902948595125,0,0.00971807989612384,0.0423240271026368,3.80628417895508e-05,0,0.003275445461701,"Signature_3_c2",0.54650871803872,TRUE,0.917311813299208,0.367055270006658,0.361708660149366,0.107441632698952,0.405628768403165,0.218196575126071,0.0621975847163654,0.289260444175792,0.0592718604383156,0.0167969978029459,0.223607695745658,0.350524664582049,0.290129366965994,0.188392501584347,0.104206808878151,0.0597538426912415,0.151234548008888,0.201170396818411,0.342830156339386,0.366362311463983,0.100757261175585,0.0115445379838684,0.202449046520138,"Signature_5",0.405628768403165,"Signature_3.Signature_5.Signature_2.Signature_18.Signature_41c","4.77473125152216_5.46258973799308_1.61825586896317_3.33905651168362_5.45797276330538",-87.7375590421929,0.518123824126257,4.77473125152216,0.00384451134893626,0,0,0.00555669495124855,0.0188444426586196,0,0.0101227205128022,0,0,0,0.069566395476724,0,0.617708989623161,0,0.5,0.679764527372596,0.642863740734249,0,0.571876974728944,0,0,0,0.636120649246241,0,0.238736562576108,0.0015645467579229,2.26511142709531e-18,1.19248313030156e-43,0.998435453242077,0,0,1.18005333683381e-28,1.50490254479588e-28,"Signature_5",0.998435453242077
1,2,0,0,0,0,0,0,0,1,0,0,1,0,0,0,0,0,0,0,1,2,0,0,0,1,0,0,2,0,0,1,2,2,0,1,0,2,0,4,1,2,0,0,2,3,0,1,0,0,1,0,0,1,1,0,0,0,0,0,1,1,0,0,5,2,3,6,1,2,0,0,1,0,1,2,2,0,0,1,0,1,0,0,0,0,2,2,1,0,1,0,0,2,1,2,"SIM-02246",0,0,0,0,0,75,0.134949027927473,0.51742368010367,1.1564949832724e-11,0.346329063371467,1.21797161962507e-05,0.00121638206391534,5.23624219781052e-13,2.02764497978519e-07,6.94640310502052e-05,4.33228125410503e-14,0,9.59942398534425e-12,"Signature_3_c2",0.51742368010367,TRUE,0.998701771414174,0.519587851671849,0.380184874775613,0.0883516432600988,0.571064610494193,0.243283254659413,0.209769874245448,0.115284581431604,0.0957420416003216,0.176842303509768,0.445814699732075,0.509779824542955,0.401623379808699,0.471592941677905,0.149032618534465,0.110054171853227,0.132560415531068,0.298378703344943,0.428194257652714,0.207432899296992,0.254812043993293,0.028237717487248,0.0426422184070444,"Signature_5",0.571064610494193,"Signature_3.Signature_13.Signature_17b.Signature_30.Signature_41c","30.7584013544096_2.35397022658744_2.69027135020995_17.96372852213_22.0931325829927",-323.675955170267,0.725004355227431,30.7584013544096,0.0117903881890425,0,0,0,0,0.00201241743392422,0,0,0.0095317589730336,0.0127144208830614,0.111917539261766,0,0.915394013044964,0,0.5,0,0,0.652207185116864,0,0,0.84461697029447,0.926625347192419,0.999993386974715,0,0.410112018058795,0.00217005998476291,7.24793206032175e-82,1.17258468886643e-189,0.997829940015237,0,0,4.88585021219998e-146,6.61482785144792e-101,"Signature_5",0.997829940015237
0,0,0,0,0,0,0,0,0,0,0,0,0,0,0,0,0,0,0,0,0,0,0,0,1,1,0,0,0,0,0,0,0,0,0,1,1,0,0,0,1,0,0,0,0,0,0,0,0,0,0,0,0,0,0,0,0,0,0,0,0,0,0,0,1,1,1,0,0,0,0,0,0,0,1,0,0,0,0,0,0,0,0,0,0,0,0,0,1,0,0,0,0,0,0,1,"SIM-02330",0,0,0,0,0,11,0.197946643561515,0.46312158291589,0.00104988807735837,0.207336396553709,0.0192926519237003,0.0157997833278346,0.00110659785379671,0.0127092571434704,0.0751780123457086,0.000267099180856097,0,0.006192087116161,"Signature_3_c2",0.46312158291589,TRUE,0.869454511108472,0.2906671583009,0.140097136745155,0.0498217537517659,0.349862965128844,0.019428526556235,0.00897146236793795,0.0386294911956417,0.0156895676520546,0.0398854026626144,0.240972233739394,0.254243644599272,0.185188723362958,0.264786715189703,0.0848722341769273,0.0527874929876363,0.0874256149477177,0.218468160694167,0.284748602108777,0.280991307832868,0.28986204569683,0.00925479938174941,0.0192536642578737,"Signature_5",0.349862965128844,"Signature_3.Signature_5.Signature_17b.Signature_30.Signature_41c","2.18280065045213_5.43482951554998_0.0102622628616067_0.731491205153422_2.21753211287638",-49.3780981947858,0.388616679139196,2.18280065045213,0.00303865381435414,0,0,0.0117196641220195,0,0,0,0,4.60287080172872e-06,0.00119575690684537,0.0370642870251278,0,0.54942242420116,0,0.5,0.551828289441242,0,0,0,0,0.499027095460607,0.526104215476897,0.669558170087901,0,0.198436422768376,0.477516819993424,4.12311920166042e-17,1.06743186741902e-28,0.52248318000648,0,0,9.30006455925189e-25,9.65478526918551e-14,"Signature_5",0.52248318000648
0,0,0,1,0,0,0,0,0,0,0,0,0,0,0,0,0,0,0,0,0,1,0,0,0,0,0,0,0,0,0,0,3,1,0,2,0,0,2,1,1,2,0,1,1,1,0,2,2,0,0,0,0,0,1,0,0,0,0,0,0,0,1,0,4,0,2,1,1,2,1,1,1,1,1,1,1,2,1,0,0,0,0,0,0,1,2,0,0,0,0,0,0,1,1,1,"SIM-02393",0,0,0,0,0,49,0.0338348361750672,0.637819209468759,2.04999115444745e-10,0.11284384763611,0.00153929582133036,0.152743773927693,8.7602010347242e-10,0.000290426069464942,0.0609247209826568,4.04549776685749e-10,0,3.88843334952773e-06,"Signature_3_c2",0.637819209468759,TRUE,0.784497893484935,0.4443617648089,0.341022174320983,0.196993149858211,0.606531015898703,0.231700727557263,0.0521935304094172,0.112215833448835,0.237124606389573,0.0420843454124645,0.43957044972865,0.50603820948812,0.459516948800988,0.473411034522546,0.234704123635204,0.175877835080361,0.211644528746688,0.482953508816012,0.562883902098469,0.387674858609527,0.4132894624886,0.0296282832759039,0.0574875989294993,"Signature_5",0.606531015898703,"Signature_5.Signature_2.Signature_17a.Signature_30.Signature_41c","26.8920806011569_1.80741806334459_2.64872351658048_4.63891255029462_13.5113738457682",-207.134652803938,0.719311887686596,0,0,0,0,0.0178774240531339,0.0038440780170691,0,0,0.0108251130036529,0,0.00255126869083966,0.0858502141775986,0,0.5,0,0.5,0.85296011826429,0.519025379143873,0,0,0.792277268289085,0,0.653091422288035,0.996751652501567,0,0,2.24501447654806e-09,3.62452506087495e-60,1.68804659922232e-113,0.999999997754986,0,0,1.65112667761801e-100,1.79523575395671e-55,"Signature_5",0.999999997754986
1,1,0,1,1,2,0,1,1,0,0,0,0,0,0,0,0,0,0,1,1,0,0,1,1,1,0,0,4,1,0,1,3,2,1,1,1,0,0,1,2,2,0,1,1,2,1,1,0,1,0,0,0,1,0,0,0,0,0,0,1,0,0,1,4,1,1,1,1,1,1,1,0,0,1,0,1,1,0,3,1,1,2,1,1,0,1,0,0,0,2,0,0,0,1,2,"SIM-02419",0,0,0,0,0,71,0.532785365733929,0.273395419597496,1.80477117573358e-09,0.193774642710809,3.25826523552332e-07,4.41302984547216e-05,1.55364534200858e-15,1.7279614183657e-08,9.67450780675749e-08,6.97371535744401e-13,0,2.62551337982887e-12,"Signature_3_c1",0.532785365733929,TRUE,0.999955429847005,0.638559281999145,0.470487433688293,0.173872650972196,0.593179622758666,0.232775553146996,0.352047053369306,0.224499835423188,0.172173110076216,0.0434324063754805,0.448144086606215,0.490356288938245,0.50787350159606,0.477386579698892,0.242536474442949,0.15976858227692,0.3394206930527,0.280838088083158,0.408177416262276,0.215760168405302,0.417033867938283,0.0305465710898926,0.134372160388869,"Signature_3",0.638559281999145,"Signature_3.Signature_13.Signature_17a.Signature_30.Signature_41c","35.3681835286943_4.84209008301881_1.81052188885114_11.9594008456572_16.7383499022856",-311.564110559757,0.786238476221626,35.3681835286943,0.0317631223611256,0,0,0,0,0.0185789555580972,0,0.00344645335047755,0,0.0183562060611091,0.068249313484851,0,0.994596137162034,0,0.5,0,0,0.888454514137213,0,0.637711891322215,0,0.90393745336666,0.995682949228005,0,0.49814342998161,0.999999999953731,3.76937142194831e-78,2.18535118234358e-163,4.62692301631165e-11,0,0,8.34390696445244e-131,4.34326077451689e-98,"Signature_3",0.999999999953731
2,0,0,0,1,0,0,1,1,1,0,1,1,0,0,1,0,0,0,0,0,0,0,2,1,0,0,1,1,0,0,1,1,0,0,1,0,1,0,1,0,2,0,2,4,2,1,2,1,0,0,1,0,0,0,0,0,0,0,0,1,0,2,1,3,0,2,4,1,0,1,1,0,1,2,2,0,1,0,1,0,1,1,0,0,0,0,0,1,0,3,0,0,0,1,1,"SIM-02432",0,0,0,0,0,65,0.25191580551045,0.244029537229659,8.87181966578661e-08,0.503679551249858,9.4417606075305e-06,0.000332404164459965,0,1.02174717345812e-05,2.29487878842693e-05,2.32564394726606e-09,0,2.78150626629475e-09,"Signature_3_c4",0.503679551249858,TRUE,0.999624982708163,0.548199353854656,0.437667139304368,0.114367559903714,0.574415227795978,0.4737083375683,0.255762652110201,0.309573518813441,0.12277059312817,0.0218457705845038,0.430277860252082,0.430858106295849,0.444949015110292,0.434721275817893,0.220902209177185,0.163969978037357,0.226619293199062,0.360250258081344,0.459364727826999,0.278462125442658,0.288337296698794,0.136774218533515,0.151599197357248,"Signature_5",0.574415227795978,"Signature_3.Signature_5.Signature_2.Signature_18.Signature_41c","23.2170883924198_16.1620018963694_9.07041955718187_2.35487848676978_13.2532260273916",-283.807239289012,0.755705184388903,23.2170883924198,0.0146950409752978,0,0,0.00675195609893453,0.0676218537429013,0,0.00105029367229359,0,0,0,0.0499133257515992,0,0.886963679971251,0,0.5,0.806528345835794,0.992201853959278,0,0.522300931363086,0,0,0,0.993924693792452,0,0.357185975267997,0.161975411957937,7.19293524442574e-56,1.27229210169782e-162,0.838024588042063,0,4.91270610817222e-198,1.25805621274916e-96,1.14167460869843e-75,"Signature_5",0.838024588042063
0,0,0,0,0,0,0,0,1,0,0,0,0,1,0,2,0,0,0,0,1,1,0,1,0,0,0,0,1,0,0,1,6,1,0,1,4,1,0,2,1,5,0,3,0,1,0,2,1,0,0,1,0,1,0,0,0,0,0,0,0,0,0,0,3,0,2,0,2,1,1,1,0,0,0,1,1,0,1,1,0,0,0,0,0,0,0,0,0,0,0,1,0,1,0,1,"SIM-02433",0,0,0,0,0,56,0.126190002739105,0.339862790765716,1.35263082345966e-08,0.340025799024018,0.00735321368599452,0.000814224953392323,4.07040368424538e-12,0.00432225299043578,0.181420404536262,1.76596215722855e-08,0,1.12801150769572e-05,"Signature_3_c4",0.340025799024018,TRUE,0.806078606055147,0.486163035212342,0.318233961497888,0.121963848848139,0.59567874541017,0.150027936301672,0.152415303400297,0.190855435732714,0.149398980850601,0.0348600545181425,0.556675754726294,0.405573400926617,0.439276097736828,0.696569518078936,0.267772019516509,0.236376923984318,0.25847072717492,0.275817097835241,0.36485918081555,0.222012800182934,0.594653158492173,0.200221005166085,0.0655827743307474,"Signature_30b",0.696569518078936,"Signature_3.Signature_13.Signature_17a.Signature_30.Signature_41c","19.3702933932853_0.689506592430529_2.30145998686266_24.9306081331384_15.0586023997782",-230.149797240553,0.703463909449691,19.3702933932853,0.00710560916413305,0,0,0,0,0.000337176636484915,0,0.00452113064119952,0,0.0536429328356581,0.0568251218168541,0,0.342660341441541,0,0.5,0,0,0.59926150495126,0,0.72775479491004,0,0.98357866740322,0.997883153565047,0,0.345898096308666,6.58330736433327e-06,2.59916358503793e-75,7.37982573057434e-143,0.999993416692636,0,0,4.43097087995788e-106,1.71465218948829e-41,"Signature_5",0.999993416692636
0,0,0,0,0,0,0,0,0,0,0,0,0,0,0,1,0,0,0,0,1,2,1,1,0,0,0,0,0,0,0,0,2,2,0,1,1,0,0,1,0,2,1,0,0,0,0,0,0,0,1,1,0,1,1,0,0,0,0,0,0,1,0,0,2,1,0,0,0,0,0,0,0,0,1,0,1,1,0,0,0,0,0,0,1,0,0,0,0,0,0,0,0,0,0,2,"SIM-02468",0,0,0,0,0,30,0.086219447512324,0.775642158693838,1.67476714423585e-07,0.118084660748347,0.0047390309969291,0.000493151938288245,1.21732023094147e-09,0.000348948409673847,0.0143951870418886,1.32123404669983e-08,0,7.72327523356318e-05,"Signature_3_c2",0.775642158693838,TRUE,0.979946434431224,0.438448133328624,0.342007907621781,0.159000341556697,0.500612695790564,0.0244677630190514,0.0237994125788186,0.144676004365334,0.0399935296675079,0.0440957701788302,0.396559017966769,0.376139570664934,0.433681472534642,0.423653648431118,0.280874417238273,0.284880343435837,0.182812819205523,0.23218057737415,0.32286851044126,0.136005550986023,0.297370074400357,0.18343129017906,0.0451851824169079,"Signature_5",0.500612695790564,"Signature_3.Signature_5.Signature_30.Signature_41c.Signature_41b","11.0514264251189_5.67693641632082_6.26376005465868_6.91380405935539_0.579069372257778",-130.863194193693,0.580543301853394,11.0514264251189,0.0137503641335636,0,0,0.0020459782281752,0,0,0,0,0,0.0155824097235124,0.0350530644523205,6.5934867641837e-05,0.652375440682781,0,0,0.547851024365997,0,0,0,0,0,0.678597106964232,0.762863960001424,0.50493950442971,0.368380880837298,0.216795086525656,9.49427406838595e-32,1.11859900870449e-71,0.783204913474344,0,0,2.44160097469687e-55,2.32138670965712e-32,"Signature_5",0.783204913474344
0,1,0,0,1,0,0,0,1,0,0,0,0,0,0,1,1,2,0,2,0,0,0,0,0,1,0,1,1,2,0,1,0,0,1,0,2,3,3,5,1,4,1,3,1,0,1,5,0,1,0,0,0,0,1,0,0,0,0,0,0,1,0,2,4,0,3,1,3,1,4,1,2,0,1,0,1,1,1,0,1,0,0,1,0,0,0,1,0,0,0,0,0,1,0,0,"SIM-02469",0,0,0,0,0,77,0.113804527888237,0.165940014123925,6.79607790009303e-11,0.679561487320168,0.000320066838935307,0.000226250608620321,6.95706669476583e-15,0.00149653964055672,0.0386508477661311,5.06274791013564e-10,0,2.65239184278237e-07,"Signature_3_c4",0.679561487320168,TRUE,0.95930602940029,0.533174223969519,0.414956356330097,0.308176733958661,0.702193934763267,0.283319715765248,0.180364397621271,0.224099886229857,0.181959308737744,0.0858228278064057,0.496505437867692,0.333671834879735,0.416603085632831,0.542772646777694,0.316048254422409,0.2772019018758,0.248086357477053,0.460224327756389,0.579878109294469,0.466852972354131,0.344911338924811,0.11036570852192,0.14214148092014,"Signature_5",0.702193934763267,"Signature_5.Signature_2.Signature_13.Signature_17a.Signature_41c","68.9335855938684_3.85494269184412_1.46609602107138_0.641521174176296_8.010847669742",-327.397295849293,0.729949968298707,0,0,0,0,0.0645649057708734,0.00835625248878136,0.00106773688804218,0,0.000189265430439733,0,0,0.0145897740240729,0,0,0,0.5,0.999419150566198,0.822237822951629,0.633661281634626,0,0.499836557273464,0,0,0.897841005705386,0,0,7.07823712095352e-09,9.39334152003246e-95,7.71852903297893e-175,0.999999992921763,0,0,1.40786653233934e-146,2.47927843182692e-86,"Signature_5",0.999999992921763
1,2,1,0,0,0,0,1,0,1,0,0,2,0,0,0,2,1,0,2,0,0,1,1,0,0,0,2,0,1,0,0,2,0,0,0,1,1,0,2,2,0,1,2,1,2,1,4,0,3,0,1,1,0,1,0,0,0,2,0,0,0,0,1,8,1,2,5,1,4,1,1,2,0,0,1,5,1,1,2,0,0,2,0,0,0,0,0,0,0,3,0,1,0,1,2,"SIM-02481",0,0,0,0,0,90,0.0137065709449223,0.956311902852196,1.79664494669152e-16,0.0299806460849667,2.46765142298612e-08,5.84376474968033e-08,0,2.95595650507769e-10,7.9670810084401e-07,5.29840719022977e-19,0,5.61021332639374e-14,"Signature_3_c2",0.956311902852196,TRUE,0.999999119882086,0.518093234724251,0.395392440997399,0.124489513733263,0.55534362022011,0.223324798212007,0.0751109707482682,0.135692665889048,0.195400408262397,0.0262563026609158,0.299831517845279,0.645344655393767,0.520067336981254,0.325053489510427,0.178019185229195,0.138353327034257,0.175114462176566,0.286279849472276,0.450058787584531,0.195975698991386,0.281350554535031,0.0454498453925263,0.12021260524605,"Signature_41c",0.645344655393767,"Signature_3.Signature_5.Signature_2.Signature_17a.Signature_41c","33.8378296082778_19.6461538204803_4.43106869021616_3.07263522653107_32.8905332097808",-384.521162625768,0.784593924756352,33.8378296082778,0.0167057577832231,0,0,0.00476825466601716,0.0089901369988048,0,0,0.004767664964197,0,0,0.153465766812205,0,0.994882679228121,0,0.5,0.616001399331645,0.883628018153806,0,0,0.730993034872729,0,0,0.999999794138623,0,0.37597588453642,0.00477115548420569,3.71762283419386e-87,3.6333328650926e-215,0.995228844515794,0,0,7.98135489206742e-181,4.63849598737497e-152,"Signature_5",0.995228844515794
2,2,0,0,2,0,1,2,0,1,0,1,2,0,0,0,1,0,0,0,0,2,0,0,0,1,0,1,0,1,0,2,1,2,2,4,2,0,2,1,0,0,0,0,3,3,0,3,0,0,0,0,4,0,1,0,0,0,0,0,0,0,1,1,2,1,3,0,1,0,3,0,2,0,2,1,0,0,1,0,0,0,1,0,1,0,0,2,0,0,0,0,0,1,0,1,"SIM-02483",0,0,0,0,0,73,0.27881728162966,0.313572652701654,5.55554164897341e-09,0.405957385740317,0.0011800261306819,0.000464203458224272,0,1.93887259329045e-06,6.50467230729261e-06,2.38014648492799e-11,0,1.21521909379874e-09,"Signature_3_c4",0.405957385740317,TRUE,0.998347325627173,0.569390052259786,0.527583076853016,0.252470917593591,0.621328706332617,0.402318882793341,0.238075288045934,0.308549281412124,0.0754260035608776,0.172696941592829,0.46812804828288,0.244669379227809,0.342145467499225,0.434554778507865,0.258083848913345,0.100538293737859,0.2829836363213,0.386791297520003,0.506620785025202,0.432739440713483,0.220755167703708,0.0505996322099502,0.0591823597913939,"Signature_5",0.621328706332617,"Signature_3.Signature_5.Signature_2.Signature_17b.Signature_41c","22.1518130060414_35.9593255389907_7.77925061229377_2.19395798916699_4.32111135042409",-321.917874972108,0.704445355290341,22.1518130060414,0.00379912467041477,0,0,0.0206546652586942,0.0442161090946184,0,0,0,0.00613499929240457,0,0.00310725692599023,0,0.293276512915107,0,0.5,0.946166526331976,0.904972905638456,0,0,0,0.542154150452808,0,0.465479541958112,0,0.303449493233444,0.810489380405264,4.76731756046502e-58,2.7670387496842e-166,0.189510619594736,0,0,1.52491825652006e-112,7.21733738363019e-78,"Signature_3",0.810489380405264
0,0,0,1,0,0,0,0,0,0,0,0,0,0,0,0,0,0,1,0,1,0,0,1,0,0,0,0,0,0,0,0,0,0,1,2,0,0,0,1,0,1,0,1,2,0,0,5,0,0,0,1,0,0,0,0,2,0,0,0,0,0,0,0,3,0,0,1,0,0,1,1,0,0,0,0,1,0,0,0,0,0,0,0,0,0,0,0,0,0,0,0,0,0,0,0,"SIM-02537",0,0,0,0,0,27,0.249513991730284,0.0721147630256382,0.0120272706734936,0.524951659192969,0.0170305846328391,0.0246229503611216,0,0.0577510759047036,0.012245169034596,0.0296163077567267,0,0.000126227687628208,"Signature_3_c4",0.524951659192969,TRUE,0.858607684622385,0.292680589060787,0.268333355025461,0.132985583842416,0.363203943523243,0.512789846475835,0.111336241190048,0.0642290230499387,0.145791333337942,0.00733137277440807,0.305633962842955,0.366780728243167,0.320136695802896,0.3488023453768,0.155933251787159,0.106649225091846,0.0973786302683593,0.161367298161589,0.261144713431063,0.13337380099805,0.244974083632749,0.0379539073601239,0.0864836900151862,"Signature_2",0.512789846475835,"Signature_8.Signature_5.Signature_2.Signature_17a.Signature_41c","2.31030653049486_6.80384436633756_8.10959140956834_1.67221546914372_9.03553052601671",-108.820663011484,0.650989291750179,0,0,0.000426904599929334,0,0.00285741087047853,0.157059431280614,0,0,0.00730096285215687,0,0,0.0580287102305622,0,0,0.389586665142497,0.5,0.704722934217229,0.998683611580001,0,0,0.54405474043074,0,0,0.958772013042905,0,0,2.21766992277479e-06,6.45379443769467e-25,0,0.999997782330077,2.41756117630365e-63,0,1.63456586516278e-53,1.20172385602659e-17,"Signature_5",0.999997782330077
1,0,0,1,0,0,0,1,0,0,1,0,0,2,0,0,3,0,0,1,0,2,0,1,0,2,1,0,1,0,0,1,0,1,1,4,1,0,1,4,1,1,4,0,2,0,1,4,0,0,5,0,1,1,1,0,1,1,0,1,0,1,3,0,2,1,3,4,0,0,1,1,4,2,0,1,3,1,0,1,0,0,2,0,0,0,2,3,0,0,0,0,1,1,0,3,"SIM-02568",0,0,0,0,0,94,0.0107467782118172,0.935728221239044,1.45600737407656e-16,0.053494500916342,1.85245003069323e-05,1.03633105073262e-05,3.52325641703038e-20,1.41291968987009e-09,1.61040863288012e-06,5.32343030721749e-19,0,4.30272116408825e-13,"Signature_3_c2",0.935728221239044,TRUE,0.999969500367203,0.513049026385093,0.471201032630132,0.29365779995945,0.618884882798969,0.270682031632194,0.157358264720239,0.172060859713309,0.106734589289,0.226406993425497,0.353231041961903,0.363825414026532,0.417694092218506,0.317112600305465,0.355412163302156,0.331050968406896,0.201919765159906,0.380457862034644,0.55174143746797,0.259129826383314,0.210450985442472,0.0494108957400169,0.126494263251948,"Signature_5",0.618884882798969,"Signature_3.Signature_5.Signature_2.Signature_17b.Signature_41c","11.8741049731111_53.6706482023581_5.14675155324673_4.06561820261191_12.3786216700223",-420.593803081093,0.686894298475711,11.8741049731111,0.00173768072912628,0,0,0.0311933442629772,0.0128901848732238,0,0,0,0.0191833578420448,0,0.0266620631712511,0,0.590534750673777,0,0.5,0.998932796991262,0.851045162612694,0,0,0,0.855423109319894,0,0.94407975675689,0,0.126320265671395,5.85890007166202e-06,1.68127196144759e-79,1.55101064711638e-206,0.999994141099928,0,0,7.16594726047144e-170,1.02824114162498e-124,"Signature_5",0.999994141099928
1,0,2,0,1,0,1,2,2,0,0,1,1,1,0,1,1,1,0,2,1,1,0,0,0,0,0,1,1,1,0,1,2,1,0,3,2,2,2,2,4,5,2,0,2,5,2,4,1,1,0,1,1,0,1,0,0,0,1,0,1,0,0,0,2,2,2,2,0,1,2,1,1,2,4,0,1,0,1,4,0,0,0,0,0,0,1,1,0,0,2,2,0,0,0,6,"SIM-02609",0,0,0,0,0,105,0.0453845995315649,0.549710696867306,5.1299038836341e-14,0.285327039888123,0.000347448348220214,0.118445095539814,8.94218743700589e-17,1.25961118637736e-05,0.000772523135038427,2.20207501287492e-14,0,5.77996349094256e-10,"Signature_3_c2",0.549710696867306,TRUE,0.880422336287045,0.602698402437321,0.45768998527526,0.273204301521254,0.725658725019887,0.345189527031928,0.182833649143204,0.333770533111263,0.139717319175918,0.13799490370488,0.628570963255304,0.373447996939067,0.502649324120435,0.609072900731235,0.40573261450945,0.328245473979858,0.347862431328447,0.464315707168415,0.543623411254208,0.364888977722168,0.421339285908346,0.118697263633866,0.20916986257081,"Signature_5",0.725658725019887,"Signature_3.Signature_5.Signature_2.Signature_30.Signature_41c","25.2224695360566_41.1268273256664_4.06818859106601_19.6182628855182_14.1874381287548",-456.537508628214,0.787540403063892,25.2224695360566,0.004906308586065,0,0,0.00793255332465814,0.0027138799225026,0,0,0,0,0.0105580064863335,0.0210320927911091,0,0.302252499525998,0,0,0.953976814615716,0.614404547262317,0,0,0,0,0.328222869593106,0.979937089981408,0,0.240213995581491,5.82988131522441e-06,1.3709523354506e-123,7.652633003112e-230,0.999994170118685,0,0,2.22121290105597e-159,8.22347147474409e-100,"Signature_5",0.999994170118685
1,0,0,0,0,0,0,1,0,0,0,0,0,0,0,0,0,0,0,1,0,0,0,0,0,0,0,1,2,0,0,2,1,0,0,0,0,0,2,0,1,0,1,2,2,0,0,1,0,1,0,0,1,0,0,0,0,0,0,1,0,0,1,0,2,1,6,3,1,0,0,0,1,1,0,0,1,0,0,1,0,0,1,0,0,1,1,0,0,0,0,0,1,0,0,0,"SIM-02617",0,0,0,0,0,43,0.299611559993354,0.165859988394977,1.12435710183854e-05,0.532992300917505,4.66414879181445e-05,7.34262467492393e-05,0,0.000378420482206378,0.00102354161922737,2.06670009069399e-06,0,8.10586953402196e-07,"Signature_3_c4",0.532992300917505,TRUE,0.998475092876855,0.394368835082724,0.307102470517006,0.212618744252784,0.486329688800229,0.27533918382948,0.343420314364744,0.124656993192923,0.0230750426505424,0.0142105687498856,0.250842033569438,0.3921482726454,0.345397202164824,0.232866688718924,0.24506696681295,0.194736379570468,0.228856507284688,0.325176583954304,0.49445579961422,0.412627188953447,0.270896734207066,0.0272903995057812,0.032607229483248,"Signature_26",0.49445579961422,"Signature_5.Signature_2.Signature_13.Signature_41c","26.4696843233676_1.91093033625383_5.76908383373894_10.3418539306114",-183.836904184771,0.628868484998129,0,0,0,0,0.0367325976141053,0.00527091057230411,0.0449938704171516,0,0,0,0,0.058672115160063,0,0,0,0.5,0.938519034140581,0.565048634216915,0.959438349410419,0,0,0,0,0.990422355352621,0,0,3.53157696776285e-06,1.81029615914036e-45,2.65483192467264e-96,0.999996468423032,0,0,7.2096492981508e-90,1.02632138862388e-63,"Signature_5",0.999996468423032
1,1,0,0,0,2,0,0,0,0,0,0,0,0,0,0,0,0,1,0,0,0,0,1,1,0,0,0,0,1,0,0,0,3,0,0,0,1,1,0,1,1,0,1,1,0,0,1,0,0,0,0,0,0,1,0,0,0,0,1,0,0,0,0,2,0,1,0,0,2,0,1,1,1,1,0,1,0,1,0,0,1,0,0,0,0,0,1,0,0,0,0,0,0,0,1,"SIM-02623",0,0,0,0,0,34,0.150556842450794,0.570610986078293,7.32863559676695e-07,0.173136446287817,0.0188566134765886,0.0822494769886361,1.44879687916852e-07,0.0002607339806519,0.00431494632851547,2.87070198218698e-08,0,1.30479584367705e-05,"Signature_3_c2",0.570610986078293,TRUE,0.894305007680463,0.498443989276219,0.376400861832868,0.156636905449667,0.525623174491364,0.20303098387255,0.0838732138500699,0.146077289119967,0.275507284560011,0.175028621144598,0.403780036231156,0.299439593279575,0.336086724401764,0.42123575062488,0.214433668573655,0.165251169054158,0.266085716305033,0.415190690727733,0.450393918924069,0.253456960943384,0.304257350238204,0.0219865198553071,0.0463592919907093,"Signature_5",0.525623174491364,"Signature_3.Signature_17a.Signature_17b.Signature_30.Signature_41c","16.5495933758386_2.87160018694878_1.28638374486993_8.05204224333506_5.64219405265477",-147.974877807016,0.621054100589876,16.5495933758386,0.027284280830683,0,0,0,0,0,0,0.0280728456102515,0.0106758483658562,0.0212185916331925,0.0350410411041195,0,0.927449038487752,0,0.5,0,0,0,0,0.844830444757998,0.695012332875405,0.884881922896374,0.927905271402569,0,0.486752746348194,0.985101773919188,1.30983397277642e-38,1.56192812244918e-78,0.0148982260808125,0,0,2.71152964676557e-60,7.72509032116075e-43,"Signature_3",0.985101773919188
1,0,0,0,1,0,0,0,2,0,0,0,1,1,0,3,1,1,0,1,1,1,0,1,0,1,0,1,0,0,1,2,5,1,1,2,2,1,2,2,2,2,1,2,1,0,0,1,0,1,3,0,0,0,2,0,0,1,1,0,0,0,1,0,2,2,6,2,1,2,2,0,2,2,0,0,1,1,4,1,0,1,0,0,1,1,0,0,0,0,0,0,1,1,1,4,"SIM-02633",0,0,0,0,0,92,0.00756806816567614,0.960938523997988,2.51768901569387e-17,0.0311855440554659,1.05418601330147e-06,9.48189335686889e-07,1.72244840664665e-22,4.7771336981604e-08,0.000305813055588862,3.91898043020974e-19,0,5.78594836419401e-10,"Signature_3_c2",0.960938523997988,TRUE,0.99969213621913,0.588459144796468,0.479352379287426,0.243759683938069,0.700868196642742,0.141324932907547,0.156524829745795,0.317328350551129,0.122647642265136,0.0503497286598002,0.421166040852375,0.364224583418004,0.480537676615183,0.457058196895925,0.278499670362598,0.222998096990145,0.230669973864806,0.403529193295358,0.546213449480028,0.452148555233568,0.429999851410489,0.243675127852268,0.0561664415549434,"Signature_5",0.700868196642742,"Signature_3.Signature_5.Signature_13.Signature_41c","13.9461954926956_64.5053037105759_1.28584537990875_10.0521726121802",-407.888555630828,0.72746284539368,13.9461954926956,0.00309615299189425,0,0,0.0566318230473225,0,0.000810032209765721,0,0,0,0,0.0162343988357327,0,0.377034850170954,0,0.5,0.99989660949084,0,0.547589439449659,0,0,0,0,0.767804528861169,0,0.151589081442343,2.19678678074153e-07,1.07191917035134e-102,2.14557363889421e-208,0.999999780321322,0,0,6.80965022572484e-166,1.6916384825403e-123,"Signature_5",0.999999780321322
2,0,0,2,0,0,0,0,1,0,0,1,0,1,1,0,1,0,0,2,0,1,0,0,0,0,0,1,0,0,0,2,4,2,0,3,1,0,2,1,0,2,2,2,3,0,1,2,0,1,1,1,0,0,0,0,1,0,0,0,0,0,1,2,2,3,4,3,0,1,3,0,0,1,3,2,3,3,0,2,0,0,0,1,0,2,1,1,0,1,2,0,1,2,0,0,"SIM-02644",0,0,0,0,0,88,0.00981560174255497,0.941059364643944,7.00339875872571e-16,0.0486642062797515,5.45063574557379e-06,0.000305110310768299,3.34551661598551e-17,1.45479635710553e-07,0.000150120808173043,9.00211813103845e-17,0,9.94258138863293e-11,"Signature_3_c2",0.941059364643944,TRUE,0.999539172666251,0.544532064804185,0.453931279515376,0.254278107574567,0.661981213060224,0.298426890833074,0.183620041244635,0.238883953286145,0.116056683237282,0.0987484946863805,0.423455906715829,0.420854749829308,0.493440214757658,0.420038586332991,0.311838044463603,0.279814087437874,0.217257897033063,0.444844467739433,0.604827239005689,0.488900129356947,0.351422618321969,0.0432644953453194,0.112912075609914,"Signature_5",0.661981213060224,"Signature_3.Signature_5.Signature_2.Signature_17b.Signature_41c","11.3147402110639_52.4470033637506_5.1978103054711_0.649914987192455_13.7507681058508",-390.816615397314,0.726927814346593,11.3147402110639,0.0013572937399422,0,0,0.045791102062081,0.0138630618055973,0,0,0,0.00031148217522281,0,0.031878539656931,0,0.738226344295085,0,0.5,0.999705122457259,0.868132382071709,0,0,0,0.593116503126554,0,0.975828239274421,0,0.128576593307544,1.1105289919424e-08,5.58783823249404e-88,4.40531616379499e-183,0.99999998889471,0,0,6.29440041009921e-154,1.42232073194873e-103,"Signature_5",0.99999998889471
3,1,0,0,0,5,0,0,1,0,0,1,0,1,0,0,4,0,0,0,2,3,0,0,1,0,0,1,0,2,0,3,5,3,0,5,3,3,0,3,1,4,0,3,0,2,3,2,0,1,0,1,0,1,1,0,1,0,1,0,0,2,0,1,4,1,3,3,2,1,1,2,3,1,3,0,1,0,1,2,0,0,2,0,0,0,0,2,0,0,1,0,1,1,0,1,"SIM-02652",0,0,0,0,0,110,0.014253711114694,0.971695323436556,5.84287941795037e-19,0.0140508167312666,1.03401419471871e-07,8.74640508914828e-12,0,4.70835077603647e-12,4.53026084099393e-08,2.10684572666487e-23,0,5.30777086207278e-16,"Signature_3_c2",0.971695323436556,TRUE,0.999999851282517,0.666529242677609,0.488906371598646,0.160865094634927,0.670642975382399,0.166299344484003,0.18059309297492,0.210476199318851,0.166219764104273,0.128724454520356,0.504399084397765,0.404641976579805,0.445692450034597,0.595961418123309,0.235283571191721,0.18526259107495,0.309597058159783,0.397968717428943,0.49299784444888,0.263820049859717,0.448112750569525,0.0291136103778242,0.21551304674206,"Signature_5",0.670642975382399,"Signature_3.Signature_17a.Signature_17b.Signature_30.Signature_41c","69.5249687060037_1.84280484448865_1.5911945024343_22.2635272803606_19.3738259938413",-479.570855036852,0.765082609782606,69.5249687060037,0.0453421187074921,0,0,0,0,0,0,0.000509004676593983,0.00146542427913454,0.0145875442854531,0.0420914065213805,0,0.998408462543908,0,0.5,0,0,0,0,0.511432967808713,0.541741482049687,0.832982696955121,0.998225586829303,0,0.632045170054579,0.999999966126108,7.33996082817141e-119,9.40872086914729e-259,3.38738919510155e-08,0,0,1.26332950746442e-203,5.65767443628886e-137,"Signature_3",0.999999966126108
0,1,0,0,1,0,0,0,0,0,0,2,0,0,0,1,0,0,0,0,0,0,0,1,0,0,0,0,0,1,0,0,0,0,0,0,1,0,0,2,3,0,1,1,0,0,1,3,1,0,0,0,0,1,0,0,0,0,0,0,0,0,0,0,1,0,2,1,0,0,0,1,0,0,0,0,0,0,1,1,0,0,1,0,1,0,0,0,0,0,0,0,1,0,0,0,"SIM-02682",0,0,0,0,0,31,0.169770519648648,0.387505038925935,9.57690475071929e-05,0.317230396653658,0.029583504138888,0.00568206653651319,0,0.0268452335900229,0.0607163885396414,0.000128825148547147,0,0.00244225777063913,"Signature_3_c2",0.387505038925935,TRUE,0.874601724275748,0.453216912603815,0.407065393660723,0.194278723373657,0.513198188370014,0.251183745259991,0.0781636757293103,0.285009513158718,0.147996718945103,0.00923551856797268,0.35457571331285,0.241370116187419,0.339668075679866,0.391535125268219,0.337223144472915,0.242651596920555,0.162553627485317,0.163858304629263,0.304027753010434,0.223995810963902,0.443704209741384,0.181337359492793,0.214898030972442,"Signature_5",0.513198188370014,"Signature_3.Signature_5.Signature_2.Signature_18.Signature_41c","7.91475590570397_18.0746497513617_2.26430737852938_1.25264791530246_3.12768058795396",-135.001753683979,0.550992783579454,7.91475590570397,0.00508199770038231,0,0,0.0244854044184741,0.0174126044309018,0,0.000245063001611867,0,0,0,0.00919012196532354,0,0.456294621942599,0,0.5,0.759068130819977,0.78954883599913,0,0.513159991010518,0,0,0,0.697590882838769,0,0.255314706635612,0.00738405183972772,4.94374749890265e-32,1.28768933958577e-72,0.992615948160272,0,0,3.7641401319622e-50,1.85695153983443e-28,"Signature_5",0.992615948160272
0,1,0,1,1,2,1,0,1,0,1,0,2,0,1,0,1,1,0,0,0,0,0,1,0,1,0,1,1,1,0,3,1,5,0,3,0,1,0,2,2,1,2,0,1,0,2,0,0,1,2,0,0,0,0,0,1,0,0,0,0,0,0,0,2,4,4,4,1,2,1,0,3,0,2,3,1,1,2,1,1,1,0,0,0,0,0,2,0,0,1,0,1,0,2,3,"SIM-02723",0,0,0,0,0,87,0.0208958454506141,0.86590187854354,3.5812227463605e-15,0.113058391384068,6.65080091217198e-06,4.94211724487235e-06,2.29215126126326e-19,6.94757802681186e-08,0.000132222091346576,4.30624277151139e-17,0,1.36490911015374e-10,"Signature_3_c2",0.86590187854354,TRUE,0.999856115378225,0.54803048855038,0.432447010845899,0.197311850002886,0.606642689843168,0.144200930810238,0.25843437702915,0.237308159232107,0.106451012378036,0.172983100797073,0.351003614649553,0.379848784752194,0.376650862550609,0.357439724862172,0.250885218476997,0.22948267352426,0.219990751954914,0.423760489230822,0.59217106592805,0.348843573592862,0.269155675575001,0.049104913136458,0.170203294471299,"Signature_5",0.606642689843168,"Signature_3.Signature_5.Signature_13.Signature_17b.Signature_41c","14.0927685148328_46.6532990454422_5.18289055060998_2.46352974480649_12.4444066086145",-388.694114757605,0.681761172212376,14.0927685148328,0.00359043242750157,0,0,0.036120404420833,0,0.0149359416894974,0,0,0.00842109589219031,0,0.0372188883795967,0,0.421053788735147,0,0.5,0.999662464875342,0,0.892088417858749,0,0,0.681524965596119,0,0.981947924259426,0,0.161985844998079,1.87223617788998e-07,6.83668567177108e-97,7.75849704638292e-181,0.999999812776382,0,0,2.1352682500999e-154,9.6002533982015e-127,"Signature_5",0.999999812776382
1,0,0,1,1,0,0,1,1,1,0,0,0,2,0,0,1,1,0,0,1,0,0,0,0,0,0,1,1,0,0,1,2,2,1,2,0,0,0,0,1,4,0,2,2,0,2,2,0,1,0,0,0,0,0,1,0,0,0,0,0,0,0,0,2,0,3,4,0,0,2,0,1,1,2,1,2,0,1,3,1,0,0,0,0,0,1,0,0,1,0,0,1,1,0,0,"SIM-02767",0,0,0,0,0,63,0.0783062733150077,0.562689769089233,4.77919386076878e-10,0.330407899670789,7.59581612943894e-05,1.40911988255627e-05,1.78970409164965e-15,0.000590673588957187,0.0279138455152652,8.39094970382355e-10,0,1.48814361168172e-06,"Signature_3_c2",0.562689769089233,TRUE,0.971403942552949,0.508751611337104,0.415317239482505,0.203789166910696,0.60623465825529,0.306436370025148,0.201603647359838,0.236422241913557,0.0781280976952294,0.0121419956018415,0.40564685780794,0.455634070488366,0.384276433068519,0.474624831667094,0.284950316413978,0.236857817830053,0.300623918145623,0.47002638530063,0.564000770154573,0.402590154898597,0.413004596205543,0.0433863854290679,0.224349900137424,"Signature_5",0.60623465825529,"Signature_3.Signature_5.Signature_2.Signature_13.Signature_41c","8.68877136545716_35.2496865556405_4.31221694097712_1.11280158011117_13.3190260980171",-274.262796816245,0.704613276938191,8.68877136545716,0.0021043459173411,0,0,0.0303075229695831,0.0171058579884614,0.000918306716241157,0,0,0,0,0.0683981681732,0,0.729498321019558,0,0.5,0.958794376154684,0.822779991330485,0.533209796725999,0,0,0,0,0.995537919540144,0,0.137917005800907,2.19821611455029e-05,6.52312525195216e-73,6.75099246766339e-133,0.999978017838855,0,0,2.00955149074645e-117,2.65894756997036e-79,"Signature_5",0.999978017838855
0,0,0,0,0,0,0,0,0,1,0,0,0,0,0,0,0,0,0,0,1,0,0,2,1,0,0,0,0,0,0,1,0,1,0,1,2,1,1,0,1,0,0,0,1,0,0,1,1,0,0,1,0,0,0,2,0,0,0,0,0,0,0,0,1,0,0,3,0,0,2,1,0,0,0,0,1,0,0,0,0,0,0,0,0,1,0,2,0,0,0,1,0,0,0,2,"SIM-02792",0,0,0,0,0,33,0.000553917852357579,0.0012623039086735,1.9164752539296e-08,0.000827881243607265,0.000209218462632405,0.992160500512204,0.0049813298603066,3.61005915830654e-07,4.46521590061578e-06,5.15890791455824e-10,0,2.25775851391082e-09,"Signature_17_c1",0.992160500512204,FALSE,0.00264412216939088,0.463010467172606,0.298921336651901,0.12948902696866,0.476973790011682,0.21842799163497,0.157372073446363,0.0969848424892068,0.24378016016309,0.353844700636803,0.347489286353242,0.34240201979542,0.320565374413592,0.342542808307286,0.11693119930584,0.065229869555209,0.114386836902028,0.184484773242636,0.305437760220894,0.272763554084207,0.200859112876538,0.0145954226022005,0.0378614848075874,"Signature_5",0.476973790011682,"Signature_3.Signature_17a.Signature_17b.Signature_30.Signature_41c","15.4484857009894_2.49564092511759_3.50019105519146_6.70144754431298_7.23270290132883",-136.346969058982,0.65252531617781,15.4484857009894,0.0181157529539501,0,0,0,0,0,0,0.0151535647316876,0.0692243534780463,0.00746700346321849,0.0460699987205561,0,0.874017664537387,0,0.5,0,0,0,0,0.889775172262792,0.992231969479093,0.767678533069207,0.994757690787699,0,0.468135930333011,0.995121232991245,3.35006055108186e-37,1.93213198046093e-83,0.00487876700875456,0,0,4.81008622597598e-64,1.1329263176383e-47,"Signature_3",0.995121232991245
1,1,0,1,0,1,0,1,0,0,0,0,2,0,0,1,1,0,1,0,0,0,0,0,0,0,0,0,0,0,0,0,0,0,2,0,0,0,2,1,1,1,2,0,2,1,0,1,0,3,2,1,0,3,0,0,0,0,0,0,0,0,0,0,6,2,1,1,1,0,2,1,0,0,1,2,0,0,1,1,0,0,0,1,0,0,1,1,0,0,0,0,0,0,0,1,"SIM-02800",0,0,0,0,0,55,0.00594982380194285,0.288858656879846,1.11933613375451e-10,0.110721618536955,0.106752507772091,0.250899386482143,7.9667722669751e-12,0.00261460720816594,0.234069734180542,5.19245185447323e-10,0,0.000133664499167713,"Signature_3_c2",0.288858656879846,FALSE,0.405530099330678,0.414386602739063,0.512913413162507,0.36504849606517,0.597369166616841,0.238979566398003,0.0895603504889778,0.240238159815292,0.17399119001623,0.122242173514959,0.329500220667624,0.477549478850013,0.529739746778974,0.250509744784631,0.3549706311822,0.288859714497908,0.283824340123761,0.402880057505579,0.540930589799355,0.366546588813373,0.151433590663918,0.154583834210306,0.0467022502800802,"Signature_5",0.597369166616841,"Signature_8.Signature_5.Signature_2.Signature_17b.Signature_41c","13.9398997445884_27.7889716493614_3.14665562819472_1.1467772362982_13.9387058970151",-234.239709035371,0.701570114144345,0,0,0.00755848492794364,0,0.012973469628439,0.00931024568479055,0,0,0,0.000977441391408762,0,0.0483872927940627,0,0,0.932245010985654,0.5,0.94866373594019,0.779973519902511,0,0,0,0.617310281616482,0,0.913667527276257,0,0,7.29548146748825e-12,4.1054972518255e-42,1.08310824793853e-108,0.999999999992705,0,0,4.80146988668357e-91,1.98065252966189e-76,"Signature_5",0.999999999992705
0,0,0,0,0,0,0,0,0,0,0,0,0,0,0,1,0,0,0,0,0,0,0,1,0,1,0,0,0,0,0,1,1,0,0,0,1,1,0,2,1,0,0,0,1,1,0,2,0,0,0,0,0,0,0,0,0,0,0,0,0,0,0,0,1,1,3,0,0,0,0,0,0,0,1,0,0,0,1,1,0,0,0,0,0,0,0,0,0,0,0,0,0,0,1,0,"SIM-02873",0,0,0,0,0,23,0.289295952205049,0.0921956184075135,0.00947875963481308,0.388015107329161,0.00734993159582927,0.00574560875005095,0,0.0995655484202116,0.0900123353464331,0.0166140332846787,0,0.00172710502625988,"Signature_3_c4",0.388015107329161,TRUE,0.778985437576537,0.427180320756396,0.260503770910875,0.0834506799933479,0.494389224628209,0.38554761680779,0.212637507787606,0.131818255897108,0.0164011609207146,0.00475893197608407,0.478307822967038,0.262797919104691,0.36292044452276,0.498623202213664,0.138254075961369,0.0624489090699485,0.1197990611097,0.21606058448255,0.333151765807537,0.372757390462891,0.311072256293017,0.187588595329349,0.0645146330882599,"Signature_30b",0.498623202213664,"Signature_3.Signature_5.Signature_2.Signature_30.Signature_41c","7.73632078435012_6.34571189948928_2.9406509487173_5.02330853223382_3.78505359258179",-94.3827638047659,0.599173710813752,7.73632078435012,0.00479307868149337,0,0,0.00288813212479555,0.0235127780959506,0,0,0,0,0.00877228436998923,0.0130517910068194,0,0.362306326485391,0,0,0.64026118557229,0.709122890842026,0,0,0,0,0.563807601101308,0.637187177235238,0,0.336361773232614,0.00018099871759539,9.83107911937202e-34,4.15424913780746e-61,0.999819001282404,0,0,1.88589557654438e-46,7.36711804524244e-16,"Signature_5",0.999819001282404
0,1,0,0,1,0,0,0,1,0,0,3,1,0,0,0,0,0,0,1,0,0,0,1,0,0,0,1,1,0,0,0,0,0,0,0,0,0,1,2,0,0,0,0,0,2,0,1,0,0,0,0,0,0,0,0,0,0,0,1,0,0,0,1,0,0,4,0,0,1,2,0,0,0,0,0,0,0,1,1,1,0,0,1,0,0,0,0,0,0,0,0,0,0,0,0,"SIM-02898",0,0,0,0,0,30,0.254553783610662,0.45091273175101,4.84705759633983e-05,0.227618824105167,0.00475191895573752,0.0577788105191106,0,0.00111145940420604,0.00304197833348948,2.56233271179025e-06,0,0.00017946041194133,"Signature_3_c2",0.45091273175101,TRUE,0.933133810042803,0.437505788950394,0.401093078965766,0.122340904856779,0.465888274414284,0.147109193341434,0.124526432619825,0.361175205724615,0.136005011296284,0.0172517832179924,0.260707494938279,0.150884124017764,0.302733447180465,0.245322506181584,0.183026673649534,0.0744828674234454,0.124082418356579,0.184749752671997,0.336564837054576,0.538523486531923,0.077767291167178,0.040692079171233,0.0361161470751073,"Signature_54",0.538523486531923,"Signature_3.Signature_5.Signature_2.Signature_18.Signature_41b","9.50309636370781_13.3447082490042_0.678699542476297_5.0817595710805_2.62820139175673",-131.573636730921,0.502886182221797,9.50309636370781,0.00687996261142576,0,0,0.0142854566742241,0.000762587249868329,0,0.0170680086804557,0,0,0,0,0.000204963490752941,0.602865716406566,0,0.5,0.541889864724372,0.594734917840928,0,0.704447402102161,0,0,0,0,0.572284488284115,0.31676987879026,0.91388162184035,1.74897437324064e-23,2.20944235209648e-77,0.0861183781596497,0,4.21977327787538e-95,6.88577274325927e-42,6.21519685592982e-45,"Signature_3",0.91388162184035
0,2,0,0,1,0,0,0,0,1,1,0,1,0,1,2,0,2,0,0,1,1,1,0,0,0,0,1,0,1,1,0,3,0,0,0,3,3,0,3,1,2,1,0,2,1,2,1,0,3,1,3,0,0,1,0,2,1,1,1,0,0,1,0,3,1,2,4,0,1,2,1,0,0,0,0,1,1,0,3,2,0,0,0,0,1,1,1,0,0,1,0,0,0,3,1,"SIM-02910",0,0,0,0,0,82,0.013252896709769,0.916662901286004,8.96215986184479e-14,0.0695372434601986,0.000145171777498652,2.01485043135349e-06,4.50215811445836e-20,5.16275290926726e-07,0.000399255266009998,1.28730556854298e-15,0,3.74706257990127e-10,"Signature_3_c2",0.916662901286004,TRUE,0.999453041456062,0.554871523490227,0.468810115837333,0.181159418177021,0.643606075432267,0.246829729259512,0.0989248327321526,0.24077851607489,0.162212928981925,0.103228476094021,0.494575786448166,0.46201048614035,0.615264605929389,0.483748106982048,0.207293318185391,0.188559569308444,0.188236844518999,0.240554674261879,0.393872303188428,0.274041686584619,0.282930267158938,0.186613286890767,0.192288643651924,"Signature_5",0.643606075432267,"Signature_3.Signature_5.Signature_30.Signature_41c.Signature_41b","23.7385346079751_14.3072155187466_12.9005262117135_10.8541947748997_16.9588380213897",-364.881139351314,0.739164201605403,23.7385346079751,0.00896410581691531,0,0,0.00105124486070829,0,0,0,0,0,0.0045344388367532,0.0144494275492523,0.00951301803094373,0.517695018542076,0,0,0.673765283081206,0,0,0,0,0,0.386670611174182,0.522269781673397,0.958538435917192,0.289494324487501,0.000174264347036997,1.2774907412097e-71,2.26885004757842e-191,0.999825735652963,0,0,1.05032114013813e-134,1.70407657279517e-100,"Signature_5",0.999825735652963
0,1,0,0,0,0,1,0,0,0,0,0,0,0,0,1,0,0,0,0,0,0,0,2,0,0,0,0,0,1,0,1,1,0,0,0,0,0,1,2,0,2,0,0,1,0,0,2,0,0,0,0,0,0,0,0,0,0,0,0,1,0,0,0,0,0,1,2,1,0,1,0,1,0,1,0,1,1,1,1,0,0,1,0,0,0,0,0,0,0,0,0,0,0,0,0,"SIM-02931",0,0,0,0,0,29,0.308960210911269,0.155094265708535,0.000366650017958959,0.473741679540519,0.00195531203787988,0.00290612734454597,0,0.0210286471154133,0.0349728860867626,0.000438098310152329,0,0.000536122926963424,"Signature_3_c4",0.473741679540519,TRUE,0.938162806178283,0.470449855709567,0.337317998730106,0.159198747121709,0.515625572531988,0.317391929088701,0.221840384848213,0.19082062607895,0.060071288371777,0.00622489604055718,0.344217328463702,0.347762167757774,0.372160929533762,0.391761499758357,0.191857918739969,0.165359404637326,0.184255817044616,0.421048502481202,0.459020620393381,0.371564209901118,0.227695082056512,0.184057494198152,0.0621251256241419,"Signature_5",0.515625572531988,"Signature_3.Signature_5.Signature_2.Signature_13.Signature_41c","8.32891228807012_13.7462764797613_2.78840640417411_0.697502770308402_5.48117916313921",-122.767125181794,0.609965766313748,8.32891228807012,0.00707521983935822,0,0,0.0199054455888416,0.0266726553319206,0.00131496840165934,0,0,0,0,0.035390965486144,0,0.427703349104534,0,0.5,0.86706689123219,0.776023608548942,0.539567245324182,0,0,0,0,0.928002013110499,0,0.287203872002418,0.00540374951304279,5.03589431490931e-36,3.03501776014601e-68,0.994596250486957,0,0,9.48119225423005e-52,9.25534686203578e-38,"Signature_5",0.994596250486957
0,0,1,0,1,1,0,0,1,0,0,1,0,1,0,0,0,0,0,0,1,0,0,0,0,0,0,2,0,0,0,0,1,1,0,0,1,0,1,1,1,1,0,3,0,2,1,1,0,0,0,1,0,0,0,0,0,0,1,1,1,2,1,1,3,1,0,4,1,1,3,1,0,0,0,2,0,0,1,2,1,0,0,0,0,0,1,0,0,0,0,0,0,0,0,1,"SIM-02936",0,0,0,0,0,53,0.0204560678935176,0.89224324181839,2.25510732304425e-11,0.0761441886069607,0.000997662073618936,0.000922661256707984,2.9814386911661e-14,3.53855284207908e-05,0.0091996527175339,6.1813978278178e-12,0,1.14007608738839e-06,"Signature_3_c2",0.89224324181839,TRUE,0.98884349834142,0.492099682759342,0.40723045214713,0.166274700760306,0.594186973250266,0.138147001808068,0.0354989529508371,0.243711537703141,0.231488631948274,0.0280914085994409,0.365395565200243,0.48911502005257,0.471631047952578,0.412765577184828,0.21846123704637,0.159682997522148,0.234250860619056,0.330263836130487,0.467297682084261,0.331455259703308,0.373397724931362,0.0318148079989635,0.15346411343967,"Signature_5",0.594186973250266,"Signature_3.Signature_5.Signature_17a.Signature_30.Signature_41c","9.61177519529376_26.3804472235666_2.29538290463578_1.80207631934843_13.2005160533948",-229.997748652263,0.692781538653571,9.61177519529376,0.00348057084550801,0,0,0.0149077047256999,0,0,0,0.00754241576453374,0,8.88270249540524e-05,0.0725782602143472,0,0.542004060539695,0,0.5,0.81237012218204,0,0,0,0.642839462676984,0,0.518029626899113,0.98123621108132,0,0.181354248967807,0.00247144171779429,4.84503545791008e-48,2.88212493774451e-124,0.997528558282206,0,0,1.07027706071944e-93,4.03902969296789e-78,"Signature_5",0.997528558282206
0,2,0,0,0,0,0,1,1,1,0,0,0,1,0,0,0,0,0,0,0,0,0,1,1,0,0,1,0,0,0,0,3,0,1,2,2,0,1,1,0,2,1,0,0,0,1,1,0,0,0,2,1,0,0,0,0,0,0,0,1,1,0,0,1,0,0,1,0,0,1,0,0,0,2,0,2,1,0,1,0,0,0,0,0,2,1,0,0,0,0,0,0,0,0,0,"SIM-02944",0,0,0,0,0,41,0.0249372858245858,0.786954065539134,2.77019565982044e-09,0.0765369955481476,0.0180761523832161,6.90284048545751e-05,1.00851315331421e-11,0.00154938781426407,0.0914400759449555,4.6990458707611e-09,0,0.000437001061515522,"Signature_3_c2",0.786954065539134,TRUE,0.888428349682063,0.484362859644384,0.494449952490353,0.326683807212911,0.59011431614238,0.117284372386962,0.0348151731330467,0.25096567213255,0.0511028521287676,0.0267049269253985,0.435160820489125,0.421829694200751,0.517381301246814,0.42622045265652,0.344567523203609,0.273808034123656,0.322588819619531,0.362659054221716,0.430863185198769,0.307655086695455,0.330941605556454,0.0390440050554232,0.15985910752463,"Signature_5",0.59011431614238,"Signature_3.Signature_8.Signature_5.Signature_30.Signature_41c","4.06785713239318_11.1097680405404_10.2426102412665_7.58774518702937_9.39736997011735",-176.544205360097,0.664882488788613,4.06785713239318,0.000915485462604226,0.00645123070108489,0,0.00069611939687253,0,0,0,0,0,0.0111332336084446,0.0322610702680803,0,0.538580993647334,0.579059578057559,0,0.604296640874313,0,0,0,0,0,0.689048360978771,0.908278619332789,0,0.099216027619346,0.104140495643927,5.47606487006065e-32,7.72259330963752e-72,0.895859504356073,0,0,2.74805646450095e-60,3.80780016321868e-37,"Signature_5",0.895859504356073
0,1,0,0,0,1,0,0,0,0,0,0,0,0,0,0,0,0,1,0,0,0,0,1,0,0,0,0,0,0,0,0,0,0,0,1,0,0,0,2,1,0,0,0,1,2,1,0,0,0,0,0,0,0,0,0,1,0,0,0,0,0,0,2,0,0,1,1,0,0,0,0,0,0,0,1,0,1,1,1,0,0,1,0,0,1,0,0,0,0,1,0,0,1,0,0,"SIM-02968",0,0,0,0,0,25,0.256309148284612,0.522257557865294,8.25044217997964e-05,0.201036585210085,0.0068079852210298,0.00618354791550779,2.56654645112355e-06,0.00127954205570108,0.00593142231699353,7.05326912118525e-06,0,0.000102086893404879,"Signature_3_c2",0.522257557865294,TRUE,0.979685795781791,0.441087493535716,0.340806546452603,0.117066954547638,0.425487863002902,0.282608315120588,0.0736519519318395,0.116470578377993,0.020083107126794,0.0185171350261903,0.388796398402557,0.21938644182511,0.337740005257823,0.374271198513201,0.123231678996379,0.0632189682246147,0.160987473934608,0.197601915906543,0.277003351421201,0.156072135983723,0.249178513212885,0.0116376734894168,0.205783957426857,"Signature_3",0.441087493535716,"Signature_3.Signature_2.Signature_30.Signature_41c.Signature_41b","13.8175457884269_1.68607371253806_4.31515493397867_2.31102115949496_1.9723463826776",-111.238162265362,0.524480471029674,13.8175457884269,0.0350442961542035,0,0,0,0.0135166015154438,0,0,0,0,0.0113403009573684,0.00572635074723882,0.00124163433839364,0.918030203756681,0,0,0,0.586209229382918,0,0,0,0,0.583422036879762,0.646958536803968,0.56010462110033,0.552701831537077,0.662292028005712,1.38422589270004e-26,2.9045617444435e-58,0.337707971994288,0,0,1.58418862495004e-38,7.36782185871102e-25,"Signature_3",0.662292028005712
0,0,0,0,0,0,0,0,0,1,0,0,0,0,0,0,1,0,0,0,0,0,0,0,0,0,0,0,1,0,0,0,1,1,0,0,0,1,2,0,0,0,0,0,1,1,1,0,0,1,0,0,0,0,0,0,0,0,0,0,0,0,0,2,1,0,0,0,1,0,0,1,0,0,0,2,0,1,0,1,0,0,0,0,0,0,0,0,0,0,1,0,0,0,0,1,"SIM-03018",0,0,0,0,0,23,0.0979131550523488,0.145656973029871,0.000309167136098181,0.230696118175658,0.0635255829365779,0.324059478539087,0.000183245722614749,0.0465937894937938,0.0871296063486221,0.000988550387461221,0,0.00294433317786698,"Signature_17_c1",0.324059478539087,FALSE,0.474575413393976,0.356655180713648,0.30162633246239,0.293355143676571,0.469728152845419,0.270101123219073,0.177667502508981,0.151812227250827,0.186769068384877,0.0342022674867125,0.427660283100453,0.356319275622537,0.44448553201678,0.322720635480743,0.17276930753688,0.078279686392916,0.137423499226163,0.419386447588846,0.370316424237282,0.139912906386695,0.143030282755319,0.0135910429317621,0.21487879132318,"Signature_5",0.469728152845419,"Signature_1.Signature_13.Signature_17a.Signature_30.Signature_41c","1.79847041871704_1.60258871545503_1.94332538538469_8.55194163715816_6.61171369278784",-97.0455656206143,0.588542387424355,0,0,0,0.00519134197505178,0,0,0.00656646777683134,0,0.0173531570478975,0,0.0231321741994548,0.0301752819316071,0,0.5,0,0.368833730374797,0,0,0.477795478762512,0,0.626393249543194,0,0.663853208046176,0.877819721483174,0,0,0.0034250907682049,1.67337804711911e-24,3.94407404063255e-41,0.996574909231795,0,0,2.27266343000345e-40,1.45823178889946e-22,"Signature_5",0.996574909231795
2,2,0,0,1,1,0,0,0,1,0,1,0,1,0,2,1,0,0,1,0,1,0,1,0,0,0,0,0,1,0,1,0,0,0,1,0,0,2,2,0,2,1,0,2,1,1,0,0,0,0,0,0,0,0,1,1,0,1,0,0,0,0,0,0,1,1,2,2,0,1,2,2,0,2,1,0,2,2,0,0,0,0,2,0,1,0,1,0,1,0,0,0,1,1,0,"SIM-03040",0,0,0,0,0,57,0.0593207084132133,0.472257188334692,4.05183055404085e-10,0.117298667446992,0.00135070485717779,0.349491842585646,1.00668404793605e-09,5.08392285188799e-06,0.000275629105210628,1.30574435056866e-11,0,1.73909291799352e-07,"Signature_3_c2",0.472257188334692,TRUE,0.64887656460008,0.604016295551593,0.557260745135273,0.275539441518097,0.642964670362146,0.262903139990868,0.184749089690417,0.364927390470282,0.254721684857181,0.145026270172868,0.356307919887618,0.212948051138047,0.386232452778788,0.319239801719092,0.303670637760547,0.252388134098313,0.223791988520458,0.513096707527961,0.576730210004602,0.394167518173003,0.149804055423245,0.242102455521028,0.149511423718013,"Signature_5",0.642964670362146,"Signature_3.Signature_5.Signature_2.Signature_17a.Signature_17b","19.8659522804957_28.8614896940817_2.62666443813767_1.96609191924876_1.06498270265132",-254.413859487581,0.686050895661245,19.8659522804957,0.00791727372406026,0,0,0.0255860015429725,0.00918039066053711,0,0,0.0043246239052811,0.00136677398591567,0,0,0,0.861547138672154,0,0.5,0.98151130815251,0.724592040581005,0,0,0.648484635839401,0.742522460646576,0,0,0,0.348525478605187,0.999566027715245,4.88634480908773e-54,2.46060034319129e-129,0.000433972284755298,0,0,4.26346788290868e-89,4.86327796877614e-87,"Signature_3",0.999566027715245
0,1,0,0,1,0,0,0,0,0,0,0,0,0,0,0,0,0,0,0,0,0,0,2,0,0,0,1,0,0,0,0,1,1,0,1,0,0,0,0,0,0,0,0,0,0,0,0,1,0,0,0,0,0,0,0,0,0,0,0,0,0,0,0,3,0,2,0,0,1,1,0,0,0,0,2,1,0,0,0,0,0,0,0,0,0,0,0,0,0,0,0,0,0,0,1,"SIM-03044",0,0,0,0,0,20,0.116713315686766,0.648791757359182,6.09815036487271e-06,0.18869153162711,0.00511319361425661,0.0067933021743372,6.85234311795326e-07,0.00120272652059615,0.0323572683177564,9.57439233627314e-07,0,0.000329163876085721,"Signature_3_c2",0.648791757359182,TRUE,0.954202702823422,0.364456088348094,0.276087868719112,0.0454167744208219,0.368034151388723,0.00744783450273253,0.0113406811812635,0.108347739631333,0.124405445732321,0.0282353269272846,0.117269251547116,0.51657059863785,0.329489994796064,0.184501466324265,0.0565929247829052,0.0373824876552954,0.0996212996052801,0.228235145948808,0.372871460312721,0.332991586474895,0.142073114756709,0.0103041144663493,0.0191196178593735,"Signature_41c",0.51657059863785,"Signature_3.Signature_5.Signature_17a.Signature_41c","11.0006532831837_2.08640706061155_0.646268280198563_9.76435101488031",-79.680143744016,0.587041329783775,11.0006532831837,0.0184864839556617,0,0,0.000696334638897733,0,0,0,0.00224254043410188,0,0,0.17223223414816,0,0.860016167717674,0,0.5,0.46185503868238,0,0,0,0.598558715611914,0,0,0.99959384137425,0,0.550032664159185,0.0231742842011862,1.81272084343996e-19,1.1337506988151e-51,0.976825715798814,0,0,1.16053923080928e-42,5.1949147193441e-43,"Signature_5",0.976825715798814
0,1,0,1,1,0,0,0,1,0,0,0,0,0,0,0,1,0,1,2,1,0,0,0,2,0,0,1,0,1,0,0,2,2,0,1,1,0,1,1,0,0,0,1,2,2,0,3,0,0,1,0,0,0,1,0,0,1,0,0,0,0,0,0,3,0,1,0,1,1,0,0,1,1,1,0,0,2,0,1,0,0,1,0,0,0,1,0,0,0,0,1,0,0,0,1,"SIM-03068",0,0,0,0,0,48,0.44819475295641,0.36432010693959,8.94556889208238e-07,0.187099603046331,7.659859556787e-05,0.00026371924605738,0,9.76211270151668e-06,3.45322904946293e-05,6.05237684749788e-09,0,2.42035813069083e-08,"Signature_3_c1",0.44819475295641,TRUE,0.99961535749922,0.555096374422274,0.404537136511056,0.136694338712583,0.552558840913261,0.416386221710218,0.122198811460284,0.219380431279694,0.0805040643909482,0.044099224578884,0.489482219107798,0.368639073878326,0.394842330904384,0.462786560807762,0.167685156712834,0.0985310192168224,0.144216400137401,0.328239716078006,0.409974994477598,0.192502212601461,0.308506893884707,0.0285683779826277,0.0731120878859558,"Signature_3",0.555096374422274,"Signature_3.Signature_5.Signature_2.Signature_30.Signature_41c","26.7346573055883_0.255210846178364_4.75135743962755_7.44508432854873_9.05346920319339",-208.533407150161,0.708394452290037,26.7346573055883,0.0361864312036506,0,0,1.91867605914275e-06,0.0336528993216698,0,0,0,0,0.00752568439075429,0.0418345567581363,0,0.992570960236691,0,0,0.499315023188894,0.757594191249194,0,0,0,0,0.670667906493106,0.953310353892186,0,0.556972027199757,0.998487497768044,2.59621437924067e-47,2.31767421546213e-117,0.00151250223195564,0,0,5.69043572251141e-86,7.13208089329914e-49,"Signature_3",0.998487497768044
0,0,0,0,0,0,1,0,0,0,0,0,0,0,0,0,0,0,0,0,1,0,0,0,0,0,0,0,1,0,0,0,2,0,1,0,1,1,0,0,1,0,0,0,0,0,0,1,1,0,0,0,0,0,0,0,1,0,0,0,0,0,1,0,0,0,1,0,0,0,0,0,1,0,0,0,0,0,1,0,0,0,0,0,0,0,0,0,0,0,0,0,0,1,0,1,"SIM-03080",0,0,0,0,0,18,0.20759714269075,0.250324995684726,0.0015950371506184,0.322851702479872,0.0450604817450482,0.0298268372635884,0,0.0479913133729653,0.0872977173660559,0.00129549230706549,0,0.0061592799393101,"Signature_3_c4",0.322851702479872,TRUE,0.782368878005967,0.326293170982694,0.228292106482848,0.200360337753229,0.416857452142863,0.140185446806153,0.160971108006775,0.0964125148274225,0.00892777541316321,0.0338369011031524,0.400346006353695,0.223656821183326,0.344914747683504,0.399219217418002,0.155801713463078,0.0720970434188121,0.143832222732667,0.247623241906945,0.282934965002012,0.176444101426729,0.379494317223911,0.0178582165357076,0.0409756961599532,"Signature_5",0.416857452142863,"Signature_5.Signature_13.Signature_30.Signature_41c.Signature_41b","4.82413408436765_1.06853095851953_5.27095901054522_1.60361304131783_2.93231378099607",-78.6600248643748,0.479338908701333,0,0,0,0,0.00203516371348245,0,0.00738158458940569,0,0,0,0.0301493165612783,0.00461712716577423,0.00397824709987521,0.5,0,0.5,0.549479821967723,0,0.768576571059576,0,0,0,0.700760655811035,0.564842816565526,0.709759016970144,0,0.0850737919847807,7.19199516616906e-22,5.97460449371104e-40,0.914926208014912,0,0,7.90432241880082e-34,3.07192679232833e-13,"Signature_5",0.914926208014912
0,0,1,1,1,2,0,1,1,1,0,1,0,1,1,0,0,0,0,0,0,0,0,1,0,0,0,0,1,1,0,0,0,0,1,1,0,0,1,0,0,1,1,2,0,4,0,2,0,2,0,0,0,0,0,0,0,0,0,0,0,0,0,1,4,1,5,2,2,2,2,0,0,0,1,0,2,0,2,3,0,0,0,0,0,0,0,1,0,0,0,0,0,1,2,2,"SIM-03084",0,0,0,0,0,62,0.0494176596591062,0.568118362991198,7.46591678487469e-11,0.22535168486468,0.00252751524811607,0.118953845201203,6.5646292095102e-14,0.000246713719042701,0.0353814512362617,4.05504189454089e-11,0,2.76696511694673e-06,"Signature_3_c2",0.568118362991198,TRUE,0.842887707589644,0.467132302277862,0.424320943401123,0.209107211984754,0.592365356175173,0.169345051110084,0.108522424055583,0.261326661117511,0.135501228672739,0.115259329641662,0.320091551697502,0.52448703181277,0.518606981060273,0.310150303611235,0.283383091129912,0.207628271661736,0.302775358297432,0.318393634787363,0.523181609467793,0.481538356047538,0.192106563509583,0.0407550382328594,0.0684780804428482,"Signature_5",0.592365356175173,"Signature_3.Signature_5.Signature_2.Signature_17b.Signature_41c","5.23939943024112_39.1956099459282_1.41875848675769_0.98356573320412_17.1589839500451",-266.550518237144,0.703534975166869,5.23939943024112,0.000522365965739069,0,0,0.0377906074425606,0.00146750308916554,0,0,0,0.0018183811529584,0,0.0703254474610949,0,0.484027141615651,0,0.5,0.993765639311239,0.485414243543672,0,0,0,0.531226672276124,0,0.978349203414719,0,0.0845064424232439,1.50000285979923e-09,5.73454139448521e-67,2.75136213328275e-146,0.999999998499997,0,0,6.9719390605586e-112,3.67614570293081e-102,"Signature_5",0.999999998499997
1,0,0,1,0,0,0,1,1,0,0,3,0,1,0,0,0,1,1,0,1,0,1,0,0,0,1,0,1,0,0,1,3,0,0,1,1,0,2,4,2,0,0,1,1,1,0,0,1,1,0,0,1,0,0,0,1,0,0,0,1,0,1,1,3,0,4,7,1,0,2,1,0,0,1,2,1,0,1,1,1,1,0,0,0,0,0,0,0,0,0,0,0,0,1,3,"SIM-03116",0,0,0,0,0,68,0.013845426945685,0.909655616443198,5.94718839920651e-14,0.073688594120044,4.532127874723e-05,7.73541180179013e-06,3.24375638437575e-19,2.67548070811779e-06,0.00275460636142206,8.59448717877128e-15,0,2.39583259557017e-08,"Signature_3_c2",0.909655616443198,TRUE,0.997189637508986,0.467312662006306,0.403261558468254,0.150718656578208,0.564856294088143,0.12252856662229,0.137026278170401,0.243485904205723,0.122722817648281,0.0382625934869612,0.308503087605225,0.476496388118357,0.402363801228017,0.350809641991787,0.220647329548162,0.0948039676550541,0.209708020992377,0.301775657103305,0.422510690740394,0.383975633119397,0.32583061497116,0.0243711282753806,0.0276302734936513,"Signature_5",0.564856294088143,"Signature_3.Signature_5.Signature_13.Signature_41c","8.3365869626451_41.0111478744182_1.55693858253385_16.8438157048627",-295.963740270821,0.658813780141465,8.3365869626451,0.00154900636763777,0,0,0.0316132101808125,0,0.0016368157198533,0,0,0,0,0.0831904891175224,0,0.411732198752386,0,0.5,0.972848369930642,0,0.664548538263059,0,0,0,0,0.99979783526259,0,0.122596867097722,9.78707878622153e-10,4.95441899965894e-68,3.21001490330076e-163,0.999999999021292,0,0,9.3182346739561e-123,3.85700426263797e-102,"Signature_5",0.999999999021292
0,0,0,0,0,1,1,0,0,0,0,1,0,2,1,0,2,0,0,2,0,1,0,2,1,0,0,0,0,1,0,1,1,0,1,2,1,0,0,0,2,3,0,1,1,2,0,2,0,1,0,0,0,0,2,0,0,0,0,0,0,0,1,2,4,0,2,1,1,1,1,1,1,0,0,1,0,2,1,0,0,0,1,0,1,0,0,0,0,0,2,1,1,0,0,1,"SIM-03120",0,0,0,0,0,61,0.256918502579984,0.626157466873695,6.92800782539306e-10,0.116904171781735,3.94833985876287e-06,1.24985586620737e-05,6.00572149174904e-15,8.96469054237774e-08,3.32132964371361e-06,5.66153943140182e-13,0,1.96143147335612e-10,"Signature_3_c2",0.626157466873695,TRUE,0.999980141928215,0.612662619905532,0.385395526086643,0.149348105096718,0.611877227189908,0.242538138281982,0.159729697607326,0.195415998925731,0.170348522985013,0.0386729582943102,0.417394718806713,0.389134090020928,0.41954206604488,0.459918611949015,0.23871147843619,0.195450896790823,0.232186609965316,0.338345166319369,0.45434056830754,0.25520308315093,0.386130858637104,0.036331813175386,0.0579507754988511,"Signature_3",0.612662619905532,"Signature_3.Signature_5.Signature_2.Signature_17a.Signature_41c","30.94156937744_18.9679658206573_2.60217476631598_0.629746176250539_9.69409407502986",-269.779272778731,0.701395580218315,30.94156937744,0.0370832224855464,0,0,0.00362685901032722,0.00394570006088768,0,0,0.000219353864280181,0,0,0.0379065176844675,0,0.964744398843414,0,0.5,0.606344216021983,0.585647891311338,0,0,0.514590749724548,0,0,0.956454725860857,0,0.507238842253114,0.999999502753355,4.43674661866059e-71,3.65012692638061e-157,4.97246644671392e-07,0,0,1.65947451946345e-111,1.01663130592454e-86,"Signature_3",0.999999502753355
0,0,0,0,1,0,0,0,0,1,0,0,1,0,0,3,0,0,0,0,0,1,0,0,0,0,0,0,1,0,0,0,0,0,1,0,1,0,0,1,1,0,0,0,0,3,2,0,0,0,1,0,0,0,0,0,0,0,0,1,0,1,1,0,2,0,1,2,1,1,1,0,0,0,1,1,1,1,1,0,0,0,0,0,0,0,0,0,0,0,0,0,0,0,0,0,"SIM-03139",0,0,0,0,0,34,0.0896830147993251,0.213249384672994,3.86304542527088e-05,0.374718990933822,0.0364230376472089,0.0142373450977484,0,0.0500464969364501,0.216360523313501,0.000134959357629878,0,0.00510761678706793,"Signature_3_c4",0.374718990933822,TRUE,0.677690020860394,0.426025186547172,0.425881817302053,0.234038297180352,0.557250003298387,0.196302647752306,0.149060603099295,0.343296101876938,0.110995155504783,0.00812169682010543,0.378547649507415,0.335937614350546,0.362685719230033,0.322645492861591,0.186971648241187,0.0919246104607418,0.118579087733044,0.313766221747726,0.434909643720272,0.291475652840607,0.162434680143518,0.441631593536365,0.332160376935361,"Signature_5",0.557250003298387,"Signature_5.Signature_2.Signature_13.Signature_18.Signature_41c","23.8477362338388_1.02577229135528_0.901161982575601_3.87943848267635_5.77300643831475",-145.367909782857,0.60373844992292,0,0,0,0,0.0292804947673089,0.00191293706944828,0.00198516079296263,0.00853221684279337,0,0,0,0.0323751467630654,0,0,0,0.5,0.981668823443175,0.520847107822302,0.64317017027901,0.574715598704825,0,0,0,0.75213228295581,0,0,2.17854278338151e-06,3.83306467208064e-36,1.05201969545689e-80,0.999997821457217,0,0,1.57543177453568e-49,4.64127532553817e-49,"Signature_5",0.999997821457217
1,2,0,0,1,1,0,1,0,0,0,0,0,1,0,1,1,0,0,1,0,1,1,0,0,0,0,0,2,3,0,0,2,2,0,3,0,0,3,2,2,1,1,1,3,3,2,0,1,0,0,1,0,0,0,0,0,0,0,0,1,0,0,1,4,0,1,5,1,1,2,0,3,0,0,0,3,2,0,2,0,0,3,0,0,0,0,0,0,0,1,0,0,2,0,0,"SIM-03160",0,0,0,0,0,76,0.155687940893569,0.245148147887675,1.83184144650992e-10,0.597978567395353,1.52530190949102e-05,1.74168659188808e-07,0,5.60375569212358e-05,0.00111385690259455,1.36596177913631e-10,0,2.18563524000318e-08,"Signature_3_c4",0.597978567395353,TRUE,0.998814656359782,0.545838202183954,0.458980679580326,0.279098958062947,0.624572382982195,0.30458234882357,0.219950487637164,0.245754714886766,0.0912036124881117,0.00898798224338692,0.443184907260048,0.554852541338679,0.47197623227952,0.444591077168621,0.292466356408543,0.198219833090231,0.283100765287512,0.397350138275692,0.528837001050005,0.260501888530815,0.349695161185404,0.0987555712440841,0.18846847837273,"Signature_5",0.624572382982195,"Signature_3.Signature_5.Signature_2.Signature_13.Signature_41c","17.2250244020642_36.313851694554_5.00379334427057_1.54289959819813_21.2616776510757",-322.496845356863,0.770647306266743,17.2250244020642,0.005199874518096,0,0,0.00591788499805113,0.00896277477172247,0.000858982548223475,0,0,0,0,0.101710170620691,0,0.741898408282584,0,0.5,0.562958055625171,0.59890641968378,0.589026273482449,0,0,0,0,0.999980460973487,0,0.226645057921897,7.44266489639311e-08,1.37886261063172e-84,4.07999296334868e-150,0.999999925573351,0,0,8.27338683148026e-128,3.57511575182442e-100,"Signature_5",0.999999925573351
1,1,0,0,1,0,0,0,0,1,0,0,0,1,0,2,0,0,0,1,0,1,0,1,0,0,0,0,1,2,0,0,3,1,1,0,1,4,1,0,2,4,1,1,3,4,0,1,2,0,0,0,1,2,0,1,2,0,0,1,0,1,0,1,4,0,3,3,0,0,1,1,0,1,1,1,0,1,0,0,2,1,0,0,0,1,0,1,0,0,1,0,1,0,1,3,"SIM-03217",0,0,0,0,0,78,0.135760994915383,0.350493499602177,8.0416291164823e-11,0.499419368893347,0.00203781179120085,0.0109087614360986,3.03858797956234e-14,2.99113455181553e-05,0.00134964958788991,7.56194639485159e-12,0,2.34037651619288e-09,"Signature_3_c4",0.499419368893347,TRUE,0.985673863491324,0.557171341959458,0.433098519006633,0.235019407843443,0.675465030122623,0.321486468479972,0.174488235994391,0.23760271365607,0.130810119747904,0.119531096661285,0.644810871920383,0.35781724218977,0.496498384181591,0.625425191170769,0.32040747661702,0.275355928868448,0.232880252887834,0.353839309375585,0.454077725535769,0.282812605236365,0.386368875943873,0.186455138716308,0.0697280543789572,"Signature_5",0.675465030122623,"Signature_3.Signature_17a.Signature_17b.Signature_30.Signature_41c","28.4171506303079_1.54255764135827_1.24698381648921_31.4789579763098_13.4140863839787",-342.489342860499,0.763315751637998,28.4171506303079,0.00875172300639859,0,0,0,0,0,0,0.00049657117915558,0.00141961175724503,0.0386040263272792,0.0208447928756729,0,0.68330683236331,0,0.5,0,0,0,0,0.453993974719609,0.495900378621879,0.904654822896831,0.831087668286711,0,0.364322443978307,0.00291877928443595,7.05983209424492e-82,2.77879757213006e-184,0.997081220715564,0,0,3.40158136616495e-127,1.81536945769259e-73,"Signature_5",0.997081220715564
2,1,0,0,0,1,0,2,0,0,0,0,2,1,0,2,1,0,1,1,1,1,0,0,1,0,0,0,1,1,0,0,5,1,0,2,0,1,3,0,3,3,2,1,0,4,3,2,0,1,3,0,0,2,0,0,0,0,1,0,0,0,0,3,3,2,3,2,0,1,1,0,3,1,2,2,1,3,1,2,1,0,2,0,0,0,1,0,0,0,1,1,1,0,1,1,"SIM-03291",0,0,0,0,0,95,0.00523903460160976,0.956858824328457,1.96165902874751e-16,0.0370736763826747,2.67820803575206e-05,2.214752367952e-08,1.5067951673133e-25,4.14338042411019e-07,0.000801243072266899,4.42175292807594e-17,0,3.04906726415772e-09,"Signature_3_c2",0.956858824328457,TRUE,0.999171535312742,0.588490230740727,0.528476095475812,0.33715403838982,0.726245908012293,0.204309714200564,0.11890522724671,0.289170402590758,0.089819749198593,0.0311404224229062,0.53180267623288,0.402099695909874,0.523044495674274,0.501786028339954,0.41236965186782,0.315245294117349,0.377552777763509,0.54509508753269,0.632101402769342,0.346882085439722,0.436479217965282,0.196900530179194,0.27195590113019,"Signature_5",0.726245908012293,"Signature_3.Signature_5.Signature_2.Signature_30.Signature_41c","14.3369875238713_57.8344678443192_0.531648747657784_7.03358350144022_12.7867742113262",-418.583168100055,0.760069815807665,14.3369875238713,0.00319343257349736,0,0,0.0253959164584245,0.000122009416167024,0,0,0,0,0.00214622646870977,0.0207409842341219,0,0.552134196290897,0,0,0.980320305043506,0.507322446349247,0,0,0,0,0.525186158880672,0.925363408427542,0,0.150915658146014,2.27985468349257e-08,4.11440695710724e-98,1.14162545398025e-192,0.999999977201453,0,0,1.44700700916606e-153,8.81750915633513e-108,"Signature_5",0.999999977201453
1,0,0,2,0,0,0,1,0,0,0,1,0,1,0,0,0,0,0,3,0,2,0,0,0,0,0,0,0,0,0,0,1,1,1,1,1,1,3,2,1,3,0,0,2,1,1,2,0,0,1,0,1,0,0,0,0,0,0,0,0,0,0,1,1,0,2,0,1,1,2,1,0,0,1,1,0,0,0,1,0,1,1,0,0,0,0,0,0,0,0,0,0,0,0,0,"SIM-03341",0,0,0,0,0,48,0.105094136804105,0.487523059782485,8.95296736512743e-08,0.279985570332337,0.0312409266782773,0.00122267743995551,0,0.0104553209203179,0.0842253056623634,1.80638823094984e-07,0,0.000252732211662627,"Signature_3_c2",0.487523059782485,TRUE,0.8726028564486,0.524569589979178,0.464611008580302,0.364665434828073,0.689184773917226,0.368504432332543,0.0951047358186258,0.252462180497859,0.21181399119308,0.0120658752281189,0.582118226279179,0.215850339831875,0.352322591354507,0.575887257130858,0.371578780844287,0.221905181095847,0.329765965871983,0.467772290801006,0.498371699231785,0.445584738573308,0.335985921134058,0.0402142604677634,0.159870217968614,"Signature_5",0.689184773917226,"Signature_5.Signature_2.Signature_17a.Signature_30.Signature_41c","39.906974655124_4.10374282126559_1.28641943594199_3.20479336063384_1.48110257684272",-204.113524845026,0.727357057217786,0,0,0,0,0.0406171050291986,0.0207065414834345,0,0,0.00266771718056291,0,0.00127830162855425,0.00114579997154918,0,0.5,0,0.5,0.975464733375006,0.792740614010999,0,0,0.517485900136199,0,0.501658229543255,0.510170370032661,0,0,2.3412593662654e-05,8.91886124786276e-50,1.3998959324506e-96,0.999976587406337,0,0,1.27620931857424e-74,6.3090185666414e-40,"Signature_5",0.999976587406337
0,0,0,0,0,0,0,1,0,0,0,0,0,0,0,0,0,0,0,0,0,1,0,0,0,1,0,0,1,1,0,0,0,0,1,0,0,1,0,1,0,0,1,0,0,0,0,1,1,0,0,0,0,0,0,1,0,0,0,1,0,0,0,0,0,0,2,1,0,0,0,0,1,0,0,0,0,0,0,0,0,0,0,0,0,0,0,0,0,0,0,0,0,0,0,0,"SIM-03357",0,0,0,0,0,17,0.284003153364537,0.268095840975623,0.00459155393730872,0.365852571168276,0.0261726897533289,0.00310417260567817,0,0.0182898717296744,0.0258545681985947,0.0016032005218159,0,0.00243237774516339,"Signature_3_c4",0.365852571168276,TRUE,0.922543119445745,0.380334500213282,0.391245665838123,0.302820642055973,0.465644087446337,0.13231251693443,0.2067362928388,0.125598220072853,0.045475237524366,0.00593152211983846,0.270844903085243,0.187070671982509,0.294097211895888,0.222240175262527,0.355342261884737,0.266418593356149,0.286622865317375,0.250004803590264,0.438344279236939,0.275249577174617,0.082776428841094,0.0398515633051051,0.0402200230811769,"Signature_5",0.465644087446337,"Signature_8.Signature_1.Signature_5.Signature_13.Signature_41c","2.86529297950594_0.616818899476713_11.2751053002982_1.51014293305396_1.2168307583861",-73.0323759305336,0.496429243083371,0,0,0.00373183446750947,0.00143877123024955,0.0236808068262221,0,0.0204329734271483,0,0,0,0,0.00459163673597457,0,0,0.579348333306187,0.51315799546964,0.626669658245052,0,0.79903768345616,0,0,0,0,0.589250996878821,0,0,0.593141755121117,9.7746827169255e-11,8.2621717865303e-36,0.406858244781136,0,0,3.78472200204632e-29,2.75301165083882e-22,"Signature_3",0.593141755121117
0,0,0,0,0,0,0,0,0,0,0,0,0,0,0,0,0,0,0,0,0,0,0,0,0,0,0,0,0,0,0,0,2,1,0,0,0,0,1,1,0,0,0,0,0,0,0,2,0,0,0,0,0,0,0,0,0,0,0,0,0,0,0,0,0,0,1,1,0,1,1,0,0,0,0,0,0,0,0,0,0,0,0,0,0,0,0,0,0,0,0,0,0,0,0,1,"SIM-03376",0,0,0,0,0,12,0.0510799648358827,0.069039516314219,0.00316266872795832,0.0798879670916109,0.0658703170501157,0.486241560048228,0.0023557728998741,0.0843270727049301,0.133694355754799,0.00851718359208989,0,0.0158236209802921,"Signature_17_c1",0.486241560048228,FALSE,0.203170116969671,0.287478573946598,0.257985789137972,0.185188031247828,0.410365085340924,0.246405374317493,0.0331088289645357,0.0799817733673378,0.176150475095077,0.0399919504410605,0.349604721960976,0.179784627687653,0.246454230868398,0.387056866258297,0.155602201402997,0.0590877827665091,0.144597690582526,0.204023478105942,0.308314024912003,0.374489709299221,0.291871613063801,0.0242577601223105,0.0736254638927248,"Signature_5",0.410365085340924,"Signature_5.Signature_2.Signature_17a.Signature_30.Signature_41c","8.67293226124618_1.30830302271623_0.887660609804058_1.42020620313485_1.37098291784271",-47.4179323035307,0.456452317439728,0,0,0,0,0.0196798691154664,0.0173196651674925,0,0,0.0102160032241048,0,0.0020027666770418,0.00784852618972509,0,0.5,0,0.5,0.507064256491639,0.592334003789965,0,0,0.690180770380009,0,0.611431429038238,0.641079596258927,0,0,9.48636764254563e-05,3.34694896303511e-16,1.58539287766748e-23,0.999904880374179,0,0,2.76600381240209e-26,2.55949395168262e-07,"Signature_5",0.999904880374179
1,0,0,1,0,2,0,1,1,0,0,0,1,1,0,2,1,0,0,2,2,0,0,1,0,0,0,0,1,0,0,2,1,1,0,2,1,0,3,0,2,2,0,0,1,3,1,0,0,0,1,1,1,0,1,1,0,1,0,0,1,1,1,0,3,0,1,1,2,0,1,2,2,2,0,1,3,1,0,1,0,2,0,0,0,0,1,0,1,1,0,0,0,1,0,0,"SIM-03377",0,0,0,0,0,71,0.11257083292063,0.614287301574312,2.49680008127655e-11,0.273025719416604,7.35107746275436e-05,1.05232722467282e-05,0,5.89588981195198e-07,3.15210412404509e-05,3.38301885767368e-13,0,1.38605241374513e-09,"Signature_3_c2",0.614287301574312,TRUE,0.999883853936513,0.613741955590486,0.50258859651259,0.253245374561014,0.653361235711339,0.216905359454776,0.258550621839189,0.329151645497023,0.221049600402307,0.0206989552915956,0.437543713466437,0.485981327538012,0.501590651148126,0.413951760729663,0.280061973310185,0.174156907674722,0.33222412662371,0.499150073901256,0.534042330579236,0.256256784442663,0.301410704302345,0.215363773019284,0.138041506537532,"Signature_5",0.653361235711339,"Signature_3.Signature_5.Signature_13.Signature_17a.Signature_41c","20.0587092689883_30.8527036299341_3.35158412150375_1.83126728126196_14.1450125288821",-316.749920212895,0.761212325747868,20.0587092689883,0.00856236234412699,0,0,0.00296923889177603,0,0.00401140716287718,0,0.00183752908487311,0,0,0.0587142085905061,0,0.965025015824298,0,0.5,0.623944915838899,0,0.626703766855878,0,0.559299065828737,0,0,0.978949608619713,0,0.282517031957581,0.999998925227904,1.03117238951793e-69,8.51884179116525e-162,1.07477209576951e-06,0,0,5.59028692598787e-123,4.6992114859045e-106,"Signature_3",0.999998925227904
1,3,1,0,1,0,0,0,0,1,1,0,0,2,0,1,1,0,0,1,1,0,0,0,0,0,0,0,2,0,0,0,4,3,1,2,0,1,1,0,0,0,0,2,1,3,0,3,1,2,0,1,1,1,1,0,0,0,2,0,0,1,1,0,4,1,0,3,1,0,1,0,0,1,0,0,0,0,1,0,0,0,1,0,0,1,0,2,0,0,1,0,0,0,1,1,"SIM-03416",0,0,0,0,0,67,0.107608578173341,0.652655138158072,2.15951049551437e-09,0.22888911057358,0.01054771922479,0.00014585639367974,0,8.58887205982915e-06,0.000145001108571582,1.71554669366392e-11,0,5.31923940558986e-09,"Signature_3_c2",0.652655138158072,TRUE,0.989152829064504,0.535907167126309,0.492536215854927,0.178460789146043,0.5588620675015,0.275886354487069,0.173140873561897,0.217235304123728,0.0534899798322895,0.18962988322898,0.457421587946357,0.390883254246709,0.464588760042359,0.466301100504583,0.205949049518785,0.108990040477284,0.152249888011923,0.228192316511283,0.329476024174142,0.148834405074179,0.34604309760526,0.113467274653479,0.0726053197103825,"Signature_5",0.5588620675015,"Signature_3.Signature_8.Signature_17b.Signature_30.Signature_41c","20.7677816438068_14.0471126519478_2.58204997059608_15.2506212759301_13.0137133098523",-297.324539495895,0.682228609185201,20.7677816438068,0.0062696556782561,0.00475427392447714,0,0,0,0,0,0,0.00946444278699321,0.0159196027746186,0.0369613938090541,0,0.632664387957057,0.644097986231103,0.5,0,0,0,0,0,0.75096314342306,0.730043919220955,0.924716845551311,0,0.309966890206071,0.952151281489923,2.36096412772519e-46,2.20804032824151e-144,0.047848718510077,0,0,7.2227610488388e-111,2.81998414507421e-70,"Signature_3",0.952151281489923
0,0,1,0,0,0,1,0,1,0,1,0,2,1,1,2,1,0,0,3,1,2,0,3,0,1,0,0,2,1,0,1,3,1,0,6,5,1,4,4,2,2,1,6,5,3,2,3,1,0,0,1,0,0,0,0,1,0,2,0,0,0,1,1,2,1,5,1,2,0,2,0,3,2,0,1,0,1,0,1,0,1,1,0,0,0,1,1,0,0,0,0,0,1,0,0,"SIM-03426",0,0,0,0,0,106,0.134136275261337,0.0453832206825716,1.27426292143001e-10,0.819271558873986,9.17684728753172e-06,2.31272090807574e-10,0,0.000219153288253862,0.00098061421902474,5.45770274550337e-11,0,4.14263919906601e-10,"Signature_3_c4",0.819271558873986,TRUE,0.998791054945321,0.589057298749762,0.427298318301199,0.285185198977495,0.725130199892739,0.43229031600738,0.248989445052468,0.277831819987454,0.0497546832493235,0.0638461711331919,0.6144633132265,0.283114007157435,0.375103909078085,0.653963434422503,0.316496910347542,0.239632512943717,0.230639604630473,0.42308084618887,0.527424778044992,0.333852083201601,0.548975006880034,0.161726088651462,0.178821201607846,"Signature_5",0.725130199892739,"Signature_5.Signature_2.Signature_13.Signature_30.Signature_41c","83.407059742111_9.71261174783526_2.59123874244248_4.38128093900304_6.80506577022781",-452.927701532917,0.784029275952122,0,0,0,0,0.0354772332347739,0.0230780160781638,0.000303388082274592,0,0,0,0.000192313229497643,0.00550424556065121,0,0.5,0,0.5,0.999974529600365,0.947394347908677,0.801332009575437,0,0,0,0.638476431510103,0.790238708399296,0,0,2.4030805020145e-14,3.94495542492384e-119,7.35471458957207e-235,0.999999999999976,0,0,9.42619148385382e-173,2.74075380250845e-79,"Signature_5",0.999999999999976
1,1,0,0,0,0,1,0,0,1,1,1,1,1,0,0,0,2,0,1,0,0,0,2,0,1,0,2,2,0,0,2,3,2,1,2,2,2,0,2,3,3,0,1,1,2,1,2,0,0,0,0,0,0,0,0,1,0,0,0,0,0,0,1,4,1,2,2,1,1,5,2,2,1,4,0,1,1,0,2,1,0,0,0,0,0,0,0,0,0,4,0,0,0,0,0,"SIM-03441",0,0,0,0,0,83,0.154079910972308,0.581829039505867,2.75564997767745e-12,0.264052817822653,1.01215558912562e-07,1.93145039120713e-07,0,3.26223193980796e-07,3.76110788111196e-05,4.16340374528746e-14,0,3.37708203581401e-11,"Signature_3_c2",0.581829039505867,TRUE,0.999961768303584,0.620185201005592,0.387385973750039,0.172390475056527,0.688611486096256,0.229875531116104,0.252279690029588,0.1883191010477,0.263703551982911,0.0134897151845704,0.508086797325569,0.382527724153236,0.428462646780143,0.575035356387757,0.24173625164663,0.190306193868694,0.224262255165135,0.474030971114741,0.599922405791983,0.503739579818256,0.435708129320196,0.0367356470222158,0.112926297825544,"Signature_5",0.688611486096256,"Signature_3.Signature_5.Signature_17a.Signature_30.Signature_41c","33.0882781856538_23.9057527897336_4.09923828277275_13.4679340790693_13.0323667935938",-359.544033674298,0.749466163112716,33.0882781856538,0.00238935281065877,0,0,0.00218253780684818,0,0,0,0.00420595278878511,0,0.00183300851847068,0.0288166476922377,0,0.231074320763118,0,0.5,0.752842333595023,0,0,0,0.338217489264534,0,0.227853932913052,0.758157334892648,0,0.398653954044021,0.27472614753338,4.11075572013759e-102,2.11117185856658e-186,0.72527385246662,0,0,2.12114754442262e-147,1.93378961530524e-102,"Signature_5",0.72527385246662
2,1,0,2,0,0,0,1,0,1,1,0,1,0,0,2,1,0,0,1,1,1,0,1,1,0,0,1,1,0,0,0,4,0,1,2,2,1,2,4,1,1,3,3,0,4,2,1,1,0,4,0,0,1,0,0,0,1,1,2,0,0,1,0,1,1,2,4,1,1,2,3,1,1,1,0,0,0,0,1,2,0,1,1,0,0,1,0,0,0,2,1,0,0,1,0,"SIM-03446",0,0,0,0,0,89,0.00301740983207308,0.983363592518547,1.50640181454295e-16,0.0134415255560292,0.000124609064817714,4.44276512410038e-08,2.41029328288352e-24,2.69956547348872e-08,5.27911305326895e-05,2.25132257850778e-18,0,4.74694622852017e-10,"Signature_3_c2",0.983363592518547,TRUE,0.999822527906649,0.614849756249752,0.585513688200208,0.368933579913059,0.756864532471601,0.171486091528277,0.0970255145936954,0.274390560107462,0.282793108240965,0.0356707383519028,0.536904417343868,0.251523570871286,0.469823336983233,0.522497222909792,0.428878663503639,0.349425756013882,0.279018368924125,0.356643297850261,0.52547550451949,0.34127965109571,0.422111672503913,0.195973796161422,0.204105872543703,"Signature_5",0.756864532471601,"Signature_3.Signature_5.Signature_17a.Signature_30.Signature_41c","11.0123453477575_66.0957195196987_3.2258799601868_3.73458024560326_2.91164747393593",-393.583150523091,0.766504409273809,11.0123453477575,0.000925139208992953,0,0,0.0297640726569958,0,0,0,0.00665530852075524,0,0.000793655666018078,0.00120009797625364,0,0.466695500347918,0,0.5,0.943495326871816,0,0,0,0.598519868316347,0,0.482734407529052,0.538136890799674,0,0.123734217390534,0.000345883466116525,8.57146159951396e-70,1.86167218880719e-190,0.999654116533884,0,0,4.56280879831795e-139,4.96473680352743e-96,"Signature_5",0.999654116533884
1,1,0,0,1,0,0,0,0,1,0,1,0,0,0,0,1,0,0,0,0,1,0,0,0,0,0,0,1,1,0,2,5,1,0,1,1,3,2,2,1,3,1,2,2,3,1,0,0,2,1,0,0,0,3,0,0,0,0,0,1,1,1,1,4,2,2,4,1,0,1,0,0,3,3,0,0,1,2,4,1,0,2,0,0,0,0,1,0,1,0,0,0,0,0,2,"SIM-03453",0,0,0,0,0,83,0.0332961432658978,0.714578545240658,8.90839814706124e-14,0.211200365193917,0.000142907260885276,1.89149535519554e-05,1.54111682504803e-19,7.90563374417411e-05,0.0406840252066206,1.59294913392826e-13,0,4.25407791245037e-08,"Signature_3_c2",0.714578545240658,TRUE,0.959075053700562,0.538271554133948,0.421944528833973,0.231120998052067,0.675249436815743,0.229355795931173,0.217148417917382,0.188841880902789,0.062689306753567,0.0945834586512493,0.563832571787843,0.463045740405414,0.542728953933693,0.562874576260116,0.292826913906724,0.258958217143969,0.232235401086255,0.457918983357575,0.524546784820831,0.327426134207854,0.402217969077287,0.0317295943217177,0.111325252541565,"Signature_5",0.675249436815743,"Signature_3.Signature_5.Signature_13.Signature_30.Signature_41c","8.62575495620717_34.7995864989435_3.66506391911721_18.1435845091543_18.0585195395703",-357.878146789106,0.76460566011247,8.62575495620717,0.000469869439144177,0,0,0.0117733311742828,0,0.00609746192320837,0,0,0,0.0190111606595111,0.0411273012753355,0,0.446559295309791,0,0.5,0.964105852195342,0,0.818682740053126,0,0,0,0.881796029470101,0.970836807471185,0,0.10392475850852,1.08321238615323e-10,7.50499992581881e-96,3.2744463142208e-175,0.999999999891679,0,0,3.54590412037744e-154,2.16691650660833e-83,"Signature_5",0.999999999891679
0,1,0,1,0,0,0,0,0,0,0,0,2,3,0,0,0,0,0,0,0,0,0,1,0,0,0,1,1,2,0,1,3,0,0,0,3,1,0,1,1,3,0,1,1,1,0,0,0,0,2,0,0,0,0,0,0,1,0,1,1,1,0,1,3,2,1,3,0,1,0,2,0,2,2,2,0,1,0,0,0,0,0,0,0,0,1,0,0,0,0,2,0,0,2,1,"SIM-03479",0,0,0,0,0,60,0.195063818208849,0.610365046679785,4.90686722962203e-09,0.192219298871301,0.000176124206970958,0.00204964992757342,6.47360894931393e-13,1.82194179064953e-06,0.000124231631422326,2.5427859216574e-11,0,3.59936600511213e-09,"Signature_3_c2",0.610365046679785,TRUE,0.997648168666801,0.556817703510919,0.386140918781131,0.101411954970578,0.586332388740478,0.149799438419764,0.230852294035478,0.178263102267508,0.228077370644529,0.058571854096701,0.430882626683849,0.326607883292934,0.386597494960789,0.48571834202575,0.184628805005225,0.18451333001179,0.17210096108148,0.395381560165043,0.4430944716246,0.196896117417304,0.352674676319925,0.0556618476234655,0.0288640222651754,"Signature_5",0.586332388740478,"Signature_3.Signature_13.Signature_17a.Signature_30.Signature_41c","30.9375647220903_1.92663154751512_3.32637131402573_12.7576047492497_9.82415639174644",-265.786261968263,0.652940575265248,30.9375647220903,0.0123920437809715,0,0,0,0,0.00188443773975988,0,0.00653824482212972,0,0.00532264236303115,0.0280458806708316,0,0.396822973677331,0,0.5,0,0,0.490306889550106,0,0.451255697022898,0,0.29141482695063,0.778113688701554,0,0.515626078701505,0.999986664152767,5.18979757759823e-58,1.44179521137765e-144,1.33358472326074e-05,0,1.29777148698361e-193,1.28264415860249e-98,2.97774409307982e-82,"Signature_3",0.999986664152767
0,0,0,1,0,0,0,0,0,0,0,0,0,1,0,0,0,0,0,0,0,0,0,0,0,0,0,0,0,1,0,0,0,0,0,1,0,0,0,0,0,0,0,0,0,0,0,1,0,0,1,0,0,0,0,0,0,0,0,0,0,0,0,0,1,0,2,0,0,0,1,0,0,0,1,0,0,0,0,0,0,0,0,0,0,0,0,1,0,0,1,0,0,0,0,0,"SIM-03546",0,0,0,0,0,13,0.174490258851675,0.264844774743282,0.00466318334341397,0.203071973268157,0.0568203048626954,0.263124585937732,0.00106996891219602,0.00722492791266432,0.022393574851664,0.000697777818272492,0,0.00159866949824789,"Signature_3_c2",0.264844774743282,TRUE,0.647070190206528,0.32421674716282,0.251559531104576,0.038572490488141,0.358362988819225,0.122631136302374,0.0793631906476936,0.110988414991756,0.0686965419316672,0.255151687255,0.10175652041183,0.20860129428051,0.230231293175214,0.150395430631155,0.071318412287789,0.0365860075150918,0.0656064568881922,0.201371554783104,0.347787424164957,0.534874654315117,0.075661182607566,0.0234588881305659,0.035344633818037,"Signature_54",0.534874654315117,"Signature_3.Signature_5.Signature_2.Signature_17b.Signature_41c","3.75567316945186_6.15588077331876_0.44894991867973_1.36788546941678_1.78245524596576",-56.2762966958403,0.442911764176189,3.75567316945186,0.00579728248612121,0,0,0.0175064624206072,0.0028353479089227,0,0,0,0.0562689709175493,0,0.0143806521817229,0,0.5767839680606,0,0.5,0.741985820191939,0.547311753743046,0,0,0,0.725632476448949,0,0.527812783814004,0,0.288897936111682,0.069562969555193,2.78285186038895e-12,2.45518663957498e-34,0.930437030442024,0,9.08092966782596e-42,2.13247583569746e-22,6.29981009751559e-23,"Signature_5",0.930437030442024
0,1,0,1,1,3,0,0,1,2,0,0,0,1,2,2,1,0,0,1,0,1,0,1,0,1,1,0,2,1,0,2,2,3,0,3,1,1,2,5,0,0,0,2,1,4,2,0,1,3,3,1,0,0,0,3,0,0,0,3,1,1,1,2,4,2,1,3,0,1,1,2,1,0,0,0,3,0,1,4,0,1,0,1,0,0,0,1,0,0,1,0,0,0,1,1,"SIM-03587",0,0,0,0,0,99,0.0255986934984658,0.893402296908621,2.73607315309542e-15,0.0807850680340202,0.000213127817802911,3.40509280203571e-07,0,1.55608983946989e-09,4.71675534896711e-07,1.00788272485768e-18,0,1.82617179472946e-13,"Signature_3_c2",0.893402296908621,TRUE,0.999786058441109,0.622167577280682,0.560674553239768,0.189985902334897,0.629768311462914,0.197525347689185,0.236727762996205,0.281409321676132,0.210088146810938,0.090402233042008,0.428256376295569,0.499435711438934,0.567592884506682,0.445907518663163,0.19192257598184,0.099272330321386,0.225160595432091,0.278742306032231,0.376429014539877,0.187587978649718,0.275857239404624,0.147578577497255,0.173329582871614,"Signature_5",0.629768311462914,"Signature_3.Signature_8.Signature_17a.Signature_30.Signature_41c","40.3832888699152_17.2513490558085_3.33685226177742_14.6805807144921_22.7151168324294",-438.398587635998,0.767749774652432,40.3832888699152,0.00830345194739734,0.00467189451963201,0,0,0,0,0,0.00246335730311087,0,0.011057006400106,0.0530731229131269,0,0.360643162470796,0.832617791059285,0.5,0,0,0,0,0.54434058545414,0,0.625529392964438,0.980418430585409,0,0.407912008787022,0.999994218942159,2.60147487410513e-71,1.51571938847442e-221,5.78105784070828e-06,0,0,5.82347257219405e-161,1.65021887281383e-133,"Signature_3",0.999994218942159
0,0,0,0,0,0,0,0,0,0,0,1,0,1,1,0,0,0,0,0,1,0,0,0,0,0,0,0,0,1,0,0,0,0,0,0,2,0,0,0,0,0,2,1,1,0,0,0,0,0,0,0,0,1,0,0,0,0,0,0,0,1,0,0,1,1,1,3,0,0,2,0,2,0,1,1,0,0,0,1,0,0,1,0,0,0,0,0,0,0,0,0,0,0,0,0,"SIM-03644",0,0,0,0,0,27,0.0801825180201219,0.339288901745782,1.20280769569352e-05,0.243667669096372,0.00660593803612059,0.00789945439933096,8.92161538884388e-08,0.0205738999567153,0.297995072309505,1.85719780202254e-05,0,0.00375585716492227,"Signature_3_c2",0.339288901745782,TRUE,0.663151116939232,0.353122921719157,0.319774136997222,0.221225714817792,0.52238090970202,0.148012416842399,0.0938766928763725,0.19020132125511,0.11151949560923,0.00743908136721986,0.259840048954343,0.341818472233469,0.299221008341977,0.229079747520285,0.325360895643291,0.357724796153317,0.135934395522266,0.391011473435782,0.619651606691161,0.435570419544207,0.155522101398717,0.041070552774,0.0260280740154689,"Signature_26",0.619651606691161,"Signature_5.Signature_2.Signature_13.Signature_41c","23.0528456411143_0.511076973670596_0.23179072068036_5.09860956438963",-114.819955534724,0.56128512213653,0,0,0,0,0.0783592346870073,0.000934415846186143,0.000179063104259525,0,0,0,0,0.0377974467630229,0,0,0,0.5,0.994022060586986,0.531878601310272,0.491289534351839,0,0,0,0,0.776250516931336,0,0,1.22544505311366e-07,1.13508284694889e-27,7.679100279215e-59,0.999999877455495,0,0,3.98843253612811e-49,1.08732244646899e-44,"Signature_5",0.999999877455495
1,0,0,0,1,1,0,0,0,0,0,0,0,0,0,0,0,0,0,0,1,0,0,0,0,0,0,0,0,0,0,1,1,1,0,0,0,0,0,0,0,0,0,0,0,0,0,0,0,0,0,0,0,0,0,0,0,0,0,0,1,0,0,0,0,0,0,0,0,0,0,0,0,0,0,0,2,0,1,0,0,0,1,0,0,0,0,0,0,0,0,0,0,0,0,0,"SIM-03649",0,0,0,0,0,12,0.308619159036794,0.348319946418159,0.00360617129110673,0.267149733549462,0.0352789476661405,0.00435415623215998,0,0.00989050571223583,0.0164958360235312,0.000774336245858622,0,0.00551120782455201,"Signature_3_c2",0.348319946418159,TRUE,0.927695010295522,0.352678527672049,0.292617708479958,0.0416688897598545,0.228893731357666,0.0415210359545356,0.198930412629967,0.184491154207413,0.00702167089210155,0.00323646039025025,0.139424896327512,0.315014869445904,0.312264019263962,0.179050780133484,0.0586430199755825,0.0301304467912465,0.198250545038368,0.0858707630772813,0.119286553774481,0.0634813853291839,0.155160116546068,0.00442278134214944,0.00624082904574297,"Signature_3",0.352678527672049,"Signature_3.Signature_8.Signature_13.Signature_18.Signature_41c","6.69515271683346_1.18288487042609_0.991769918882288_0.573160651769689_3.73180116630964",-50.5449825205884,0.447362031413105,6.69515271683346,0.0172743381677959,0.000571255067944365,0,0,0,0.011844523319311,0.000647888898757831,0,0,0,0.0425903145312596,0,0.611753270559302,0.49953910250087,0.5,0,0,0.51336684306958,0.493948589374517,0,0,0,0.813380983663014,0,0.557929393069455,0.999858701442717,2.90596186456581e-13,1.22734615351596e-29,0.000141298556992366,0,0,1.87651976205566e-22,4.95994455522527e-24,"Signature_3",0.999858701442717
1,0,0,1,0,0,0,0,0,1,0,0,0,1,1,0,1,0,0,0,0,1,1,2,1,0,1,0,1,0,0,0,2,1,0,3,1,1,0,1,0,2,0,0,3,1,1,2,0,1,0,0,0,1,0,2,0,0,0,0,1,0,0,1,0,0,3,2,1,0,0,1,1,1,0,1,0,2,0,2,0,0,0,0,1,0,1,0,0,0,0,1,0,0,1,2,"SIM-03667",0,0,0,0,0,57,0.261223109228996,0.478782246567109,5.40309076321071e-08,0.247459169497616,0.000167402455815747,0.0123044598438052,3.05561202221812e-11,6.71522314516181e-06,5.68393455364089e-05,3.69444953495393e-10,0,3.40706738071071e-09,"Signature_3_c2",0.478782246567109,TRUE,0.987464579324629,0.546799782109385,0.406869972076988,0.118465698900346,0.559036991378353,0.421151631481939,0.178646713844616,0.157216904960494,0.157063441390766,0.058216241117055,0.484372744852151,0.33248238371323,0.432296045019493,0.493943003223839,0.166960457756572,0.136357955699188,0.153715093950534,0.32153369052441,0.41838476450567,0.214410167842704,0.293233795994502,0.033318414200099,0.155480595027912,"Signature_5",0.559036991378353,"Signature_3.Signature_2.Signature_17a.Signature_30.Signature_41c","28.6204552836923_5.5127762866356_1.46608354042101_8.41528907592065_8.92202246128318",-252.276944457395,0.694254272025113,28.6204552836923,0.027483059947097,0,0,0,0.0368502317337895,0,0,0.00183291025858157,0,0.00407412933660067,0.0208257207610706,0,0.935374527225534,0,0.5,0,0.839631258399645,0,0,0.584016705383086,0,0.657624793653262,0.969920651186344,0,0.502113250591093,0.995818975396971,3.83959334374682e-55,5.27917875396991e-137,0.00418102460302951,0,0,4.20246965439545e-99,2.35621320907242e-60,"Signature_3",0.995818975396971
1,1,0,0,2,1,0,1,1,1,0,0,0,4,0,4,1,1,0,0,0,0,0,2,2,0,0,1,2,1,0,0,6,1,0,3,1,0,1,2,1,2,3,4,0,3,1,2,2,0,2,1,1,2,1,1,0,0,0,0,4,0,0,1,4,2,2,7,1,0,2,4,1,1,1,1,1,2,0,2,0,0,2,0,0,1,3,0,0,0,1,0,1,1,0,0,"SIM-03682",0,0,0,0,0,111,0.00309362277180416,0.979530241855029,5.50910595825226e-20,0.0173748593256715,5.71603492870915e-07,3.9608353035693e-10,3.74139827653445e-29,6.919706860162e-11,7.03978584276979e-07,7.05467563004617e-23,0,1.37123784923627e-13,"Signature_3_c2",0.979530241855029,TRUE,0.999998723952505,0.61087081197511,0.568479474415687,0.23073223789077,0.681408053519852,0.138700958086282,0.131552701584429,0.336389858772348,0.266967428739548,0.0254135044554217,0.399995645029277,0.460066310925514,0.565792855361949,0.436755759907583,0.357248204623793,0.301114286639134,0.285657645101171,0.314693498846392,0.500599488103287,0.280700471519625,0.419520023031202,0.266458275473587,0.122586793845868,"Signature_5",0.681408053519852,"Signature_3.Signature_8.Signature_5.Signature_17a.Signature_41c","29.4949122491869_8.95501880955171_50.5635025465897_4.33647823391881_20.1736561196833",-483.961700340688,0.759760187028437,29.4949122491869,0.00717284812678454,0.000729926135999648,0,0.0112798341117567,0,0,0,0.00795518208436563,0,0,0.0305178939513386,0,0.659702547315766,0.555388370100913,0.5,0.868196213400453,0,0,0,0.752100518389247,0,0,0.99748450194833,0,0.265719930172855,0.145711094085678,6.84737768252799e-81,1.97930644358294e-243,0.854288905914322,0,0,4.85837950717341e-172,6.35391535154214e-151,"Signature_5",0.854288905914322
0,0,0,0,0,0,0,0,2,2,1,0,1,1,0,0,0,0,0,0,1,1,0,1,2,0,0,0,3,0,0,3,2,0,0,2,2,0,2,2,0,2,0,2,3,7,2,1,0,2,0,0,0,0,0,0,0,0,3,0,0,0,1,1,3,0,3,4,1,1,0,0,0,0,4,0,3,1,1,2,0,0,1,1,0,0,0,0,0,0,0,0,0,0,1,1,"SIM-03692",0,0,0,0,0,79,0.27629144564242,0.0136554961233464,1.34976462564727e-06,0.709348096597019,1.20284802886791e-06,1.99089295305751e-06,0,0.000448619132546315,0.000250729266412897,1.06729515088197e-06,0,2.437496901042e-09,"Signature_3_c4",0.709348096597019,TRUE,0.999296388127411,0.515378474342533,0.352115487957179,0.192691038607999,0.59324716454881,0.400535613715229,0.372047346114813,0.235289200453334,0.0505207683300145,0.0194110153234888,0.537247883557081,0.393878717303737,0.412469005587086,0.498356768606874,0.191635116834726,0.138668511134759,0.157500793392454,0.370599987317711,0.422671136999536,0.300944322082601,0.281803295610733,0.0317364493046189,0.18956509164376,"Signature_5",0.59324716454881,"Signature_5.Signature_2.Signature_13.Signature_30.Signature_41c","33.8487068953288_4.01757063446389_8.69520131995997_15.117914097244_15.9970112645035",-335.236261880063,0.740217240651116,0,0,0,0,0.00495923451414315,0.00484124644378148,0.0252733733961537,0,0,0,0.0108749430503007,0.045395912407567,0,0.5,0,0.5,0.970388042834502,0.767984257557001,0.988692213037183,0,0,0,0.590963364053712,0.993965065628693,0,0,2.76715306550597e-07,2.08913849990223e-97,2.66726511985585e-184,0.999999723284694,0,0,1.14752573671422e-138,1.71105537884957e-77,"Signature_5",0.999999723284694
0,0,0,0,1,0,0,0,1,0,0,0,0,0,0,0,0,1,0,1,0,2,0,0,0,1,0,0,0,0,0,0,1,0,0,0,1,1,0,1,1,1,1,1,0,0,1,0,0,0,0,0,0,0,1,0,0,0,0,0,0,0,0,1,1,1,0,3,1,0,0,0,1,1,1,0,0,0,0,1,1,0,1,0,0,0,0,0,0,0,1,0,0,0,2,1,"SIM-03728",0,0,0,0,0,34,0.0522918951228189,0.887046544836032,8.27569688007548e-09,0.052235140637463,0.000524653219462735,1.96636834894217e-05,4.04904419773583e-10,8.90067468485018e-05,0.00776101441000708,9.93970141493432e-10,0,3.20716693068798e-05,"Signature_3_c2",0.887046544836032,TRUE,0.991573588872011,0.471206421408768,0.362196384587932,0.198811104825768,0.543251966397515,0.0568491439506367,0.0202205979322595,0.231149239586604,0.0343840691485416,0.0259709036715014,0.351360840354037,0.365267444775685,0.328992171193056,0.35672604063327,0.252693843796529,0.277364295061265,0.178056017415399,0.347252996656234,0.432102936134328,0.131793721604234,0.328295938223464,0.0320543285059206,0.17669615308316,"Signature_5",0.543251966397515,"Signature_3.Signature_5.Signature_30.Signature_41c","8.62125565988238_18.1239778728388_0.627058180052047_5.91171387039251",-150.213562242837,0.593617639418473,8.62125565988238,0.00787242391249454,0,0,0.01991706083752,0,0,0,0,0,0.000143900164876087,0.0436751905237669,0,0.568493863626415,0,0,0.730519614051912,0,0,0,0,0,0.498620642215867,0.935767697625368,0,0.253566342937717,0.0860741311719967,3.39876189934138e-36,1.34620715164346e-73,0.913925868828003,0,0,2.13896154105759e-62,9.78910514960736e-48,"Signature_5",0.913925868828003
1,2,0,0,1,0,1,0,1,0,0,1,0,0,0,0,2,1,0,0,1,0,0,1,0,0,0,1,1,2,0,0,0,1,1,1,1,0,0,0,1,0,0,0,1,3,2,0,0,1,1,0,0,0,0,0,2,0,0,0,0,0,0,0,3,2,1,0,1,0,0,0,1,0,1,1,2,2,0,1,0,1,0,0,0,0,1,0,1,0,1,1,0,0,0,0,"SIM-03743",0,0,0,0,0,51,0.238921974796602,0.502506442232507,4.57127407248764e-08,0.258419237713229,2.43145571530121e-05,2.2095546779263e-06,0,9.77623926539128e-06,0.000115918242783299,9.1475167836653e-10,0,8.00362897571859e-08,"Signature_3_c2",0.502506442232507,TRUE,0.999847700455079,0.547825548479637,0.404772689369873,0.196460530308398,0.537151901560692,0.239578187958654,0.173061405601,0.287459556387843,0.0268382582598734,0.0272047448289499,0.381980376340567,0.411698872799032,0.38529695808907,0.316882259643785,0.155583861290876,0.0882797756382537,0.119260017567523,0.339728476200589,0.431958077292653,0.160317394305302,0.171156530638506,0.01743423410435,0.25176864529764,"Signature_3",0.547825548479637,"Signature_3.Signature_2.Signature_18.Signature_30.Signature_41c","28.5864804999637_1.67361872525518_2.1993278868068_5.70171456195773_10.9570141411938",-229.658476287779,0.656867456964006,28.5864804999637,0.0348806099129003,0,0,0,0.00407735502627005,0,0.000931689580050077,0,0,0.00261343671056724,0.0616288845165699,0,0.945300446381383,0,0.5,0,0.579865702615304,0,0.460817646442941,0,0,0.422186127148934,0.939324066066595,0,0.560519225489484,0.999973996525911,1.22887790068632e-54,1.2541439043897e-115,2.60034740889992e-05,0,0,9.65518676489279e-85,4.38784559922517e-74,"Signature_3",0.999973996525911
0,0,0,0,0,1,0,0,3,0,1,0,1,1,0,0,0,1,0,1,0,0,0,0,0,0,0,1,1,0,0,1,0,0,1,2,0,0,0,0,0,0,1,1,1,3,1,1,1,1,0,0,0,0,0,1,0,0,0,0,0,0,0,0,1,0,0,3,0,1,1,1,0,0,1,0,0,1,2,1,2,0,0,0,0,2,1,0,1,0,0,0,0,0,2,1,"SIM-03830",0,0,0,0,0,47,0.215658329501234,0.359591978875423,7.37767081275524e-07,0.325849128928758,0.000860194108801311,0.0966475657439957,4.00959522830254e-07,0.000312136373378884,0.00107431793565003,1.22772007049875e-07,0,5.08703414846721e-06,"Signature_3_c2",0.359591978875423,TRUE,0.901100175072496,0.46599476965662,0.418268204260027,0.22303953418437,0.509825700757265,0.284672013781007,0.232666072354381,0.350567576318029,0.210499232231923,0.0481598606025829,0.337995544732453,0.267878631353769,0.370096903253006,0.271947250464613,0.214797164637141,0.180210404122136,0.161358970128473,0.227152614808717,0.379509121715225,0.263879769847754,0.176423479669422,0.0463007186098922,0.166971831239974,"Signature_5",0.509825700757265,"Signature_5.Signature_2.Signature_18.Signature_17a.Signature_41c","20.7654266947844_3.72596043745345_6.66276663776123_2.33358539367937_5.55951518567718",-215.697475302978,0.583727118412545,0,0,0,0,0.00625803807705805,0.00615522441608485,0,0.00760041378904486,0.00293072839944586,0,0,0.0132745639109104,0,0,0,0.5,0.340887246715501,0.51219045415343,0,0.27618277512232,0.467574140583375,0,0,0.905731883658211,0,0,0.229176173241648,2.1233919251075e-44,2.11450501748818e-94,0.770823826758352,0,0,4.90525155565369e-68,2.27596936237549e-63,"Signature_5",0.770823826758352
1,0,0,0,0,0,1,1,0,0,0,0,0,0,0,0,0,1,0,1,1,2,0,1,0,0,0,0,1,1,1,0,0,1,1,1,3,0,1,1,2,1,1,0,2,2,2,0,0,0,0,1,1,0,0,1,0,0,1,1,1,1,0,1,1,3,1,1,1,1,0,0,0,0,1,3,1,0,0,0,0,0,0,0,0,0,0,0,0,0,0,0,1,0,0,2,"SIM-03834",0,0,0,0,0,54,0.197681394507015,0.423585844258266,8.79463157250603e-08,0.376455479249797,0.000586565094588189,6.38908150503582e-05,0,0.000195468150491484,0.00143092903320676,1.39258940995406e-08,0,3.27019374670593e-07,"Signature_3_c2",0.423585844258266,TRUE,0.997722805961394,0.53901185051453,0.410621319021658,0.322026597477205,0.632081654813018,0.315590009497817,0.180572548169627,0.195577850645142,0.0883077822982123,0.0351867818812918,0.538020143214644,0.320712666130386,0.375472019341012,0.464318955548684,0.311990397495966,0.228615425800429,0.254801128698879,0.391892308076714,0.475356878731653,0.189620070287937,0.307750991513113,0.032317684884568,0.255337882132806,"Signature_5",0.632081654813018,"Signature_3.Signature_5.Signature_2.Signature_30.Signature_41c","14.0724094414996_20.322910395779_2.53148312245409_7.99481007505734_6.60983058611984",-238.848493744369,0.687785367024487,14.0724094414996,0.00746794739781409,0,0,0.00532879594166125,0.00646995779456938,0,0,0,0,0.00787732671781038,0.023121393636179,0,0.598940198597253,0,0,0.593490313843326,0.525989168062787,0,0,0,0,0.581747135384968,0.953410724277836,0,0.260600174842585,0.0829082645187236,9.38997962969484e-59,3.05355575590971e-110,0.917091735481276,0,0,1.54643399090371e-88,1.00792129239356e-54,"Signature_5",0.917091735481276
2,0,0,1,1,0,0,0,0,2,0,1,0,1,0,1,0,1,0,3,1,1,0,1,1,1,0,2,2,0,0,0,4,3,0,3,5,0,1,0,3,2,0,3,1,3,1,1,2,1,1,0,1,1,1,0,1,0,0,1,0,1,1,0,5,0,2,5,0,1,2,2,3,1,0,1,1,0,2,2,3,0,0,0,0,0,0,0,0,0,1,0,0,2,1,1,"SIM-03859",0,0,0,0,0,98,0.0161583060337288,0.94872735237674,1.16583294781093e-17,0.0351098285374682,2.22960827610328e-07,3.15422844881392e-10,2.47663359546791e-27,8.58231718254288e-10,4.28891736511623e-06,2.94335812013911e-20,0,2.15302101972722e-13,"Signature_3_c2",0.94872735237674,TRUE,0.999995486947937,0.601672877530796,0.423492256226563,0.154413148335098,0.661047571784374,0.179640718178996,0.130701102995784,0.204824733545085,0.19562145316033,0.0210915777678585,0.502316508452093,0.476800049208231,0.447564866470791,0.557901148989679,0.233886606755218,0.163812072266039,0.199106210766549,0.374159627709095,0.479987810783241,0.26351213673759,0.48939300795214,0.0890169998892833,0.111161279648045,"Signature_5",0.661047571784374,"Signature_3.Signature_5.Signature_17a.Signature_30.Signature_41c","41.2779845936485_13.2421713618717_2.92037185732651_19.0975292861783_21.5592458216161",-430.930046671366,0.762900920434848,41.2779845936485,0.0239210643078555,0,0,0.0014698189783221,0,0,0,0.00436057076034679,0,0.01670133417065,0.0751495989352194,0,0.966390168318835,0,0.5,0.520015732268261,0,0,0,0.691119227895215,0,0.896040599878269,0.9999299287546,0,0.421203924424984,0.716697619090499,1.45682577038364e-99,1.71853192809835e-229,0.283302380909501,0,0,7.23640192886183e-180,1.66680315122652e-122,"Signature_3",0.716697619090499
2,0,1,0,0,0,0,0,0,0,1,0,0,0,0,0,1,0,0,0,0,0,0,2,0,1,0,0,1,1,0,0,1,0,0,0,3,0,2,0,1,1,1,0,1,0,2,0,0,2,0,0,0,0,0,0,0,1,0,0,1,0,0,0,1,0,1,0,0,0,0,1,1,0,0,0,1,0,1,0,0,1,0,1,0,0,1,0,0,0,1,0,0,0,0,0,"SIM-03889",0,0,0,0,0,36,0.126286622098684,0.298321560753499,9.39273210157781e-06,0.362900156826885,0.0266643690251157,0.00074187561616148,3.54055667335884e-08,0.026222579929935,0.157084757943762,1.51175365769318e-05,0,0.00175353213171363,"Signature_3_c4",0.362900156826885,TRUE,0.787517732411169,0.466704839624142,0.336438274894482,0.359398294445905,0.553210110121918,0.221968935218906,0.172850694798468,0.211227536478439,0.133451663735477,0.0239129562522094,0.43546027237684,0.23995885303011,0.368051028336111,0.359258582514917,0.26121920131516,0.243025377791722,0.177693393289839,0.371601394725317,0.388199743391178,0.246528206245999,0.247812590888839,0.0216162302648089,0.289327863123708,"Signature_5",0.553210110121918,"Signature_3.Signature_1.Signature_17a.Signature_30.Signature_41c","17.7709604766784_4.13194679518281_0.868094577196156_6.84030509521556_4.44850260724477",-161.401646177552,0.584081552561452,17.7709604766784,0.0090849854957934,0,0.00842962200171904,0,0,0,0,0.00109407643002934,0,0.00358275022008991,0.0110771552377511,0,0.517594086428258,0,0.462490408587395,0,0,0,0,0.540859527145446,0,0.445907295709417,0.445714486257127,0,0.493637791018845,0.0154449069866453,1.67078096028434e-41,2.2356619036704e-61,0.984555093013355,0,0,2.77826189459951e-54,7.01123511040272e-37,"Signature_5",0.984555093013355
0,0,0,0,0,0,0,0,1,0,0,0,0,0,0,0,0,1,0,0,0,0,1,0,0,0,0,0,1,0,0,1,2,0,0,0,1,0,1,2,0,0,0,0,1,0,0,1,0,0,0,0,0,0,0,0,0,0,0,0,1,0,0,0,4,0,1,1,0,1,1,0,1,0,0,0,0,1,1,0,0,0,0,1,0,0,0,0,0,0,0,1,0,0,0,0,"SIM-03907",0,0,0,0,0,27,0.197033765806869,0.133223252112485,0.000185338565095453,0.407798255604696,0.00658789081182744,0.180722899346642,7.66492516399554e-06,0.0233756445521654,0.0501710168678015,0.000452408288184466,0,0.00044186311907036,"Signature_3_c4",0.407798255604696,TRUE,0.738240612089145,0.370112722166137,0.275965056163526,0.137932899029251,0.453415229627694,0.247749760149605,0.25313511253604,0.168310698521333,0.118680947356521,0.0428579646016096,0.296980790594123,0.501385152288798,0.39190878694982,0.308195660690247,0.0964271816031947,0.053578820422511,0.124701695597287,0.260877940146837,0.397488031039382,0.297386488046341,0.210221565668327,0.0113295375768327,0.0251912624295641,"Signature_41c",0.501385152288798,"Signature_5.Signature_2.Signature_13.Signature_17a.Signature_41c","14.4634942900621_1.59940649465674_2.5906559155408_0.537827079273537_10.2954547657927",-110.760811522261,0.639396423080005,0,0,0,0,0.0168347971848832,0.00611309162248463,0.0172759897799944,0,0.00105752735633546,0,0,0.11573140473087,0,0,0,0.5,0.67283014597128,0.569558142361549,0.796120631993318,0,0.558169186998424,0,0,0.99807628986766,0,0,3.6549660281739e-05,1.01243934609091e-35,1.35533938860738e-57,0.999963450339718,0,0,3.48860464568621e-52,1.81131391140843e-34,"Signature_5",0.999963450339718
2,0,0,0,3,1,0,0,1,2,0,0,0,1,0,2,0,0,0,0,2,0,0,1,0,0,0,1,0,1,0,0,2,0,1,1,1,2,4,5,4,1,1,1,1,4,0,4,0,0,1,0,1,1,2,1,0,0,0,2,2,0,1,1,2,2,5,2,1,0,2,5,0,1,0,3,2,0,0,4,0,3,0,0,1,0,0,0,0,0,0,0,1,0,0,2,"SIM-03919",0,0,0,0,0,97,0.00771870006625839,0.876745872810271,9.19086370798623e-17,0.109230129479957,0.00179578250777088,0.00245836337965355,2.47741115198182e-21,2.38711456085994e-06,0.00204876367452144,5.81643447293216e-17,0,9.67006558479272e-10,"Signature_3_c2",0.876745872810271,TRUE,0.993694702356487,0.571646160052386,0.532205837990369,0.288203264308076,0.710164169089704,0.247352136343253,0.0738897456366638,0.317815538854629,0.337877812582517,0.0345615452933671,0.510362362041234,0.377942253631913,0.546937692956618,0.509854077627088,0.293349204307138,0.193360768244305,0.246557158082506,0.393529811666513,0.479081644525281,0.365380447495659,0.370740329883821,0.151837901915083,0.0722653239983634,"Signature_5",0.710164169089704,"Signature_3.Signature_5.Signature_2.Signature_17a.Signature_41c","8.70291884697631_68.8715170581665_4.00412821258567_6.48589856748378_12.6953398044481",-420.531451239479,0.762502111044483,8.70291884697631,0.000121236971086902,0,0,0.0119489652116789,0.00095405842024221,0,0,0.0195698297433383,0,0,0.0108796556021271,0,0.392485510048672,0,0.5,0.759713629516124,0.567334225920195,0,0,0.776340756324273,0,0,0.626218219407008,0,0.0897208128554259,0.000192897076127973,4.8882381920993e-86,3.16953073253972e-224,0.999807102923872,0,0,2.09074913852886e-162,3.53586048536939e-110,"Signature_5",0.999807102923872
0,0,0,1,1,0,0,2,1,0,1,0,2,1,0,0,0,0,0,2,1,1,0,1,0,0,0,0,0,2,0,1,1,0,0,1,1,1,0,1,1,1,1,1,2,1,1,1,0,0,1,0,0,0,0,0,0,0,0,0,2,1,0,0,2,0,4,1,2,1,0,2,0,0,0,1,0,2,1,1,0,0,1,1,0,0,0,0,0,0,0,0,0,1,0,0,"SIM-03935",0,0,0,0,0,55,0.253770154030369,0.277208106047777,2.62696181406141e-07,0.467142066195679,0.000503261566115504,0.000741858725644477,0,6.95643572747537e-05,0.000564317606911621,1.00330542449166e-08,0,3.9874099182796e-07,"Signature_3_c4",0.467142066195679,TRUE,0.998120588970007,0.579095821625955,0.455451083791374,0.174795987199614,0.628939822752588,0.310967150253134,0.227810545706208,0.314231709097203,0.251130530563669,0.0214834017999301,0.396036010105691,0.367282644876573,0.489405038618939,0.406050807394235,0.298823783488591,0.215035580149881,0.34948226727495,0.25928538831275,0.471984359220057,0.311473131314643,0.314596497189154,0.0687341953442755,0.142505180153821,"Signature_5",0.628939822752588,"Signature_3.Signature_5.Signature_2.Signature_17a.Signature_41c","18.3709027291442_23.3068078769338_3.92818635321922_2.32484436348705_7.9322249626675",-240.18344487689,0.709464242958968,18.3709027291442,0.0103475180965991,0,0,0.0214599306258345,0.0170866793741201,0,0,0.00831443929864695,0,0,0.0183144721894126,0,0.549521940078444,0,0.5,0.949501383739909,0.729625932722118,0,0,0.604850582345097,0,0,0.838953945892159,0,0.334016413257167,0.0255489157629387,6.91019701241433e-52,1.71663238476699e-130,0.974451084237061,0,5.08627548168471e-165,4.0218611531048e-83,1.12843085209898e-78,"Signature_5",0.974451084237061
0,0,0,1,0,1,0,1,0,0,0,1,1,0,0,0,0,2,0,1,0,0,0,0,0,0,0,1,1,0,0,2,2,0,0,2,0,1,1,1,1,1,2,1,2,3,1,1,0,0,0,0,0,0,1,0,0,0,0,0,0,0,0,1,6,0,1,2,1,0,2,2,2,0,1,3,0,0,2,1,0,0,0,1,0,0,0,1,0,0,1,0,0,0,0,0,"SIM-03943",0,0,0,0,0,59,0.096228774395759,0.157224584260572,3.34365803138933e-08,0.714572334857816,0.00158857142577965,0.0165661037836073,8.7000209095977e-11,0.00114325975678302,0.0126751343854718,1.27186696331773e-07,0,1.07642393398286e-06,"Signature_3_c4",0.714572334857816,TRUE,0.968025726950728,0.488636657524218,0.403018941284241,0.250248322883445,0.622394196708638,0.316344797192488,0.269662222449203,0.191697005986533,0.218595245772422,0.106142792831758,0.43583036963057,0.530785607951897,0.483257252570442,0.421464739806184,0.350019419830496,0.286192518172683,0.286835929857741,0.438114087779415,0.599547276841917,0.353728409738182,0.318258236987445,0.0506467582046776,0.139689644913799,"Signature_5",0.622394196708638,"Signature_5.Signature_2.Signature_13.Signature_17a.Signature_41c","37.8326423115469_3.77975768019988_3.81778192942457_2.38928531062902_16.7372800202368",-245.463349429589,0.767445996262086,0,0,0,0,0.0275787058168739,0.00807911280391949,0.0108092381787377,0,0.0048282269732316,0,0,0.0874446777812929,0,0,0,0.5,0.952962342479497,0.752764266395815,0.790871494286853,0,0.568933724557915,0,0,0.999735497768227,0,0,2.05617473717102e-10,1.34791634548234e-72,3.96927009229763e-129,0.999999999794382,0,0,7.41419133623024e-108,4.55255962802756e-77,"Signature_5",0.999999999794382
0,0,0,1,0,0,1,1,0,1,0,0,0,0,1,0,0,0,0,0,0,0,0,0,0,0,1,0,0,0,0,1,1,0,0,0,1,1,0,0,0,0,0,1,0,1,0,0,0,0,0,0,0,1,0,0,0,0,0,0,0,0,0,0,0,1,0,0,0,0,0,0,1,0,1,0,0,1,0,0,0,0,0,0,0,0,1,1,0,0,0,0,0,0,1,2,"SIM-03961",0,0,0,0,0,22,0.155396970833217,0.34366868872579,8.8266223872951e-05,0.0986267085301676,0.0465551857435922,0.349725298845326,0.00039594027695145,0.00082333982740699,0.00452819501826808,3.78830974799011e-06,0,0.000187617665659418,"Signature_17_c1",0.349725298845326,TRUE,0.597780634313048,0.422136384221586,0.292832528438413,0.0660759980395535,0.429747349817059,0.0888075861021294,0.165659051837256,0.180425300263773,0.0409323159404955,0.261908031073565,0.362284236276243,0.132372948675427,0.264817101968672,0.328983045509112,0.197012531036291,0.0899241241443366,0.277968166779646,0.283359675973481,0.328581413089098,0.140229898070302,0.260841705561784,0.0306747298220822,0.047835068150418,"Signature_5",0.429747349817059,"Signature_3.Signature_13.Signature_17b.Signature_30.Signature_41c","11.3342854090969_0.457087432956703_1.76135349248763_5.12248177036486_1.10015609534092",-99.1210133645698,0.51753468082024,11.3342854090969,0.0160478185273366,0,0,0,0,0.000870965746561314,0,0,0.0470202217326091,0.0131357919534463,0.000126609285415857,0,0.377632262184607,0,0.5,0,0,0.409668772291271,0,0,0.80715173017563,0.352622122370136,0.593824524308867,0,0.515194791322586,0.99680236437976,6.59442537300874e-25,3.19829087184894e-59,0.00319763562023987,0,0,2.93264899962463e-32,2.24952145830478e-27,"Signature_3",0.99680236437976
2,1,1,0,1,1,0,2,1,1,0,2,0,3,0,3,1,0,0,0,3,0,0,1,0,0,1,1,0,0,0,2,4,3,0,4,4,1,2,6,3,2,1,1,5,2,4,2,1,1,0,1,0,1,0,0,0,0,0,0,0,1,0,1,10,0,4,1,1,0,1,0,1,1,0,1,1,0,2,2,0,0,0,1,0,0,1,0,0,0,0,0,2,1,0,2,"SIM-03979",0,0,0,0,0,109,0.0427056439670974,0.241998175062539,6.53262022169035e-14,0.673974223825168,0.000271760788190655,6.53841741725999e-09,0,0.000883889869614067,0.0401662797619471,7.67723581813382e-13,0,2.01861930686723e-08,"Signature_3_c4",0.673974223825168,TRUE,0.95867804285487,0.563299670582814,0.498380049919068,0.24544097344929,0.656922134004098,0.385286978661881,0.186609726763457,0.328934341385095,0.0356024320622186,0.024422817459678,0.545334005089755,0.510801806157373,0.489828024880624,0.571852839773962,0.319223102030485,0.19111732155645,0.295749906463976,0.299000956426773,0.43510434001173,0.252627486161209,0.418482144798726,0.187680186641401,0.260751023059154,"Signature_5",0.656922134004098,"Signature_3.Signature_5.Signature_2.Signature_30.Signature_41c","32.4369218220333_33.654248156015_8.62919329434566_15.4819781793932_28.1746930281213",-460.436972020568,0.794518284873825,32.4369218220333,0.00609424463345209,0,0,0.000712389769560451,0.0135282059038597,0,0,0,0,0.0050797987662845,0.0758015952811759,0,0.674521590803397,0,0,0.304785999660053,0.717883921191527,0,0,0,0,0.795171238967216,0.999964734463266,0,0.297586438734251,4.79727900032173e-14,1.04061536981567e-115,1.83630453587083e-234,0.999999999999952,0,0,1.3413518888093e-177,2.6364384955407e-102,"Signature_5",0.999999999999952
0,1,1,3,2,0,0,2,0,1,0,2,0,0,0,1,1,0,1,0,0,0,0,3,0,0,0,1,0,0,0,2,3,0,1,0,1,2,4,2,3,1,1,2,1,1,0,2,1,2,1,0,1,0,0,0,0,0,1,0,2,0,0,1,8,0,5,2,2,1,0,1,1,1,1,1,1,0,1,1,0,0,0,0,0,0,0,1,1,1,1,0,0,0,0,0,"SIM-04037",0,0,0,0,0,84,0.00746018056545042,0.912204255726766,6.65807792620499e-16,0.0759724731560521,0.000418303084361855,1.39416182352278e-09,0,2.82685981188644e-06,0.00394193863853526,3.28676559198665e-16,0,2.05748593759591e-08,"Signature_3_c2",0.912204255726766,TRUE,0.99563690944827,0.549923258624122,0.495646716761007,0.294416009319775,0.659174970397982,0.177132048363072,0.142392601171798,0.279664579886692,0.105077177656337,0.0743105094521634,0.41027775934898,0.535154465186416,0.510908676988676,0.40912799705017,0.361136597741901,0.215346224596356,0.319372182308295,0.41513118844,0.508034470304428,0.337004631655455,0.370760882786859,0.101662059760724,0.0454310847271445,"Signature_5",0.659174970397982,"Signature_3.Signature_5.Signature_2.Signature_13.Signature_41c","15.0953640759935_52.6973838488437_1.19334496998124_0.713582133390239_21.4223521184148",-362.137509577452,0.758238663554092,15.0953640759935,0.0030919480728826,0,0,0.0192941625111349,0.000690886078147268,0.000195175839900918,0,0,0,0,0.0770354036525138,0,0.881735147040183,0,0.5,0.709827361542717,0.573279486831965,0.470281218739114,0,0,0,0,0.99810961040874,0,0.179706715190399,7.03625611993062e-07,8.08778657315886e-73,2.08122087791636e-176,0.999999296374388,0,0,3.98207122063859e-144,1.23876215872979e-108,"Signature_5",0.999999296374388
2,0,0,2,0,1,0,0,0,2,0,0,0,1,0,0,1,0,0,0,1,0,0,0,0,1,0,0,0,0,0,0,0,0,0,1,0,1,0,1,1,0,1,0,0,1,1,2,0,1,1,0,0,2,0,0,0,0,0,0,1,1,0,0,1,0,2,2,0,1,1,0,1,2,0,0,0,1,0,1,0,0,0,0,0,0,0,0,1,0,0,0,0,1,0,0,"SIM-04044",0,0,0,0,0,40,0.0491300809346782,0.864547210852791,2.81861592520644e-08,0.0779291671820474,0.00418446163446124,0.000191121910317208,3.50638775272383e-13,0.000133201298990873,0.00387037514712281,1.83704906511039e-09,0,1.43510160319844e-05,"Signature_3_c2",0.864547210852791,TRUE,0.991606487155676,0.510731343182791,0.502558008246199,0.180845536864672,0.544162712790801,0.193053972563903,0.0458842195961406,0.195629205926526,0.144694718024016,0.0102590381778526,0.318917324388096,0.273528815148798,0.447977508248741,0.294690588984289,0.236580502910837,0.212306135993803,0.175761672113497,0.327571593917334,0.480357707847415,0.290917272097727,0.17826780661328,0.0390768487004146,0.183123227288576,"Signature_5",0.544162712790801,"Signature_3.Signature_8.Signature_5.Signature_2.Signature_41b","11.1977505424221_5.49651492326676_12.3476673795923_1.25088051614233_8.39464561385378",-178.359636205702,0.592592533670367,11.1977505424221,0.00613706180540141,0.00200517155302637,0,0.00902944607545186,0.00270083865545112,0,0,0,0,0,0,0.00190968860627161,0.439672912184132,0.561693751139996,0,0.624466022010819,0.517654590765886,0,0,0,0,0,0,0.466535575839016,0.279943763560553,0.991693325738315,1.20340045154889e-25,1.13057097633704e-83,0.00830667426168465,0,0,1.3354371494217e-63,8.80941121653072e-57,"Signature_3",0.991693325738315
1,0,0,0,1,1,0,1,1,0,0,0,0,1,0,2,1,1,0,1,0,4,0,1,0,0,0,2,1,1,1,0,0,1,0,4,1,1,0,1,1,2,0,3,0,1,1,1,0,0,0,0,0,0,1,0,0,0,1,0,0,0,0,3,2,1,5,2,1,2,1,1,0,0,1,1,0,2,0,0,0,0,1,0,0,2,1,1,0,0,1,1,0,1,1,0,"SIM-04050",0,0,0,0,0,71,0.0407046504625177,0.948648495144646,1.11989558577733e-13,0.0106463202436587,2.21529129378517e-07,2.85852311750727e-07,4.14664434907863e-17,2.98073357872608e-11,2.67376340857048e-08,9.49060919146858e-19,0,1.8266166075192e-13,"Signature_3_c2",0.948648495144646,TRUE,0.999999465850935,0.627635244440771,0.453535731052066,0.110246803164372,0.616269902373596,0.104263960313192,0.106235502497088,0.273549548132054,0.185209194480857,0.120720689000432,0.325656040032088,0.249868100026089,0.323414829299082,0.408210171775071,0.226328413664435,0.158835200981176,0.271258340669895,0.273571199685461,0.452898164307496,0.368335630104716,0.360364291312016,0.194195406397918,0.131072620486964,"Signature_3",0.627635244440771,"Signature_3.Signature_5.Signature_17a.Signature_17b.Signature_41c","38.2632898372589_27.2480838887188_0.690787670298645_0.881924213785068_4.24974348705581",-314.221047779808,0.66976962820644,38.2632898372589,0.0450471082759084,0,0,0.0213089619231713,0,0,0,0.00050144359747506,0.00152110690597551,0,0.00610481124604811,0,0.987555279207585,0,0.5,0.85889225084602,0,0,0,0.505475621069919,0.585780911525032,0,0.510296536748156,0,0.53891957517266,0.999999994771737,1.43651885986674e-71,5.63648354796568e-191,5.22826285724235e-09,0,0,4.9985254522376e-120,9.42224946207383e-117,"Signature_3",0.999999994771737
0,1,1,0,1,1,1,0,0,0,0,0,0,0,0,1,0,0,0,1,0,2,0,2,1,0,0,2,1,1,0,1,6,0,1,1,1,4,0,0,2,3,0,3,2,2,1,3,0,1,1,1,1,0,0,0,0,0,0,0,0,2,0,0,3,0,4,1,1,0,0,0,1,0,1,2,2,1,3,2,1,1,0,0,0,0,0,0,0,0,0,0,0,2,0,1,"SIM-04080",0,0,0,0,0,78,0.145743358754172,0.264142394160774,4.32176314054725e-11,0.584663829816519,1.94670348461479e-05,4.78925727311805e-08,0,0.000101673480433222,0.00532921748125868,1.980357126343e-11,0,1.13164026051107e-08,"Signature_3_c4",0.584663829816519,TRUE,0.994549582774683,0.543159792819037,0.359710173007233,0.173952473152626,0.615816329413637,0.30706999988699,0.188685990799733,0.167874568347452,0.0192749773306709,0.0159709951750082,0.557706202576833,0.45631359010926,0.511466645530375,0.614818025125112,0.239201026880001,0.183945711305855,0.257423647099397,0.372379173688439,0.439827729200611,0.261027617072099,0.532492422432483,0.103717839418189,0.136343048788733,"Signature_5",0.615816329413637,"Signature_3.Signature_2.Signature_13.Signature_30.Signature_41c","32.5956144086717_1.5347356278156_0.558307870997264_24.4209553118658_19.2245459582968",-337.562402527388,0.745765959244519,32.5956144086717,0.0162829936178019,0,0,0,0.00108994707531063,0.000118835197594036,0,0,0,0.0294034248840093,0.0527422028730385,0,0.938266434801092,0,0.5,0,0.537488964321063,0.509663253860969,0,0,0,0.91927760845733,0.99652687678419,0,0.417892492418868,0.000181363374718226,1.10399256216986e-95,1.05869277896489e-187,0.999818636625282,0,0,4.06665854013942e-144,7.75551946969955e-74,"Signature_5",0.999818636625282
1,0,0,1,2,1,0,1,0,0,0,1,0,2,1,0,3,0,0,1,1,1,0,1,1,1,0,1,1,0,1,2,4,0,0,0,2,0,0,0,0,5,0,1,0,1,4,1,0,0,3,2,0,2,0,2,0,0,0,1,0,1,0,2,3,0,3,1,0,0,1,0,3,0,0,2,4,1,1,3,0,0,0,1,0,2,0,2,0,0,0,0,1,1,0,1,"SIM-04081",0,0,0,0,0,85,0.0214856005494032,0.934430236812083,2.82765110992199e-14,0.044022481096021,2.79429622591278e-05,3.2211349953547e-05,2.84936505012407e-17,1.41109838502179e-09,1.52581734917614e-06,1.71218129657525e-17,0,1.80428963817278e-12,"Signature_3_c2",0.934430236812083,TRUE,0.999938318457536,0.562272623265998,0.427702557546478,0.169775204678207,0.564252087499801,0.156745523462022,0.188586833613114,0.225627380711023,0.0708942825160586,0.169043841946119,0.351348168937214,0.534523291420939,0.507560339462427,0.372274498833639,0.215822505814611,0.190591059886069,0.288270047888482,0.395261419997936,0.459792781647011,0.23202344495448,0.279924447522645,0.0374357969934693,0.316575289816372,"Signature_5",0.564252087499801,"Signature_3.Signature_5.Signature_17b.Signature_30.Signature_41c","43.4151803488117_8.78964788715801_2.41806083647677_6.53911523708162_23.0369188274797",-373.846745441156,0.730327244409213,43.4151803488117,0.0244721823353822,0,0,0.000433038771599725,0,0,0,0,0.006768442832087,0.00146250350025801,0.0817766491604019,0,0.958595128753702,0,0.5,0.539263995891451,0,0,0,0,0.759107022539195,0.505104252021468,0.999898341527229,0,0.510766827633079,0.999999726140256,5.9923864192141e-91,7.35547453559959e-199,2.73859744232958e-07,0,0,1.95830908289683e-150,9.53314322110214e-131,"Signature_3",0.999999726140256
1,0,0,0,0,0,0,0,2,0,0,0,0,1,0,0,0,0,0,0,0,0,0,0,0,0,0,0,0,0,0,2,0,0,0,0,0,0,3,1,0,0,0,1,0,0,1,0,0,0,0,0,0,0,0,0,0,0,0,0,0,0,0,0,0,0,0,2,1,0,1,0,0,0,0,0,1,1,1,1,0,0,0,0,0,0,0,1,0,0,0,0,1,1,0,0,"SIM-04126",0,0,0,0,0,23,0.0644730702391063,0.108180101025284,7.09015814897909e-05,0.168013700296177,0.0868082249615655,0.198430048183918,0.000121197641971622,0.0845578388166873,0.253221786424492,0.000604482361157015,0,0.0355186484681518,"Signature_clock_c2",0.253221786424492,FALSE,0.340737773142057,0.363243091869879,0.344655211080193,0.343088204431374,0.471013610550684,0.111493672943682,0.25843630449169,0.373067705885369,0.0677412850876079,0.173037696077317,0.207321964063377,0.260028697815476,0.267188752058057,0.160449299620223,0.179368724218219,0.0944838169403661,0.151570026175765,0.348389019955252,0.357671743819642,0.299004599519007,0.12532066220608,0.0153658270126772,0.183872695715974,"Signature_5",0.471013610550684,"Signature_1.Signature_13.Signature_18.Signature_17b.Signature_41c","4.19189362541011_3.03203745909741_7.25927411076181_1.51398913497563_5.34158701695891",-96.9935670959773,0.57676548939208,0,0,0,0.00472440722372125,0,0,0.0271432719171742,0.0222811488561048,0,0.00827543560425903,0,0.020719783538417,0,0,0,0.239044366421394,0,0,0.734589359899164,0.376642239040327,0,0.354150588642776,0,0.856853327833319,0,0,0.000110332159535116,3.2972244015423e-31,5.7337986660212e-38,0.999889667840465,0,0,2.67231046973422e-35,1.73197024543264e-35,"Signature_5",0.999889667840465
1,0,0,0,0,1,0,2,2,0,0,0,0,1,1,1,0,0,0,2,0,0,0,1,0,1,0,0,0,1,0,1,0,4,0,1,0,1,0,2,0,1,1,1,1,0,1,1,0,0,0,0,0,0,0,0,0,0,1,0,1,0,0,1,1,2,2,0,1,0,1,2,0,0,0,0,1,0,0,1,0,0,0,0,1,0,0,0,0,0,1,0,1,0,1,0,"SIM-04188",0,0,0,0,0,47,0.180529018838114,0.547254482191543,9.64332546960603e-08,0.269711893483825,0.00155823558194568,3.81762047365643e-05,4.0067675615018e-13,9.04912404956587e-05,0.00081267599619022,3.71764522007137e-09,0,4.92631184916257e-06,"Signature_3_c2",0.547254482191543,TRUE,0.997495490946737,0.543649218853929,0.471987096843163,0.180353794616359,0.573041843591277,0.212139728174409,0.169564502001846,0.357282761593724,0.247249701001711,0.0137608259197358,0.39229506013376,0.261688784594872,0.401989571613111,0.415280383493796,0.337375056920291,0.228957272786144,0.390596301841287,0.197804029957666,0.403102570282228,0.273980703663703,0.254977753524974,0.152963584440145,0.159508912223005,"Signature_5",0.573041843591277,"Signature_3.Signature_18.Signature_17a.Signature_30.Signature_41c","22.028945068128_5.88403877429634_3.10335426144174_8.27564564262229_5.91479235599614",-208.515871640529,0.625295871080061,22.028945068128,0.0136443348957755,0,0,0,0,0,0.00375982389120944,0.00969533767189568,0,0.00375982389120944,0.0106167497892585,0,0.810235475662943,0,0.5,0,0,0,0.675126649873294,0.677255563595166,0,0.675126649873294,0.811968992160733,0,0.468700958896341,0.975969789780962,4.36907923329541e-41,2.40833390301702e-106,0.0240302102190383,0,0,8.40132095370149e-74,1.27109241530413e-58,"Signature_3",0.975969789780962
0,0,0,1,0,0,0,0,1,0,0,0,1,1,0,0,0,0,0,0,0,1,0,0,0,0,0,0,0,1,0,1,2,1,0,0,1,0,1,1,1,0,2,1,2,2,0,2,0,0,0,0,1,0,0,0,0,0,0,0,0,0,0,1,3,1,0,4,0,2,5,0,0,0,1,0,2,0,1,1,0,1,0,1,0,1,0,0,0,0,0,0,0,0,0,2,"SIM-04195",0,0,0,0,0,50,0.00217983297351844,0.00348007107548396,5.71879549347189e-09,0.00953116900810361,6.28154255054717e-05,0.982743550839745,6.1539790513392e-09,0.000205895736613722,0.0017962694971312,3.94231074470893e-08,0,3.4414801675467e-07,"Signature_17_c1",0.982743550839745,FALSE,0.0151910787759015,0.428854910841473,0.355707477672874,0.227017845546328,0.578048004666679,0.325700571775241,0.182169323223128,0.201844416802513,0.21984280062073,0.05051467738122,0.397134483626117,0.437895739450329,0.438818697653563,0.391975045523764,0.281136115599469,0.259825326308844,0.181197909607086,0.261858909251321,0.512888071752511,0.495404787575519,0.291066071124954,0.0517133240496012,0.0601174632653342,"Signature_5",0.578048004666679,"Signature_5.Signature_2.Signature_13.Signature_17a.Signature_41c","33.2221555682358_4.78151910376609_0.961461673318857_2.38198170962413_12.005873464113",-209.856811598856,0.687666001105659,0,0,0,0,0.0373348889637195,0.0242924886765125,0.000991791665735819,0,0.00801474754361142,0,0,0.057051716642572,0,0,0,0.5,0.982435785301142,0.836952666475516,0.530180989425696,0,0.743341361841492,0,0,0.996697129383188,0,0,8.96947241914857e-12,9.13326643671088e-64,8.00051269885692e-107,0.999999999991031,0,0,6.5860421571613e-94,9.65465747701557e-70,"Signature_5",0.999999999991031
0,0,0,1,2,0,0,1,1,2,0,0,1,0,0,0,1,1,0,1,0,1,0,1,1,0,1,0,0,0,0,1,3,0,0,1,0,3,1,2,1,3,2,1,0,1,1,0,0,1,2,0,2,0,0,0,0,0,0,0,0,1,0,2,1,1,1,1,3,0,1,0,2,1,1,1,1,0,3,2,0,0,2,0,1,1,1,0,0,0,0,0,0,0,1,1,"SIM-04196",0,0,0,0,0,69,0.00708168970140753,0.980649345153706,1.01464887125224e-15,0.0119852056994034,1.45162410370812e-05,6.93131872176904e-09,3.55437112273484e-21,1.09325229533062e-07,0.000269105774459078,2.70453592520343e-17,0,2.11734375822349e-08,"Signature_3_c2",0.980649345153706,TRUE,0.999716240554518,0.55668059854004,0.480574475554233,0.268136362002732,0.669148831105734,0.0783367615265582,0.100296274419867,0.282977280473659,0.0516786178577657,0.0277757493140339,0.475969197391033,0.40684290060128,0.51847914435848,0.481246428218963,0.377806256023159,0.354419598114498,0.333720876070268,0.461750385492772,0.553644049681762,0.322987232979016,0.363532828338667,0.0536658214166402,0.126558884816064,"Signature_5",0.669148831105734,"Signature_3.Signature_5.Signature_30.Signature_41c.Signature_41b","13.4258796418671_36.0208358218147_4.87050184129377_10.2776469375186_0.429515396435532",-307.972878628325,0.71293400237222,13.4258796418671,0.00565970226798684,0,0,0.0228260632976369,0,0,0,0,0,0.00267637799270071,0.0219272475265135,1.04250357383373e-05,0.614435839997517,0,0,0.897423678475288,0,0,0,0,0,0.5028748687896,0.939100005708468,0.498073987205151,0.194577965824161,0.327107295803962,2.40034116196035e-67,9.91687554083339e-156,0.672892704196038,0,0,1.98108377730491e-122,2.83748147604675e-86,"Signature_5",0.672892704196038
1,0,1,2,1,2,1,1,1,2,1,1,0,0,0,0,1,2,1,1,0,0,1,1,1,0,0,1,0,1,0,2,6,1,1,2,0,2,1,1,1,2,0,1,0,4,2,1,1,0,0,1,0,1,0,0,0,0,1,0,0,0,0,1,6,2,1,8,1,4,0,1,0,1,0,2,1,0,1,1,0,0,1,0,0,0,0,0,0,0,0,0,0,1,0,2,"SIM-04207",0,0,0,0,0,89,0.008313298340998,0.97568341992123,6.09390640105338e-17,0.0159853096010463,2.6215422724933e-06,6.72585337232981e-10,5.19596005281266e-27,6.06234196966022e-09,1.53438316860835e-05,3.30022363164891e-19,0,2.78393783846083e-11,"Signature_3_c2",0.97568341992123,TRUE,0.999982027863275,0.556543325416764,0.452413077174126,0.191976212396917,0.589066830205154,0.147032116368629,0.131320412668129,0.23767775586336,0.187532319522424,0.0263826902615157,0.421949519480605,0.511275242938323,0.436526118158419,0.428308959182599,0.230490009337194,0.135273320566447,0.268915878740046,0.292068718636761,0.40497617147124,0.137696853122539,0.339277110351737,0.0277465964732409,0.165909698660832,"Signature_5",0.589066830205154,"Signature_3.Signature_5.Signature_17a.Signature_30.Signature_41c","44.8172935954232_3.63088044526394_3.22756100831618_16.7432158083979_25.3590906143534",-383.081451526914,0.728254246801482,44.8172935954232,0.0253996961266442,0,0,3.27505930264316e-05,0,0,0,0.00534131930346371,0,0.0132192091973836,0.103292507904762,0,0.995032200906153,0,0.5,0.517910507590291,0,0,0,0.719387865913912,0,0.796314922196916,0.999995281083956,0,0.503565096577788,5.10212335314354e-05,4.19612833826169e-89,3.71344583604258e-188,0.999948978766469,0,0,7.36173964277656e-146,7.74519361369826e-122,"Signature_5",0.999948978766469
0,0,0,0,1,0,0,0,2,0,0,0,0,0,0,1,1,2,0,0,1,0,0,1,0,0,0,0,0,0,0,0,0,0,0,0,1,1,2,0,0,0,1,0,0,2,0,0,0,0,0,0,0,0,0,0,0,0,0,0,0,1,0,0,1,1,0,1,0,0,0,1,0,0,0,1,1,0,0,0,0,0,0,0,0,1,0,0,0,0,0,0,0,0,0,0,"SIM-04276",0,0,0,0,0,24,0.126453756208398,0.381451144888343,2.29914225536448e-05,0.218658651197896,0.0673883380022335,0.0017074115668532,1.93881558072611e-06,0.0302293178805882,0.160308542150673,3.24425551076298e-05,0,0.0137454653117728,"Signature_3_c2",0.381451144888343,TRUE,0.726586543717191,0.43803437831397,0.400759048189156,0.327572327659163,0.55092362769446,0.104598099349677,0.0399864376668085,0.46276590769704,0.171495218373309,0.0230855630651836,0.417838742668972,0.225133339928993,0.301925419322338,0.294969733962234,0.284220887100755,0.222102866701076,0.153785690465465,0.296034577860607,0.342680765205902,0.168663997849004,0.0724090994825567,0.193978689684108,0.0481359735935494,"Signature_5",0.55092362769446,"Signature_5.Signature_18.Signature_17a.Signature_30.Signature_41c","7.17860435886231_8.28817522532255_1.39121163907766_5.81768643048264_3.33289924767006",-103.744104175914,0.620088557772178,0,0,0,0,0.00138751287376837,0,0,0.0588126840391512,0.00871803331904586,0,0.0144177852770589,0.0164598463134934,0,0.5,0,0.5,0.996063535944252,0,0,0.31318292097739,0.394044764299185,0,0.192296472102671,0.442263610580269,0,0,0.244320598928703,3.26282790731692e-23,2.35497304252798e-50,0.755679401071297,0,0,5.52197454336905e-32,5.3762641112387e-32,"Signature_5",0.755679401071297
0,2,0,0,3,0,0,2,1,0,1,2,0,0,0,2,0,0,0,0,0,2,1,1,0,1,0,2,2,0,0,1,3,0,0,1,1,0,1,1,1,0,1,1,1,1,2,1,2,0,0,0,0,1,0,0,1,0,0,1,1,0,1,1,6,0,1,2,0,2,1,4,1,0,1,0,2,0,1,0,0,1,0,0,0,1,0,1,1,0,1,1,0,0,1,2,"SIM-04323",0,0,0,0,0,76,0.031149546793047,0.847212386194275,8.68746354363113e-13,0.0868108599368072,0.000193355376970319,0.0346332745291843,2.25569775831772e-15,5.2140185604447e-09,5.71916159082576e-07,6.85310750159534e-16,0,3.86665849551615e-11,"Signature_3_c2",0.847212386194275,TRUE,0.965172792924998,0.581195568525238,0.53210040635047,0.20062091850009,0.58785339128584,0.199483438719719,0.206664341806578,0.385065259187333,0.382029899494336,0.136237154297647,0.289446676877635,0.500338173633858,0.492035027824259,0.277745608761792,0.284298184611969,0.167255148117914,0.290123106776513,0.270700257334628,0.423709459246008,0.259170150012742,0.276758053082587,0.188235789590817,0.208290429776838,"Signature_5",0.58785339128584,"Signature_3.Signature_2.Signature_18.Signature_17a.Signature_41c","33.4939972898775_2.82390498685111_11.2962735310687_8.01771794319556_20.0718323062448",-332.154786114917,0.781488251610126,33.4939972898775,0.0123765466139889,0,0,0,0.00317062561647652,0,0.0122829456490408,0.05002240719546,0,0,0.0855135237262874,0,0.968720162151156,0,0.5,0,0.657358745017587,0,0.84141915535483,0.989593784223591,0,0,0.999721905454713,0,0.440710490656282,0.999620951422177,1.25294448928061e-62,3.08083559049279e-176,0.000379048577822995,0,0,2.53394073539201e-114,1.83710213077923e-125,"Signature_3",0.999620951422177
0,1,1,0,0,0,0,0,0,0,0,2,0,2,0,0,2,1,0,0,0,1,1,0,0,1,0,0,0,0,0,0,1,0,1,0,1,3,0,0,3,1,0,1,0,1,0,0,1,0,1,0,0,0,1,0,0,0,0,0,0,0,0,1,1,1,0,2,2,1,0,0,0,0,0,0,1,0,1,0,0,0,0,1,1,0,0,1,0,0,0,0,1,1,1,0,"SIM-04362",0,0,0,0,0,43,0.0525733338029121,0.882669418791334,4.67968539041751e-10,0.0564023087108121,0.00334288235588409,4.55982431921647e-05,1.20735214743123e-11,3.11574310283731e-05,0.00493071066138341,1.83885009194334e-11,0,4.58950502305311e-06,"Signature_3_c2",0.882669418791334,TRUE,0.991645061773027,0.510583163538116,0.348498084770768,0.16438062112313,0.55396873454109,0.0540195350608372,0.0312302264478761,0.202092137823365,0.0759034269805564,0.136206501742504,0.465593270857877,0.304761486586844,0.344980843490643,0.485169705645491,0.263978518974861,0.153986430110815,0.172044775976307,0.208823216841415,0.274451852763117,0.0720445183381177,0.433471635392865,0.0256561642707136,0.0223135598286136,"Signature_5",0.55396873454109,"Signature_3.Signature_5.Signature_17b.Signature_30.Signature_41c","19.296555419632_4.91370267500204_1.04907980295473_10.1879808831488_6.36628928022869",-191.57236649544,0.621000200341216,19.296555419632,0.0255774700356109,0,0,0.00100004939390763,0,0,0,0,0.00511514966268345,0.0250313035008422,0.0296265084527622,0,0.795510469037537,0,0.5,0.49168387074846,0,0,0,0,0.608163196890919,0.77803755726293,0.973352632815691,0,0.44875710278214,0.999860566634774,2.40842117533183e-53,4.4512912382048e-101,0.000139433365226421,0,0,4.79223528309029e-81,5.39980418962032e-54,"Signature_3",0.999860566634774
1,1,0,0,1,2,0,0,2,0,0,1,1,1,0,2,1,0,0,1,1,1,1,1,0,3,0,2,2,1,0,2,5,1,1,3,2,1,3,1,1,3,2,2,0,2,2,1,0,1,1,1,0,2,2,0,0,0,0,1,1,0,1,0,3,0,5,7,2,1,5,2,2,0,0,0,1,1,1,1,0,1,1,0,0,0,1,0,0,0,1,0,1,0,1,0,"SIM-04365",0,0,0,0,0,105,0.0148228490331115,0.918123160407934,9.10034477739517e-18,0.0670474605574547,1.67465985334589e-07,1.16884447453309e-10,2.58868567900023e-29,2.00737364655529e-09,6.36040665517184e-06,1.61292101377174e-20,0,4.60144275960837e-12,"Signature_3_c2",0.918123160407934,TRUE,0.9999934699985,0.647623247746952,0.555137703567915,0.323725957051133,0.746448797133209,0.139556444927529,0.215948865408747,0.338735577490358,0.239470494472072,0.0162460228674844,0.44777539457979,0.408977120880157,0.502123271279033,0.455116851112254,0.331795580152375,0.278684395591472,0.297878797815847,0.393324915016981,0.593077848787252,0.50230308506413,0.36862202023437,0.161843222325983,0.165971050486289,"Signature_5",0.746448797133209,"Signature_3.Signature_5.Signature_13.Signature_17a.Signature_41c","19.6149530886096_71.166985281901_3.38307921811166_2.33010057055402_13.8430687578496",-455.40442200194,0.790461570714914,19.6149530886096,0.00443495130595273,0,0,0.0362994994875079,0,0.00406577937110708,0,0.0025687985372147,0,0,0.0257423628410153,0,0.72223765938273,0,0.5,0.989436795316056,0,0.745554070953647,0,0.583061116917535,0,0,0.955831032530389,0,0.186809077034378,4.33137119450786e-05,4.64897452255831e-104,1.73444725800122e-219,0.999956686288055,0,0,4.72037819553847e-177,9.98607074660731e-143,"Signature_5",0.999956686288055
2,1,0,0,2,2,0,0,1,0,0,1,1,0,0,1,2,0,0,1,1,1,0,3,2,0,0,0,1,2,0,3,1,2,0,0,2,1,3,3,1,3,0,0,0,3,1,1,0,0,4,0,0,0,0,0,0,2,1,1,2,0,3,3,4,1,3,1,1,0,0,1,0,2,1,0,2,0,0,3,0,0,0,3,0,1,1,1,0,0,2,0,2,0,0,0,"SIM-04384",0,0,0,0,0,93,0.126366053752315,0.775364623025171,1.5186257666307e-14,0.0982687480184209,5.44097249202489e-07,7.77640723206388e-09,0,1.25622585031706e-10,2.32047805363681e-08,1.13708446027938e-18,0,1.89342310088493e-14,"Signature_3_c2",0.775364623025171,TRUE,0.999999424795922,0.656719221411631,0.492502876669528,0.208485451388241,0.628012956117411,0.152840040403011,0.25609538107501,0.308443132710623,0.0894213752292752,0.0957713166717323,0.441833792085934,0.409647659017975,0.497345618443077,0.427097285828552,0.214158157732095,0.158581738510678,0.232440022048962,0.343792331768638,0.378640257452333,0.245907202347607,0.207132173326363,0.0991535545649663,0.107377573726066,"Signature_3",0.656719221411631,"Signature_3.Signature_5.Signature_13.Signature_30.Signature_41c","54.4488000693937_9.68947226023083_2.23348881180526_10.6350193810637_15.9174565400466",-414.070221709418,0.740664680216236,54.4488000693937,0.041951918468675,0,0,0.000455082114300343,0,0.00198854978965912,0,0,0,0.00652490999163147,0.0311653181568107,0,0.995687431826496,0,0.5,0.505463488266612,0,0.498447368652336,0,0,0,0.667723970374512,0.916972815523249,0,0.585470968488104,0.999999999999999,3.96191564809253e-93,2.16026603447817e-232,1.14832072666044e-15,0,1.85824223783614e-292,3.95085383802335e-161,1.33679400248517e-137,"Signature_3",0.999999999999999
2,1,0,0,1,0,0,0,1,0,0,0,1,1,0,1,0,0,0,0,1,0,1,4,3,1,1,0,1,1,0,2,3,3,1,2,4,3,1,2,3,3,2,3,3,0,0,1,1,1,2,1,0,1,2,0,1,0,0,0,0,0,0,1,3,1,2,3,1,1,1,1,0,0,1,0,1,1,3,0,0,1,1,1,0,0,2,0,0,0,0,0,0,0,2,4,"SIM-04418",0,0,0,0,0,97,0.123214643590578,0.694611296643607,5.25439541891526e-15,0.182157804135899,1.31078718452161e-06,7.36234636487546e-08,4.11487271908074e-23,4.30781069101127e-08,1.48281344987507e-05,1.23053957898499e-17,0,6.65645451713075e-12,"Signature_3_c2",0.694611296643607,TRUE,0.99998374437009,0.660603131434928,0.483817163807208,0.256971448666477,0.724139469134429,0.256548021581469,0.239013952921941,0.259707738303185,0.134865031088152,0.0536711046403641,0.594949622755452,0.350275471331938,0.49154078622789,0.627031661902457,0.341099382721251,0.303316256925392,0.244770420190488,0.295508866317981,0.442624597797846,0.281542003420885,0.509684343339147,0.113907228568183,0.0506774389387726,"Signature_5",0.724139469134429,"Signature_3.Signature_5.Signature_13.Signature_30.Signature_41c","37.094539510782_27.1352255328471_2.2878452712495_19.2787037818099_11.6976811548004",-425.046675129105,0.784208585655808,37.094539510782,0.0183613715545754,0,0,0.00621564663717322,0,0.00225843312911322,0,0,0,0.0173639569791837,0.0177277658338789,0,0.828875178647459,0,0.5,0.75537313730179,0,0.60206761119465,0,0,0,0.902352266231558,0.909939615442269,0,0.382417933100845,0.986307250502713,1.49142334523989e-106,1.20165250597867e-222,0.0136927494972871,0,0,2.82101378962638e-163,5.33353897620332e-96,"Signature_3",0.986307250502713
1,0,0,1,1,0,0,0,0,1,0,0,0,1,0,1,1,2,0,1,1,1,0,1,0,1,0,1,0,2,1,1,0,0,0,4,1,0,4,3,1,2,1,1,1,2,0,1,0,0,3,0,0,0,1,0,0,0,0,0,0,0,1,1,3,2,2,5,1,0,1,1,0,0,2,0,1,0,0,1,0,0,0,0,0,1,0,1,0,0,0,0,0,0,0,0,"SIM-04468",0,0,0,0,0,67,0.0921548762382861,0.70311046722217,5.21898988939395e-11,0.204086730566645,9.47775627414097e-05,1.60720179896687e-08,0,3.76795901930965e-06,0.0005493522888756,1.6374140074794e-12,0,1.20364170351323e-08,"Signature_3_c2",0.70311046722217,TRUE,0.999352074079291,0.579337512778784,0.466683128915221,0.289493774994116,0.67295251445448,0.185691143744668,0.150486427470939,0.244659544285522,0.118156703097157,0.094663459561831,0.40655743882362,0.35675466412361,0.359943832863333,0.423198288989863,0.291840916511339,0.222455763660448,0.195435839498975,0.379742657596093,0.459754271619877,0.358228749467694,0.280493488062559,0.109728202719502,0.0452425464329496,"Signature_5",0.67295251445448,"Signature_3.Signature_5.Signature_2.Signature_17b.Signature_41c","16.4331522462125_46.0540705654601_1.09742910904013_0.367702065698626_8.37598788022479",-289.443060145258,0.7039238875636,16.4331522462125,0.00590765233895907,0,0,0.0396741898493405,0.000718738505797067,0,0,0,0.000190264301910159,0,0.0227945741156287,0,0.599409747990955,0,0.5,0.993323935992145,0.524384594156429,0,0,0,0.509358905493481,0,0.778813791999102,0,0.245270929047948,0.000106015021850052,3.24722998463616e-68,3.93451233934572e-147,0.99989398497815,0,0,3.15502922784522e-114,1.33389914032462e-91,"Signature_5",0.99989398497815
0,0,0,0,0,0,1,0,0,0,0,0,0,0,0,0,1,0,0,0,0,1,0,2,0,0,0,0,0,0,0,1,1,3,0,2,3,3,1,2,1,3,0,2,1,2,0,1,1,0,1,0,0,0,0,0,0,0,0,1,0,0,0,1,1,0,1,0,1,2,1,1,2,0,1,0,1,0,3,1,0,1,0,0,0,1,0,1,0,0,0,0,0,0,0,2,"SIM-04472",0,0,0,0,0,55,0.0947639629011205,0.394690419733731,8.10754610269092e-10,0.23808693897298,0.00975230008089277,0.0771755734237016,3.31699289897264e-09,0.00176280100221715,0.183762102949572,1.15713712084962e-09,0,5.89565090079409e-06,"Signature_3_c2",0.394690419733731,TRUE,0.727541322418586,0.524625145576136,0.289637052460822,0.166320769385034,0.657883940106924,0.216389887432818,0.126420652110219,0.120043722203104,0.209946735421445,0.1397267243766,0.663900928471815,0.318399066067256,0.399989872379524,0.740561575841171,0.263199266162394,0.207416005472379,0.2329935261429,0.42061261720668,0.473720663433564,0.308227668221718,0.458848193919438,0.0271550945287895,0.056776159600676,"Signature_30b",0.740561575841171,"Signature_3.Signature_17a.Signature_17b.Signature_30.Signature_41c","15.840541342113_3.20035043046717_1.30960819678798_26.6832553237683_9.13749432820338",-231.674157814242,0.766171157623254,15.840541342113,0.00918227678856953,0,0,0,0,0,0,0.0127170653534965,0.00416414398992071,0.084126097115489,0.0329572954030631,0,0.686172173337375,0,0.5,0,0,0,0,0.878651480328451,0.679844982676368,0.991154749047579,0.998794830819505,0,0.288009842583873,0.000101484226641803,2.8052853437199e-82,1.78102002397935e-131,0.999898515773358,0,0,2.00352665390086e-107,1.08175494489879e-43,"Signature_5",0.999898515773358
0,2,0,0,1,2,0,1,1,1,1,1,0,2,0,1,0,0,0,0,0,1,0,2,0,2,1,0,1,0,0,2,0,1,0,1,1,2,1,1,1,0,0,3,1,2,1,3,0,1,0,1,1,0,1,0,0,0,0,0,0,0,0,1,1,1,0,1,1,1,2,1,2,2,0,0,2,0,0,1,1,0,0,0,0,0,0,1,1,0,1,0,0,0,0,3,"SIM-04479",0,0,0,0,0,67,0.267197188360545,0.438473696522412,6.0473681935426e-09,0.293309069408409,0.00038103942315803,0.000624816106488425,1.92913323043602e-14,2.39292225698098e-06,1.17895681385301e-05,2.07081010244507e-11,0,1.6204965219461e-09,"Signature_3_c2",0.438473696522412,TRUE,0.998979960338734,0.664242390454592,0.534977892490795,0.171296775808605,0.634951120905222,0.327675306759199,0.274512179028152,0.347735756429685,0.197747244072074,0.140789227537924,0.437412234484554,0.345804362916254,0.442559954665861,0.462677653025333,0.269858243001808,0.154909346083641,0.309676274603745,0.377887108711665,0.474520523128356,0.216483131646934,0.345906817296009,0.136751941191589,0.184067392795643,"Signature_3",0.664242390454592,"Signature_3.Signature_5.Signature_2.Signature_17b.Signature_41c","37.8718924717155_16.3123747133125_4.52327319102199_1.15406204205111_7.91056213132958",-296.450000258583,0.743833024739707,37.8718924717155,0.0378290079808425,0,0,0.00610605636452133,0.0176598191216558,0,0,0,0.00139450957534704,0,0.0193947528814992,0,0.896507996129623,0,0.5,0.657021038338532,0.872106997059326,0,0,0,0.520843506115502,0,0.945607486530567,0,0.565252126443515,0.999999983429128,2.60644540623177e-63,9.44893052466081e-163,1.65708720383961e-08,0,0,2.26799687529064e-108,2.55024178514731e-95,"Signature_3",0.999999983429128
1,0,0,0,0,0,0,2,2,0,0,0,0,2,0,1,0,1,0,1,2,1,0,0,0,0,0,0,2,2,0,0,0,2,0,1,1,1,2,1,5,2,1,1,2,1,1,4,0,0,2,0,0,0,0,0,0,0,0,1,0,0,0,0,5,0,2,4,1,3,1,0,1,1,1,3,0,0,0,0,0,0,3,0,1,0,1,2,0,0,1,2,0,0,0,0,"SIM-04506",0,0,0,0,0,77,0.19460076179326,0.419993366797105,8.59866827193003e-10,0.383142344589845,0.00011877306544172,0.00206617479783015,5.35130201352255e-14,5.39946997320259e-06,7.31779109462876e-05,2.52882484754821e-11,0,6.90389781021866e-10,"Signature_3_c2",0.419993366797105,TRUE,0.997736474040077,0.539678205088221,0.409248727619581,0.225998694581995,0.627493209522955,0.32047902791106,0.199305073733862,0.282422708919663,0.132907259972205,0.177503132733351,0.459599043820375,0.34678180772801,0.285782085102409,0.469850619245839,0.337840619223947,0.234191748334011,0.300858699690392,0.403754315430444,0.512197804688038,0.262304377892084,0.417490740128729,0.109451020300297,0.136118352670709,"Signature_5",0.627493209522955,"Signature_3.Signature_5.Signature_2.Signature_17b.Signature_41c","15.9398632897643_44.5978179292568_6.00357034385526_2.48511432400731_10.0493295564724",-335.490600716661,0.694332756587832,15.9398632897643,0.00370753526181222,0,0,0.0274057466150504,0.0208674576780712,0,0,0,0.00877808238432964,0,0.0253376988556611,0,0.442930662391701,0,0.5,0.94313168830105,0.880005531043752,0,0,0,0.823857640266654,0,0.74292334861599,0,0.20701121155538,0.0162689278643737,1.84018918673979e-82,1.05422017036354e-174,0.983731072135626,0,0,8.13594738777572e-126,2.3327726376676e-86,"Signature_5",0.983731072135626
1,0,0,0,0,2,1,2,1,0,0,0,0,0,0,1,0,0,0,0,2,0,0,0,0,0,0,0,4,0,1,1,2,0,0,3,0,3,0,4,2,2,0,0,0,2,0,0,0,1,0,0,0,0,2,0,0,0,0,2,0,0,0,0,2,0,3,1,0,1,0,1,0,2,0,2,0,1,2,0,2,0,0,0,1,0,0,1,0,0,0,0,1,0,2,0,"SIM-04518",0,0,0,0,0,61,0.401006385514513,0.422933575934405,1.08094496604826e-08,0.176034144925913,1.79124360876263e-05,3.38775272924617e-06,0,4.25167095495673e-07,4.15705499840517e-06,1.39779017812643e-11,0,3.90830123747742e-10,"Signature_3_c2",0.422933575934405,TRUE,0.999974117184281,0.526296013701506,0.414564827092093,0.0946147276609713,0.539946559587264,0.0980435169020785,0.298744867338812,0.217729558321681,0.140861897848719,0.0939491028839491,0.429827394200072,0.226197700659096,0.350717513038361,0.487501329601739,0.242740400011661,0.143469011989997,0.367300620703622,0.300341668622778,0.382251983156363,0.22470300746164,0.361664896580462,0.105792488559083,0.0300805217648816,"Signature_5",0.539946559587264,"Signature_3.Signature_5.Signature_13.Signature_30.Signature_41c","20.7807818483015_19.0698645673371_4.7094299189762_8.50787546540551_4.98903722058597",-273.484976414735,0.60749991190362,20.7807818483015,0.0105191019971218,0,0,0.00397996257041455,0,0.0195786234506902,0,0,0,0.00750091981777357,0.00702583853475036,0,0.416700168972983,0,0.5,0.644795203716268,0,0.932651112772854,0,0,0,0.640298415270391,0.603558559502243,0,0.340668554890188,0.99999991361002,4.10105816213689e-65,6.49561883498088e-156,8.63899804451751e-08,0,0,1.99056502537062e-108,1.64962194908337e-69,"Signature_3",0.99999991361002
1,0,0,0,0,1,0,0,0,1,0,0,0,0,0,0,0,0,0,0,0,0,0,1,1,0,0,1,0,0,0,0,0,0,0,1,0,1,0,1,2,0,0,1,0,1,1,1,0,0,1,0,0,2,0,0,0,0,0,0,0,0,1,0,1,0,1,1,1,0,0,0,1,0,0,0,0,0,1,0,0,0,0,0,0,0,0,0,0,0,0,0,0,1,2,2,"SIM-04535",0,0,0,0,0,30,0.145224583613301,0.711364526721373,1.90264515051299e-06,0.129966941984621,0.00464185674322614,0.00386495642419825,5.09960956490272e-08,0.000301480841696696,0.00459524897286101,9.96668963786142e-08,0,3.83513905811639e-05,"Signature_3_c2",0.711364526721373,TRUE,0.986557954964445,0.483279253531553,0.352809958059018,0.119818298860766,0.475697099839688,0.161877027482392,0.0344950323158827,0.119274368046939,0.0456702011267899,0.0492209309141269,0.354918096620734,0.280112776951439,0.328772724409323,0.389772032617316,0.162782479350312,0.100286283295595,0.184221300747121,0.22443485945584,0.307046205835685,0.150406920974496,0.389427953191443,0.0214010823010643,0.21732084257927,"Signature_3",0.483279253531553,"Signature_3.Signature_5.Signature_2.Signature_30.Signature_41c","17.5239377558557_2.66530903305666_0.0931147342878933_4.34357257610325_4.43370170108294",-133.595861185119,0.54398838264633,17.5239377558557,0.0402829613420493,0,0,0.000532150655971897,2.95853186076389e-05,0,0,0,0,0.00650015982313079,0.0248623107092681,0,0.896241693327887,0,0,0.498179022596221,0.503284039024011,0,0,0,0,0.577287849905922,0.83596188205377,0,0.584131258528522,0.99774583381218,6.14755893450281e-34,1.26385183622586e-77,0.00225416618782013,0,0,1.48821228124882e-58,3.78945053378141e-38,"Signature_3",0.99774583381218
0,0,0,0,0,0,0,1,1,2,0,0,0,0,0,0,1,0,0,1,0,0,0,1,0,0,0,1,0,2,0,1,4,2,0,2,0,2,2,1,0,4,0,2,3,1,0,3,0,0,0,0,0,0,0,1,1,0,0,0,0,0,0,0,3,0,2,2,0,0,0,0,3,0,0,1,1,2,0,0,0,0,0,2,0,1,1,3,0,0,0,0,1,1,2,3,"SIM-04569",0,0,0,0,0,67,0.0254372718734638,0.0276898769182834,2.65807779308924e-10,0.0410807026469373,0.000703525677048306,0.904999909280665,3.13922412775833e-06,3.04096993433273e-06,8.25328161201883e-05,3.35694827536008e-11,0,2.9404295595905e-10,"Signature_17_c1",0.904999909280665,FALSE,0.0942078517044924,0.507480904633698,0.342715888647103,0.180128998417716,0.586343245508837,0.357843862280389,0.179062980799242,0.173863323865038,0.0330908474463117,0.294103695564439,0.540933215357844,0.382926165858268,0.360237148730465,0.564405235777896,0.277084507415041,0.203669486322481,0.2790987237209,0.410826962342441,0.457945347427648,0.190661910761502,0.416217499310045,0.0382265933280687,0.072121158763772,"Signature_5",0.586343245508837,"Signature_3.Signature_2.Signature_17b.Signature_30.Signature_41c","25.6686108370626_3.8429191318123_4.87454934323501_19.3296189690301_14.0671060466477",-283.197398936375,0.736718526933893,25.6686108370626,0.0107924804041207,0,0,0,0.00902737364887951,0,0,0,0.0397113631631087,0.0181677796884605,0.0513625846449071,0,0.891311312485463,0,0.5,0,0.591229046889199,0,0,0,0.996023575282937,0.974439375612106,0.999261357280116,0,0.383113594583023,0.00111650565857675,2.81502382804392e-85,5.70849610501738e-157,0.998883494341423,0,0,7.68357195674878e-125,8.48627218079297e-56,"Signature_5",0.998883494341423
1,0,0,1,0,0,0,0,0,0,0,0,1,0,0,1,0,0,0,0,0,0,0,1,0,0,0,0,0,1,0,0,3,0,0,0,1,1,0,1,1,0,1,1,2,1,1,1,0,1,3,0,0,0,0,0,0,0,0,0,0,0,0,0,3,2,1,4,0,0,3,1,1,0,1,0,0,0,1,0,0,0,0,0,0,0,0,0,0,0,0,0,0,1,0,1,"SIM-04574",0,0,0,0,0,43,0.030953929808711,0.147878998531594,4.69136820843041e-07,0.262005101771612,0.00778433019246477,0.0213693997481254,0,0.0232344051133436,0.506435103578173,2.5324609873341e-06,0,0.000335729658168139,"Signature_clock_c2",0.506435103578173,FALSE,0.440838499248738,0.412371815946149,0.364326749080992,0.170173470466159,0.56754723153573,0.302438727264789,0.116367374645485,0.175094680574881,0.18876271088981,0.0253437025110471,0.390545296937211,0.37525810170214,0.406359492811664,0.416381653883931,0.207681611940861,0.181123111311626,0.153749633092145,0.284999107830641,0.488296057642481,0.404341465442872,0.33727186570826,0.149250224862293,0.153409155453372,"Signature_5",0.56754723153573,"Signature_5.Signature_2.Signature_17a.Signature_41c","31.594024229804_4.03780770542783_1.42347494119347_8.36750364299279",-181.120861535847,0.642129133092231,0,0,0,0,0.0480150283197244,0.0268039564423662,0,0,0.00383036440683959,0,0,0.0373625246268233,0,0,0,0.5,0.998960070657746,0.863375850424281,0,0,0.520588546014446,0,0,0.860936420166098,0,0,1.93003643877169e-13,2.96315706140483e-50,1.98244312642627e-96,0.999999999999807,0,0,5.7625710088466e-81,6.42860270972425e-58,"Signature_5",0.999999999999807
1,0,0,2,3,1,1,2,1,1,0,1,0,2,0,0,3,2,0,0,2,3,0,0,0,0,1,0,1,0,0,2,1,0,0,2,1,4,2,2,4,3,0,0,1,2,1,2,0,1,0,0,0,1,0,1,1,1,1,0,0,1,0,1,1,0,2,5,2,2,3,3,1,1,1,0,1,0,3,2,0,1,2,0,0,1,0,1,0,0,0,0,1,0,0,0,"SIM-04636",0,0,0,0,0,95,0.0313357666096004,0.951689027572058,1.64690817505765e-16,0.0169742723050066,5.55184092105931e-07,2.26093079662433e-07,0,1.88514919239142e-10,1.52047531080898e-07,2.42627803764015e-20,0,1.17041515454873e-13,"Signature_3_c2",0.951689027572058,TRUE,0.999999066486665,0.670852569567052,0.515099048863999,0.191702290985358,0.693984713763049,0.212982787258419,0.195095754747903,0.327669184724754,0.323330146861271,0.0875260214440383,0.47734635477743,0.298124732073517,0.419939619553853,0.514996930632344,0.292596897595397,0.177015493456588,0.369332948269228,0.39650112054847,0.492244068070929,0.385425741036888,0.366485162024398,0.0317378825467793,0.105098096009874,"Signature_5",0.693984713763049,"Signature_3.Signature_5.Signature_17a.Signature_30.Signature_41c","45.6619812778206_25.7948386268084_5.68942693952656_9.48346394659349_8.33565856904964",-420.661504351364,0.756217621806857,45.6619812778206,0.02772811997418,0,0,0.00562974929593485,0,0,0,0.0181766613060007,0,0.00222462182891736,0.0122028201875495,0,0.908195533220853,0,0.5,0.736343737517623,0,0,0,0.805376355319412,0,0.456196636480688,0.800646836775211,0,0.480652434503374,0.999999999985395,5.29696029127169e-102,1.60984916837484e-232,1.46051772593982e-11,0,0,3.69974819021777e-163,1.57729163442446e-144,"Signature_3",0.999999999985395
0,1,0,0,0,0,0,1,1,1,0,0,0,0,0,0,1,1,0,0,0,0,0,2,0,1,0,0,2,0,0,1,2,0,0,0,0,7,0,1,0,0,1,1,1,2,0,2,1,2,0,1,0,0,0,0,0,1,0,0,1,1,0,0,1,1,1,4,2,3,1,2,0,0,2,2,2,2,1,2,0,0,0,2,0,0,0,0,0,0,0,0,0,0,0,1,"SIM-04697",0,0,0,0,0,65,0.0986633040077846,0.354972008020853,1.31639007668588e-10,0.453772562074495,0.000110869776285881,0.0877815482544356,4.16179594435482e-12,8.63882009740907e-05,0.00461329252987492,8.39308379612205e-11,0,2.6915564865535e-08,"Signature_3_c4",0.453772562074495,TRUE,0.907407874234772,0.476113483864736,0.345975816909893,0.123331763216523,0.548231476793086,0.209609388531001,0.204313907734873,0.145647326087081,0.291836891251539,0.034855340694413,0.446066812199935,0.414542688951184,0.522288147430549,0.432762641263058,0.199507294958198,0.142552758392746,0.200042599481348,0.330138028064763,0.449972327395842,0.244977627509385,0.196128133704772,0.0265151236796388,0.0437185564128531,"Signature_5",0.548231476793086,"Signature_3.Signature_13.Signature_17a.Signature_30.Signature_41c","18.380135035616_2.80210141122558_6.34656106089748_19.2338999756722_16.4879763641326",-277.608881670692,0.682292626266921,18.380135035616,0.00649917476113959,0,0,0,0,0.00422276774141961,0,0.0325404589402477,0,0.0282976794419144,0.0304628679558163,0,0.632237741443768,0,0.5,0,0,0.725019807399182,0,0.990060091274378,0,0.656432822839438,0.999765864368054,0,0.282771308240246,0.217722772006804,3.1567142961755e-65,5.93778901441937e-152,0.782277227993196,0,0,3.01179184129409e-124,8.63235324630248e-84,"Signature_5",0.782277227993196
3,0,0,0,0,1,0,0,0,0,0,1,2,1,0,0,2,0,0,1,2,0,0,2,2,0,1,1,1,0,0,1,1,0,0,1,0,1,0,1,1,0,1,0,2,2,0,0,0,1,0,1,1,0,0,1,0,0,0,0,0,1,0,2,4,2,2,0,1,1,1,1,1,3,0,1,0,1,1,0,0,0,0,0,0,0,0,0,0,0,2,0,0,0,0,1,"SIM-04716",0,0,0,0,0,60,0.27083635005622,0.645564813515477,1.67192846947844e-09,0.0835968676748771,6.49286287568396e-07,1.20448503416032e-06,1.48601780412103e-17,5.53379215799074e-09,1.07767388970754e-07,1.1750302418483e-13,0,8.87738120072777e-12,"Signature_3_c2",0.645564813515477,TRUE,0.999998032918502,0.60758802589552,0.449349183837062,0.122945222003314,0.553375353235815,0.238255722077229,0.22681827269995,0.221814720421999,0.192467131799088,0.0238618355242453,0.312711197311734,0.389125838440371,0.475050957307227,0.296022011917786,0.185707366950276,0.176496726532454,0.154184309544559,0.322291337571328,0.477555880422613,0.254613111113682,0.189532000534661,0.0517455602932776,0.0291814841345372,"Signature_3",0.60758802589552,"Signature_3.Signature_5.Signature_2.Signature_17a.Signature_41c","39.4346195966965_6.64840626863292_2.83848802367091_1.497649840627_10.6685822598158",-263.994212408113,0.686007909489624,39.4346195966965,0.052768270248311,0,0,0.00119536852278901,0.00870420637200564,0,0,0.00278113483123055,0,0,0.0257281460086284,0,0.998803643482836,0,0.5,0.512219124224591,0.599073372593056,0,0,0.583371055334059,0,0,0.904205749857777,0,0.657243659944942,0.999999999740338,5.39375139050849e-53,7.44257631449139e-157,2.5966151908407e-10,0,0,1.6871586831787e-109,1.06109217653036e-105,"Signature_3",0.999999999740338
1,1,0,0,1,0,0,0,1,0,0,0,2,1,0,0,2,0,0,2,1,1,1,0,0,1,0,0,0,0,0,1,3,1,2,1,0,2,0,1,1,2,1,4,0,0,0,0,0,0,0,0,0,0,0,1,0,1,0,0,1,0,0,0,4,0,4,6,0,0,1,1,3,0,1,0,0,0,0,2,0,0,0,0,1,0,2,0,0,0,2,0,0,2,0,1,"SIM-04721",0,0,0,0,0,67,0.005253765504115,0.966069513328603,4.35059843385008e-15,0.0272130110609591,6.0864785831729e-06,8.18121746030466e-09,5.84421716169056e-18,2.03971039638754e-07,0.00145739312722781,7.46794129321199e-17,0,1.83482500233701e-08,"Signature_3_c2",0.966069513328603,TRUE,0.998536289893682,0.504732994052831,0.418478216180479,0.217277762076744,0.607751992335165,0.0342415944874938,0.0892075325338302,0.211138316437511,0.111821229957131,0.0248353011252067,0.314426770423525,0.462032403144249,0.392499756807322,0.388944996117466,0.257597489549852,0.235986888488751,0.200953247682498,0.361980401253761,0.511126420496804,0.307945688624759,0.399304089945573,0.0527373680358612,0.0309359118102304,"Signature_5",0.607751992335165,"Signature_3.Signature_5.Signature_41c","12.6067313700374_43.7560934924825_15.3644219215443",-287.639921707437,0.6821849507831,12.6067313700374,0.00392338710153728,0,0,0.0403972853461895,0,0,0,0,0,0,0.0698765295799653,0,0.68273290342035,0,0,0.985617226251704,0,0,0,0,0,0,0.995641523932925,0,0.18816016970205,0.000114790723766977,2.05584543120244e-68,4.92687773094799e-155,0.999885209276233,0,0,9.23714715460402e-123,2.04032661732304e-108,"Signature_5",0.999885209276233
2,0,0,0,1,3,0,1,0,0,0,0,0,0,0,0,0,0,1,0,2,2,1,0,0,0,0,0,0,0,0,2,3,1,0,1,0,0,0,2,1,3,0,1,0,2,2,3,3,0,2,0,0,0,0,0,0,0,0,0,0,0,0,1,2,2,4,4,0,0,0,1,2,2,1,2,1,3,1,2,1,0,0,1,0,0,2,0,0,0,0,1,1,1,0,1,"SIM-04771",0,0,0,0,0,75,0.0278271317157071,0.86539525799684,6.66854985945606e-14,0.106448855668703,8.46660762330261e-06,1.30452668365288e-05,1.36358728757316e-18,3.32199345746717e-07,0.000306910164036817,5.26030593025096e-15,0,3.808354901379e-10,"Signature_3_c2",0.86539525799684,TRUE,0.999671245381317,0.53602959075797,0.413934109531699,0.13556479255504,0.573506980891059,0.209656713552185,0.148695227144561,0.172289607594665,0.100146100042169,0.0414748248744106,0.381747918640625,0.442527663147634,0.442747532631258,0.419532180016378,0.211605255783123,0.173150487090228,0.321400619180598,0.442978091020672,0.540192929064528,0.26467992705062,0.324575707699429,0.036027838982783,0.211517472653903,"Signature_5",0.573506980891059,"Signature_3.Signature_5.Signature_2.Signature_30.Signature_41c","27.9976029078567_25.0978780888024_2.36236806764876_1.70078020639745_15.4502833547686",-331.094236899081,0.669740678349904,27.9976029078567,0.017999074250857,0,0,0.00883700571177481,0.00351247143750277,0,0,0,0,0.00018533884829397,0.0573457846376825,0,0.775743398391691,0,0,0.757845878245287,0.647165151658431,0,0,0,0,0.509466991666357,0.999660362700188,0,0.373301372104756,0.000756917954104602,1.51780116262621e-83,9.1497572531491e-177,0.999243082045895,0,0,2.19549947779536e-136,3.1965040541323e-99,"Signature_5",0.999243082045895
0,0,1,0,0,2,0,1,0,1,1,1,1,0,0,2,3,0,0,0,1,1,1,1,0,0,0,1,1,1,0,1,2,0,0,2,0,0,0,3,5,0,1,1,1,1,0,1,0,0,0,0,0,0,0,1,0,0,0,0,0,0,0,0,0,0,5,1,3,1,1,2,0,0,0,0,0,1,0,2,0,1,1,0,1,0,0,0,0,0,1,0,0,0,2,0,"SIM-04838",0,0,0,0,0,61,0.237257054166064,0.691458641036092,1.52961714659177e-09,0.0712809497860986,2.10685173416399e-06,6.51976487987687e-07,0,1.98060283478757e-08,5.74754213410806e-07,1.79936512121181e-13,0,9.34839984778631e-11,"Signature_3_c2",0.691458641036092,TRUE,0.999996646517872,0.588587271395947,0.422957440081595,0.128288049559617,0.563208944279148,0.172682394003647,0.192374922440834,0.233104113549542,0.237947204252267,0.0143006831640827,0.330337231264505,0.23032563069693,0.373336156855149,0.394257196236207,0.287875372196658,0.180576967814482,0.313733072653484,0.173040236848477,0.369779209765164,0.339569470951064,0.507030316625326,0.20439991657625,0.0392987811341557,"Signature_3",0.588587271395947,"Signature_3.Signature_5.Signature_2.Signature_17a.Signature_41c","36.8566990675319_19.1285403407302_1.26084002920188_2.5180999813618_4.14928159690231",-269.082991051665,0.628557574416323,36.8566990675319,0.0387414592353437,0,0,0.00984330819727797,0.00117855698450375,0,0,0.00760704485901198,0,0,0.00475217469898204,0,0.960051027277542,0,0.5,0.810151511355792,0.521344842823587,0,0,0.644273997401375,0,0,0.636964725630361,0,0.60420818143495,0.999999721016121,5.58088334408541e-66,1.76810937248289e-155,2.78983879456541e-07,0,0,5.64098912640927e-110,1.08983458105748e-90,"Signature_3",0.999999721016121
0,1,0,0,2,0,0,0,0,0,0,0,0,0,0,2,0,0,0,1,0,1,0,0,0,0,0,2,0,0,0,0,0,0,0,0,0,1,1,0,0,0,0,0,1,2,0,0,1,0,0,1,0,0,0,1,0,0,0,1,0,0,1,0,0,0,0,1,1,0,0,0,0,0,0,0,0,0,0,0,0,0,0,1,0,0,0,1,0,0,0,0,0,0,0,0,"SIM-04846",0,0,0,0,0,23,0.226027215379049,0.339357845266554,0.000487881508068259,0.197837700650756,0.124640703529742,0.109226984077984,2.12902823096717e-05,0.000882317312292948,0.0013789046754882,1.47235435877602e-05,0,0.000124433774167941,"Signature_3_c2",0.339357845266554,TRUE,0.763710642804427,0.445200434824079,0.428562002357975,0.140632275602686,0.392510890967026,0.244367588897426,0.0833482695166269,0.360549613090798,0.0424277247650388,0.193220918316541,0.336085132067112,0.194672219374271,0.325026622096853,0.267123920184271,0.139883890978893,0.0556951936267464,0.111706456365118,0.137131844584555,0.158357432179417,0.0682430565502599,0.0708669695909585,0.362256801648224,0.052359799626808,"Signature_3",0.445200434824079,"Signature_3.Signature_2.Signature_18.Signature_17b.Signature_41b","11.3239588578544_1.95103014941382_4.65784071354447_1.43986146180751_5.04477126569317",-99.3992568136988,0.540319858634897,11.3239588578544,0.0156933122212917,0,0,0,0.00336605914217114,0,0.0123986473589111,0,0.016214104179013,0,0,0.000962302741031373,0.833975416949885,0,0.5,0,0.544693575030429,0,0.407545574783013,0,0.754662192044293,0,0,0.445955568984553,0.492346037298019,0.999984271426954,3.87024918800618e-14,1.16519859865668e-63,1.57285730072473e-05,0,2.99080050357849e-67,2.76030416830276e-31,3.46386831051113e-36,"Signature_3",0.999984271426954
0,1,0,0,2,0,1,0,2,0,0,0,0,0,0,0,0,0,0,0,0,0,0,0,0,0,0,1,1,0,0,1,3,0,1,2,1,1,1,1,3,1,0,0,1,2,3,0,1,1,1,1,0,1,0,0,0,0,1,0,1,1,1,0,3,1,2,2,0,0,1,1,0,0,2,0,2,0,1,1,0,0,3,0,0,0,0,0,0,0,0,1,0,0,0,0,"SIM-04859",0,0,0,0,0,58,0.0303205264866824,0.658071696783966,5.87993510771725e-10,0.212428123446994,0.00571929713316869,3.25646007651912e-05,0,0.00218214647716122,0.0911703925925689,1.76539086100549e-09,0,7.52501253082567e-05,"Signature_3_c2",0.658071696783966,TRUE,0.900820347305637,0.499810233163527,0.446839809101126,0.282232281773255,0.621880095675273,0.238001906964858,0.18235219307212,0.316681615111868,0.136701645133617,0.0251232707328211,0.500040386473033,0.466916564651945,0.492796905350422,0.479512435998996,0.211727228209556,0.138860780666338,0.225850895124459,0.369482468951834,0.439106010814231,0.329372915081747,0.428222843766433,0.0163458025002216,0.311522273677309,"Signature_5",0.621880095675273,"Signature_5.Signature_13.Signature_18.Signature_30.Signature_41c","22.4198215754042_2.40320273013442_4.89612681944916_11.7001309714703_14.1817799363801",-251.944369592257,0.718828952360083,0,0,0,0,0.00296805618258555,0,0.00286280724728261,0.00384459595637143,0,0,0.0129310497585695,0.0618252531079166,0,0.5,0,0.5,0.845751232063374,0,0.744790780303982,0.601130180128777,0,0,0.643019388250619,0.953160463590676,0,0,2.78319630212912e-08,1.18846939730875e-61,2.28321839463691e-112,0.999999972168037,0,0,6.98710089975491e-94,2.21964390617674e-53,"Signature_5",0.999999972168037
0,1,0,0,1,1,0,0,1,0,0,1,0,0,0,0,0,0,0,0,0,0,1,0,0,0,0,0,0,1,0,0,0,0,0,0,1,0,2,0,1,3,0,0,0,0,0,1,0,0,0,0,0,0,0,1,0,0,0,0,0,0,0,0,0,1,2,0,0,0,0,1,0,0,0,0,0,1,0,0,0,0,0,0,1,0,0,0,0,0,0,0,0,1,0,0,"SIM-04904",0,0,0,0,0,23,0.14532062418892,0.48325229405542,5.32129884273998e-05,0.175153400782918,0.0844600062754272,0.0160298111136729,3.74701324041952e-07,0.0164446770008368,0.0699137345541551,2.12987414430284e-05,0,0.00935056559745552,"Signature_3_c2",0.48325229405542,TRUE,0.803779532015685,0.435322620725341,0.386606915647305,0.257132291745256,0.525434566133565,0.104331236661597,0.0550373844330715,0.362517551725469,0.191482468612346,0.0141095137667711,0.402909788087916,0.0437079412954107,0.230484395122757,0.398302589115634,0.301432804697454,0.254387785156906,0.316654384120894,0.373653568097434,0.352541475102202,0.312602065509095,0.271473692748806,0.0322037671245622,0.0400251794752108,"Signature_5",0.525434566133565,"Signature_3.Signature_5.Signature_18.Signature_17a.Signature_30","3.20078597717558_12.1070688106334_4.19586577537925_1.27228029223995_3.92264674955244",-97.921675167991,0.551762433230496,3.20078597717558,0.00151421579886701,0,0,0.0116606427382613,0,0,0.0167920041428506,0.00827625969310075,0,0.00772768139215207,0,0,0.512909622800708,0,0.5,0.648281031610637,0,0,0.731665976730296,0.639152771084773,0,0.639769479077779,0,0,0.139164607703286,0.765376205896199,5.51357924009461e-27,1.31592307919813e-50,0.234623794103801,0,0,5.07884627064413e-29,8.46752973427596e-21,"Signature_3",0.765376205896199
0,0,0,0,0,0,0,0,0,0,0,1,2,0,0,0,0,0,0,0,1,0,0,0,0,0,0,0,0,1,0,0,0,0,0,0,0,0,1,1,0,0,0,2,0,1,0,0,1,2,0,0,1,0,0,0,0,1,0,0,0,0,0,0,2,0,0,0,1,0,0,0,0,1,1,1,0,0,0,0,0,0,0,0,1,1,0,0,0,0,0,0,0,1,0,0,"SIM-04930",0,0,0,0,0,24,0.157045279508206,0.501141841838133,8.70657480700226e-05,0.241154896046768,0.0221018473862697,0.00459372523193669,2.24760719623175e-06,0.00801630911615588,0.0642167856702154,1.97232979548926e-05,0,0.00162027854909368,"Signature_3_c2",0.501141841838133,TRUE,0.899429083141178,0.335326315080376,0.298350217354322,0.139009585372114,0.413078257228573,0.0634550116383537,0.0858039491677606,0.204241141556403,0.0195400904153295,0.0181722822544761,0.221300614088447,0.292616598048169,0.278452836281426,0.237161106012334,0.18367100367422,0.131176213022258,0.0976771225989313,0.387338273201498,0.350520307808829,0.160029490401907,0.226202921576949,0.0676531699973258,0.0332547326969874,"Signature_5",0.413078257228573,"Signature_3.Signature_5.Signature_13.Signature_18.Signature_41c","1.792267332113_14.1015702827807_0.333304076664946_0.612867851227452_4.15945473520617",-110.883030289867,0.453967214730759,1.792267332113,0.000523495712026034,0,0,0.0308798245856228,0,0.000576531052580709,0.000461334000990077,0,0,0,0.0370522076267995,0,0.52074295615457,0,0.5,0.891991356369958,0,0.481363837738601,0.481120360369766,0,0,0,0.646182618195495,0,0.0746778055047082,0.633833697086354,3.22198055289293e-16,1.37036711876684e-64,0.366166302913646,0,0,3.13929237064199e-43,1.35888425393994e-32,"Signature_3",0.633833697086354
1,1,0,1,1,1,0,0,0,0,1,0,0,0,0,0,0,0,0,2,0,1,0,0,0,1,0,1,1,2,0,1,0,2,1,2,1,2,0,4,2,2,1,1,1,1,0,3,0,1,2,0,0,2,0,0,0,0,0,1,2,1,0,1,1,4,1,0,0,0,1,1,0,0,1,1,0,0,0,0,2,0,0,1,0,0,0,0,2,0,0,0,2,0,0,0,"SIM-04958",0,0,0,0,0,65,0.277129903332513,0.454806687982125,1.00864752023986e-09,0.267985035907892,5.70035100945824e-05,7.26077184175277e-08,0,2.402290973034e-06,1.88923283700883e-05,7.81132517211187e-12,0,1.02385520408784e-09,"Signature_3_c2",0.454806687982125,TRUE,0.999921628231177,0.571355101831776,0.459156886166356,0.197191890197281,0.591085057361324,0.259441740386169,0.210941117026437,0.166264459808474,0.139934983013609,0.0147180546329672,0.513511685961001,0.158359567932192,0.365968667141654,0.555145748858969,0.284248541020109,0.234322905786984,0.221871181258325,0.271296668395633,0.374812440460278,0.2070344619419,0.372913667845751,0.0362916812276993,0.0545830103827144,"Signature_5",0.591085057361324,"Signature_3.Signature_5.Signature_13.Signature_30.Signature_41b","29.9932932292709_10.1619283613503_1.11798894995214_13.5007084355126_4.11828204805406",-295.453127886679,0.645720436121333,29.9932932292709,0.0227556101320731,0,0,0.00101629012734217,0,1.00611263663675e-05,0,0,0,0.0137779036047823,0,0.000726220694525992,0.908239430278885,0,0.5,0.511120558402937,0,0.533040574172876,0,0,0,0.894469089407992,0,0.624190372841131,0.461435280450322,0.999999989863761,1.54334105573828e-61,2.10942474773455e-146,1.01362389894139e-08,0,0,1.45946571854298e-114,5.22902402464756e-62,"Signature_3",0.999999989863761
1,3,0,0,0,0,1,5,0,0,0,0,1,2,0,2,3,1,0,1,1,3,0,2,0,0,0,1,0,2,0,0,5,1,1,3,0,1,3,3,2,0,1,0,1,1,1,2,1,0,0,0,1,1,2,0,1,0,2,0,0,0,0,1,3,0,4,1,1,2,2,1,0,1,2,1,4,2,2,0,2,1,2,1,2,1,0,1,0,1,1,0,0,0,0,2,"SIM-05016",0,0,0,0,0,103,0.0039961147039824,0.992360913420842,3.66690294387431e-20,0.00364294758734545,1.47593777863435e-08,6.78014524225398e-09,7.11593681674664e-28,2.57069413962819e-13,2.74804863730682e-09,7.97660344346902e-25,0,1.43163120749279e-15,"Signature_3_c2",0.992360913420842,TRUE,0.99999997571217,0.650272468208511,0.574784894578888,0.269302019572456,0.675103750926829,0.169739843061794,0.0856286823806749,0.286806526357309,0.172936432088621,0.0997401191769418,0.370063255310199,0.384001396909312,0.477287892000457,0.374523568930978,0.354146763353802,0.163083651331011,0.436870198177645,0.359658473071905,0.492298814777985,0.398488976916791,0.344294491777118,0.169740467930841,0.113320624179349,"Signature_5",0.675103750926829,"Signature_3.Signature_8.Signature_5.Signature_2.Signature_41c","41.960761905915_4.23993633872139_41.4000080020801_0.755767927269574_12.9450491869999",-463.371357140946,0.736926678494847,41.960761905915,0.0226815537889342,8.06097697318986e-05,0,0.0180798789320012,1.14353243849674e-05,0,0,0,0,0,0.0233025965838758,0,0.963663458530176,0.484192575199473,0,0.932108208899609,0.502615603418563,0,0,0,0,0,0.959609218246589,0,0.407386037921505,0.999999996657084,1.78840793646388e-89,5.26033322024451e-238,3.34291630092446e-09,0,0,3.00768737538939e-179,2.14737149208372e-156,"Signature_3",0.999999996657084
2,4,0,0,0,2,1,0,1,0,1,0,1,0,0,0,2,2,0,1,0,0,0,3,1,0,0,1,1,3,0,3,1,2,1,0,1,2,2,3,2,2,1,3,2,2,0,2,0,1,0,1,1,1,1,0,0,0,1,0,0,0,0,0,4,1,1,1,1,0,3,2,0,4,1,1,0,1,0,2,0,0,1,1,1,1,1,0,0,0,0,0,2,0,0,1,"SIM-05057",0,0,0,0,0,91,0.435973466024896,0.337883438585204,2.59612461608564e-12,0.226142767788766,5.56275557255196e-08,3.63588664862763e-08,0,1.32775555835228e-08,2.22334155152421e-07,1.43679862550735e-15,0,4.03268494893856e-13,"Signature_3_c1",0.435973466024896,TRUE,0.999999672401462,0.702446519749093,0.516777260757928,0.253581879175448,0.703682528778363,0.274651014270213,0.314169556569531,0.244396548046143,0.218070041443196,0.0336904558724397,0.494847065913546,0.32259612414089,0.476955615837316,0.5118346489686,0.29122994106172,0.261376581453237,0.270577503535985,0.42939369476379,0.53151944930263,0.334646508931819,0.381187096266523,0.0443790336879013,0.0543119062862236,"Signature_5",0.703682528778363,"Signature_3.Signature_5.Signature_2.Signature_13.Signature_41c","39.0587735313076_41.1125023062885_2.4381357266101_3.67735167198091_7.85766429603727",-401.693401118964,0.775372736073897,39.0587735313076,0.0227440605588887,0,0,0.00710720648300633,0.00104727858372045,0.00437349553623423,0,0,0,0,0.00908101119825344,0,0.929295882239744,0,0.5,0.762317180007522,0.505905081742716,0.597013982590134,0,0,0,0,0.757658857008187,0,0.429217291552831,0.999999999959866,3.71724843186964e-98,3.26610413961263e-211,4.0133858478147e-11,0,0,6.39261049910509e-161,1.35054040764223e-123,"Signature_3",0.999999999959866
1,0,0,0,0,0,1,0,0,0,0,0,0,0,0,0,0,0,0,0,0,0,0,0,0,0,0,0,0,0,0,1,2,1,0,0,1,0,1,0,1,0,0,1,0,1,0,1,0,0,0,0,0,0,0,0,0,0,0,1,1,0,0,1,1,0,1,0,0,0,0,1,1,0,0,0,0,0,0,0,0,0,0,0,1,1,0,0,0,0,0,0,0,0,0,1,"SIM-05105",0,0,0,0,0,22,0.128405248307837,0.244954651308523,0.000264131547681308,0.217039316942764,0.139804250102785,0.158405258039976,0.000125695188697213,0.0276618711371412,0.0800134817520407,0.000256445068881371,0,0.00306965060367344,"Signature_3_c2",0.244954651308523,TRUE,0.590663348106805,0.405974456286595,0.292787113790899,0.182707194765375,0.496124113831607,0.18989245623143,0.175133606057642,0.151971177383775,0.184655534462408,0.0505476433680616,0.460265911800935,0.31736790554969,0.429044575637887,0.481229773084928,0.198201462471803,0.106462295144682,0.18149317059974,0.296543226176349,0.333981235151807,0.20530837321482,0.477214208202641,0.0215642677782996,0.0612931664908007,"Signature_5",0.496124113831607,"Signature_3.Signature_13.Signature_17a.Signature_30.Signature_41c","5.32622463366622_0.916623456321306_1.50193105101558_8.68175413156123_4.88998410730148",-94.7247618103085,0.589806380299682,5.32622463366622,0.00302229460270842,0,0,0,0,0.00339969809796992,0,0.0120767951864927,0,0.0410936938990192,0.0188670112456919,0,0.459533443723456,0,0.5,0,0,0.49082152581922,0,0.495993893410869,0,0.902613091725908,0.667202334052539,0,0.242101119712101,0.0894822947466636,7.55407703890954e-25,5.21330330391991e-47,0.910517705253336,0,0,2.19724416662674e-39,2.83592807649272e-17,"Signature_5",0.910517705253336
0,0,0,0,0,2,0,0,1,0,0,1,0,0,0,0,0,0,0,0,1,0,0,0,1,0,1,0,0,0,0,0,1,1,0,0,0,0,0,0,0,0,1,1,0,1,1,0,0,0,0,0,0,0,0,2,0,0,0,0,0,0,0,0,1,0,0,0,0,0,0,0,0,1,0,1,1,0,2,0,0,0,0,0,0,0,0,0,1,0,0,0,0,0,0,0,"SIM-05109",0,0,0,0,0,22,0.118570844428929,0.691625417734416,1.57963129399901e-05,0.140793594969575,0.0258916160644713,0.000959393676787143,1.08452109922356e-07,0.0027351901530038,0.0176469571378226,2.69338203135495e-06,0,0.00175838768791338,"Signature_3_c2",0.691625417734416,TRUE,0.951005653445861,0.373154477245579,0.39176122466723,0.211025768767854,0.407655193259235,0.0939198797327824,0.0273080244687345,0.278935327433311,0.0722858016992021,0.00947419341944949,0.295161769901911,0.25736481528655,0.309994065733146,0.24385546796488,0.298445447523343,0.271120843107489,0.264546887904663,0.249287118580849,0.334274001213925,0.135630885836277,0.24004023634979,0.0322802342810487,0.220641584504269,"Signature_5",0.407655193259235,"Signature_3.Signature_8.Signature_18.Signature_30.Signature_41c","4.29445294381598_6.72556842781997_1.58168956531659_4.0323457767157_3.87007845767383",-99.1594897443198,0.470820913981791,4.29445294381598,0.00338113161095921,0.00610859461811858,0,0,0,0,0.00233112112166917,0,0,0.0118810374128834,0.0295795926071628,0,0.694664939189054,0.485933574937557,0.5,0,0,0,0.510776413611525,0,0,0.597796007475437,0.868834285064634,0,0.19520240653709,0.962616125674904,4.11025290654793e-21,7.66695444707536e-50,0.0373838743250959,0,0,2.37201939091964e-33,3.18338883325511e-25,"Signature_3",0.962616125674904
0,0,2,0,1,1,0,0,1,0,1,1,0,0,0,1,1,1,0,0,1,1,0,2,3,0,0,2,1,1,0,2,2,5,0,1,1,1,0,1,1,3,0,2,1,2,1,3,1,0,1,1,1,1,2,0,0,1,1,2,0,0,0,4,8,0,2,2,0,2,1,3,1,0,2,2,2,0,1,1,1,0,1,0,0,2,0,0,0,0,1,1,0,2,0,2,"SIM-05120",0,0,0,0,0,99,0.046068446997405,0.914372108589121,9.09050591080527e-17,0.0395589660915119,3.63714024667512e-08,4.36467405526171e-07,2.23121218086532e-22,4.12241328704423e-12,5.47903174392583e-09,1.53593089252249e-21,0,1.51611334174013e-16,"Signature_3_c2",0.914372108589121,TRUE,0.999999521678038,0.581955516766259,0.404870983754289,0.106466095135928,0.586927691441775,0.218044616420719,0.192116504729976,0.196036268903294,0.258031555858822,0.0506896240974049,0.419196606412589,0.528650257657912,0.50357018082352,0.446843199350975,0.1957240243573,0.153082879478557,0.188305614159023,0.330843712892473,0.433076832008892,0.252474958500099,0.309983479576739,0.0899347554429661,0.122018821040104,"Signature_5",0.586927691441775,"Signature_3.Signature_13.Signature_17a.Signature_30.Signature_41c","45.9404517321765_1.3409690664407_5.70031675288224_16.890957578241_26.2975691269254",-438.40063980859,0.762782057694547,45.9404517321765,0.0324389781107436,0,0,0,0,0.000167803941350964,0,0.0173031329791454,0,0.0122159043149028,0.0958526959361891,0,0.999819851052715,0,0.5,0,0,0.469353061216684,0,0.916070886973128,0,0.906120572893209,0.999945958219816,0,0.464044966991682,0.999999998685659,1.88665602325952e-96,1.72029484482025e-260,1.31434086532839e-09,0,0,2.10664782611534e-185,7.37774927520128e-143,"Signature_3",0.999999998685659
2,1,0,1,1,1,0,1,0,1,0,0,0,1,0,0,0,1,1,1,0,0,0,2,0,0,0,0,1,1,0,0,2,3,1,2,2,2,2,5,2,1,1,1,2,1,2,1,0,2,0,0,1,1,1,0,0,0,0,0,1,0,0,0,1,1,6,3,1,0,4,3,5,1,0,1,0,0,1,0,0,0,1,0,0,2,0,0,0,1,1,0,0,1,0,0,"SIM-05183",0,0,0,0,0,85,0.0145398341499179,0.876480927784166,2.75259358325471e-15,0.0993180134334348,6.61035519346079e-05,8.72886366797417e-07,7.16290373601316e-21,5.03039986797997e-06,0.00958920881941671,4.94579299749259e-16,0,8.97489223908018e-09,"Signature_3_c2",0.876480927784166,TRUE,0.990338775367521,0.576861538789519,0.493810021541834,0.286069389409594,0.711025659619685,0.229306210151652,0.118181999068361,0.212736765166257,0.271124502230235,0.0244692124981129,0.501547785963512,0.266867597541384,0.380051242482094,0.53136413071313,0.293541823168298,0.205957180812352,0.28987970214962,0.496076904745097,0.660618168811868,0.511480722114396,0.350979455080146,0.0280283243385573,0.16858775244025,"Signature_5",0.711025659619685,"Signature_3.Signature_5.Signature_2.Signature_17a.Signature_41c","8.65243770422803_67.829141945163_2.63063624474412_3.26785548554097_4.3868208142858",-370.085571553916,0.726827801150197,8.65243770422803,0.00141910596984451,0,0,0.0417111671418444,0.00328981457697985,0,0,0.00708779993065256,0,0,0.00408723929521038,0,0.728947889774355,0,0.5,0.979638048017047,0.537415362007334,0,0,0.58951767261606,0,0,0.518083480618294,0,0.101793384755624,2.89796899415437e-07,9.40455278638089e-87,7.65116927044803e-177,0.999999710203101,0,0,1.37032112168558e-153,6.63020375938786e-94,"Signature_5",0.999999710203101
0,1,1,0,0,0,0,0,1,0,0,0,0,0,0,0,0,0,0,1,0,0,0,0,0,0,0,0,0,0,0,0,1,0,0,0,1,1,0,0,0,1,0,0,0,1,0,1,0,0,0,0,0,0,1,0,0,0,0,0,0,1,0,0,1,0,0,1,0,0,0,0,0,0,0,0,1,0,0,1,0,0,1,0,0,0,0,0,0,0,0,0,0,1,0,0,"SIM-05184",0,0,0,0,0,18,0.190514001658303,0.396491802126815,0.000401556542768114,0.22819326970597,0.063175887083813,0.00930733456626657,4.80334243752596e-06,0.0225643962582644,0.0840075753079475,0.000193921528179136,0,0.00514545187923587,"Signature_3_c2",0.396491802126815,TRUE,0.815600630033856,0.384814029222903,0.312588705378866,0.0814852574649975,0.442217215376475,0.174936230666774,0.034650111138644,0.204308337380694,0.0237075054388992,0.00714811267138547,0.462030969552276,0.396735378563467,0.393640307702148,0.458443447302382,0.129326506140033,0.112209455147438,0.130657056342327,0.16443700153145,0.206160906252692,0.0481655604990775,0.224952939729786,0.0204926804916558,0.0514668546227944,"Signature_30",0.462030969552276,"Signature_3.Signature_18.Signature_30.Signature_41c","4.53438080920843_0.967158938776498_7.4957909431978_5.55404401452913",-77.4718949202234,0.606969815100571,4.53438080920843,0.00714441971693502,0,0,0,0,0,0.00163262899169159,0,0,0.0685633577944678,0.0688851002105023,0,0.673586045389995,0,0.5,0,0,0,0.50456272871896,0,0,0.879628655577279,0.861935940587701,0,0.251910044956024,0.183989066897488,9.9999880303856e-18,6.55747808269058e-44,0.816010933102512,0,0,3.6017481807478e-30,9.99810492484183e-18,"Signature_5",0.816010933102512
1,1,0,1,3,2,0,0,1,0,0,1,0,0,0,2,1,1,1,1,0,0,0,1,1,0,0,1,2,0,0,1,3,1,0,1,1,4,5,0,3,4,0,1,2,1,0,4,1,0,1,0,1,0,0,1,1,3,0,0,1,0,0,0,3,0,3,3,1,1,2,3,1,0,0,2,2,2,1,5,2,0,0,0,0,0,1,0,1,0,0,1,1,1,0,0,"SIM-05187",0,0,0,0,0,97,0.0386620525212426,0.645374921054018,1.90026328302346e-15,0.315800854415089,2.79406020269758e-05,3.06717555364855e-06,8.83266919208954e-23,8.39030453053168e-07,0.000130325102888934,4.31889560089155e-16,0,9.87253958258581e-11,"Signature_3_c2",0.645374921054018,TRUE,0.999837827990351,0.583743196560761,0.487746850152852,0.264523587860082,0.683085719034065,0.284460977089309,0.193542106082202,0.332864025633279,0.262789380250987,0.0283637599016053,0.524568882108947,0.460674590271974,0.546002901325937,0.534193242718059,0.291426438454931,0.197143810486547,0.31162157672081,0.466558497395441,0.501263220550188,0.356342157214628,0.389372181531657,0.157360467727331,0.0621028839290234,"Signature_5",0.683085719034065,"Signature_3.Signature_18.Signature_17a.Signature_30.Signature_41c","33.158168137789_7.98214519785059_6.28085930760455_26.1063390861363_22.3005068345333",-424.432102475827,0.773950266454673,33.158168137789,0.0078149018696998,0,0,0,0,0,0.00255522073504422,0.0117630640543916,0,0.00716597735150226,0.0440894717470656,0,0.951508186760268,0,0.5,0,0,0,0.659505052903411,0.872951294283891,0,0.829095617025328,0.996685195758051,0,0.341836784925659,0.98233314009519,5.40597667870562e-95,4.22680685723773e-217,0.0176668599048105,0,0,2.59313154382406e-160,2.87596181500696e-116,"Signature_3",0.98233314009519
0,0,0,0,0,0,1,0,0,0,1,0,0,0,0,1,1,0,0,0,0,0,0,0,0,0,0,1,0,0,0,0,1,0,0,1,1,0,1,0,0,1,1,0,0,0,0,0,0,0,0,0,0,0,0,0,1,0,0,0,0,0,0,2,0,0,1,1,0,0,3,0,0,0,1,1,0,1,0,1,1,0,0,0,0,0,1,0,1,0,0,0,0,0,1,0,"SIM-05217",0,0,0,0,0,27,0.0557825858477362,0.798559913017998,1.6221119697281e-07,0.103690733082208,0.00382178286578207,0.0041879499735442,8.56143587358074e-08,0.000810627375240515,0.0325269103995718,4.48208915140939e-08,0,0.000619204791471318,"Signature_3_c2",0.798559913017998,TRUE,0.95803339415914,0.360100885526293,0.317569826878449,0.230345749605411,0.517284280818224,0.0231179745514998,0.0188925479335408,0.211417540989187,0.142231812709621,0.0163401441260718,0.263298412656809,0.220507019856536,0.391252469219376,0.247212603079071,0.258530340449118,0.261154800238739,0.207549156105921,0.360997913611847,0.507111683889149,0.627713540337697,0.186157405151373,0.192317312820183,0.0282845101520488,"Signature_54",0.627713540337697,"Signature_5.Signature_17a.Signature_41c.Signature_41b","20.6966870382519_0.067272814266955_0.166384037614924_4.65272830481737",-121.232279320068,0.528577257371793,0,0,0,0,0.0715355473739318,0,0,0,2.41451377903656e-05,0,0,2.64686571140871e-05,0.00553213241711437,0,0,0.5,0.987027017920038,0,0,0,0.496079155539266,0,0,0.504265491355471,0.608092185229521,0,0.000469032293136558,6.69653424483811e-27,8.22023357126788e-58,0.999530967706864,0,0,2.87735445717137e-44,8.12251861990556e-43,"Signature_5",0.999530967706864
0,3,1,1,0,1,0,0,1,0,0,2,1,3,0,2,1,0,0,1,1,0,0,1,0,0,0,2,0,0,0,0,4,2,0,3,3,1,1,0,2,2,1,3,3,3,3,1,2,1,1,1,0,0,2,0,1,0,0,0,0,0,0,2,3,3,1,5,0,1,1,0,2,1,0,1,6,0,1,3,0,0,0,1,2,1,0,1,0,0,0,0,1,0,0,1,"SIM-05225",0,0,0,0,0,98,0.00469050635512589,0.894182402947231,3.43820394187583e-16,0.092607652405468,0.000466156896030515,1.47534525228806e-07,6.53778085739939e-24,6.36720282522049e-06,0.00804676109013386,3.69879335096771e-16,0,5.56866009158486e-09,"Signature_3_c2",0.894182402947231,TRUE,0.991480561707825,0.555676524201035,0.493333633104387,0.223799661009601,0.650497347518277,0.302135483043076,0.102011708373415,0.29568067591631,0.0717833008416773,0.0847033304878543,0.51128743725539,0.56540858531318,0.514137504381862,0.529391315838461,0.298293252425692,0.221053040973177,0.216119356087484,0.356181360715755,0.463726950192542,0.174390218658192,0.446024883056851,0.171297170313878,0.243971291968382,"Signature_5",0.650497347518277,"Signature_3.Signature_5.Signature_2.Signature_30.Signature_41c","27.9132526319191_24.7555627077591_3.94898556664386_14.2907151842726_26.9107407393221",-423.03476325052,0.795706498546065,27.9132526319191,0.00693343495415588,0,0,0.00150424826150153,0.00412880865456078,0,0,0,0,0.00721263129844085,0.0998466988857362,0,0.268035557407133,0,0,0.530483104249804,0.647875690155562,0,0,0,0,0.646439910795812,0.999998366025246,0,0.284829108488971,2.10278523944386e-09,1.70327096417918e-94,1.3779754054472e-203,0.999999997897215,0,0,2.11643200888355e-169,1.68725080756384e-111,"Signature_5",0.999999997897215
1,1,0,0,1,0,0,0,0,0,0,1,0,1,0,1,0,0,0,2,0,0,0,1,1,0,0,0,1,1,0,1,4,1,1,1,0,1,1,1,0,1,1,1,0,1,0,2,0,0,1,1,0,1,2,0,0,0,1,0,0,1,2,0,3,0,2,1,0,2,1,0,2,1,0,0,1,1,0,1,0,0,0,1,0,0,1,0,0,0,0,0,0,0,0,1,"SIM-05247",0,0,0,0,0,56,0.102693350360677,0.724443632216655,1.33532384580949e-09,0.172283771114033,0.000281145752997857,9.3724845366967e-05,0,6.52191466866023e-06,0.000197778502778529,3.14668714126646e-11,0,7.39260323435741e-08,"Signature_3_c2",0.724443632216655,TRUE,0.999420755026689,0.59994648761228,0.533581038949341,0.260677948265058,0.653713893071819,0.164725794638504,0.201462900890494,0.259087720798354,0.156695618097792,0.0337557075172525,0.414957429319993,0.468373164585236,0.544181629548679,0.423046546363589,0.30746719861602,0.238333852090454,0.205076281117085,0.372890305957466,0.51911743918051,0.288935730727635,0.337526542548172,0.144257804637894,0.0639528587437816,"Signature_5",0.653713893071819,"Signature_3.Signature_8.Signature_5.Signature_13.Signature_41c","16.3315112150301_2.008685049027_27.8245171032942_1.55055756122565_11.1820457791196",-243.375526315468,0.738781979483845,16.3315112150301,0.00787913543297902,5.21126137027483e-05,0,0.0106822511569199,0,0.00218601997250656,0,0,0,0,0.0360808660332838,0,0.555984428521304,0.512495984605642,0.5,0.729134441610656,0,0.589453495554139,0,0,0,0,0.886328182049401,0,0.291634128839822,0.987345171176014,7.33521141833642e-44,2.40035728780728e-123,0.0126548288239863,0,0,4.99671168678449e-95,7.31403496790685e-73,"Signature_3",0.987345171176014
1,1,0,1,1,0,0,0,0,0,0,0,0,0,0,0,0,0,0,1,0,1,0,1,0,0,0,0,0,1,0,2,1,1,1,0,1,0,0,0,1,0,0,3,0,0,2,0,0,0,0,0,1,1,1,0,0,1,0,1,0,0,0,1,1,0,3,1,1,0,0,0,0,0,0,0,0,1,0,0,0,0,0,0,0,0,1,0,0,0,0,0,0,0,0,0,"SIM-05276",0,0,0,0,0,34,0.214007595257404,0.599356151360788,7.18945297871702e-06,0.182731189779627,0.00281128083424695,1.09066728444468e-05,0,0.000119886600087787,0.000945428109567815,1.322147573076e-07,0,1.02397176986126e-05,"Signature_3_c2",0.599356151360788,TRUE,0.996102125850797,0.540636663849768,0.431148778970399,0.231065602777514,0.520069648618798,0.123619761560266,0.250030067696248,0.176258298222856,0.0331930263168499,0.00851830287225688,0.285351239255709,0.219710262173172,0.305703687736467,0.322434543863378,0.191497961227377,0.136321509542289,0.163292009998151,0.212775632918321,0.36467279408042,0.237958618091562,0.414088627491298,0.0266015181767197,0.29920081299385,"Signature_3",0.540636663849768,"Signature_3.Signature_1.Signature_5.Signature_13.Signature_41c","17.1975032116456_0.152555731517906_14.2043029154401_1.85755342050761_2.44415486139483",-148.719720851381,0.580536624864358,17.1975032116456,0.0212391048378595,0,1.94110829839778e-05,0.00869400326624303,0,0.0086901414717897,0,0,0,0,0.00651336776662181,0,0.57530017737854,0,0.508110722070694,0.572282463983243,0,0.499589573378589,0,0,0,0,0.549864938047679,0,0.505808917989575,0.999877816409889,1.48688879414185e-29,4.31616341756616e-75,0.00012218359011119,0,0,1.15329994020967e-56,1.32777239828669e-48,"Signature_3",0.999877816409889
2,2,0,1,1,2,0,0,0,1,1,0,1,1,0,2,1,2,0,0,1,0,0,1,1,0,0,2,2,2,0,1,3,1,1,1,2,1,0,2,0,1,1,2,3,0,0,0,0,1,0,0,0,1,2,0,0,0,0,0,1,0,0,2,3,1,1,3,1,1,3,1,3,2,1,0,0,1,1,3,0,0,0,1,0,2,1,1,0,1,1,0,1,2,0,2,"SIM-05287",0,0,0,0,0,89,0.115106079825453,0.807122767209549,4.25885924613581e-14,0.0775603513212866,1.7836226866034e-07,0.000210597545303442,5.63753305010528e-16,1.20651726348291e-10,2.56154193439992e-08,1.11491051212471e-18,0,2.54155589275078e-14,"Signature_3_c2",0.807122767209549,TRUE,0.999789198356331,0.689517801973342,0.572030765669721,0.180516443312555,0.665008862240482,0.240962383097646,0.270775332150701,0.276534811215922,0.200588872938414,0.128468280586432,0.366571037495099,0.443503242716522,0.529793601031615,0.395471613781743,0.231238397318041,0.207126833314999,0.238976674602807,0.393309909636159,0.560319600378884,0.342256362515333,0.306527707556904,0.194693687385893,0.0418684601483489,"Signature_3",0.689517801973342,"Signature_3.Signature_5.Signature_2.Signature_17b.Signature_41c","48.6464118316369_21.2965625699592_2.82851753249432_1.04304126652901_14.2642145576656",-395.91324385008,0.780577599398971,48.6464118316369,0.028433783145702,0,0,0.00816936955069869,0.00149650639132448,0,0,0,4.80479075384288e-05,0,0.0314964176445435,0,0.990757114026489,0,0.5,0.818231703109533,0.447220491534128,0,0,0,0.498603605690944,0,0.983982246681468,0,0.546588896984684,0.999999999999623,1.46256238001874e-81,1.65026138426707e-207,3.77474714923285e-13,0,0,3.9348139114636e-157,2.29578767271983e-153,"Signature_3",0.999999999999623
0,0,0,0,0,0,0,1,1,0,0,1,0,0,0,0,1,0,0,0,0,0,0,0,0,0,0,0,0,0,0,1,0,2,1,0,1,2,0,0,1,1,0,1,0,2,0,1,0,0,0,0,1,0,1,1,0,0,0,0,0,0,0,1,2,0,3,1,0,1,0,0,2,1,1,0,0,0,0,0,1,0,1,0,0,0,0,0,0,0,0,0,1,0,0,0,"SIM-05292",0,0,0,0,0,35,0.13763812798867,0.581778968881582,4.94278194109795e-07,0.203010942948345,0.00757199565502031,0.000333998468410705,0,0.0040093892730769,0.0653586088724744,3.83448395798168e-07,0,0.000297090185830894,"Signature_3_c2",0.581778968881582,TRUE,0.922428534096791,0.452995304465899,0.354449727273243,0.17417086407795,0.587971641517963,0.160901509944655,0.130576275476586,0.216213307064681,0.0981575290080254,0.00763524232712451,0.524400222242311,0.305051477532134,0.303725021436152,0.511817026419516,0.296164111197926,0.175479744604015,0.266658524077373,0.433363318732129,0.534653928172203,0.300979483348959,0.295251173599001,0.031823376737374,0.0516201541342888,"Signature_5",0.587971641517963,"Signature_3.Signature_5.Signature_13.Signature_30.Signature_41c","4.05551799595241_15.6398713575957_0.533734028257657_9.5247375239865_5.25151490214809",-151.318913590205,0.634464336895019,4.05551799595241,0.00114500487247371,0,0,0.0107518198211738,0,0.000642198182587816,0,0,0,0.0267165273372271,0.0266507750271617,0,0.445448570731039,0,0.5,0.759203531385039,0,0.539024309404132,0,0,0,0.762479715298726,0.850748699723535,0,0.115871942741498,0.00179214918627156,1.13253278307449e-39,2.99494643501866e-83,0.998207850813729,0,0,2.62935873784697e-67,7.40837012743128e-35,"Signature_5",0.998207850813729
0,1,0,0,0,0,0,1,0,0,0,1,0,1,0,0,1,0,1,0,0,1,0,0,0,0,0,1,0,2,0,0,0,0,0,1,0,0,1,1,0,0,0,0,1,0,0,2,0,1,0,2,1,1,0,0,0,0,0,0,0,0,0,0,2,1,0,4,0,0,2,0,1,1,3,0,3,0,0,0,2,0,0,0,0,0,1,1,0,0,0,0,0,1,0,0,"SIM-05316",0,0,0,0,0,43,0.135538543141978,0.66588955442921,2.69293865445229e-08,0.196796596602124,0.0001366196759464,0.00110821095416939,8.22401243026941e-11,1.4383858537069e-05,0.000515855932096184,1.08263407917277e-09,0,2.07311677673876e-07,"Signature_3_c2",0.66588955442921,TRUE,0.998224721102699,0.415968193702681,0.350651856967276,0.102493130386754,0.434637619436627,0.203751619807574,0.0954948462817045,0.154917756278499,0.0855270330305686,0.120672286107838,0.16991232997851,0.470065070613106,0.337362155690014,0.168724019390808,0.147675450958188,0.0743937633039077,0.173092969418269,0.3964409113932,0.45391739402814,0.354106893341336,0.086263153511008,0.0235988792278,0.0372211795376728,"Signature_41c",0.470065070613106,"Signature_3.Signature_5.Signature_2.Signature_17b.Signature_41c","16.3508580038584_8.50175251925374_2.45550285317508_1.05826743367533_13.0191792439563",-189.983785581492,0.599983013802117,16.3508580038584,0.0131691003815413,0,0,0.00379695138590619,0.0122308375754527,0,0,0,0.00443720438829243,0,0.117485006019132,0,0.898551057495206,0,0.5,0.761108468916344,0.720668970376278,0,0,0,0.615806759990458,0,0.999612588038752,0,0.380252511717637,0.0594333965351081,2.76711105251553e-35,1.31472657042846e-103,0.940566603464892,0,0,1.21200401525432e-80,1.26837925343564e-75,"Signature_5",0.940566603464892
1,0,0,1,1,1,0,3,0,0,0,0,1,0,1,1,1,0,0,1,2,0,1,2,0,0,0,1,1,0,0,4,5,3,1,0,1,4,0,0,5,0,1,0,0,1,2,2,2,2,0,1,0,0,0,0,0,0,0,0,0,0,0,2,6,1,2,2,1,0,1,3,1,1,0,2,0,1,1,1,0,0,1,1,0,0,2,1,0,0,0,1,0,2,0,2,"SIM-05340",0,0,0,0,0,88,0.0721732263263775,0.625436661160266,1.87768576130868e-13,0.301702705059373,0.0001263505666839,0.000532308507053012,6.73174182025967e-17,1.16580273750772e-07,2.86317732748867e-05,3.16344271829096e-15,0,2.65062505105027e-11,"Signature_3_c2",0.625436661160266,TRUE,0.999312592546205,0.582501748188657,0.429792700622225,0.204604140620609,0.602392828490887,0.169653656523191,0.272808532066836,0.210336665219271,0.209041095764534,0.114976158233156,0.445834786340112,0.465460678118686,0.514971686073351,0.451630104582385,0.298738238257865,0.166484133973184,0.362514818165074,0.302178695132892,0.453100088411925,0.199550771540882,0.425294953148145,0.105669366348058,0.174162018092623,"Signature_5",0.602392828490887,"Signature_3.Signature_13.Signature_17a.Signature_30.Signature_41c","41.0499514466841_4.30557931381062_4.02950516725386_18.3862280601299_21.7222796550452",-382.403641117458,0.73560720006164,41.0499514466841,0.0184602251965819,0,0,0,0,0.00720245633457595,0,0.00773784485195594,0,0.0138181881639764,0.056734622909863,0,0.945021952643051,0,0.5,0,0,0.668487453113212,0,0.710628806467714,0,0.815857839810838,0.999868276687378,0,0.466476720985046,0.94981856719875,1.1192234700917e-95,5.61389025031244e-193,0.0501814328012498,0,0,5.48139422891089e-151,2.88049325749204e-117,"Signature_3",0.94981856719875
0,0,0,0,0,0,0,0,0,1,0,0,0,0,0,0,1,1,0,0,0,0,0,0,2,0,0,0,1,0,0,1,3,0,0,0,2,1,1,1,0,0,0,1,0,2,0,1,0,0,0,1,1,0,1,0,0,0,0,1,0,0,0,1,1,1,1,2,0,2,1,1,0,0,1,0,0,0,1,0,0,0,1,0,0,0,0,0,0,0,1,0,1,0,2,0,"SIM-05344",0,0,0,0,0,40,0.351095853355307,0.531384477630858,5.53784398377406e-07,0.117030304068324,0.000140356545166674,0.000277034324291468,5.33008268264503e-11,5.60186298183552e-06,6.57443303745148e-05,2.99025013736828e-09,0,7.10547468336006e-08,"Signature_3_c2",0.531384477630858,TRUE,0.999511188838888,0.524255211182044,0.345219459697648,0.144608198142867,0.557454357378151,0.16991160673101,0.202135086863505,0.10524225854762,0.275728007239114,0.0152386418901342,0.469152534408341,0.27839844784313,0.411754069394023,0.451330097715148,0.143115996824596,0.0802288721139179,0.15069115370794,0.247187556870927,0.352148377880554,0.315812520138171,0.313867243101886,0.0144407929903219,0.0406878980864455,"Signature_5",0.557454357378151,"Signature_3.Signature_13.Signature_17a.Signature_30.Signature_41c","17.7397646717319_1.09713879840373_3.35148372835254_11.5856180037333_5.74877618400386",-175.053850489731,0.647478753536334,17.7397646717319,0.0199456316218483,0,0,0,0,0.00251855910069065,0,0.0291052260587499,0,0.0330907909283918,0.0165344699627499,0,0.867818578831944,0,0.5,0,0,0.570882907617575,0,0.896441584132881,0,0.905216494867675,0.86518672784769,0,0.443494116793297,0.999890894158544,2.62094382781465e-44,2.95888725832243e-99,0.000109105841456101,0,0,1.67010022599916e-81,3.12684517861872e-44,"Signature_3",0.999890894158544
0,1,0,1,0,0,0,0,0,1,0,0,0,1,0,2,1,1,0,0,2,1,1,0,1,0,0,0,0,0,0,2,2,1,0,2,0,3,2,2,1,1,0,0,0,1,1,0,2,1,0,0,0,0,0,0,0,0,0,2,0,0,0,0,1,0,2,2,0,0,1,1,1,0,0,0,1,0,0,0,1,0,0,0,0,0,0,0,0,2,0,0,0,0,2,1,"SIM-05410",0,0,0,0,0,51,0.104783811802017,0.745113606200581,1.3392439752952e-09,0.148096331320925,0.000926109777392948,5.39243078063267e-07,6.10966429920883e-15,1.36072411652889e-05,0.00106573513781935,3.20659393449202e-11,0,2.57905705083308e-07,"Signature_3_c2",0.745113606200581,TRUE,0.997993750662767,0.566091724710367,0.441147991381937,0.22880642480354,0.598025959062738,0.11143497693592,0.191776059688799,0.231493823953735,0.135002746446269,0.0274094954039977,0.45358097695121,0.299335441822587,0.400626014454373,0.4727942398559,0.22599172031651,0.119864169673928,0.172439947872066,0.312172118365852,0.369542193546172,0.28318837526103,0.296461750890201,0.232562243605356,0.148448317246387,"Signature_5",0.598025959062738,"Signature_3.Signature_5.Signature_13.Signature_30.Signature_41c","22.1002576700853_15.1219901671161_0.852738688697008_6.83738816946744_5.99491231465952",-226.970362930435,0.64722534723675,22.1002576700853,0.0206608481820548,0,0,0.00551809603493492,0,0.00086407232463237,0,0,0,0.00820817426502285,0.0165947751001578,0,0.992173382520592,0,0.5,0.374326877865088,0,0.450634229232589,0,0,0,0.758465116268061,0.867038434694025,0,0.433338385687946,0.9999693012283,6.36984419396667e-53,7.91771260939203e-118,3.06987716997898e-05,0,0,6.02425989806493e-99,4.04852454402576e-63,"Signature_3",0.9999693012283
0,0,0,0,0,0,1,0,0,0,0,1,0,1,0,0,0,1,0,0,0,1,0,1,0,0,0,2,1,0,0,0,0,0,0,0,1,0,0,0,0,0,0,1,3,0,1,0,0,0,0,0,0,0,0,0,0,0,0,0,0,0,0,1,0,0,0,2,0,0,0,1,0,0,2,0,1,0,0,0,1,1,0,0,0,0,0,0,0,0,0,0,1,0,2,0,"SIM-05411",0,0,0,0,0,27,0.549566576506038,0.141809959237071,0.00245611944988915,0.300698700059715,0.000260842072379788,0.00389248650014996,0,0.000767613957785037,0.000412257339925651,0.000124465644953174,0,1.0979232093428e-05,"Signature_3_c1",0.549566576506038,TRUE,0.994531355252713,0.381345370809009,0.231401806128693,0.0879430190951766,0.339319710937676,0.44350131006792,0.233672247912666,0.18013125449239,0.143152016484403,0.0104457313049921,0.261435449396638,0.162505236361999,0.169349655768352,0.220652097169373,0.102195377599307,0.0681527328595865,0.0636351812991712,0.220083740617331,0.234371938868361,0.159663183908777,0.172761844574708,0.0157276267921824,0.16563514628057,"Signature_2",0.44350131006792,"Signature_3.Signature_2.Signature_18.Signature_17a.Signature_41c","14.4717676437421_5.53785613680108_0.0481610390175953_1.12029735180806_2.40515988046033",-122.997043309292,0.549922220952439,14.4717676437421,0.0257922135389291,0,0,0,0.120066194013664,0,1.94201247438741e-06,0.00567588787076923,0,0,0.0084595802228955,0,0.960499411792389,0,0.5,0,0.909816206735516,0,0.500720265726893,0.524051538166271,0,0,0.81642095273083,0,0.53599139421267,0.998858658463914,1.59414632760312e-29,6.78377614907732e-64,0.00114134153608555,0,0,1.1972122081925e-46,8.89886818358241e-38,"Signature_3",0.998858658463914
0,0,0,0,0,1,0,2,1,0,0,3,1,0,0,1,0,0,1,0,0,2,0,1,0,0,0,1,1,0,0,0,2,1,0,2,1,1,2,1,1,0,1,1,2,3,1,4,1,0,1,0,0,0,0,0,0,1,1,0,0,0,1,2,4,2,3,4,0,0,1,1,1,0,2,1,1,4,2,1,0,0,0,0,0,0,0,1,0,0,1,1,0,0,1,1,"SIM-05425",0,0,0,0,0,77,0.0469891232644998,0.589661531906215,2.50088988623328e-11,0.356386192451039,0.000519948083182305,0.00378824974364728,1.11792454537631e-17,6.42606277604102e-05,0.0025906431628043,3.37780534111902e-11,0,5.07020647689871e-08,"Signature_3_c2",0.589661531906215,TRUE,0.993036847646763,0.536218963920981,0.477449117873297,0.226170977260328,0.657734906276004,0.367116391490762,0.139855251780629,0.321968172510226,0.117651559080301,0.108446478870659,0.476121693810466,0.442778716537477,0.494874563653963,0.430565701099462,0.340825578414143,0.184763778582237,0.315109585570364,0.399339270803161,0.550129861506978,0.367190381792738,0.296073911612833,0.12954459023072,0.153459104293336,"Signature_5",0.657734906276004,"Signature_3.Signature_5.Signature_2.Signature_17b.Signature_41c","8.71850852644657_46.1929925457914_6.90192440105116_0.852600590387825_13.9400722057189",-333.250347992326,0.750960801683587,8.71850852644657,0.000915800459623028,0,0,0.0311875030097583,0.0332338032665728,0,0,0,0.000692938668098941,0,0.039523834685313,0,0.47733628551541,0,0.5,0.995809315062532,0.97197953345471,0,0,0,0.545097788122674,0,0.973013567158666,0,0.113227383460345,9.46015426534036e-11,2.64224643072539e-75,2.26393607206974e-175,0.999999999905399,0,0,1.70756025519893e-122,5.20156541444124e-87,"Signature_5",0.999999999905399
0,1,0,2,0,1,0,0,0,1,0,0,0,0,0,0,0,1,0,0,0,2,0,0,1,0,0,0,0,0,0,0,0,1,0,0,0,0,0,0,0,1,1,0,0,0,0,0,0,0,0,0,0,0,0,0,0,0,0,0,0,0,0,0,1,0,1,2,0,0,0,0,0,0,0,0,1,0,0,0,0,0,0,0,0,0,0,0,1,0,0,0,0,0,0,0,"SIM-05475",0,0,0,0,0,18,0.127827608876503,0.7083600842973,1.86442004149926e-05,0.135158130562333,0.0112970274831771,3.3854110360033e-05,0,0.0012483001383153,0.0151708345347926,1.40477715564149e-06,0,0.000884111019648532,"Signature_3_c2",0.7083600842973,TRUE,0.971364467936551,0.374933150519882,0.381678049347872,0.155781322674094,0.377994389773029,0.00584536235718163,0.0125022288098012,0.12674296183251,0.0106589043695328,0.00212565518588454,0.18020271356084,0.292455899180964,0.279363862812101,0.176941453838433,0.262907020428489,0.281501855500432,0.191096456135611,0.131876598360473,0.278769197414918,0.169867968700696,0.0890599723097144,0.0344288826930316,0.0190027168430888,"Signature_8",0.381678049347872,"Signature_3.Signature_8.Signature_5.Signature_41c","5.87739276953864_6.23248083319065_2.90332401819839_3.89221059267923",-78.6808107201152,0.459746844748513,5.87739276953864,0.00741092211900901,0.0121504574255832,0,0.00170744427308522,0,0,0,0,0,0,0.0435123421293876,0,0.726020476663813,0.555599786105048,0,0.503442922033513,0,0,0,0,0,0,0.861412600564995,0,0.326521820529925,0.991331205305464,3.15616016209693e-13,1.74393492784092e-42,0.00866879469422014,0,0,4.11950590777597e-30,3.00064162484298e-36,"Signature_3",0.991331205305464
0,0,0,1,0,0,0,0,0,0,0,0,0,0,0,0,0,0,0,0,0,0,0,0,0,0,0,1,1,0,0,0,0,0,0,1,0,2,0,0,0,1,0,0,1,1,0,0,0,0,0,0,0,0,0,1,1,0,0,0,0,0,0,0,1,1,0,0,1,0,1,0,0,0,0,0,0,2,0,0,0,0,0,0,0,0,0,0,0,0,0,0,0,0,0,0,"SIM-05573",0,0,0,0,0,17,0.377075231777786,0.22259176823728,0.00526143997229846,0.312203789881292,0.00955937569370108,0.0445155699135782,0,0.0125880996716593,0.0138291549510277,0.00175822271315658,0,0.000617347188221082,"Signature_3_c1",0.377075231777786,TRUE,0.917132229868656,0.343299747018694,0.22235802159712,0.0685996021589974,0.403755104917625,0.251486320317415,0.201906343763989,0.074653655791789,0.110462073155768,0.00698973768176213,0.428257339321604,0.196352306696719,0.325887926705582,0.428578797315863,0.136696410767006,0.115642887932307,0.137813663792927,0.211138001676088,0.342176429804282,0.200892129501755,0.155964397177255,0.019518369390605,0.0210629402834596,"Signature_30b",0.428578797315863,"Signature_3.Signature_13.Signature_17a.Signature_30.Signature_41c","3.52927467503797_1.31899629314803_0.776947120019532_7.8645052577301_2.63997256425214",-74.2771192484976,0.499031644393908,3.52927467503797,0.00100032080331336,0,0,0,0,0.0101423942756788,0,0.0018009631756542,0,0.0386144187934438,0.00282093086712193,0,0.739501028697686,0,0.5,0,0,0.563296453325082,0,0.437250348829148,0,0.322223377081536,0.316882716764935,0,0.207604392649292,0.683319579357608,3.53351989064047e-19,1.33732132100531e-41,0.316680420642392,0,0,5.16326458669109e-32,2.8023805160237e-17,"Signature_3",0.683319579357608
1,1,0,1,0,0,0,1,1,2,0,3,0,3,0,3,0,0,0,1,0,2,0,1,0,0,0,0,0,0,1,0,2,1,2,2,2,1,0,0,2,1,0,2,5,1,1,6,2,1,1,0,2,1,2,0,1,2,0,0,2,0,0,1,6,2,1,1,1,1,0,1,0,0,2,0,3,0,1,0,0,0,1,0,0,1,0,0,2,0,0,0,0,1,0,2,"SIM-05687",0,0,0,0,0,90,0.0691368789480016,0.346906575977748,8.78454480415071e-11,0.582807397329373,0.00102788245999363,3.65044455573798e-05,0,2.12900877865727e-05,6.34692963907635e-05,9.98496791013182e-12,0,1.35731896334574e-09,"Signature_3_c4",0.582807397329373,TRUE,0.998850852342968,0.51715574959728,0.506202449549674,0.185810367233074,0.57530825253976,0.503679210856892,0.142354426991891,0.335605841674214,0.109319615152081,0.0301251245231861,0.461854358871084,0.449702732225566,0.481606450694775,0.448472299804529,0.280601410561093,0.136114131537285,0.186277421828573,0.262773139394143,0.349163895886935,0.161050693787513,0.357449369890752,0.236654898486797,0.151081320083354,"Signature_5",0.57530825253976,"Signature_3.Signature_8.Signature_5.Signature_2.Signature_41c","13.6423988497462_18.5172381220461_21.2143105850904_13.8173181099206_19.1100053582777",-393.494175192575,0.775778991447172,13.6423988497462,0.00203783005696678,0.00232454020620343,0,0.00240162239825137,0.0766273585106219,0,0,0,0,0,0.050554930954412,0,0.621275692063744,0.782659887031783,0,0.564300539037016,0.992952106873367,0,0,0,0,0,0.991284275182489,0,0.151582209441625,0.00374537113864984,6.11194913473209e-62,3.37131233704915e-202,0.99625462886135,0,0,7.69965428767432e-131,8.34939650294352e-86,"Signature_5",0.99625462886135
1,1,0,0,1,1,0,0,1,1,0,0,1,0,0,3,0,0,0,1,1,0,0,1,0,0,0,0,0,2,0,1,0,0,0,0,0,2,1,3,1,1,1,2,2,3,1,1,0,1,0,0,0,0,0,0,0,0,1,1,0,0,0,0,2,0,4,2,1,0,3,0,0,1,0,0,2,1,0,2,0,0,0,0,0,1,0,1,0,1,0,0,1,1,1,1,"SIM-05710",0,0,0,0,0,62,0.185777402242594,0.231109519868967,4.60477209252792e-08,0.56770058940372,0.00105661147524579,0.00735705017730426,1.68192999387538e-11,0.000543925949388099,0.00645423150018807,1.00090712574746e-08,0,6.13308980973077e-07,"Signature_3_c4",0.56770058940372,TRUE,0.984587557563002,0.578665752842436,0.486636504316976,0.218384470069401,0.676414572415332,0.318743172519915,0.203605214598783,0.358481470880422,0.0929762013929957,0.120261067858154,0.469855024315811,0.366169864762765,0.492420343225696,0.474209063526745,0.279616687649169,0.234557655019315,0.235906594971862,0.307425879995956,0.508071855758065,0.4634990324299,0.29001599886836,0.319306551229396,0.165070776078525,"Signature_5",0.676414572415332,"Signature_3.Signature_5.Signature_2.Signature_17b.Signature_41c","13.1493656420868_39.2243121077277_4.33507156386152_0.832898456703211_8.0597136598761",-269.213545363714,0.730492307720344,13.1493656420868,0.00387590986704933,0,0,0.0336756249483249,0.0167195048258278,0,0,0,0.000640586309891167,0,0.0151475369112606,0,0.791442773634701,0,0.5,0.978324299055689,0.820720447461163,0,0,0,0.566448400329591,0,0.750592518486322,0,0.212086542614304,0.00215830742602457,2.86871671688913e-67,7.71474847926265e-155,0.997841692573975,0,0,7.1423276854719e-104,2.9407965741698e-83,"Signature_5",0.997841692573975
0,1,0,0,0,0,1,0,1,0,0,0,0,1,0,0,0,1,0,1,0,1,1,0,0,0,0,1,3,0,0,2,4,1,0,2,1,1,0,2,2,2,1,1,4,1,3,3,1,1,1,1,0,0,2,0,2,0,0,0,0,0,1,0,1,0,2,4,3,1,1,0,0,0,0,2,1,0,0,2,0,0,2,1,0,1,0,1,0,0,0,0,0,0,0,5,"SIM-05713",0,0,0,0,0,78,0.177449963309092,0.0392594327690872,1.22244930412118e-07,0.595114493061993,2.3976992647809e-05,0.188110553772552,2.97757878610455e-12,2.41817834292922e-05,1.72669781233391e-05,9.01205506200562e-09,0,7.31130318586991e-11,"Signature_3_c4",0.595114493061993,TRUE,0.811824011385102,0.510843672476105,0.373431332157456,0.193402759892418,0.564341403418924,0.468894234774166,0.354362657654786,0.177857456681571,0.0776194302381589,0.135547213617733,0.495585839883383,0.425043983467855,0.454058472768723,0.501523991914183,0.2249664182745,0.19351805503783,0.17861025867929,0.25233138195346,0.385765631202862,0.188121826836788,0.420730794335177,0.0368017132485758,0.284109365869166,"Signature_5",0.564341403418924,"Signature_5.Signature_2.Signature_13.Signature_17b.Signature_41c","39.9977251844926_9.1948615310922_5.66213276611899_1.83481800664261_15.4562426102873",-334.406807973602,0.748598723109443,0,0,0,0,0.0047680349723026,0.025980484826768,0.00888791845024162,0,0,0.00229081367176365,0,0.0418999162024595,0,0,0,0.5,0.852570562367707,0.949598587448027,0.877760065398526,0,0,0.753716484282197,0,0.999070152724442,0,0,3.52057037356563e-08,1.13934538403158e-90,2.83579703958382e-168,0.999999964794296,0,0,3.74548657981834e-140,3.46970731741766e-72,"Signature_5",0.999999964794296
0,0,1,0,0,0,0,2,1,0,0,0,0,1,0,0,0,0,0,0,1,0,0,1,0,0,0,0,2,0,0,1,3,0,0,2,0,0,2,0,0,0,2,0,0,1,0,0,0,0,0,0,0,1,0,0,1,0,1,0,0,0,0,0,1,0,1,0,1,0,0,0,2,0,2,0,0,1,0,1,0,0,1,1,0,0,0,0,0,0,0,0,0,0,0,0,"SIM-05740",0,0,0,0,0,34,0.238669874480222,0.420016469700538,1.09819722006575e-05,0.331145923947114,0.00248297153525249,0.000283264373578614,0,0.00143498287582705,0.00578629436453186,2.60775833858673e-06,0,0.000166628992397089,"Signature_3_c2",0.420016469700538,TRUE,0.989843250100074,0.431048194031038,0.424474732011067,0.334114661912496,0.517221616949911,0.0876960219804108,0.290079966299301,0.269017682186174,0.038213686187786,0.0153460966687725,0.311456702764339,0.307627220763541,0.398640342086641,0.247563501675824,0.433257309767222,0.31598708398835,0.39292251794916,0.431726907274964,0.528395925565885,0.316135594798731,0.252210420247867,0.0389649308444745,0.03090608076192,"Signature_26",0.528395925565885,"Signature_8.Signature_1.Signature_5.Signature_13.Signature_41c","4.33164608330896_1.744743371041_18.5157792345218_3.9796404066707_5.45117868543006",-147.523437919942,0.594671068804194,0,0,0.00137842871641736,0.00338594859964914,0.0171457949124981,0,0.0379264721980358,0,0,0,0,0.0180972132706483,0,0,0.604615114388832,0.503704312350444,0.80538920408765,0,0.938484805684332,0,0,0,0,0.868937562310861,0,0,0.091398399694615,3.19774471406973e-27,4.16174857562127e-57,0.908601600305385,0,0,7.4226280338328e-53,1.43011398491438e-39,"Signature_5",0.908601600305385
2,1,0,0,0,1,1,0,0,0,0,2,0,1,0,1,2,0,0,0,0,2,0,0,1,0,1,2,2,2,0,2,0,1,0,1,1,0,0,1,1,0,1,4,0,3,1,1,1,0,1,1,0,0,0,0,0,0,3,0,1,0,1,2,4,1,4,6,1,0,0,3,0,0,0,2,1,0,0,1,0,0,2,0,0,1,0,1,0,0,0,0,0,0,1,1,"SIM-05747",0,0,0,0,0,77,0.152329082871106,0.666763515104945,8.62493160988515e-12,0.180906137401084,8.68862563718941e-07,3.76049981596962e-08,0,2.97682677107504e-09,3.55168791589214e-07,2.34019688622406e-15,0,1.05750047072246e-12,"Signature_3_c2",0.666763515104945,TRUE,0.99999873538576,0.557616843124885,0.416320176388026,0.129704536926045,0.56349189149257,0.144633869235775,0.256914234228393,0.208980240867503,0.20768995063998,0.0975169604114978,0.284283060645967,0.455532052439046,0.44918950418148,0.313794690118481,0.221311865312893,0.17037206163944,0.150158156399013,0.215545805259961,0.3897210087741,0.220505602837227,0.287589964438145,0.103973795280533,0.124902880285228,"Signature_5",0.56349189149257,"Signature_3.Signature_5.Signature_13.Signature_17a.Signature_41c","27.8741134102808_25.7226144327593_4.25284995028616_2.52164145703452_17.2130182958004",-337.375523963928,0.690785617565598,27.8741134102808,0.0142023849889862,0,0,0.0127421857325547,0,0.0102663991993704,0,0.00426836602963787,0,0,0.0635434425502341,0,0.946276876513687,0,0.5,0.817624864129077,0,0.731743177432884,0,0.5443392236974,0,0,0.998605895426278,0,0.362001472860789,0.995613723207482,2.01920129675343e-68,6.76576607712318e-202,0.00438627679251829,0,2.19257119045939e-251,6.4120602974138e-137,1.98754278795361e-129,"Signature_3",0.995613723207482
0,0,0,0,2,0,0,0,0,1,0,0,0,1,0,1,0,1,0,0,0,0,0,0,0,0,0,0,0,0,0,0,1,0,0,0,0,0,0,1,0,0,0,0,1,0,0,1,0,0,0,0,1,0,0,0,0,1,0,1,0,0,0,0,1,0,0,1,0,1,1,0,0,1,1,0,0,0,0,1,0,0,1,0,0,0,0,0,1,0,0,0,0,1,0,0,"SIM-05822",0,0,0,0,0,23,0.228304607178451,0.576974036007235,9.48010419741297e-05,0.161400152253619,0.00643715608378391,0.0235175333167173,0,0.000726890168504214,0.00239956307281636,3.5781256055111e-06,0,0.000141682751292803,"Signature_3_c2",0.576974036007235,TRUE,0.96677359648128,0.421052643362142,0.428965540529384,0.0591908402660732,0.400656497188268,0.270846397824397,0.0850586127966108,0.326647240608186,0.156072169651856,0.0119426742759536,0.20979449130968,0.268795229638442,0.331101885163028,0.22528948205636,0.105316311111574,0.0717995438702723,0.125205667249567,0.257764827844529,0.32671671235918,0.263824649701372,0.151697767690807,0.215209626318053,0.0432811626113615,"Signature_8",0.428965540529384,"Signature_3.Signature_2.Signature_18.Signature_17a.Signature_41c","9.75579426092746_2.21175690765829_4.12803350874333_1.02877320724215_4.02731819216986",-105.037957789549,0.532952470183965,9.75579426092746,0.00398881715214783,0,0,0,0.0317472195347287,0,0.00129586308999408,0.00154331918719863,0,0,0.0238075633163453,0,0.615901455057583,0,0.5,0,0.644229657366406,0,0.295213181317646,0.495221388206071,0,0,0.607133694164576,0,0.424164967866411,0.999813865032007,4.40183470177572e-13,2.48098686428784e-58,0.000186134967552569,0,0,4.98705672037794e-34,2.15224817895282e-38,"Signature_3",0.999813865032007
0,0,0,0,0,0,0,0,0,0,0,0,0,0,0,0,0,0,0,1,0,0,0,1,0,0,0,0,0,0,0,0,0,0,0,1,1,0,0,1,0,0,0,0,0,0,0,0,1,0,0,0,0,1,0,0,0,0,0,0,1,1,0,0,0,0,5,1,1,0,0,1,1,1,1,0,0,0,1,1,0,0,1,0,0,0,0,0,0,0,0,0,0,0,0,1,"SIM-05824",0,0,0,0,0,24,0.0744950822157889,0.67742722572033,7.43479959683096e-07,0.150624691129858,0.00317314230050999,0.0447678843571337,6.39468576270133e-07,0.000701326546512718,0.0485482302334329,1.06156246615494e-07,0,0.000260928391650424,"Signature_3_c2",0.67742722572033,TRUE,0.902547742545937,0.300888830275486,0.214376344656573,0.0411618125458672,0.381258012751601,0.0123355649322415,0.00788510852022611,0.0402749901012027,0.163108408996243,0.027163102021854,0.134442486209285,0.325232699997328,0.330620631782775,0.158726839691554,0.0418424922962711,0.0428895129505617,0.0711759187553707,0.305562512811883,0.424595329434606,0.474014592165251,0.0755222463991938,0.00921310129752078,0.0126801625041812,"Signature_54",0.474014592165251,"Signature_3.Signature_5.Signature_17a.Signature_41c","1.87147421555075_14.0326604112039_1.19392165319708_6.02163725331521",-102.248745127274,0.450948673771045,1.87147421555075,0.000508870411910001,0,0,0.0300385884773783,0,0,0,0.00729121749043715,0,0,0.0428607538669372,0,0.474788835949655,0,0.5,0.845255402070155,0,0,0,0.638943060039098,0,0,0.966996974441337,0,0.0779780923146146,0.000180189486323068,7.07423825086456e-26,2.29814052303869e-64,0.999819810513677,0,0,5.85129839054904e-55,5.23966159367829e-45,"Signature_5",0.999819810513677
0,0,0,2,0,0,0,0,0,0,0,0,0,2,0,2,0,0,0,0,0,1,0,1,0,0,0,0,0,0,0,0,0,2,1,1,0,0,2,3,1,0,2,1,2,3,0,0,0,0,0,0,0,0,0,0,0,0,0,1,0,0,1,1,1,0,0,1,0,0,0,0,1,0,1,0,0,0,0,1,0,0,0,0,0,0,0,0,0,0,0,0,0,0,0,0,"SIM-05854",0,0,0,0,0,34,0.0275131136100446,0.0448932180361574,1.86142690314516e-05,0.0919975417379293,0.162999787393025,6.2543989110583e-05,0,0.290295196596699,0.359066149161263,0.00042015403401515,0,0.0227336811727251,"Signature_clock_c2",0.359066149161263,FALSE,0.164422487653163,0.44450910319394,0.491924044828156,0.420482673015185,0.614872970327185,0.333412954504449,0.11737089940154,0.308089942937686,0.0174079047256056,0.00535716461644338,0.558595841539303,0.202005369621188,0.364577897591447,0.500662990267527,0.474624836153795,0.351958699570397,0.179293804258371,0.335338354815441,0.417596409740795,0.179551463393019,0.316172575221388,0.295623477896788,0.0658366409587224,"Signature_5",0.614872970327185,"Signature_8.Signature_5.Signature_2.Signature_30.Signature_41c","10.1535622278395_15.4415381864735_2.2611763939787_9.01610976419937_2.24569010001098",-139.493052068364,0.663225084295395,0,0,0.00625774460456352,0,0.00270830637815,0.0069118808365527,0,0,0,0,0.010217822325479,0.00251224853801757,0,0.5,0.764231586842442,0,0.468364901218213,0.491162205539946,0,0,0,0,0.693739965236512,0.615858458587389,0,0,1.60420279590178e-06,3.89933980501722e-28,1.75280339076689e-59,0.999998395797204,0,0,1.73294314376497e-42,1.41067284849835e-21,"Signature_5",0.999998395797204
0,3,1,0,1,0,0,2,0,0,0,1,1,0,1,1,0,1,0,1,0,1,0,1,1,0,0,1,0,0,0,1,1,1,0,0,1,0,0,1,0,2,2,1,1,1,3,0,0,1,0,1,0,0,0,0,1,0,0,1,1,0,0,1,2,0,3,0,3,0,3,0,0,0,3,0,0,2,0,1,0,0,0,1,1,0,1,0,0,0,0,0,0,0,1,0,"SIM-05874",0,0,0,0,0,59,0.0361978819472162,0.822587965250216,1.55788596114362e-10,0.136456315612691,0.000361631529914973,4.37394072960502e-05,2.95774653057104e-16,4.30778903986333e-05,0.00430498988411879,1.03658583882978e-11,0,4.39831199401473e-06,"Signature_3_c2",0.822587965250216,TRUE,0.995242162965911,0.520917843009983,0.496488887152175,0.266733121666819,0.620905503966526,0.203215666523427,0.139356708286695,0.296321528788228,0.0936549195330352,0.0183775783359794,0.362152250367332,0.3290956902932,0.515240532733123,0.32744110504832,0.378801416203445,0.332897096437457,0.363828364785807,0.364350513079313,0.582408816266388,0.54116844204821,0.218918599913608,0.153588875312281,0.32516560530767,"Signature_5",0.620905503966526,"Signature_3.Signature_5.Signature_2.Signature_41c.Signature_41b","9.55149179145449_32.4759498284599_1.58670725951774_2.85084531002896_10.9492173155695",-261.59930273344,0.657494735767252,9.55149179145449,0.00301951733585026,0,0,0.0341514508190706,0.00279810149297322,0,0,0,0,0,0.00210201513119446,0.00780488601052798,0.552474099194509,0,0,0.987202473272241,0.592380218647523,0,0,0,0,0,0.526854466178438,0.670248893946647,0.161889691380585,0.000146838112802493,5.36185858313795e-52,6.71524276398352e-128,0.999853161887198,0,0,3.7750669151818e-90,1.60436743828635e-82,"Signature_5",0.999853161887198
0,0,0,0,0,0,0,1,0,0,0,0,0,1,0,0,0,1,0,0,1,0,0,1,0,0,0,0,0,0,0,0,1,1,0,2,0,3,0,0,0,2,0,2,2,1,0,1,0,0,0,0,0,0,0,0,0,0,0,0,0,0,0,0,2,1,1,0,0,0,3,0,0,0,0,0,0,0,0,0,0,0,0,0,0,0,0,0,0,0,0,0,0,0,0,0,"SIM-05880",0,0,0,0,0,27,0.198323910622404,0.130159426935636,0.00035706151738609,0.337872238094575,0.0100262811315203,0.00115692520774881,0,0.0978779400943288,0.22244417103465,0.000510473472939867,0,0.00127157188881138,"Signature_3_c4",0.337872238094575,TRUE,0.666712637170001,0.400061577668222,0.249378471785915,0.100883726672736,0.528793973993382,0.346361491868068,0.104943823303155,0.116125676583207,0.110731756604529,0.00522581194821612,0.539335083072583,0.211532786319278,0.282323161475416,0.645807126365574,0.270708669112995,0.198499913652993,0.324390289341419,0.23403632125548,0.41389394653006,0.403491302276449,0.426138456311981,0.0344926048359905,0.0492938714496568,"Signature_30b",0.645807126365574,"Signature_5.Signature_2.Signature_17a.Signature_30.Signature_41c","14.3451067104752_2.40140154032902_0.550992427300204_9.05532742012998_3.0460835436023",-109.192412206278,0.603392241634263,0,0,0,0,0.00521761831941325,0.0115889475514976,0,0,0.000143466326861907,0,0.0204518585732028,0.00927755671985719,0,0.5,0,0.5,0.867420732927725,0.748444564943668,0,0,0.512980699150784,0,0.560065983293769,0.415439686316543,0,0,6.1720693982686e-05,3.70488187386708e-38,5.82893014723313e-69,0.999938279306017,0,0,7.5411368090871e-52,1.07282632595205e-16,"Signature_5",0.999938279306017
1,0,0,1,2,1,0,0,2,0,0,1,1,1,0,2,1,0,0,4,1,1,0,0,1,0,0,3,1,3,0,2,5,0,1,3,1,2,3,1,3,1,1,0,3,2,1,0,1,0,0,1,1,0,1,0,0,1,0,1,1,0,2,2,2,0,5,5,1,0,2,1,0,0,2,5,3,1,0,3,0,0,1,0,0,0,0,0,0,0,0,0,0,0,1,2,"SIM-05882",0,0,0,0,0,101,0.0535899577256412,0.731415394998151,3.03750468692265e-15,0.214993303857509,2.39457791526242e-07,6.4303472849739e-10,0,6.07919343693749e-09,1.09723743544551e-06,1.43482191535176e-17,0,1.24090374364185e-12,"Signature_3_c2",0.731415394998151,TRUE,0.999998656581304,0.616356094740903,0.506898011669109,0.266150753404968,0.668575260859065,0.242476889486255,0.241165039525348,0.345547083747466,0.1098111501344,0.0248179654476829,0.436267361052546,0.488680868684174,0.515793234532004,0.425401511217822,0.257940011172396,0.170424181842844,0.233142027095934,0.414505138128171,0.499705392948311,0.382243584130986,0.365727580767626,0.153745731501232,0.0964479838017192,"Signature_5",0.668575260859065,"Signature_3.Signature_5.Signature_2.Signature_13.Signature_41c","30.8526667755485_48.2121144115346_2.78196098563031_2.9560437683412_20.661907164888",-435.979176574658,0.767532276799278,30.8526667755485,0.00915137397863464,0,0,0.0130186678031869,0.00228768383248834,0.00213134594521303,0,0,0,0,0.054150293546173,0,0.781296584072607,0,0.5,0.925111624355211,0.54457706409798,0.610868354632908,0,0,0,0,0.999804170898148,0,0.305471948272757,0.742395721955129,4.60945387833067e-89,3.79223680596249e-221,0.25760427804487,0,3.40039294759863e-293,4.0491443304223e-160,3.34253134134031e-138,"Signature_3",0.742395721955129
0,0,0,0,1,0,0,0,3,0,0,0,0,0,0,0,1,0,0,0,1,0,0,0,0,0,0,0,1,1,0,1,2,1,0,0,1,2,2,1,4,0,0,1,0,1,0,1,1,0,1,0,0,1,0,0,0,0,1,0,1,1,0,1,3,0,0,2,0,1,0,0,1,0,0,2,1,1,2,1,0,0,0,0,0,0,0,0,0,0,0,0,1,0,0,0,"SIM-05883",0,0,0,0,0,47,0.0920755140927618,0.474482036430966,2.64535610827214e-08,0.312424707545573,0.00493283529690018,2.18742500097555e-05,0,0.00655102949341315,0.109390039018798,1.50269200567416e-07,0,0.000121787148815966,"Signature_3_c2",0.474482036430966,TRUE,0.878982284522862,0.498537862438602,0.369087435708282,0.201148986476209,0.579684405465661,0.125900119362254,0.189160457532817,0.317464187543991,0.0808032358420715,0.00657761588920849,0.473780792910487,0.462063023824947,0.431264432857372,0.492879772390701,0.215394576625222,0.116018922582255,0.206754894824567,0.375337001607025,0.38644800605623,0.143157799240185,0.500712542573368,0.0144418424068505,0.0333465775169979,"Signature_5",0.579684405465661,"Signature_3.Signature_13.Signature_18.Signature_30.Signature_41c","14.2084046080885_1.41788477283321_5.66131332020406_14.0719284828149_13.8118755585216",-198.662638944499,0.698971159825044,14.2084046080885,0.00496816393096777,0,0,0,0,0.00253213602444025,0.00765012871947668,0,0,0.0253108969247143,0.0867314156984441,0,0.576054577762115,0,0.5,0,0,0.682435162332511,0.658636521284582,0,0,0.892345999877733,0.998982659485019,0,0.30230648102316,0.215908377773498,2.99311881348541e-53,1.97240697610607e-95,0.784091622226503,0,0,5.04262687282566e-81,2.21081342019634e-48,"Signature_5",0.784091622226503
1,0,0,0,1,1,0,0,0,0,1,1,2,2,2,3,1,1,0,0,0,2,0,1,1,0,1,0,0,0,0,1,3,2,1,5,1,4,2,2,1,2,0,3,2,4,5,0,1,1,3,2,0,0,0,1,0,0,1,0,0,0,1,0,4,0,2,4,1,1,1,3,2,1,1,0,3,1,2,2,0,1,1,0,0,0,0,0,0,0,1,0,3,1,1,1,"SIM-05891",0,0,0,0,0,106,0.00446779410290407,0.646599395448899,4.65049930859582e-17,0.187033621120855,0.000593519197586518,1.54252233751021e-08,3.86462348053548e-26,5.90259495670561e-05,0.161246521598898,2.92817713492637e-16,0,1.07156067429873e-07,"Signature_3_c2",0.646599395448899,TRUE,0.838100810672658,0.56540932151441,0.492693816939645,0.291533946152282,0.717005923540318,0.271160996724267,0.133765596559154,0.326109129094148,0.227282004483979,0.0222515934219447,0.553102042358478,0.479902242219658,0.519349652713922,0.566277020446496,0.274540969282671,0.173348136229977,0.222501409936926,0.412074811455393,0.493791550978822,0.247535040047849,0.389256261075525,0.226358710503315,0.356242533616279,"Signature_5",0.717005923540318,"Signature_5.Signature_2.Signature_17a.Signature_30.Signature_41c","61.0259852822002_3.04680181351023_3.40524172853325_11.6033881579_20.2504893421239",-463.800015752825,0.790304476492288,0,0,0,0,0.00731683314728981,3.80487133745389e-05,0,0,0.00333522887526938,0,0.00409272385826642,0.0519586420791391,0,0.5,0,0.5,0.993176028428741,0.807677063984447,0,0,0.693517995205374,0,0.571792657890002,0.993300638133535,0,0,4.11449156754264e-15,5.52183406599484e-119,5.22188169787887e-234,0.999999999999996,0,0,9.29637923760475e-176,1.67386326464671e-120,"Signature_5",0.999999999999996
0,1,0,0,0,2,0,0,2,2,0,0,0,0,1,0,2,1,0,0,0,1,0,0,0,0,0,2,0,1,0,1,3,2,0,1,0,1,1,3,3,2,0,1,3,0,2,3,3,0,0,0,0,1,0,0,0,0,1,0,1,1,0,1,5,0,3,4,0,2,1,3,1,1,0,1,1,1,0,1,0,0,1,0,0,0,0,0,0,0,0,0,1,0,0,1,"SIM-05895",0,0,0,0,0,76,0.0548258100562964,0.656805396440829,1.54922468634982e-11,0.287047998203492,0.000186147442548021,2.16213227314907e-05,0,1.65769858777939e-05,0.00109644442813508,3.78330358342827e-12,0,5.10081512246324e-09,"Signature_3_c2",0.656805396440829,TRUE,0.998679204716109,0.554472567494058,0.442485120416113,0.178661323795152,0.616693345159161,0.355573890530943,0.155304771619969,0.217304556488752,0.304568275985092,0.0233002550874756,0.44616727620557,0.488677785926584,0.48075754242378,0.4829983969859,0.205676858998213,0.154031724597189,0.24845467603531,0.344319410391784,0.461562857687767,0.258235484991422,0.429533909073307,0.0250568524307731,0.195931386644994,"Signature_5",0.616693345159161,"Signature_3.Signature_5.Signature_2.Signature_17a.Signature_41c","22.2071122666336_26.8427217756571_7.32497211729304_5.33369797327311_18.2348239995114",-322.983152199262,0.770362416274217,22.2071122666336,0.0106533945050798,0,0,0.00273301683951721,0.0215988305420088,0,0,0.0215965302327488,0,0,0.0705905342133278,0,0.802969944429648,0,0.5,0.388990749232957,0.80925487439094,0,0,0.921147897488978,0,0,0.999616788770739,0,0.2921988456136,9.0304230421882e-06,2.39720636976112e-74,2.71018604070887e-163,0.999990969576958,0,0,4.14735579925229e-137,9.01297922018742e-89,"Signature_5",0.999990969576958
0,0,0,0,0,0,0,0,0,0,0,0,0,0,0,1,1,0,0,0,0,0,0,0,0,0,0,0,0,1,0,0,0,0,0,0,0,1,0,0,0,0,1,0,0,0,0,2,0,0,0,1,0,0,0,0,0,0,0,0,0,0,0,0,0,0,1,0,0,0,1,0,0,0,0,0,1,0,1,2,0,0,0,0,0,0,0,0,1,0,0,0,0,0,0,0,"SIM-05928",0,0,0,0,0,15,0.164586007832146,0.150688322942239,0.0049933549701922,0.325617128401675,0.0277746521731453,0.0808255804407167,0.000628185260869868,0.0993916629620308,0.116149381179871,0.0133465282116,0,0.0159991956255151,"Signature_3_c4",0.325617128401675,TRUE,0.645884814146252,0.266696445021778,0.240594992786198,0.164764639765097,0.3678930227504,0.213981911003119,0.0891829427933249,0.150395094355841,0.0733780868000724,0.00646456023982045,0.220096968285255,0.405027748127115,0.538006312648761,0.194572782085392,0.236229340552217,0.236411420404326,0.116598867041757,0.141456256023531,0.317532875671482,0.365205718654724,0.0683142415216515,0.262336589404015,0.0784685064703329,"Signature_41b",0.538006312648761,"Signature_5.Signature_2.Signature_41c.Signature_41b","2.22317257075914_1.41480359093481_1.62538785436798_11.1381644872029",-62.7896249268242,0.563758512790907,0,0,0,0,0.00175164751310652,0.016503624153462,0,0,0,0,0,0.00445307522885363,0.0585061600340218,0,0,0,0.55489939576863,0.510472702145083,0,0,0,0,0,0.632285954445329,0.422229293023142,0,0.00435170622192292,2.01159609220359e-18,3.35883719312642e-36,0.995648293778077,0,0,2.06104285627925e-28,2.26966200388621e-22,"Signature_5",0.995648293778077
1,0,0,1,1,0,0,1,2,0,0,0,0,2,0,0,1,0,0,0,0,1,0,0,1,0,0,0,1,0,1,0,2,0,0,4,1,1,1,2,3,3,2,0,0,3,1,3,0,0,1,0,0,0,1,1,0,0,0,0,2,0,1,2,3,0,4,3,2,1,4,0,2,0,2,0,1,0,0,0,1,0,1,0,0,0,0,1,1,0,0,0,1,1,2,2,"SIM-05979",0,0,0,0,0,79,0.0185417610922527,0.882419236504603,3.26675267644477e-14,0.0953202795788677,0.000253344242618582,0.000132137097695525,1.19758121101191e-18,4.78913853416374e-06,0.0033284404034814,8.6339563163638e-15,0,1.19419057239141e-08,"Signature_3_c2",0.882419236504603,TRUE,0.996281277175756,0.525645952003976,0.459598312907991,0.238667428319521,0.684683298335443,0.198899481728926,0.0970584266336665,0.273496019149374,0.134282988524064,0.104009993313518,0.484125664565426,0.403182381889016,0.46820897413231,0.520131929830153,0.348073581470201,0.296457297143021,0.297227130611207,0.383885230030588,0.574712984221568,0.5061865100211,0.393611018870159,0.0449983013465251,0.141875398618485,"Signature_5",0.684683298335443,"Signature_5.Signature_2.Signature_17b.Signature_30.Signature_41c","62.3357054370081_1.55685500098355_0.672839720073706_1.0704079286109_11.4876069375509",-346.67022506963,0.720984999522917,0,0,0,0,0.0432133587956528,0.00114897152000359,0,0,0,0.000575845616126669,2.98752206950859e-05,0.028916474175364,0,0.5,0,0.5,0.994005930332334,0.568209952488656,0,0,0,0.513390724602858,0.51239264347883,0.978416702152272,0,0,6.57742768995313e-11,1.47247802399802e-90,1.74000389896876e-175,0.999999999934226,0,0,1.72590468538059e-141,1.26195923764379e-94,"Signature_5",0.999999999934226
1,2,0,2,0,0,1,0,0,1,0,0,0,1,0,0,0,0,0,2,0,0,0,2,1,0,0,0,0,1,0,1,0,1,0,0,0,2,2,1,1,0,0,0,0,2,1,4,0,0,0,0,0,0,0,1,1,0,0,1,2,0,0,0,2,1,1,2,2,3,1,0,0,1,0,1,1,1,0,0,0,0,1,0,0,0,1,1,0,0,0,0,1,1,0,2,"SIM-06016",0,0,0,0,0,57,0.23815349539507,0.526669605650181,6.42254109281809e-09,0.198514632576076,0.000481715393684733,0.0361503905993277,3.44990144017926e-11,2.2721475236958e-06,2.78777022246872e-05,4.47761641398429e-11,0,4.03409510173964e-09,"Signature_3_c2",0.526669605650181,TRUE,0.963337740043869,0.567804169257805,0.442907710896964,0.200944565223297,0.568115317440293,0.278339638558161,0.142848044148817,0.191688971655913,0.191822176239502,0.138848346281029,0.394216791613273,0.336338223348097,0.41109211022379,0.353666443240595,0.173923346142881,0.0854289654039459,0.119805983707244,0.307136460908121,0.401418313476998,0.231267312250867,0.154805068037765,0.0325915893457206,0.176682284377016,"Signature_5",0.568115317440293,"Signature_3.Signature_5.Signature_2.Signature_17b.Signature_41c","27.0523364484766_17.2074482890448_3.57735152940831_1.21155792198347_7.74890476832513",-252.196643841375,0.65678525943007,27.0523364484766,0.0295967461098714,0,0,0.00630002923332729,0.0116933668283313,0,0,0,0.00127416337526187,0,0.0223138223159342,0,0.892325962492371,0,0.5,0.559189499736793,0.729534323259684,0,0,0,0.510218698167221,0,0.905190060171644,0,0.474602393832923,0.999666446302424,2.38527816646309e-55,1.36542500159184e-130,0.00033355369757638,0,0,1.6507780138869e-97,7.3293363083764e-84,"Signature_3",0.999666446302424
0,2,0,1,0,1,0,0,0,0,0,0,1,2,0,1,3,3,0,0,1,1,0,0,0,1,0,1,1,0,0,1,5,1,0,2,0,0,3,2,1,2,3,0,1,1,1,0,0,0,0,2,0,0,0,0,0,1,0,0,0,0,0,1,3,1,7,3,1,5,0,3,3,1,1,3,1,1,2,4,0,2,3,0,1,0,3,0,0,0,1,0,0,1,1,1,"SIM-06071",0,0,0,0,0,98,0.001770040845746,0.993226404326578,1.01919414037684e-20,0.00500112658028792,1.0936301437035e-08,1.59515379983271e-07,2.42195412198332e-22,2.93263027783531e-11,2.25776593611858e-06,1.45147179979438e-23,0,4.44204083800329e-13,"Signature_3_c2",0.993226404326578,TRUE,0.999997571752612,0.540300501150572,0.460339851992108,0.281882159217357,0.642500487338673,0.113792035398565,0.12741672527414,0.189887397285158,0.309568925347836,0.0310256870548685,0.330681851294234,0.486573146941304,0.545869465828324,0.310041583555167,0.301436492390598,0.276477713197526,0.221899172369722,0.458407923841525,0.600032675168159,0.4089249213742,0.266211320210098,0.099828746977699,0.0921940701079074,"Signature_5",0.642500487338673,"Signature_3.Signature_5.Signature_13.Signature_17a.Signature_41c","16.100329854079_53.8087933479584_1.0082326811893_6.20172557291906_21.4392536994521",-427.427323040898,0.740985273834882,16.100329854079,0.00312724668978703,0,0,0.0184781335749237,0,0.00037731681244102,0,0.0192778652538201,0,0,0.0477462598847929,0,0.752000184219727,0,0.5,0.896804842895936,0,0.539326562834765,0,0.913533939094485,0,0,0.999149756371204,0,0.164289080143663,1.44192492438164e-06,1.584214513052e-97,3.66238891946324e-206,0.999998558075076,0,0,2.6718407039303e-183,1.26372855380465e-157,"Signature_5",0.999998558075076
0,0,0,0,2,1,0,0,0,0,0,0,0,1,0,2,3,2,0,1,1,0,0,0,1,0,0,1,0,1,0,1,1,3,0,2,1,2,1,3,1,3,1,2,2,1,4,1,2,1,1,0,0,0,0,0,1,0,0,0,1,0,1,0,6,2,0,3,0,1,1,2,2,1,2,1,3,1,1,0,1,0,0,0,0,0,0,0,0,2,0,1,0,2,0,1,"SIM-06077",0,0,0,0,0,85,0.0269153498117565,0.685302490709823,1.64163164886569e-14,0.276967759454712,3.94525196258609e-05,2.23780241502707e-07,2.60024487628899e-18,1.50655852343995e-05,0.0107596438685754,3.32758621604405e-14,0,1.42699820385851e-08,"Signature_3_c2",0.685302490709823,TRUE,0.989185599976308,0.544148177410768,0.42102686089426,0.254970380384645,0.652299076901551,0.271352998681642,0.142565661564163,0.245467556766076,0.193716630432316,0.0361407948314285,0.477493941055406,0.489085452909185,0.437917782162854,0.501088462743394,0.283668627212692,0.250738328665468,0.230366478766199,0.455320844667318,0.545714697992708,0.221223757468356,0.339668771301695,0.174621206205251,0.337171061788582,"Signature_5",0.652299076901551,"Signature_3.Signature_5.Signature_2.Signature_17a.Signature_41c","13.8991260068496_45.8611245229182_4.49827173050851_1.62779762595228_17.8125241013503",-374.991034398981,0.744458335857923,13.8991260068496,0.00334323254199753,0,0,0.0107027259819608,0.0039439899503384,0,0,0.000865347594827259,0,0,0.0722357239778002,0,0.922601042814514,0,0.5,0.677960164046767,0.477219232994524,0,0,0.427798828886317,0,0,0.998741987076193,0,0.163519129492348,7.64698540587979e-06,7.8101762912685e-98,5.01382364064948e-185,0.999992353014594,0,0,2.4724895541711e-160,2.20990622459796e-103,"Signature_5",0.999992353014594
1,0,0,0,0,0,0,0,2,0,0,0,0,1,0,0,0,1,0,1,0,1,0,1,0,0,0,1,0,0,0,1,2,2,0,3,2,1,2,0,0,2,0,1,1,1,0,1,0,0,0,0,0,1,1,0,0,0,0,0,0,0,0,0,6,2,1,2,0,1,0,0,0,1,1,1,2,0,1,0,0,0,0,0,1,0,0,0,0,0,1,1,0,0,1,0,"SIM-06083",0,0,0,0,0,52,0.078886331272657,0.744256248803129,4.13698756177754e-10,0.164412010949671,0.000223935817267591,2.21090820753495e-06,2.01412535807318e-14,0.000139634969109589,0.0120771200946423,1.8492129296666e-10,0,2.50658667498026e-06,"Signature_3_c2",0.744256248803129,TRUE,0.987554591439156,0.486707684163924,0.358449225697848,0.182789808305056,0.575381869228935,0.183775950436898,0.119332958170257,0.240084653040093,0.0753795927681176,0.0233042502079906,0.447237160121079,0.51164975394527,0.353244623598221,0.476341115390931,0.198925980201579,0.151406986625048,0.171444680214075,0.359846295233806,0.422823716881682,0.214633200374539,0.311455513802102,0.0218477226676051,0.0372110441814156,"Signature_5",0.575381869228935,"Signature_3.Signature_5.Signature_18.Signature_30.Signature_41c","16.8098456755803_10.0341842197871_1.01623683298077_11.7449743846723_16.4371975734193",-221.249648016243,0.702839625078704,16.8098456755803,0.0086412327804265,0,0,0.00201170383556648,0,0,0.000235945559094675,0,0,0.0138460903206403,0.118317600382326,0,0.865743716642051,0,0.5,0.526318032693751,0,0,0.504074821265528,0,0,0.841166613046228,0.999416520396091,0,0.323266262991928,1.84245090800854e-05,2.54561890736731e-59,2.95118845580709e-114,0.99998157549092,0,0,3.7464852491753e-96,9.30097948810901e-57,"Signature_5",0.99998157549092
0,0,0,0,1,1,0,0,1,0,0,0,0,1,0,1,0,1,1,0,0,0,0,0,0,2,0,0,0,0,0,0,0,0,0,0,0,0,1,1,1,1,0,2,1,0,2,1,2,3,0,0,0,1,0,0,0,0,0,0,0,0,0,0,0,0,1,1,0,1,1,0,0,1,0,1,0,0,1,0,0,0,0,0,0,0,0,0,0,0,1,0,0,0,0,0,"SIM-06115",0,0,0,0,0,33,0.086529930010679,0.559857871399966,9.07797155667664e-06,0.187446263158728,0.0427121647611746,0.000537598915620432,0,0.0169058265617252,0.102457942897442,3.65399445289421e-06,0,0.00353967032865535,"Signature_3_c2",0.559857871399966,TRUE,0.83384314254093,0.457430877403245,0.415885425715421,0.232748103509947,0.507578963234235,0.27618209486044,0.0772766200515372,0.334319514357722,0.127674052762812,0.00800765437878538,0.321803790623563,0.137311828274016,0.273693893714111,0.328662919051331,0.222710690910734,0.18486159083213,0.238311454820606,0.392938196281743,0.406204494042718,0.270884845865449,0.347288703233808,0.173010789511195,0.336293521850539,"Signature_5",0.507578963234235,"Signature_3.Signature_5.Signature_2.Signature_18.Signature_17a","7.55154293084166_17.4722554135539_2.57986034537985_2.82993574281938_0.228111846522863",-146.724387857129,0.54917591528996,7.55154293084166,0.00599166475125046,0,0,0.0253835818609566,0.0250197347566379,0,0.00526699913319051,1.6369468372579e-05,0,0,0,0,0.592387747085317,0,0.5,0.860415910635658,0.75147182501658,0,0.459460379055042,0.469158222212928,0,0,0,0,0.228834634267929,0.0256632030813859,1.30867616562499e-27,1.17351893170724e-65,0.974336796918614,0,0,3.02100645461924e-46,1.32217922686476e-31,"Signature_5",0.974336796918614
0,0,0,0,2,0,0,0,0,0,0,0,0,1,0,1,1,0,0,1,0,1,1,1,0,0,0,4,0,0,0,0,4,2,0,0,2,1,1,1,1,2,1,1,0,2,0,2,2,0,2,2,0,0,0,0,0,0,1,0,0,0,0,0,2,2,2,6,1,0,0,0,1,0,3,0,2,1,1,4,0,0,0,0,0,0,1,0,1,0,0,0,0,0,0,0,"SIM-06167",0,0,0,0,0,67,0.0132838425804816,0.900690360880798,5.38649241305054e-14,0.0714249408342391,5.29743549876979e-06,1.48872344685829e-09,0,7.62749679737621e-06,0.0145878292558426,3.79786774850924e-14,0,1.00027527229049e-07,"Signature_3_c2",0.900690360880798,TRUE,0.985399144295573,0.489570083270114,0.358591962642267,0.16511054767422,0.575697457864086,0.12894691195241,0.0389218187077326,0.191343422238942,0.028419541329992,0.00661380280948774,0.431312527834272,0.548289513498522,0.508331686670342,0.45687923485321,0.232042062908315,0.198655305425402,0.198025967430676,0.354959088698394,0.437820515444139,0.264444040661635,0.336054365801965,0.104503258288657,0.0477358990606609,"Signature_5",0.575697457864086,"Signature_3.Signature_5.Signature_30.Signature_41c","21.7856064808367_14.1995729586168_12.9270157250726_22.0934173568724",-282.214892796046,0.721075715198795,21.7856064808367,0.0109193783457774,0,0,0.00284859160445239,0,0,0,0,0,0.0134282617572822,0.0990945938366807,0,0.792255282104531,0,0,0.686295160115789,0,0,0,0,0,0.779750108578057,0.999991926208835,0,0.32515830568413,1.79880473043238e-06,1.11935454372571e-74,2.07874177595856e-149,0.99999820119527,0,0,2.63998129434183e-127,8.76924019373249e-89,"Signature_5",0.99999820119527
1,1,0,1,1,1,0,0,0,2,0,1,0,0,0,1,0,1,0,0,0,1,0,0,0,1,0,0,1,0,0,0,2,0,0,2,1,0,0,1,1,1,0,1,0,1,0,0,0,0,0,0,0,0,0,0,0,0,0,0,0,0,0,0,2,1,1,0,0,3,3,1,0,1,0,1,0,0,0,1,0,0,1,0,0,0,0,0,0,0,0,0,0,0,1,2,"SIM-06168",0,0,0,0,0,41,0.0611109470785969,0.883779752049106,3.61017264961529e-09,0.0355297744008053,0.000664220821340275,0.0187339946584828,4.54250355783437e-11,3.04513614060993e-06,0.000177831144619926,1.47706472420681e-11,0,4.3104053968398e-07,"Signature_3_c2",0.883779752049106,TRUE,0.980420477138681,0.563363607582673,0.478085366560752,0.0911895849500336,0.575905569890366,0.0592765668787991,0.0969201421895513,0.254624724381802,0.378158815258201,0.0489028507011885,0.310050141178301,0.297114891362263,0.384904199190005,0.397317629025668,0.209582099005082,0.147835598638136,0.238264561916962,0.277550344589048,0.446068586642503,0.405769533763252,0.382306120623374,0.150668006231146,0.0454131366398625,"Signature_5",0.575905569890366,"Signature_3.Signature_8.Signature_5.Signature_17a.Signature_41c","19.6871834886693_0.0367095347314675_15.0585229408027_4.28657399731466_5.01309186217511",-175.270381671773,0.669324363348189,19.6871834886693,0.0213076675189542,1.11625930276915e-07,0,0.0077646207860339,0,0,0,0.0454020752982123,0,0,0.0180603902357398,0,0.671486983199072,0.500275426616023,0.5,0.549421142863807,0,0,0,0.940091675880129,0,0,0.753576241271174,0,0.480175207040714,0.998641277190104,1.2176918077876e-37,3.50006583803151e-100,0.00135872280989593,0,0,9.08865998454925e-68,1.45909633999762e-67,"Signature_3",0.998641277190104
0,0,1,0,2,1,0,0,0,0,0,0,0,1,0,1,1,1,0,0,1,2,0,1,1,0,1,2,0,1,0,1,3,0,0,2,1,0,1,1,1,1,1,1,1,3,1,0,0,1,0,1,0,0,0,1,1,1,1,0,0,1,0,0,4,0,1,1,0,0,1,0,0,1,0,0,0,0,0,2,0,0,1,1,1,0,1,0,0,0,1,0,1,0,0,2,"SIM-06192",0,0,0,0,0,60,0.192190425463795,0.7312371823229,3.15929574803763e-10,0.0765648613443812,4.12436377114072e-06,1.19309803034445e-07,0,5.90000390983462e-08,3.22768604863738e-06,1.30901387972009e-13,0,1.93201938190073e-10,"Signature_3_c2",0.7312371823229,TRUE,0.999992469447005,0.631109955887292,0.462609648551779,0.217766702959084,0.611746030566104,0.213249789665488,0.16088617490103,0.25978764032151,0.0616533426935869,0.0434449572690358,0.446098798830399,0.458612605400797,0.509949558730233,0.449167686654344,0.260507234813218,0.22176483288812,0.242050926484752,0.246762290790115,0.372537074103632,0.221881843897248,0.375475007610155,0.130045540958308,0.153906896604319,"Signature_3",0.631109955887292,"Signature_3.Signature_1.Signature_2.Signature_30.Signature_41c","38.6868817498642_0.38644382653239_0.299739919535414_9.260655013994_13.1438655335463",-265.579374026509,0.743975872292189,38.6868817498642,0.0534110222388942,0,9.66022350803453e-05,0,9.51862453021368e-05,0,0,0,0,0.00935348290926596,0.0491250674998114,0,0.999167093261385,0,0.507678053268726,0,0.499653703717035,0,0,0,0,0.661658239172959,0.928880916741134,0,0.644781362497737,0.999999849715011,7.84736517086654e-62,1.46798171143283e-149,1.50284988413582e-07,0,0,2.4747348987432e-107,4.4705853709347e-84,"Signature_3",0.999999849715011
0,0,0,0,0,0,0,0,0,0,0,0,0,0,0,0,0,0,0,0,0,1,0,0,0,0,0,0,0,1,0,0,0,0,0,1,0,0,0,0,0,0,0,0,0,0,0,0,0,0,0,0,0,0,0,0,0,0,0,0,0,0,0,0,1,0,0,0,0,0,0,0,0,0,1,0,0,0,0,0,0,0,0,0,0,0,0,0,0,0,0,0,0,0,0,0,"SIM-06226",0,0,0,0,0,5,0.267552054048634,0.24540936346564,0.0465056733521476,0.236491344160667,0.0389347044578132,0.0226023316500949,0,0.0402368057321733,0.0632657188199552,0.0188903237491554,0,0.0201116805637197,"Signature_3_c1",0.267552054048634,TRUE,0.795958435027088,0.252035601909353,0.134339240218005,0.0196067812354476,0.221296739110199,0.00365599313522014,0.0869123638173858,0.044149464756209,0.00552140222604936,0.00119214175692494,0.0466000452038283,0.265521160890616,0.113992380874801,0.104337275658031,0.0358688996128387,0.0226393477549746,0.0240283902499213,0.20667668873261,0.212919800102286,0.190229698839612,0.0876473690653145,0.00204247065762016,0.00543051052253467,"Signature_41c",0.265521160890616,"Signature_3.Signature_13.Signature_41c","3.85680656475375_0.0663122581946686_1.90827367330207",-21.2495560622873,0.335983962366357,3.85680656475375,0.0236232601490391,0,0,0,0,0.000207095588287909,0,0,0,0,0.0801336864355228,0,0.593213183213123,0,0.5,0,0,0.49869989337817,0,0,0,0,0.676620932665399,0,0.77136131295075,0.596252999715846,8.74313454481731e-07,1.73122439609762e-14,0.403746125729391,0,5.30947844986425e-14,2.09982970136504e-10,3.12552968542063e-11,"Signature_3",0.596252999715846
3,2,1,1,1,0,0,2,1,0,0,1,0,0,0,2,0,2,0,3,0,2,0,1,0,1,0,1,0,1,1,1,3,2,1,4,3,3,2,3,1,1,1,0,4,2,0,1,0,0,1,1,0,0,0,1,0,0,0,0,3,0,1,0,1,0,2,2,2,1,2,1,0,1,0,3,2,1,0,2,0,0,2,0,0,1,0,0,0,0,0,0,0,0,0,3,"SIM-06257",0,0,0,0,0,91,0.0619313830883463,0.740467201502364,4.71043067355542e-14,0.197507140429763,5.89283951739443e-05,6.81244471412847e-07,4.17737307779161e-22,5.96419296672908e-07,3.40686680937033e-05,1.19998889876993e-15,0,2.52442558518608e-10,"Signature_3_c2",0.740467201502364,TRUE,0.99990572502052,0.646631704602995,0.56654656782817,0.2531262687303,0.700477927463232,0.339370622090607,0.168409359849492,0.33268456422938,0.160366399751761,0.0428776584444714,0.570748786998482,0.395606144470469,0.512593049227614,0.573591793245919,0.326020921353055,0.184256156721887,0.308358778732306,0.332557604941811,0.45493156952413,0.271984000852954,0.351277551266001,0.172518857829866,0.0536993374339312,"Signature_5",0.700477927463232,"Signature_3.Signature_5.Signature_2.Signature_30.Signature_41c","38.5431437674168_23.453142772254_4.01074497046387_13.1455606589471_13.7340253472396",-396.210593533271,0.78290160142725,38.5431437674168,0.0165212942599887,0,0,0.000123049847029932,0.00311653680438573,0,0,0,0,0.00787387655754856,0.0249284895179679,0,0.878440633506079,0,0,0.616940343903393,0.551785147160805,0,0,0,0,0.635034804058125,0.985411674661012,0,0.423551030411174,0.740511771556277,1.32918205724937e-77,1.45610083710353e-195,0.259488228443723,0,0,8.56918178655093e-134,2.76949936009246e-101,"Signature_3",0.740511771556277
1,0,0,1,1,1,0,1,2,1,0,0,1,0,0,0,0,0,0,1,0,0,0,0,0,0,0,0,0,1,0,2,2,0,0,0,1,0,1,1,1,0,2,2,1,1,0,0,2,0,1,0,0,1,0,2,0,0,0,0,0,0,0,0,4,0,2,3,0,0,2,0,0,0,0,1,2,1,0,0,0,0,0,0,0,0,1,1,0,0,1,1,1,1,1,2,"SIM-06305",0,0,0,0,0,55,0.0545142849238592,0.729344742401052,4.8810484295832e-10,0.146627552827462,0.00333582109163034,0.0658704527999466,1.26088162740027e-10,4.39513549556785e-06,0.000302654227163408,1.28619187341375e-11,0,9.59663353520256e-08,"Signature_3_c2",0.729344742401052,TRUE,0.930486580640479,0.544907900580839,0.512191306395368,0.233422674835774,0.612191735849985,0.155721005040445,0.219423598966464,0.335441292444213,0.108114676188055,0.158349665660796,0.321822120133327,0.496131172552453,0.485994120742349,0.314154893694943,0.322937292133734,0.284031067002342,0.313513277419961,0.239731598482956,0.471505522124221,0.349876155406472,0.329327707583731,0.0517308350186977,0.0422041806411872,"Signature_5",0.612191735849985,"Signature_8.Signature_5.Signature_13.Signature_17b.Signature_41c","10.030098632693_28.7195095152637_3.36454674032087_1.55942965740346_13.189030022956",-236.861508244382,0.725631326228613,0,0,0.00111687478018618,0,0.0244161695128825,0,0.00641759480828985,0,0,0.00443106533129944,0,0.0682959263266457,0,0,0.714583675746506,0.5,0.886049033351887,0,0.711611499975941,0,0,0.791864100370326,0,0.996600096467643,0,0,0.0135905299784598,1.25611623073352e-45,1.94558495075152e-123,0.98640947002154,0,0,9.80941784710823e-85,1.83916732040144e-84,"Signature_5",0.98640947002154
0,1,0,0,0,1,0,0,0,1,0,1,0,0,2,0,1,1,1,1,1,1,0,0,0,0,0,0,0,0,0,0,3,2,1,1,2,0,2,1,3,3,0,3,1,0,0,2,1,0,0,1,2,2,0,2,0,0,1,0,0,0,0,0,3,0,3,1,0,0,1,0,1,2,3,1,0,0,0,1,0,0,0,1,0,0,0,1,0,0,1,0,0,1,1,1,"SIM-06322",0,0,0,0,0,67,0.00688506554276023,0.971118878883776,1.38030533164643e-13,0.0188488410641837,0.00115461660209793,9.47116106824295e-06,2.59981625049107e-16,2.47458894112044e-06,0.00198062344714348,4.70051165591979e-15,0,2.87098864733136e-08,"Signature_3_c2",0.971118878883776,TRUE,0.996852785490858,0.552336084244078,0.434132053252564,0.248028916382256,0.676129708683386,0.185447897260657,0.0503940291955621,0.178227008897465,0.088507197727015,0.113660155666432,0.514704423573024,0.365970025629485,0.394560791830104,0.56285980862212,0.322289564739272,0.252684055602544,0.285527252792576,0.529549193393555,0.534770787815139,0.383183950810668,0.576205919763143,0.0358169298413427,0.0535111610063835,"Signature_5",0.676129708683386,"Signature_3.Signature_5.Signature_17b.Signature_30.Signature_41c","12.546070570923_35.7904702439716_0.7839111168865_8.19693280209194_9.15989013157103",-293.883478048234,0.710516585128279,12.546070570923,0.0047409588374161,0,0,0.0240617925527683,0,0,0,0,0.00127350059194531,0.00590750185415889,0.0290222898768961,0,0.5698835345022,0,0.5,0.964514165263226,0,0,0,0,0.540318949614211,0.6736016311636,0.918673346305257,0,0.187254784640642,0.00128707797657946,1.07397668743628e-66,4.98201968469025e-149,0.998712922023421,0,0,6.68553280552635e-117,4.0550595642911e-58,"Signature_5",0.998712922023421
3,0,1,0,0,1,0,0,0,1,0,1,0,0,0,1,0,2,0,1,3,0,1,0,0,1,1,1,0,1,0,0,1,0,1,3,2,2,2,3,3,4,2,2,0,3,0,0,1,1,1,1,1,0,0,2,0,0,1,0,0,0,0,1,5,1,2,1,3,2,2,1,3,1,2,4,2,1,0,2,0,2,0,1,0,0,1,0,1,0,1,1,0,0,0,1,"SIM-06338",0,0,0,0,0,96,0.000587635852767642,0.995223312488906,3.87080791971209e-22,0.00402752150334221,5.19052874360707e-07,2.85652084360428e-09,4.60122010867594e-24,1.05304310850015e-09,0.000161007188132771,1.79087199806337e-23,0,4.4125665374946e-12,"Signature_3_c2",0.995223312488906,TRUE,0.999838469845016,0.592391102955842,0.471317229843723,0.286593526811639,0.747207132049338,0.0748984830848733,0.0434175335312202,0.214733538614757,0.197145146146972,0.040371314775585,0.503846644802304,0.521934453204258,0.517374860437908,0.535083811573936,0.374081287863885,0.33812378970604,0.269391406767334,0.577427426543811,0.662890007685535,0.353177478346622,0.410854037309877,0.104144665090302,0.0495735192733665,"Signature_5",0.747207132049338,"Signature_3.Signature_5.Signature_17a.Signature_30.Signature_41c","10.5272089038521_61.7665914818159_1.16102666270945_4.4010476338817_19.3725858188477",-419.251678543673,0.81611612691052,10.5272089038521,0.00170790573374591,0,0,0.0322710029068428,0,0,0,0.000720075282019339,0,0.000982482928325812,0.0619571974778208,0,0.538091147815481,0,0.5,0.990175275192495,0,0,0,0.533195653317418,0,0.474977925371097,0.999284100431737,0,0.109658426081792,0.0204279361603324,3.11550472726049e-102,5.61916132735791e-224,0.979572063839667,0,0,1.3785217013188e-176,1.77184817709192e-126,"Signature_5",0.979572063839667
2,0,0,0,0,0,0,1,0,0,0,0,0,0,0,1,0,0,0,2,1,1,1,0,0,0,0,0,0,2,0,2,2,0,0,1,0,0,1,2,1,0,0,2,2,1,3,0,0,0,1,0,0,0,0,1,1,0,0,0,0,0,1,0,3,0,1,2,0,0,1,3,1,0,1,0,1,0,0,2,0,0,0,0,0,0,0,0,0,0,0,0,1,0,0,2,"SIM-06355",0,0,0,0,0,50,0.193150095056135,0.206958866591066,1.81341056475177e-06,0.584665740103912,0.000850079334484236,0.0137026776747999,0,0.000111423515401246,0.000558784518080686,2.33281036122669e-07,0,2.86514519562024e-07,"Signature_3_c4",0.584665740103912,TRUE,0.984776515161678,0.524740110393416,0.397187008097346,0.215082711075043,0.568122875682974,0.318825299614265,0.270449117900988,0.200437963783582,0.325422796388342,0.0426005463479627,0.32107371718575,0.439374836455276,0.412914266140368,0.349012881716821,0.198322760484451,0.106258938977123,0.220694168012792,0.314859131668834,0.418855586879891,0.247825050412346,0.358916277262736,0.125034607119633,0.352119001537271,"Signature_5",0.568122875682974,"Signature_5.Signature_2.Signature_13.Signature_17a.Signature_41c","27.1411303069238_3.61332976819818_3.3371376174791_4.61186069915025_11.6424401450053",-212.455641241415,0.71810363620092,0,0,0,0,0.00533013564762463,0.0132655261928409,1.02770750145531e-05,0,0.0267471632603068,0,0,0.0654445442316687,0,0,0,0.5,0.777894042763025,0.790259557028064,0.552368989905327,0,0.858816140343201,0,0,0.988074658696319,0,0,0.000178324926833589,5.2427475198171e-60,5.07488114091886e-115,0.999821675073166,0,0,1.16365393352988e-89,6.67094156978158e-77,"Signature_5",0.999821675073166
0,0,0,0,0,0,1,0,0,0,0,0,0,1,0,1,1,0,0,1,0,0,0,1,0,0,0,0,0,1,0,4,2,0,1,1,1,0,0,1,0,2,0,1,0,0,0,1,0,0,0,1,0,0,0,0,0,0,0,0,0,0,1,0,1,1,0,0,0,0,0,0,1,0,1,0,2,0,1,1,0,0,1,0,0,0,0,0,0,0,0,0,0,0,0,0,"SIM-06367",0,0,0,0,0,32,0.545916102022484,0.0875510555505648,0.000712403403460355,0.363926710334536,0.00023540846087928,8.86166773349303e-06,0,0.000902609015871741,0.000613838375032053,0.000119140583394283,0,1.3870586044002e-05,"Signature_3_c1",0.545916102022484,TRUE,0.998106271311045,0.511693959549775,0.300712065653347,0.161458316666142,0.462447899671654,0.162003235936947,0.464499662434854,0.166196554257448,0.0129703527478386,0.00456263855461407,0.305166810137141,0.388459512855902,0.371475551665814,0.381152345913668,0.201295335696658,0.16760086149297,0.173245105230578,0.319558227219955,0.337049085720741,0.132479624922167,0.338577750844646,0.16637095969621,0.0443037277556689,"Signature_3",0.511693959549775,"Signature_3.Signature_5.Signature_13.Signature_30.Signature_41c","11.7308039205143_7.54232571860795_6.09039943151255_1.82371199405091_8.15351938499205",-133.936912171192,0.684530363533595,11.7308039205143,0.00916763634355644,0,0,0.00211442193319111,0,0.0848692183564347,0,0,0,0.000911330765234752,0.0506243727278471,0,0.362362913984588,0,0.5,0.663883302627722,0,0.966697480093484,0,0,0,0.507006547325607,0.961165671274631,0,0.366587622516071,0.998353603597569,2.03846985593577e-42,3.41330203828837e-74,0.00164639640243122,0,4.11426900894585e-78,4.71464975870783e-58,9.44129729625399e-43,"Signature_3",0.998353603597569
1,0,0,0,0,0,1,0,0,1,0,0,0,0,0,0,1,0,0,0,0,0,0,1,0,1,0,1,0,0,0,0,0,1,0,1,1,2,0,2,3,1,0,1,1,0,2,1,0,0,0,0,0,0,0,0,1,0,2,0,0,1,0,2,1,1,3,1,1,0,2,1,1,1,2,0,1,1,0,0,0,0,0,2,0,0,0,0,1,0,1,0,0,0,0,2,"SIM-06373",0,0,0,0,0,51,0.0303192481983343,0.878511798739041,1.07946451272447e-10,0.0800930249012553,0.000215930992466973,0.00573133135216965,1.71760295416146e-11,2.39370402313358e-05,0.00510433809385607,1.36558814181988e-11,0,3.90543867064535e-07,"Signature_3_c2",0.878511798739041,TRUE,0.988924071946577,0.504931680143535,0.328439314211167,0.156535113315544,0.611794220731711,0.216103425070537,0.0550525234114309,0.134738206378679,0.176583924202894,0.0526267992291377,0.45083059616062,0.288208411948704,0.389484225843817,0.488678259431737,0.191239250887169,0.156054018188291,0.188645285941026,0.419098488458575,0.525537274838077,0.447503529068813,0.412907860610604,0.0259766320514869,0.256323744875442,"Signature_5",0.611794220731711,"Signature_3.Signature_5.Signature_2.Signature_17a.Signature_41c","6.70997143405894_34.2814174884456_1.77961659255735_0.650023104363725_4.46201554474258",-227.13447532863,0.632562431126362,6.70997143405894,0.00246996934129162,0,0,0.0264315174177149,0.00228860856252389,0,0,0.00058376083451972,0,0,0.0115154898229465,0,0.443141738557937,0,0.5,0.922476003860922,0.494006407246129,0,0,0.482663605651817,0,0,0.800224299342871,0,0.131568067334489,0.0246073962847473,2.83155185391638e-61,1.26105427055847e-119,0.975392603715253,0,0,7.80825358442851e-97,1.82075591550449e-57,"Signature_5",0.975392603715253
3,0,0,0,1,0,0,1,1,1,0,1,0,3,0,0,0,0,0,1,1,0,0,0,0,1,0,0,0,0,0,2,1,2,0,4,2,3,0,1,1,1,0,0,2,4,0,1,2,1,1,0,0,1,1,1,0,0,0,0,1,0,0,1,6,0,1,8,1,1,0,0,1,2,1,0,3,1,2,1,0,1,0,0,1,0,2,2,0,0,1,0,0,1,0,0,"SIM-06398",0,0,0,0,0,83,0.0345281430374187,0.780713258049603,5.56562315068944e-14,0.183946262061126,0.00011924837091949,2.9411874163946e-05,1.16074443088175e-18,8.45381122460765e-07,0.000662830872181789,4.96091026811211e-15,0,3.53403824977385e-10,"Signature_3_c2",0.780713258049603,TRUE,0.999187663148204,0.509847617912762,0.405164711897028,0.0846440136938785,0.548807519248694,0.22957460942952,0.158922964299137,0.234001517958327,0.0686420370418202,0.138579921375734,0.435910095557375,0.535152251005295,0.423291626711136,0.453724663630519,0.173627782940779,0.0977747426401842,0.170278369312329,0.27578358545461,0.392339401647799,0.14629317019373,0.226749206821477,0.0216429074197577,0.0350737156985796,"Signature_5",0.548807519248694,"Signature_3.Signature_2.Signature_17b.Signature_30.Signature_41c","37.8504570058716_1.27843753128257_2.07693402563352_18.400542680928_26.5518967681782",-355.586521615545,0.724928113409369,37.8504570058716,0.0187387205436096,0,0,0,0.000377087840604196,0,0,0,0.00451062213972586,0.0161308002909903,0.12847339649247,0,0.926717148547713,0,0.5,0,0.490425989273577,0,0,0,0.756172130340068,0.920667212890403,0.999999941395053,0,0.45602960248038,0.000545567765484191,1.3538865778496e-79,1.68554941618352e-192,0.999454432234516,0,0,1.27181058473308e-143,1.01320720320065e-110,"Signature_5",0.999454432234516
0,0,0,0,0,0,0,0,0,2,0,0,1,1,1,1,3,0,0,0,0,2,0,1,0,0,0,0,0,0,0,0,0,1,0,1,1,3,2,2,3,3,1,0,2,3,2,3,0,2,2,1,0,0,0,0,1,0,0,0,0,0,0,0,6,0,2,3,0,1,2,2,1,0,0,1,0,1,2,0,0,0,0,0,0,0,0,1,1,0,0,0,0,1,0,0,"SIM-06425",0,0,0,0,0,69,0.00397256223832491,0.0254406389832457,9.20325993009977e-11,0.0828111545132509,0.00444898645329722,5.43147951466139e-05,0,0.0135139771891785,0.869747841581008,5.33134087942541e-09,0,1.05188231746103e-05,"Signature_clock_c2",0.869747841581008,FALSE,0.112224355826854,0.48873981641351,0.374296131926152,0.264655599775783,0.679294601809404,0.349123230662598,0.0980392544672613,0.207982430432314,0.218279461235748,0.0877491008739021,0.576261107442088,0.396198572357408,0.470781218994142,0.563608527403637,0.294795422493988,0.242131965480929,0.209555516956784,0.388532707323703,0.500645948555107,0.334215754819763,0.322023246505643,0.117903487645804,0.216688468407133,"Signature_5",0.679294601809404,"Signature_5.Signature_2.Signature_17a.Signature_30.Signature_41c","42.0506199904062_4.61141951633876_2.87716182437072_11.2360498079789_12.5888168632428",-289.985614785402,0.75287355073373,0,0,0,0,0.0236973582233054,0.0122137723612906,0,0,0.00593253172839103,0,0.00720229480640577,0.0335787453084067,0,0.5,0,0.5,0.996473184366228,0.806664746540296,0,0,0.594776280809182,0,0.591614905832686,0.88043015374056,0,0,2.69779970999143e-16,5.6483840679492e-91,1.07714551210139e-158,1,0,0,4.48775862123694e-124,8.87724165220717e-70,"Signature_5",1
0,0,0,1,1,1,0,1,1,0,0,3,1,0,0,1,1,1,0,1,0,0,0,0,0,0,0,2,0,1,0,0,4,3,0,0,2,1,2,3,3,2,2,2,6,4,1,4,0,0,1,0,1,1,1,0,1,0,0,0,1,0,1,0,5,2,2,3,0,0,3,1,2,0,3,0,2,0,3,3,1,1,2,0,0,0,2,0,0,0,1,0,0,1,0,2,"SIM-06443",0,0,0,0,0,101,0.0685793758169647,0.237885323323396,7.52589469457226e-13,0.688360249533599,2.57869778170053e-05,0.00016902618737706,2.43281152854374e-21,0.000257231138049247,0.00472299970644681,5.24180682326506e-12,0,7.31035585259841e-09,"Signature_3_c4",0.688360249533599,TRUE,0.994824948674712,0.553416768025435,0.457657087668701,0.250839158904125,0.703730532093906,0.506539114016116,0.152341705181796,0.30205312613214,0.125618181764213,0.0300475422983699,0.639796448069868,0.451115500910941,0.50784354620878,0.612784365575283,0.380879404964072,0.276521546367266,0.301201134666988,0.403400387289181,0.541065459368177,0.402956645393495,0.459203265031732,0.110181184650918,0.134784817424367,"Signature_5",0.703730532093906,"Signature_3.Signature_5.Signature_2.Signature_30.Signature_41c","10.5678812710625_47.2899237893781_11.6910204881758_13.0588448769816_19.280703255355",-432.014292262936,0.842122460096371,10.5678812710625,0.00125961265499175,0,0,0.0133812998269729,0.043185137696431,0,0,0,0,0.00538660107636346,0.0418575384584736,0,0.504513718141104,0,0,0.995092782560788,0.971998832898685,0,0,0,0,0.621715008604375,0.991506250074463,0,0.104632487832302,1.03974131797706e-14,4.00913561400044e-116,1.09894393594965e-225,0.99999999999999,0,0,7.61825010430835e-170,2.69361720308055e-88,"Signature_5",0.99999999999999
3,1,1,0,1,1,1,2,2,0,0,0,0,1,0,0,2,1,0,2,2,2,0,0,0,0,0,1,0,2,0,0,1,0,0,2,2,1,4,3,2,3,0,2,0,0,0,0,0,0,3,0,0,1,1,1,0,0,3,1,1,0,2,1,3,1,1,6,1,0,2,2,0,0,2,2,2,0,0,3,1,1,0,0,0,0,0,1,0,1,0,0,0,1,0,1,"SIM-06460",0,0,0,0,0,90,0.000427051432300149,0.998202549857447,3.40177726621805e-21,0.00136941457014877,4.11547585921025e-07,8.68060862594682e-11,4.64791147399591e-28,8.52578468899059e-12,5.7249693255887e-07,1.13498283016128e-24,0,2.53393509354219e-13,"Signature_3_c2",0.998202549857447,TRUE,0.999999015859896,0.608835640176192,0.52320522468572,0.224470425844856,0.672188757308599,0.0317829475449891,0.044640572625454,0.304778401066985,0.196782770048196,0.0899262091676057,0.33914635760283,0.424847943241399,0.429696264827665,0.399161725496105,0.262161112521179,0.171196095199939,0.348128278863947,0.414204039100936,0.448172613880852,0.319679770907161,0.338997263486165,0.0253235561515432,0.024998494004631,"Signature_5",0.672188757308599,"Signature_3.Signature_5.Signature_17a.Signature_17b.Signature_41c","29.5355381578268_45.9279448585624_1.15694638321623_0.25781779343614_14.3038959404772",-398.672297741301,0.732694661831254,29.5355381578268,0.0154791886985541,0,0,0.0339341168515052,0,0,0,0.000884166466653902,8.16072699549864e-05,0,0.0432346140724369,0,0.891979577295386,0,0.5,0.994484158287256,0,0,0,0.517728233282391,0.503061956349149,0,0.982366383334579,0,0.328172646198076,0.999999963847741,3.50487867115888e-73,2.24270525872911e-213,3.61522587989844e-08,0,0,3.88331461769142e-155,3.28991793101942e-152,"Signature_3",0.999999963847741
1,0,0,0,0,0,0,0,0,0,0,1,1,2,0,0,0,0,0,1,1,0,0,0,0,0,0,0,0,0,0,1,4,0,0,2,2,0,0,2,1,1,1,2,0,0,0,0,0,0,1,1,0,0,0,0,0,0,0,1,0,0,0,1,0,0,0,0,0,0,1,0,0,0,0,0,0,0,0,2,1,0,0,0,0,0,0,1,0,0,0,0,0,0,0,0,"SIM-06482",0,0,0,0,0,32,0.0949715075467863,0.576895701605898,4.04698639530092e-06,0.131690383777422,0.163575284466896,0.000410404584776956,0,0.00257065269951094,0.0295002131331562,7.86959971045387e-07,0,0.00038101823918727,"Signature_3_c2",0.576895701605898,TRUE,0.803561639916501,0.462812351298975,0.394472654418631,0.164825958747373,0.511999162477175,0.0578403080036575,0.138605973937527,0.204982545160114,0.0478613495720617,0.134406016482836,0.399751701736905,0.261348913757208,0.427816177736996,0.530281433127962,0.309402514597188,0.260594362007369,0.218655752488049,0.133440084385715,0.24437088069756,0.146974840877136,0.592390785822473,0.0538966725483646,0.0236512214571835,"Signature_6",0.592390785822473,"Signature_3.Signature_5.Signature_17b.Signature_30.Signature_41b","12.8394313863356_6.75741200721966_1.0508418475034_5.25497082658337_9.98126791211929",-136.825097413744,0.56153719090586,12.8394313863356,0.0104919647616442,0,0,0.000411639415342946,0,0,0,0,0.0047558136905429,0.00792847757338888,0,0.00764723164468939,0.482006333462581,0,0.5,0.570841041664999,0,0,0,0,0.631046728814154,0.606178434218468,0,0.684862793429769,0.401232230822986,0.812181617763771,1.64534839280986e-25,1.29661650018607e-63,0.187818382236229,0,0,2.80298870307659e-47,2.26320314230949e-25,"Signature_3",0.812181617763771
1,2,1,2,1,1,0,1,1,1,0,0,0,0,0,3,0,0,0,1,1,0,0,0,0,0,0,1,1,1,1,1,2,3,1,2,1,5,1,1,0,2,2,2,4,2,2,3,0,1,0,1,0,0,0,0,1,0,1,0,1,0,0,0,5,2,6,6,0,1,3,3,2,2,3,1,1,0,3,1,1,2,0,1,1,0,0,1,1,0,0,0,0,1,0,0,"SIM-06524",0,0,0,0,0,106,0.00891885760555631,0.218522080013562,1.43894433339661e-15,0.674264942640909,0.000121235708059607,0.000216586072981283,1.84575439966161e-22,0.000199982336196213,0.0977563020830084,2.12177657865595e-14,0,1.35397042599478e-08,"Signature_3_c4",0.674264942640909,TRUE,0.901705880260029,0.52693938320399,0.495504140485764,0.262372716145514,0.706567225371038,0.361681005042737,0.189718333788232,0.277055058323471,0.243998629877844,0.076666801207653,0.524453908107029,0.428543784841038,0.512254381604636,0.506553123195422,0.324558649458717,0.25971045081719,0.264675484092046,0.461748417433523,0.640525529509247,0.490946970094591,0.276317019178225,0.213618549984032,0.17917793616904,"Signature_5",0.706567225371038,"Signature_5.Signature_2.Signature_13.Signature_17a.Signature_41c","74.7381249785974_8.35809223321723_0.935273379495026_3.53186602320046_16.665739609551",-463.092615855948,0.782496330264673,0,0,0,0,0.0395818911800685,0.0198777424270261,0.000296420026795197,0,0.00560438371505056,0,0,0.0318838223275674,0,0,0,0.5,0.999840357192412,0.872233826011267,0.545971148351096,0,0.592310470202127,0,0,0.970898416782716,0,0,9.82697119931792e-21,9.60068699688784e-116,7.34780153768664e-236,1,0,0,1.33263408285342e-184,1.49320137367002e-125,"Signature_5",1
0,0,0,1,0,0,0,0,0,0,0,1,0,1,0,0,0,0,0,0,0,0,1,1,0,0,0,1,1,0,0,0,1,0,0,1,3,2,0,5,1,1,0,0,0,3,2,2,0,0,0,1,1,0,0,1,0,0,0,0,0,1,0,0,9,0,1,1,0,0,0,2,1,1,0,1,0,0,3,1,1,0,0,0,0,0,0,0,0,0,0,1,0,0,1,1,"SIM-06529",0,0,0,0,0,56,0.0729157965348463,0.293953792915938,2.48887054611062e-09,0.394169053738602,0.00421161810319155,0.00267556335685031,2.74933226965591e-12,0.00408021769129966,0.22798733128253,4.20828432702373e-08,0,6.58180227902983e-06,"Signature_3_c4",0.394169053738602,TRUE,0.761038645678257,0.385025373554918,0.285142087102403,0.122855733002574,0.494015260735016,0.184523871931976,0.0831462809508655,0.116620297480561,0.154648413674054,0.0314256512065757,0.421657839056006,0.521584457155759,0.428193809672616,0.45085501623248,0.145605935011304,0.0915109758046464,0.106885198153338,0.247517225427416,0.337740160855308,0.142679636265028,0.221449533856364,0.020911996063896,0.192706103358655,"Signature_41c",0.521584457155759,"Signature_3.Signature_17a.Signature_30.Signature_41c","13.3728572966394_3.15391737207835_21.0157071600648_23.5771810645918",-229.853562085105,0.672351083068517,13.3728572966394,0.00412513715381768,0,0,0,0,0,0,0.00827413581334913,0,0.0289410018794779,0.132582514630372,0,0.828348426179421,0,0.5,0,0,0,0,0.922709237904472,0,0.989955340511514,0.999995620078327,0,0.238801023154275,4.97380646568226e-11,1.07082139086258e-73,5.05534386525818e-139,0.999999999950262,0,0,2.31033391084754e-111,3.83144269473705e-62,"Signature_5",0.999999999950262
4,0,0,0,2,0,0,0,0,0,0,0,0,1,0,0,0,0,0,0,0,1,0,0,0,0,0,0,0,0,0,0,1,1,0,0,2,0,0,0,1,0,1,2,1,0,1,3,0,0,2,1,0,1,0,0,0,0,0,0,0,0,0,1,1,1,3,1,0,1,3,0,2,0,2,1,3,1,0,0,0,0,0,0,1,0,0,1,0,0,0,1,0,0,1,0,"SIM-06575",0,0,0,0,0,49,0.0193090896547274,0.533126845283876,1.75098727671009e-09,0.12710942989116,0.0132795794164961,0.257935466587571,2.09531340106392e-11,0.000762706877512339,0.0484535049193472,2.37765965247588e-09,0,2.33732197098019e-05,"Signature_3_c2",0.533126845283876,TRUE,0.67954536658075,0.431173517266234,0.401734378431692,0.158058783908269,0.546146117710619,0.260947060266325,0.0623866553864464,0.229196912755931,0.143567258734826,0.124773614032778,0.310792599095583,0.352289608606029,0.401856674003302,0.350741701862646,0.196883051442902,0.190249411426685,0.171735211583412,0.390133692478984,0.560871550659384,0.480017914958854,0.297438689278359,0.0356503405158052,0.154775573206954,"Signature_26",0.560871550659384,"Signature_5.Signature_2.Signature_17a.Signature_17b.Signature_41c","34.0345673941638_3.4759698166519_0.526242688255594_1.10292118586732_8.21589895910807",-211.736797820042,0.606919923600823,0,0,0,0,0.0480946897865058,0.0192360768633274,0,0,0.000113980612030384,0.00347251240113755,0,0.0286727438264991,0,0,0,0.5,0.999123084794993,0.896182132982701,0,0,0.569237092743531,0.700158048726814,0,0.931931493347628,0,0,9.99624765615783e-06,5.05581051935862e-45,9.84520163469741e-113,0.999990003752344,0,0,6.71629470915113e-86,8.31903178729905e-67,"Signature_5",0.999990003752344
1,0,0,0,0,0,0,0,1,1,0,1,4,1,0,0,0,0,0,0,0,0,0,1,1,0,0,1,0,1,1,0,5,3,0,2,1,0,1,1,1,3,0,1,1,1,2,3,1,0,0,0,0,0,0,2,0,0,0,0,2,0,0,1,7,2,5,4,0,1,0,2,0,2,2,2,3,1,2,4,2,0,1,0,0,1,1,2,1,0,0,0,1,2,1,1,"SIM-06713",0,0,0,0,0,95,0.00543511169101126,0.88064450595147,8.18576990877423e-17,0.107036149847212,6.9954132106078e-05,0.00275476849581567,4.42673568170563e-17,3.3043373641226e-07,0.00405917930791611,3.91549565199067e-17,0,1.40732304886191e-10,"Signature_3_c2",0.88064450595147,TRUE,0.993115767489693,0.469030302569532,0.389074719762787,0.155891882312753,0.595395933380649,0.202002235544152,0.0855888564110854,0.21420067264093,0.17746988419205,0.146578157337423,0.390519532855803,0.611980561363753,0.525061897987622,0.41567419249787,0.190798773452265,0.149769698295226,0.172398748401146,0.383283641914187,0.479119177851696,0.308593983795462,0.328051057779502,0.0624885615883897,0.166994796654808,"Signature_41c",0.611980561363753,"Signature_5.Signature_2.Signature_17a.Signature_17b.Signature_41c","52.9810038529887_3.52116837750174_2.03832365997387_2.21646106178103_29.8224949107024",-411.39455246742,0.765116252053673,0,0,0,0,0.0107236257198341,0.00319093602415188,0,0,0.0012496408024385,0.00372146440575905,0,0.120535837872541,0,0,0,0.5,0.966519789360994,0.541874294461467,0,0,0.662846252981978,0.79472354990443,0,0.999998012638968,0,0,2.7078362180623e-16,1.7850655632065e-109,5.26244829765446e-219,1,0,0,5.14892996667775e-177,1.85848188707561e-127,"Signature_5",1
3,2,1,1,0,0,0,0,2,0,0,0,0,0,0,0,1,0,1,0,0,0,0,1,0,1,0,1,0,0,0,3,3,1,0,1,1,1,2,1,2,4,0,1,2,3,0,2,0,1,0,0,0,2,0,0,0,0,0,0,0,1,0,0,3,0,4,3,2,2,0,1,1,0,2,0,0,1,1,0,0,0,1,0,0,1,2,0,0,1,0,0,0,0,0,2,"SIM-06731",0,0,0,0,0,72,0.198455405096055,0.587574926953789,1.75926978703186e-10,0.213368885844738,7.03575983379085e-05,0.000241633283986241,3.15874131878493e-15,6.12384283474123e-06,0.000282662130370538,2.91192708455245e-12,0,5.07104644815057e-09,"Signature_3_c2",0.587574926953789,TRUE,0.999399218070509,0.599881536844305,0.431202928970598,0.185776455366043,0.647697044561973,0.309831891549189,0.243432370519439,0.240759902439731,0.170589292593209,0.0420508209121603,0.54972494054509,0.331869044682027,0.402768269543572,0.567619869047922,0.244026509388347,0.197167424698234,0.223249394901301,0.402953853617237,0.479487795880978,0.348733044245834,0.40953295853881,0.0293628691493484,0.0585050903517935,"Signature_5",0.647697044561973,"Signature_3.Signature_13.Signature_17a.Signature_30.Signature_41c","36.2912237701382_2.13659767196598_2.2209305074339_21.8775256131919_11.3071771241553",-312.706265977527,0.721429564337644,36.2912237701382,0.0175694067220054,0,0,0,0,0.000629243441172767,0,0.00142834902777256,0,0.0131811108737334,0.0268810881711512,0,0.966450048248106,0,0.5,0,0,0.435971947153516,0,0.479670188581347,0,0.778275352922862,0.921519693436274,0,0.504044774585253,0.133210731801985,1.75762967605851e-82,5.56186352364129e-163,0.866789268198015,0,0,1.07499389598874e-126,4.03828556584975e-75,"Signature_5",0.866789268198015
1,0,0,0,1,1,0,0,3,3,0,0,0,1,1,0,2,0,0,0,1,0,0,1,0,0,1,1,0,1,0,0,3,2,0,2,5,1,1,1,0,2,0,1,2,3,0,4,2,1,0,0,0,1,1,1,0,0,2,0,0,0,0,2,4,0,1,5,1,0,3,0,1,1,1,2,1,0,0,1,0,0,0,0,0,0,0,1,0,0,0,0,1,0,0,2,"SIM-06735",0,0,0,0,0,80,0.0607872042953668,0.702570836395664,4.61081163545722e-12,0.233794316528799,0.000568092062780568,5.47434605887853e-05,0,2.29059405804903e-05,0.00220189833616843,6.0938551900917e-13,0,2.97483091479774e-09,"Signature_3_c2",0.702570836395664,TRUE,0.997152357224441,0.5517655179801,0.446892684504701,0.136013535237415,0.630823835283019,0.321842297105946,0.0944291640478176,0.295636480970778,0.0920089650054708,0.0954060929319056,0.543479733889855,0.445577910536163,0.43591147925557,0.562330243680775,0.179248704325541,0.134587394189885,0.203402324047774,0.342020152080652,0.439615656434392,0.286927020779072,0.313776632130537,0.0296845776784759,0.0686077403393131,"Signature_5",0.630823835283019,"Signature_3.Signature_5.Signature_2.Signature_30.Signature_41c","29.0986646465316_14.2185439211288_3.31265719212984_17.6192725169602_17.9367210792782",-343.680977034318,0.7406415936473,29.0986646465316,0.0135731937812333,0,0,2.58361403454588e-05,0.00290356564026062,0,0,0,0,0.0149180503184323,0.0645111576680621,0,0.607480248396537,0,0,0.680445600448316,0.723676942183108,0,0,0,0,0.707477748654658,0.9996313784016,0,0.363733308081645,4.74690413555704e-05,1.67447164740655e-74,3.11356055436576e-187,0.999952530958644,0,0,1.44127575211735e-135,3.41163445693693e-84,"Signature_5",0.999952530958644
0,0,0,0,0,0,1,0,0,1,0,0,1,0,0,1,0,0,0,1,0,1,0,0,0,0,0,0,0,0,1,0,1,0,1,2,0,1,1,0,2,2,0,2,1,0,1,3,0,0,1,0,0,0,0,0,0,0,0,0,0,0,1,1,1,0,1,3,1,1,1,2,0,0,0,2,1,0,1,0,1,0,1,0,0,0,0,0,0,0,0,0,0,0,0,2,"SIM-06802",0,0,0,0,0,45,0.050917446835383,0.342100036194553,2.21695865854761e-07,0.315011638098699,0.0305243311660702,0.13612295246993,3.90968001954245e-09,0.0093081635278695,0.115860717338655,8.78630102155274e-07,0,0.000153610133191974,"Signature_3_c2",0.342100036194553,TRUE,0.708029342824501,0.436784482561232,0.37649313966501,0.25574414429547,0.605190871657494,0.311208534192992,0.0878124290349567,0.198880520893711,0.296065226827357,0.0443975606156158,0.419043393779495,0.34737256100905,0.362425399564672,0.473878853715482,0.276794241969239,0.202188952181558,0.21051637846107,0.389933608424173,0.44837625856445,0.263304694031942,0.48690611087785,0.172659976541111,0.199924271088351,"Signature_5",0.605190871657494,"Signature_5.Signature_2.Signature_17a.Signature_41c","30.635571361682_3.81950756364627_3.17982612751172_6.58874682949924",-193.215535501334,0.680749097960831,0,2.22044604925031e-16,0,0,0.0473924140133575,0.026610207427567,0,0,0.0213485690616986,0,0,0.0296019471294757,0,0,0,0.5,0.986396063810058,0.870362669678984,0,0,0.715373365433939,0,0,0.96317675999922,0,0,2.99340050057748e-10,1.09361508380566e-55,1.52958782021944e-105,0.99999999970066,0,0,3.06767150583073e-81,4.08279221500943e-50,"Signature_5",0.99999999970066
4,0,0,3,2,1,0,0,2,0,0,0,0,2,0,2,0,1,0,1,0,0,0,1,0,1,0,1,0,1,1,1,3,3,0,0,1,2,0,3,0,3,0,1,2,4,0,1,0,0,0,0,1,1,1,0,1,0,0,2,0,2,0,1,1,1,2,4,0,0,1,0,1,0,0,1,2,1,1,2,0,0,0,0,0,1,1,1,0,0,0,0,0,1,1,1,"SIM-06840",0,0,0,0,0,79,0.111346114905205,0.797990112827447,6.45416888597964e-12,0.0903215049111627,0.000333935798076829,2.38571325610156e-06,0,8.72239305995697e-08,5.85850144540222e-06,6.88988851626605e-15,0,1.13015084440981e-10,"Signature_3_c2",0.797990112827447,TRUE,0.999657732650269,0.630996737934293,0.533046570758298,0.109932093512816,0.626698181790864,0.265681147313591,0.156019718323908,0.375276615758062,0.0529151944525868,0.100289551566595,0.548782966191493,0.335321815055418,0.454280558964853,0.584252300367927,0.218014987015757,0.154609779737796,0.221385889738578,0.266798228385952,0.375184054690188,0.203410652890742,0.312896439913009,0.183692476085062,0.0576549583393304,"Signature_3",0.630996737934293,"Signature_3.Signature_18.Signature_17b.Signature_30.Signature_41c","40.9870047804954_6.37213710840934_0.776534022516367_20.7199919681088_11.6322500305681",-346.358440903015,0.739856281249389,40.9870047804954,0.0355448047169269,0,0,0,0,0,0.00371706716806153,0,0.000847232718368285,0.0346624475809364,0.0241757410213718,0,0.961831892017325,0,0.5,0,0,0,0.450425299491105,0,0.541753989446581,0.952549239672439,0.982316090545106,0,0.518822845322727,0.999999997743904,1.58437288271445e-69,5.62529205584059e-198,2.25609609566157e-09,0,5.22794469881036e-247,7.87130948549083e-117,2.16023581849629e-100,"Signature_3",0.999999997743904
2,1,0,0,0,0,0,0,1,1,1,0,2,0,0,2,0,0,0,3,0,2,0,3,0,1,0,0,0,1,0,2,6,2,1,3,1,3,3,1,2,1,1,3,5,1,4,1,2,2,1,1,0,1,0,0,1,0,1,1,1,0,0,0,5,2,0,6,2,0,1,1,2,2,2,1,0,1,1,3,1,0,0,0,0,1,0,2,0,0,2,0,1,3,1,1,"SIM-06850",0,0,0,0,0,112,0.0128344984661568,0.531891869012473,3.73442156000084e-16,0.450517400144115,0.000144740284339155,9.65131984016402e-07,5.41199629593095e-22,6.65581680621616e-06,0.00460387091042124,4.38231329204599e-16,0,2.33704462807997e-10,"Signature_3_c2",0.531891869012473,TRUE,0.995243767622745,0.573140998973312,0.477431505807507,0.310427651444598,0.676660144374678,0.373478469414005,0.207545997420059,0.270425167086869,0.0993751276093757,0.133486310954669,0.520936871475243,0.484001343266335,0.501548294267854,0.497293562257083,0.272891108384765,0.201273623098901,0.196786066778949,0.441539235122203,0.51215102373806,0.207104750113967,0.431054605316265,0.154701426251421,0.269600207618389,"Signature_5",0.676660144374678,"Signature_3.Signature_5.Signature_2.Signature_17b.Signature_41c","20.1849481732588_57.6369704363364_9.53974496324147_1.79599084816415_21.7330459682722",-489.182415710776,0.787259595382905,20.1849481732588,0.00396955945846311,0,0,0.0143625630125943,0.0218123203909238,0,0,0,0.00204604665523878,0,0.0541470787341839,0,0.548390726323677,0,0.5,0.994194409300802,0.941180087240358,0,0,0,0.620360486856731,0,0.998746409900864,0,0.180222751546954,3.07878539813054e-13,1.28971304924409e-115,1.00803646720817e-219,0.999999999999692,0,0,8.4283514554929e-186,8.38925963096553e-120,"Signature_5",0.999999999999692
0,1,0,0,1,0,0,1,1,1,0,0,0,0,0,2,0,0,0,0,1,0,0,0,0,0,1,0,0,0,0,0,3,1,1,0,3,3,1,1,0,3,0,1,0,2,2,0,1,0,0,0,1,2,0,0,1,0,2,0,1,0,0,1,4,2,5,5,1,1,1,0,2,0,0,1,2,0,0,0,0,0,1,0,0,2,0,0,0,0,1,0,1,1,1,0,"SIM-06856",0,0,0,0,0,70,0.00306385863090494,0.873017107189219,1.44647730301933e-15,0.0264924147575705,0.00017205127349083,3.50054134073798e-08,3.49277675905515e-20,1.05839595540671e-05,0.0972435116575281,1.00731051420955e-15,0,4.37526316896581e-07,"Signature_3_c2",0.873017107189219,TRUE,0.902573380577696,0.466711972221133,0.420183337219459,0.226579558871082,0.637631135674692,0.101042159485259,0.0294552479674534,0.248938835272121,0.0836182572420698,0.01848339556808,0.492776844711247,0.476885144769986,0.423113763032591,0.48842775024776,0.238441566464883,0.166401153633777,0.256746279345242,0.377586729622626,0.515572533416355,0.33090761776599,0.266071369669175,0.176831816409979,0.192752649931186,"Signature_5",0.637631135674692,"Signature_3.Signature_5.Signature_30.Signature_41c","1.40165196646921_41.0281867263324_10.7067858313343_16.7812742729104",-301.349920687711,0.717503207984542,1.40165196646921,4.53574907344212e-05,0,0,0.0209719823534347,0,0,0,0,0,0.00966607707856526,0.0743782339376892,-1.11022302462516e-16,0.495219998947125,0,0,0.890345170197135,0,0,0,0,0,0.753581435842472,0.998703950388505,0,0.0200235995209887,3.16248732055436e-10,4.07433518424616e-74,1.81726059977557e-165,0.999999999683751,0,0,5.68222834355911e-131,6.17599150264499e-85,"Signature_5",0.999999999683751
0,0,0,0,0,0,0,0,1,1,0,0,0,0,0,0,0,0,0,0,0,0,0,0,0,0,0,0,0,0,0,0,1,1,0,0,0,0,0,0,0,0,0,1,0,0,0,0,0,1,2,0,0,0,0,0,0,0,0,0,0,0,0,0,0,0,1,1,0,0,0,0,0,0,0,1,0,0,0,1,0,0,1,0,0,0,0,0,0,0,0,0,0,0,0,0,"SIM-06871",0,0,0,0,0,13,0.0666280344658544,0.394451241055807,0.000176551406459892,0.118673683116854,0.0843754301058652,0.00459575758510768,0,0.0328819757093216,0.261983317748382,0.000128410971410999,0,0.0361055978349374,"Signature_3_c2",0.394451241055807,TRUE,0.579929510044976,0.260157858386543,0.274508563236404,0.0506795944052384,0.340478414393826,0.00975423330269679,0.00428370556658741,0.192799649044622,0.0161739875251008,0.00239958707964591,0.204781895410407,0.247488326761615,0.27449824723281,0.239087311216772,0.10526298320709,0.0749539670313212,0.104506918859785,0.205918146150639,0.247186219283554,0.156968473433904,0.276039024443578,0.0131478802548793,0.0158036373738779,"Signature_5",0.340478414393826,"Signature_8.Signature_5.Signature_18.Signature_41c","0.435532853017354_7.8343033428911_0.902919179831767_2.49154059985383",-57.4576547970429,0.378303295240225,0,0,9.69731351838643e-05,0,0.0163597282329097,0,0,0.00179605020163009,0,0,0,0.0238972264850219,0,0,0.512696999642532,0.5,0.677661931646884,0,0,0.463232258948938,0,0,0,0.60389557840273,0,0,0.00240106244464333,5.41918314623543e-08,4.42549435294256e-30,0.997598883363512,0,0,7.87491838143148e-24,1.26996662056258e-14,"Signature_5",0.997598883363512
0,0,0,0,1,0,0,0,0,0,0,0,0,0,0,0,0,0,0,0,0,0,0,0,0,0,0,0,0,0,0,1,0,1,1,0,0,0,0,0,1,1,0,0,0,0,0,0,0,0,0,1,0,0,0,0,0,0,0,0,1,0,0,0,1,0,2,0,0,0,1,0,1,0,1,0,0,0,0,0,0,0,1,0,0,0,0,0,0,0,0,0,0,0,1,0,"SIM-06884",0,0,0,0,0,16,0.123660209736953,0.294548035798116,0.000178954371725044,0.208313536290832,0.0308500503333823,0.00820932947818768,4.65663814922366e-06,0.0464105107947844,0.263698385771172,0.000260914228174541,0,0.023865416558523,"Signature_3_c2",0.294548035798116,TRUE,0.626700736197627,0.333447503518668,0.269870155114453,0.20257962605822,0.448149745088686,0.0430706549351757,0.175792918858782,0.136811399232358,0.0622236485039694,0.0063914403037829,0.266260212658903,0.346677616165324,0.36738622270597,0.281702773656087,0.19328129319612,0.166488658746517,0.201375277985781,0.422521823874759,0.517173952600887,0.50782649680544,0.234639700028724,0.0184079325388466,0.0129626690735355,"Signature_26",0.517173952600887,"Signature_5.Signature_13.Signature_41c","12.2308527704768_1.23004472520627_3.86740920025551",-67.7101145011449,0.51747124170863,0,0,0,0,0.0393059413698847,0,0.0146482097631206,0,0,0,0,0.0371731898057646,0,0,0,0.5,0.847730592463729,0,0.681583648928051,0,0,0,0,0.77202352551936,0,0,0.0089227195594394,2.68374261054043e-20,1.53976271689599e-33,0.991077280440561,0,0,6.52015111015575e-31,5.07253406769015e-21,"Signature_5",0.991077280440561
1,0,0,2,1,0,0,2,1,2,0,0,1,0,0,1,0,0,0,1,3,1,0,0,0,0,0,0,1,0,0,1,3,3,0,1,2,2,0,3,1,1,0,1,2,1,0,0,0,0,1,3,0,0,1,0,0,0,0,0,1,1,0,1,3,0,5,3,1,0,2,1,0,2,1,1,0,0,0,0,1,0,3,0,0,0,2,0,0,0,0,0,0,0,0,1,"SIM-06926",0,0,0,0,0,72,0.0495348495613838,0.88163453410757,9.93150631180503e-13,0.0687949818190421,1.07605927984363e-05,1.7037137137472e-07,0,9.29289228423524e-08,2.461025598205e-05,1.08787652435413e-15,0,3.61935594882468e-10,"Signature_3_c2",0.88163453410757,TRUE,0.999964365488989,0.561420718636823,0.479623235488524,0.0973407840678093,0.618682258935275,0.192155510732674,0.172369659763478,0.251393612788473,0.129098830885273,0.0235225631101003,0.456930707277565,0.400936214823068,0.483871441646911,0.497520095385796,0.224413504360077,0.126165733477669,0.30177760942826,0.280199622676443,0.445826108838833,0.392507225543013,0.341249676191892,0.114379378337367,0.028379973694308,"Signature_5",0.618682258935275,"Signature_3.Signature_5.Signature_13.Signature_30.Signature_41c","26.6330243568101_23.0045170355369_0.873805309299084_9.38044230313487_13.1224552584568",-314.70809685322,0.686343252316194,26.6330243568101,0.0118830238426626,0,0,0.00460804464073528,0,0.000480283717979701,0,0,0,0.00600046024235368,0.0311185195204527,0,0.425985866756119,0,0.5,0.740480507435985,0,0.551298885147947,0,0,0,0.618626670636501,0.961907131571739,0,0.369903116066807,0.0694974542938213,2.0543364251458e-53,2.52521684663336e-180,0.930502545706179,0,0,1.15695370556326e-118,1.96047840308234e-88,"Signature_5",0.930502545706179
0,1,0,0,1,1,1,1,3,0,0,2,0,0,0,1,1,0,0,0,0,0,0,1,1,2,1,3,0,0,0,0,4,3,0,1,0,2,2,1,2,2,2,0,1,0,2,1,0,0,0,0,0,1,0,2,0,0,2,0,1,1,0,1,5,2,0,4,0,0,2,0,2,2,4,1,1,1,2,4,0,0,1,0,1,1,1,1,0,1,0,1,0,1,2,1,"SIM-06945",0,0,0,0,0,92,0.000308147545882266,0.998221999230127,2.94721116673315e-21,0.00144238477654791,6.11164974792715e-07,1.5740373980022e-07,1.14953814725165e-21,7.17561959463273e-10,2.66990940372883e-05,8.29008559274734e-23,0,6.71289001024185e-11,"Signature_3_c2",0.998221999230127,TRUE,0.999972531552557,0.546065392870421,0.497058610467251,0.268749792346769,0.648184111166266,0.141530812936783,0.0436648065296302,0.357598094188219,0.0965938116244798,0.106503648780036,0.430762005311466,0.503514640595669,0.499599345933987,0.382727672557805,0.347124619920046,0.280457925660029,0.300937380555677,0.504902185324098,0.580705371411,0.35902297458389,0.321151147538687,0.102596012548183,0.173798519903329,"Signature_5",0.648184111166266,"Signature_3.Signature_5.Signature_18.Signature_30.Signature_41c","17.4485966601328_35.6642696408249_6.82068343703376_6.59681642858891_20.7215224978199",-410.361232132917,0.74045983012185,17.4485966601328,0.00397864519237434,0,0,0.0105280420713947,0,0,0.00425359976843653,0,0,0.00160772471410531,0.0690112215252128,0,0.898415776743945,0,0.5,0.873379754922613,0,0,0.439887713442923,0,0,0.580058182987795,0.996981452603918,0,0.18965865934927,0.0437352974812337,1.12381903403973e-86,7.10089828650287e-188,0.956264702518766,0,0,8.40880403675937e-155,2.83371133403904e-115,"Signature_5",0.956264702518766
0,0,0,0,1,0,0,1,0,0,1,0,0,0,0,0,1,0,0,1,0,0,0,1,0,0,0,0,0,0,0,2,1,0,0,1,1,1,1,0,0,1,0,1,0,0,1,0,1,0,0,0,0,0,0,0,0,0,0,0,0,2,0,0,1,0,1,0,2,1,0,0,1,0,0,0,1,0,2,3,0,1,0,0,0,0,0,0,0,0,0,0,1,0,0,0,"SIM-06956",0,0,0,0,0,33,0.173233115694999,0.469383851742522,9.98039669580795e-07,0.322022261114716,0.00316018415599408,0.001230831467363,2.34555665298359e-09,0.0016801430837526,0.0290893627919539,6.51602582061161e-07,0,0.000198597960891455,"Signature_3_c2",0.469383851742522,TRUE,0.964640226591906,0.437496262275265,0.29305991217623,0.178411784663474,0.46993126176749,0.0920447955451951,0.225796119354639,0.172801352368727,0.0863771035117817,0.00666118582867843,0.274512967981182,0.50614362903669,0.436830157616537,0.303167627761794,0.196729629786898,0.124149402451553,0.284808375555243,0.329512223319502,0.392872581345584,0.219442848930666,0.248285858054235,0.0202419829259257,0.161762075584346,"Signature_41c",0.50614362903669,"Signature_3.Signature_5.Signature_13.Signature_30.Signature_41c","7.76289167999176_12.0480866166344_2.29857758414516_0.340402194119919_10.7297322591307",-142.56783109606,0.638724441237565,7.76289167999176,0.00473339494831571,0,0,0.00503597614110618,0,0.0130533651908065,0,0,0,3.61761763671975e-05,0.0994824544729874,0,0.47226337975458,0,0.5,0.727256618169528,0,0.669786950248808,0,0,0,0.49731864584351,0.993138315953568,0,0.235239141817932,0.442924748494187,4.8852114200482e-42,2.74042406317948e-69,0.557075251505813,0,0,1.91647070641299e-64,4.84852832818996e-54,"Signature_5",0.557075251505813
0,1,0,1,2,1,0,0,2,0,0,1,1,2,1,1,2,0,0,1,1,1,0,0,1,0,0,2,1,0,0,1,3,0,1,1,0,1,4,1,2,1,2,1,2,2,1,1,1,0,1,0,0,0,0,0,1,0,0,0,0,2,0,3,4,3,4,4,3,1,3,2,1,2,1,1,2,1,0,2,0,2,0,0,1,1,0,0,0,1,0,1,2,1,0,1,"SIM-06963",0,0,0,0,0,98,0.0076081258447318,0.920696831318967,1.05882414942803e-17,0.0714729091027514,5.01766196066301e-06,5.23550870169316e-05,8.47095381871425e-22,6.29806343664974e-08,0.000164697866716266,1.0160632791851e-18,0,1.37221221864402e-10,"Signature_3_c2",0.920696831318967,TRUE,0.999777866266451,0.591871973784474,0.551666641699577,0.358381072075212,0.734583926229639,0.234693193954833,0.170788632535684,0.376019884465079,0.234015814942686,0.0413709146089007,0.41596117783209,0.502616477817234,0.548053777294635,0.368795359585938,0.340052346175112,0.273774073757559,0.261296153116919,0.472657843075336,0.635156584874559,0.462541501104897,0.304354667863004,0.115796100765464,0.115133458791919,"Signature_5",0.734583926229639,"Signature_5.Signature_2.Signature_18.Signature_17a.Signature_41c","63.9904009334767_2.9676543048584_5.14194714865903_2.59125272137999_18.323656803206",-437.534022268829,0.806118432384257,0,0,0,0,0.0360301020311455,0.00100334126505097,0,0.00111346564715764,0.00241262464506098,0,0,0.0510826027543715,0,0,0,0.5,0.957730346667106,0.423420977907408,0,0.199898783455735,0.411313216944783,0,0,0.993301658064978,0,0,1.69967115466144e-06,3.16709095316261e-92,9.87750363281677e-203,0.999998300328845,0,0,2.26545463568509e-173,2.34581891406955e-144,"Signature_5",0.999998300328845
0,0,0,1,0,0,0,1,0,1,0,0,1,1,0,2,0,0,0,0,0,1,0,0,0,0,0,0,0,1,0,1,0,0,0,0,1,1,1,0,0,0,0,0,3,0,0,2,0,0,0,0,0,0,0,0,0,0,2,0,0,0,0,0,0,0,1,1,0,0,1,0,0,0,0,0,0,0,3,1,1,0,0,0,0,0,2,0,0,0,0,0,1,0,0,1,"SIM-06975",0,0,0,0,0,32,0.325529101216715,0.0376222779696085,0.0128421211743167,0.420643297755999,0.00144611094505044,0.192908257450688,0,0.00480240130485301,0.000842717407917623,0.00332057523332417,0,4.31395415279045e-05,"Signature_3_c4",0.420643297755999,TRUE,0.796636798116639,0.416120985158509,0.361608310445351,0.128950096712698,0.425941163990754,0.508014152864373,0.281513095072795,0.288820039254763,0.0456244891619805,0.0323228931300295,0.334505507043487,0.171799907089211,0.333614944234025,0.278628487596883,0.174181024225877,0.055856789161311,0.195132401782377,0.170084737964711,0.257697188333789,0.320923853195739,0.109850382370132,0.31715098312738,0.0644401745972326,"Signature_2",0.508014152864373,"Signature_3.Signature_5.Signature_2.Signature_18.Signature_41b","10.3642785696231_4.26764824573647_6.92989801761746_2.78483534927406_6.19647423134184",-139.150952839401,0.626875692777277,10.3642785696231,0.00540356740838077,0,0,0.00115260498437153,0.119500338989932,0,0.00384770741614404,0,0,0,0,0.00433808497807497,0.52563325774408,0,0.5,0.552449421864043,0.969581070192984,0,0.49376991905094,0,0,0,0,0.713508251123221,0.323883705300722,0.820581560031476,2.7635798398528e-30,1.65206954196433e-79,0.179418439968524,0,1.56258450756388e-83,8.84807770761116e-43,1.09723559901274e-42,"Signature_3",0.820581560031476
1,0,0,2,1,1,0,3,2,1,0,0,0,2,0,1,1,0,0,2,2,0,0,1,2,2,0,1,0,0,0,1,3,2,0,0,1,2,0,0,1,1,2,1,3,2,2,2,0,1,1,0,1,0,0,1,0,0,0,0,0,0,0,0,6,0,1,1,0,0,2,3,1,2,0,3,1,3,1,0,1,0,0,0,0,1,0,2,0,0,0,0,1,0,1,0,"SIM-06981",0,0,0,0,0,82,0.0787719494412764,0.73869059932516,1.71401716590619e-12,0.181627536328511,0.000433431780891818,0.000440765301932441,3.91786458754692e-17,4.07792420242419e-07,3.53097324054394e-05,3.47425760317166e-14,0,2.95653156148897e-10,"Signature_3_c2",0.73869059932516,TRUE,0.999090085096662,0.58950182010255,0.501130647592136,0.215534731425361,0.646172614971324,0.345806198973756,0.157515570908574,0.332508990696114,0.262506918198011,0.164837112113523,0.473282155351846,0.389189563957135,0.481950075336916,0.427134971247708,0.357930642965993,0.26462074005301,0.390057682546832,0.375849103669097,0.549930747734974,0.254969361190677,0.309865148674826,0.119310984662268,0.201219699710229,"Signature_5",0.646172614971324,"Signature_3.Signature_5.Signature_2.Signature_17a.Signature_41c","25.5206175395162_34.3031199808294_6.67362227187056_3.65151315434788_12.4300405789292",-360.098463231657,0.739255002405868,25.5206175395162,0.00778700050938141,0,0,0.00911663378996108,0.0172228957413553,0,0,0.00393123595077083,0,0,0.0277555191601472,0,0.866457837108931,0,0.5,0.801876928306538,0.832975512318409,0,0,0.51760448854056,0,0,0.933347150686194,0,0.311227043164832,0.849340613828516,4.10611614482969e-76,6.22899468321887e-186,0.150659386171484,0,0,1.08280045777876e-132,9.93276209713239e-104,"Signature_3",0.849340613828516
0,0,1,0,0,0,0,0,1,0,0,0,2,0,0,0,0,0,1,0,1,2,0,0,0,0,0,0,0,2,0,1,2,1,1,1,2,2,0,2,0,1,1,2,3,1,0,3,0,0,0,0,2,1,0,0,1,0,0,0,0,0,0,0,3,0,5,2,1,1,0,0,2,2,0,0,1,0,1,3,0,0,0,0,0,0,3,1,0,0,1,0,0,0,1,2,"SIM-07043",0,0,0,0,0,66,0.256870589932491,0.212420871195923,2.17228060434396e-08,0.5291631083545,6.11067469754224e-05,0.00106666772522654,7.6605218011021e-13,2.57361248031834e-05,0.000391893600739037,1.16201698822378e-09,0,3.43375380983046e-09,"Signature_3_c4",0.5291631083545,TRUE,0.998454591205719,0.497740297566642,0.364290437683616,0.18130588312295,0.602498321991052,0.373506233343748,0.200526079079932,0.179341384413704,0.0678153028383769,0.116976380459844,0.478117671124681,0.463027283266483,0.442041346892107,0.480483840840057,0.220250375865323,0.201211070663592,0.156110902560449,0.322366685098086,0.494712005203342,0.295941938965528,0.308074348284427,0.0568269079823428,0.0611141026916042,"Signature_5",0.602498321991052,"Signature_3.Signature_5.Signature_2.Signature_17b.Signature_41c","9.19862331885683_35.3864092767721_7.00955054715329_1.0901094840221_14.8294522908528",-283.636752419806,0.726822342796381,9.19862331885683,0.0015080980005453,0,0,0.0138769926153622,0.0258285798084279,0,0,0,0.00165503848791515,0,0.0625304623675749,0,0.552529713248208,0,0.5,0.766458078045425,0.766117138659226,0,0,0,0.517005175284095,0,0.997078369651706,0,0.13937308058874,1.83452718734693e-08,4.24941394246701e-73,1.01143605079665e-163,0.999999981654728,0,0,6.63072612473423e-126,3.95574494406344e-72,"Signature_5",0.999999981654728
0,0,0,0,0,1,1,0,0,1,0,1,0,1,0,1,1,1,0,1,0,0,1,0,0,0,0,0,0,2,0,0,0,0,0,0,0,0,1,0,0,0,0,0,0,0,2,0,0,1,0,0,0,0,0,1,0,1,1,0,0,1,0,1,1,0,1,0,1,1,0,0,0,0,1,1,0,2,1,1,0,0,0,0,0,1,0,0,0,0,1,0,1,0,0,0,"SIM-07081",0,0,0,0,0,34,0.125385828798129,0.775531542475485,4.9108670947185e-07,0.0974158927016888,0.000586396676055808,0.000773773497829821,3.20242596797979e-10,1.95633066692234e-05,0.000281533986921906,5.1827828017693e-09,0,4.97196748514687e-06,"Signature_3_c2",0.775531542475485,TRUE,0.998333755062013,0.504207851803552,0.417542019526988,0.210550313163671,0.464359231186198,0.089632680855993,0.0916659969797913,0.318262979899329,0.118872828115302,0.019671766682296,0.151511804851519,0.261982537686832,0.395388271162078,0.0596543969173762,0.147687434304304,0.0740039323649449,0.155693463237507,0.363827008151548,0.382523399687418,0.275486573759888,0.0310405283247379,0.172103242577317,0.331968803348422,"Signature_3",0.504207851803552,"Signature_3.Signature_1.Signature_18.Signature_41c.Signature_41b","20.1608148531029_1.30624473194184_2.44230893959454_2.6932663276041_4.16529633381334",-154.486224822747,0.552441838706683,20.1608148531029,0.0468587286430382,0,0.00293822541724886,0,0,0,0.00490933449524333,0,0,0,0.00560241579148069,0.00348082097129965,0.944862442886823,0,0.599235439335885,0,0,0,0.565342455847365,0,0,0,0.576350501082076,0.642616903587429,0.592965142738322,0.999997939552461,9.49197816512019e-32,2.6080412347536e-75,2.06044753888477e-06,0,0,8.33617225243942e-50,5.01663291496428e-65,"Signature_3",0.999997939552461
2,0,0,0,1,0,0,0,1,0,0,2,1,2,1,1,0,0,0,0,1,0,0,1,0,1,0,0,1,1,0,1,4,3,0,2,1,1,0,4,2,0,0,0,1,2,0,4,0,1,1,0,0,0,1,0,0,0,1,0,0,0,0,0,1,1,5,2,1,0,3,1,0,0,2,1,1,0,0,1,1,1,1,0,0,1,0,0,1,0,1,0,1,0,0,1,"SIM-07096",0,0,0,0,0,72,0.20643081707676,0.377742759830778,2.47719004466288e-09,0.415451373880111,2.41911958386406e-05,3.97098915597597e-05,0,1.60949178485744e-05,0.000295046143700063,4.79088301227511e-11,0,4.53830410921971e-09,"Signature_3_c4",0.415451373880111,TRUE,0.99962495326484,0.57298723208173,0.45023406359318,0.0992461143982938,0.619883555620522,0.290195977042483,0.19701327327264,0.308235094759477,0.146078626029773,0.0252653015407915,0.481755953268464,0.279781361153834,0.393434735873117,0.550069180883907,0.199951508013717,0.0885759231692829,0.163957805052997,0.260613545389993,0.419975444960463,0.458156215883211,0.386279727808552,0.116904533249129,0.0626476082136972,"Signature_5",0.619883555620522,"Signature_3.Signature_5.Signature_2.Signature_30.Signature_41c","27.1648826244089_29.4485132504231_3.66080291732918_4.73534603202902_6.4766347862025",-319.391800072032,0.6680401750258,27.1648826244089,0.0158902317277467,0,0,0.011145623651617,0.00770497592978259,0,0,0,0,0.00152501055950993,0.0109987781642713,0,0.345083362418877,0,0,0.943624095953072,0.666819109068832,0,0,0,0,0.535933608125167,0.748821186062436,0,0.377290036450123,0.0133185060458887,2.20805197541132e-70,1.9682402447454e-175,0.986681493954111,0,0,6.97381960230194e-120,6.08556559979506e-74,"Signature_5",0.986681493954111
0,1,0,0,0,1,0,2,0,0,0,0,0,1,0,0,0,0,0,0,0,0,0,1,0,0,0,1,0,0,0,1,1,1,0,1,2,2,0,0,0,0,0,0,1,2,0,0,0,0,0,0,0,0,0,0,1,0,0,0,0,0,0,1,0,0,2,0,2,0,0,1,0,0,1,0,1,0,1,1,0,0,0,0,0,0,0,0,0,0,0,0,1,2,0,1,"SIM-07105",0,0,0,0,0,33,0.336890081704306,0.316101782836415,1.04465214134522e-05,0.318399913940433,0.00342244103882311,0.0209032286267733,4.72129074692273e-08,0.000565800113799092,0.00368633539879805,6.82379292660395e-07,0,1.92402270386238e-05,"Signature_3_c1",0.336890081704306,TRUE,0.971402225002568,0.490099955655648,0.350057395238752,0.0807626494519905,0.492594323485505,0.22466030535142,0.171897397043665,0.163521111619977,0.140636371004534,0.0306569471104876,0.4766070160261,0.291442091934507,0.420106799287359,0.480007144064837,0.213498774389354,0.0602365832468349,0.3941885872666,0.199963101950659,0.32568096381215,0.258292997002628,0.216750961442703,0.0212601738296521,0.0357696930261145,"Signature_5",0.492594323485505,"Signature_3.Signature_13.Signature_17a.Signature_30.Signature_41c","15.7059130960396_0.507993813804777_1.03102561177465_10.9250752469398_5.59066168436684",-144.573699597064,0.609045698676081,15.7059130960396,0.0278331119528982,0,0,0,0,7.92799396055477e-05,0,0.00226709892352051,0,0.0441580956098376,0.0131812053839803,0,0.959380120532135,0,0.5,0,0,0.434335013546841,0,0.459298827344338,0,0.724817433276163,0.657233357597153,0,0.475936760486049,0.997491669407484,6.78811501546342e-40,2.73738452971867e-85,0.00250833059251612,0,0,4.64377680846498e-61,1.3777570116382e-44,"Signature_3",0.997491669407484
0,0,0,0,0,1,0,0,0,0,0,0,3,0,0,1,1,0,0,0,0,0,0,0,1,0,0,2,2,0,0,1,3,1,0,1,2,1,1,0,1,1,2,1,2,3,0,4,2,0,1,0,0,0,2,0,0,1,0,0,1,0,0,0,1,1,1,3,1,0,0,2,1,0,3,2,1,1,1,1,0,0,0,1,0,1,1,2,0,0,1,0,0,0,2,1,"SIM-07108",0,0,0,0,0,70,0.079018852039073,0.0413995523060369,1.10201734176988e-07,0.32037482787363,0.000629080473155185,0.558472772462217,3.21276197065429e-09,2.68275681147363e-05,7.7952688164706e-05,1.98054153268196e-08,0,1.3696969752133e-09,"Signature_17_c1",0.558472772462217,FALSE,0.440793342420474,0.534504418611888,0.419065722208235,0.226423415739634,0.631406737972499,0.405430568981996,0.28572235321447,0.217044588062052,0.181051369823207,0.205944575301417,0.553733291523629,0.358407754237729,0.486772343337556,0.498993612137835,0.307427186275833,0.269993160657807,0.206165818711132,0.407203932405954,0.49572694619126,0.272152600349638,0.352237688353331,0.159539077868576,0.0854276452575738,"Signature_5",0.631406737972499,"Signature_5.Signature_2.Signature_13.Signature_17b.Signature_41c","44.6963161868645_6.31568669880189_3.28347623876252_2.7359297452146_9.07388612338941",-303.504672588424,0.73772097589972,0,0,0,0,0.00830233572984451,0.00926049818244556,0.00487207817494273,0,0,0.00983460281074167,0,0.0115195539934179,0,0,0,0.5,0.953389530796466,0.710901365539966,0.730185553993108,0,0,0.815907623502892,0,0.939993931811728,0,0,0.000750527887638145,9.74430771096249e-73,3.93607730580662e-158,0.999249472112362,0,0,4.60038557897603e-118,2.49587408691987e-63,"Signature_5",0.999249472112362
1,0,0,1,0,0,0,0,1,1,0,0,1,0,0,1,0,1,1,1,0,0,0,2,1,0,0,0,2,3,0,2,3,1,1,1,1,0,0,1,1,0,1,2,2,0,1,1,0,2,3,1,0,1,0,0,0,0,2,1,0,0,1,0,2,1,1,1,1,0,2,2,1,1,2,2,1,0,0,1,0,0,1,0,0,0,2,2,0,0,0,0,0,2,0,2,"SIM-07117",0,0,0,0,0,73,0.289013623557199,0.337310082176621,1.62157442279605e-09,0.368619125163259,9.31780443140337e-06,0.00504752764340261,2.39540473411025e-13,1.83870901573773e-08,3.03642063951375e-07,3.05043610988508e-13,0,3.81435027822491e-12,"Signature_3_c4",0.368619125163259,TRUE,0.994942832518653,0.617572197292576,0.472600304654011,0.204815042352536,0.622548050736818,0.26818628926278,0.368521999530724,0.232507466135839,0.23106214856679,0.21940853722922,0.351311610859173,0.363230246691956,0.472922245916457,0.344368584303667,0.224782618034572,0.192129385978417,0.158863644550642,0.391295388574017,0.509735123577292,0.321244490846459,0.351285462551659,0.130998527394817,0.134473218714292,"Signature_5",0.622548050736818,"Signature_3.Signature_5.Signature_13.Signature_17b.Signature_41c","18.8001299416133_31.3818651091694_6.39646794875507_2.7391374427253_9.06864384211074",-325.526416168957,0.740347488691335,18.8001299416133,0.00374536555572846,0,0,0.0230742198593792,0,0.0217771848506271,0,0,0.00995791780547728,0,0.0161170054958839,0,0.620295461792658,0,0.5,0.991514619383673,0,0.893108767080107,0,0,0.750109584503247,0,0.630974708113773,0,0.257536026597442,0.999595856316963,9.31231531845269e-66,7.35145869596468e-171,0.000404143683037548,0,0,1.73767086711683e-123,2.7335219731596e-103,"Signature_3",0.999595856316963
2,0,0,0,0,1,0,2,0,0,1,0,0,0,0,1,1,0,0,2,0,1,0,2,0,1,0,0,1,1,0,0,5,0,1,1,1,3,2,2,3,2,1,4,2,1,1,1,2,0,1,0,0,1,1,1,0,0,0,0,1,1,2,0,4,0,1,4,0,1,0,0,0,2,1,1,0,1,2,1,0,0,0,0,0,0,0,2,0,0,1,0,0,2,0,0,"SIM-07154",0,0,0,0,0,79,0.0172757411784185,0.878451113628425,1.54645690628707e-13,0.0982401365733082,0.00241636716446055,4.61839517937011e-07,2.26815854005856e-19,1.0074504156636e-05,0.00360607957153273,2.85252139110413e-14,0,2.55399969230283e-08,"Signature_3_c2",0.878451113628425,TRUE,0.993966991380307,0.589883213590411,0.475805606552744,0.288667991512932,0.697171882154213,0.23003488244791,0.128454514039235,0.217158889568082,0.0800888235270063,0.156168681662961,0.545478190669017,0.385338260847263,0.450024991229594,0.582594766628887,0.385252798607016,0.273733300058888,0.387162090538588,0.39243175515166,0.466670833321394,0.198156916677256,0.592535303226001,0.110371822557671,0.121275386582258,"Signature_5",0.697171882154213,"Signature_3.Signature_5.Signature_17b.Signature_30.Signature_41c","22.058016706305_33.383014399867_1.80929157285298_13.1783250067062_12.0237034148461",-342.601926456688,0.746765527505627,22.058016706305,0.0092479338371676,0,0,0.0133258905775825,0,0,0,0,0.00454745914435395,0.00812234814817969,0.0314982684264113,0,0.67021296750517,0,0.5,0.924537715692346,0,0,0,0,0.608457210267186,0.535778974887908,0.911768771857107,0,0.279215401345633,0.00032524910135875,6.88379515239489e-79,5.32937939623068e-166,0.999674750898641,0,2.76737142400568e-240,9.97125736569091e-125,1.31731888847218e-76,"Signature_5",0.999674750898641
0,1,0,0,1,1,0,1,0,0,0,1,0,0,0,0,1,0,0,0,0,1,0,1,0,0,0,0,0,0,0,0,0,2,0,0,1,0,0,1,2,0,0,2,0,2,1,1,0,0,1,0,0,0,0,0,1,2,0,0,0,0,0,0,2,1,1,1,0,1,2,0,0,0,0,1,1,1,0,3,0,0,0,0,0,0,0,0,0,0,1,0,0,0,1,1,"SIM-07194",0,0,0,0,0,41,0.0582264110141477,0.840778696318527,1.44004304358203e-08,0.0893953902205868,0.00128771084825379,0.00068138081637168,2.60753696722927e-12,0.00017129120346775,0.00945253572996122,2.30277729115794e-09,0,6.56714286884166e-06,"Signature_3_c2",0.840778696318527,TRUE,0.988400511953692,0.530757831746616,0.398136198083655,0.12062346265981,0.570486160614011,0.162825555106377,0.0355396156718523,0.203800942874254,0.142783785412036,0.0245625411408839,0.394336483863172,0.418314916190423,0.425606354175842,0.447233117149244,0.253927933629682,0.135232836824045,0.32310936600663,0.27533751066649,0.440060697964885,0.296489825223446,0.409963667338245,0.0307894979298202,0.180804523183777,"Signature_5",0.570486160614011,"Signature_3.Signature_5.Signature_17a.Signature_30.Signature_41c","18.2699940160788_10.7123681206879_0.50693086848887_4.63818027966675_9.05196324357264",-178.436762134898,0.654023705427593,18.2699940160788,0.0222310488017694,0,0,0.00446212852828876,0,0,0,0.000594798858688184,0,0.00348268500364513,0.0536746333768356,0,0.715923610182738,0,0.5,0.663512229912619,0,0,0,0.503964793699297,0,0.535369468189913,0.859093444745311,0,0.445609610148264,0.962324832422479,6.75389456655925e-43,4.29794398119288e-100,0.0376751675775208,0,0,2.12431531650785e-72,1.05808775830572e-56,"Signature_3",0.962324832422479
0,0,0,1,0,0,0,2,0,0,1,1,0,1,0,2,0,0,0,1,0,1,1,0,0,0,0,1,0,0,0,1,3,1,1,0,3,4,1,2,1,1,2,1,0,1,2,3,0,0,1,0,1,1,0,1,0,0,0,0,0,2,2,1,7,1,2,8,1,1,1,1,1,0,2,0,3,0,1,1,0,0,1,0,0,3,0,1,0,0,1,0,0,0,1,1,"SIM-07197",0,0,0,0,0,86,0.002699089928314,0.918219502292559,1.24306478958841e-16,0.0569637826777791,0.000474535607262446,1.79452623267259e-05,3.08656379237059e-19,4.02697522747683e-06,0.0216211038940228,4.56053062731395e-16,0,1.33625076709971e-08,"Signature_3_c2",0.918219502292559,TRUE,0.977882374898652,0.474001737844953,0.429974064105656,0.257832122411679,0.62961164644392,0.167028568473715,0.0851321635009546,0.218858594444904,0.133199104690812,0.0928109613937881,0.435677852007869,0.535393787434436,0.451913410463548,0.421687910764774,0.323723838117814,0.224373392202178,0.258502455684318,0.311632098849218,0.481953036242629,0.273336956592978,0.263835255984335,0.162626384471965,0.180976286008113,"Signature_5",0.62961164644392,"Signature_5.Signature_2.Signature_17b.Signature_30.Signature_41c","57.0539992628363_0.72440587660188_0.703924058866714_5.13875403909572_23.4327339780185",-370.684083435465,0.733505812507774,0,0,0,0,0.0216677625953438,1.466587980814e-05,0,0,0,0.000371696485288897,0.00114259703748099,0.094445688237744,0,0.5,0,0.5,0.975436910460493,0.503989593767195,0,0,0,0.551135100213625,0.532651737204125,0.999460362713643,0,0,6.91699948836411e-15,4.6623074234685e-90,1.95315983947006e-190,0.999999999999993,0,0,4.02957759249477e-156,2.73952165922904e-117,"Signature_5",0.999999999999993
0,1,0,1,3,0,0,0,0,0,0,0,0,0,0,2,0,0,0,2,0,0,0,0,0,0,0,0,0,0,0,1,1,1,0,0,0,1,1,1,1,1,2,1,0,0,1,0,0,0,0,2,0,0,0,1,0,0,0,0,0,0,0,0,2,0,0,0,0,0,0,0,0,1,1,0,0,0,1,0,0,0,0,1,0,0,0,1,0,0,0,2,0,0,0,1,"SIM-07201",0,0,0,0,0,34,0.0100268549090775,0.136205814863878,7.60071850375166e-08,0.0299700625694218,0.496027875378491,0.311404548081388,2.23773930874665e-05,0.00116840602474609,0.0142574471585486,5.70670167762538e-08,0,0.000916480547160236,"Signature_8_c1",0.496027875378491,FALSE,0.176202808349562,0.459546697931852,0.51188072721426,0.331425091270693,0.541384826465329,0.0772401992724337,0.131815730212747,0.385610932985979,0.0438096221152134,0.21609255696489,0.355435776249363,0.315993859953246,0.463085732733595,0.331257443059371,0.420556515882091,0.408040062920203,0.24327933590749,0.295727332932371,0.38490205006844,0.190070506240563,0.311195839701967,0.318229854312825,0.191198006890062,"Signature_5",0.541384826465329,"Signature_8.Signature_18.Signature_17b.Signature_30.Signature_41c","15.4984579426036_3.91900982443344_2.11951918901782_6.73152597088452_6.50518385762386",-145.247373279214,0.621102485900524,0,0,0.00216480928772367,0,0,0,0,0.00301892128764258,0,0.0212797014212518,0.00175247715552496,0.00512675824068964,0,0.5,0.613029384311456,0.5,0,0,0,0.403234070261133,0,0.919193059758925,0.42468263850217,0.659211061684557,0,0,0.3076145072734,3.52130600244691e-27,1.67701663007459e-66,0.6923854927266,0,0,8.69686081632151e-39,4.02017010830829e-39,"Signature_5",0.6923854927266
1,0,0,1,1,4,0,0,3,0,0,0,1,1,0,1,3,0,0,2,1,1,0,2,0,1,0,0,0,2,0,3,6,0,1,2,1,0,0,1,1,0,1,1,6,4,0,5,0,1,1,1,1,0,0,0,0,0,2,0,1,1,0,0,6,5,4,0,1,1,0,0,1,0,1,1,1,2,0,3,0,0,1,0,0,0,0,1,0,0,0,0,2,1,0,1,"SIM-07206",0,0,0,0,0,97,0.496075146968967,0.0247269559967064,4.92651960190092e-09,0.4791976265587,1.37761241165389e-07,5.64753115585144e-08,0,5.31378392202865e-08,1.81658047748145e-08,8.89198600392879e-12,0,1.73228436043887e-14,"Signature_3_c1",0.496075146968967,TRUE,0.999999734450894,0.56461655258833,0.449885782473962,0.146481151427976,0.545078599727174,0.501701720939385,0.281806932985703,0.281072224926824,0.0489813338059535,0.0692225146372836,0.443972225768953,0.44550538990448,0.507585511614778,0.422327415340824,0.183847283909783,0.125935244699574,0.232443348195362,0.232080836189524,0.389816968340693,0.188305738807105,0.332644258461956,0.093575516173404,0.0655279670038747,"Signature_3",0.56461655258833,"Signature_3.Signature_5.Signature_2.Signature_41c.Signature_41b","52.021367314815_9.2862573417266_15.624795456571_21.0256688503694_4.13041742308663",-414.664221678739,0.776618181559971,52.021367314815,0.0256269737192516,0,0,0.000328049190484458,0.0676540266739341,0,0,0,0,0,0.0343907398868083,0.000174507851210537,0.982289445217134,0,0,0.635827774778524,0.998957803956578,0,0,0,0,0,0.996600075570019,0.485353613833464,0.536302755822835,0.995616172079336,2.23221851775206e-87,5.85001617850525e-215,0.00438382792066431,0,0,9.62965230238647e-164,3.29430381237586e-108,"Signature_3",0.995616172079336
1,2,0,0,0,0,0,0,2,0,0,0,0,0,1,1,1,0,0,1,1,0,0,1,0,1,0,0,1,0,0,0,3,2,1,0,1,0,0,0,0,1,0,2,1,0,0,0,0,0,1,0,1,0,1,0,0,0,1,1,1,2,0,0,1,0,1,3,2,1,0,1,1,1,1,1,0,0,0,1,0,0,0,0,0,0,2,0,0,0,0,0,0,0,0,1,"SIM-07208",0,0,0,0,0,49,0.0374385528141701,0.89236285129118,4.7585459829155e-10,0.0693382106181507,0.000544081404334235,5.8949357755704e-05,6.97477198970515e-14,2.55640637550488e-06,0.00025457831413426,2.71422304272696e-12,0,2.19315260578159e-07,"Signature_3_c2",0.89236285129118,TRUE,0.999139615199356,0.527684191856025,0.472561726282108,0.150068913388318,0.555670634934313,0.124762034113231,0.117707126624361,0.277437472707014,0.177394886955426,0.0320360188568541,0.338866901388415,0.367938259768929,0.379887881847863,0.357994612907815,0.177124228741863,0.141990962958408,0.154089479057312,0.348566439585831,0.424856536984639,0.176948947476469,0.351458975062339,0.135947496216607,0.0346391895005892,"Signature_5",0.555670634934313,"Signature_3.Signature_8.Signature_5.Signature_17a.Signature_41c","17.6807112798428_2.65535392191849_17.7229600640076_0.887743654520998_7.81211225046893",-218.290245321964,0.622498052289255,17.6807112798428,0.0140403512039964,0.000441217891004597,0,0.00486223668931463,0,0,0,0.00165420835604568,0,0,0.040205977212062,0,0.490470559874161,0.532423547154415,0.5,0.640571401411865,0,0,0,0.515102972326452,0,0,0.938122549600837,0,0.360830842445772,0.999807533632312,6.70955852453719e-34,3.04392929966349e-112,0.000192466367687997,0,0,9.77513939226425e-85,5.18462185984223e-73,"Signature_3",0.999807533632312
0,0,0,0,2,0,0,0,0,0,0,0,1,0,0,0,0,0,0,0,0,0,0,0,1,0,0,0,0,0,0,2,3,0,1,0,1,1,1,1,2,1,0,1,0,1,0,1,0,0,1,0,1,1,0,0,0,0,0,0,0,0,1,0,0,0,3,1,0,0,1,0,0,0,0,0,0,0,1,1,0,0,0,0,0,0,0,0,0,0,0,0,0,0,0,0,"SIM-07255",0,0,0,0,0,31,0.180169691614743,0.279650323478765,9.43850374186875e-05,0.328692663129042,0.0389761788347699,0.000325134120920464,0,0.0369688052624958,0.132616386641236,0.000107656640106201,0,0.00239877524050279,"Signature_3_c4",0.328692663129042,TRUE,0.788607063259969,0.484854465478636,0.379037390179894,0.251079769985258,0.584864784501341,0.167977958772357,0.244799352244617,0.224631650000479,0.0611052438341464,0.00518759643970061,0.503056809728021,0.199948511591217,0.359346029275132,0.554178611077647,0.246846049745092,0.163307645815617,0.2602387930551,0.272554516352279,0.370251979332495,0.385652115127039,0.525151392122652,0.0415855888976656,0.0360971757641259,"Signature_5",0.584864784501341,"Signature_3.Signature_5.Signature_13.Signature_30.Signature_41c","2.86663984200984_20.4412149211271_2.49442129134431_6.47197105578401_1.90026592545688",-129.904218067826,0.622097692969624,2.86663984200984,0.000610873771282328,0,0,0.0209129793446299,0,0.0153029039353421,0,0,0,0.0130605720075192,0.00255565748528119,0,0.457889775333686,0,0.5,0.890508910098824,0,0.791460136951209,0,0,0,0.684375226330418,0.485522472282823,0,0.0924722529680592,0.0431390196820179,1.23727132358439e-36,2.19803256258634e-68,0.956860980317982,0,0,1.89014050849353e-52,4.24162660923075e-21,"Signature_5",0.956860980317982
1,0,1,0,2,0,2,0,1,0,0,0,1,3,1,0,0,0,0,1,0,0,1,5,0,0,0,2,1,1,0,2,3,2,1,1,3,1,1,0,0,2,0,2,4,1,4,1,1,1,0,1,1,0,2,0,1,1,1,2,0,0,0,0,5,3,3,4,0,0,1,3,2,1,0,0,4,1,2,2,1,0,2,0,1,0,2,1,0,0,0,0,0,0,0,1,"SIM-07265",0,0,0,0,0,101,0.115106276075555,0.374799687773042,1.3023113201703e-13,0.510088986175403,5.15818123802447e-07,1.33499178440971e-07,0,3.58051264637186e-08,4.36485160939796e-06,6.18300712186597e-16,0,1.83118186666032e-12,"Signature_3_c4",0.510088986175403,TRUE,0.99999495002413,0.583073011363667,0.429242374182089,0.226357200936764,0.632348676429182,0.353612471186826,0.248782620059478,0.286076975084894,0.203662623441714,0.0840749427804775,0.434795829731674,0.509328091954988,0.489079926214731,0.413651649193041,0.170038969784272,0.139640252728827,0.177960421617922,0.362799885309807,0.483015051066737,0.255264944636773,0.275281124258418,0.0353335915506624,0.278850171118683,"Signature_5",0.632348676429182,"Signature_3.Signature_5.Signature_2.Signature_17a.Signature_41c","33.2048861799827_33.208928029046_8.38567070129917_2.55963407902538_22.7350490178086",-444.56978514669,0.776096731898526,33.2048861799827,0.0103428321005173,0,0,0.00921792441020819,0.0243136909839488,0,0,0.00267018705090138,0,0,0.0746726274023024,0,0.822072903997244,0,0.5,0.879364636213852,0.929170636607405,0,0,0.551688895272172,0,0,0.999294733464235,0,0.328761249306759,2.7228871572849e-05,1.46259500920224e-101,4.95052678230371e-220,0.999972771128427,0,0,9.4960015254733e-168,1.01753679895865e-132,"Signature_5",0.999972771128427
0,0,0,0,0,2,0,0,0,2,0,0,0,0,0,0,0,0,1,1,0,1,0,0,0,0,1,2,1,0,0,0,0,3,0,1,0,1,0,0,2,1,2,1,0,3,2,1,0,0,0,1,0,0,0,0,2,0,0,0,0,0,0,0,1,1,2,0,0,0,2,2,0,1,0,0,1,0,0,0,0,1,0,0,0,0,0,1,0,0,0,0,0,0,1,1,"SIM-07279",0,0,0,0,0,45,0.149437303187541,0.570827948934074,1.02744448727211e-07,0.254698564502248,0.0148147754190946,0.00167156726048572,4.28568793242891e-10,0.00045510499376744,0.00808821300144637,1.06215114161399e-08,0,6.40890681373861e-06,"Signature_3_c2",0.570827948934074,TRUE,0.974963919368312,0.478399741746725,0.358122015959233,0.271177947761001,0.593345777755768,0.200329100151598,0.114076478349812,0.150195003306861,0.268077136829182,0.139172957272002,0.523595092876765,0.199776144265879,0.435070787147507,0.474275111575875,0.373164982381336,0.356125351661942,0.289217991347215,0.259519511553028,0.467818342349282,0.362178602900537,0.350711595042362,0.039710202318384,0.286792071968028,"Signature_5",0.593345777755768,"Signature_3.Signature_17a.Signature_17b.Signature_30.Signature_41b","13.3398367156314_3.36996240200569_1.24916958573316_15.449351187939_10.1217120946645",-196.036301104856,0.64892754174564,13.3398367156314,0.00178561932686871,0,0,0,0,0,0,0.016117236221876,0.00273841000932218,0.0255237027239738,0,0.00852716601521386,0.847913849707829,0,0.5,0,0,0,0,0.71732447322049,0.617708279165784,0.934851585305901,0,0.737266288818422,0.29644081590292,1.26186134362442e-05,1.19038470315045e-58,1.1017577678982e-100,0.999987381386564,0,0,7.31931972688426e-78,1.12762777617204e-39,"Signature_5",0.999987381386564
1,0,0,0,0,0,0,0,0,0,0,0,0,0,0,0,0,0,0,0,0,0,0,1,0,0,1,0,0,0,0,0,0,0,0,2,1,1,0,2,0,1,0,0,0,0,1,2,0,0,0,0,0,1,0,0,0,0,0,0,0,0,0,1,1,0,2,2,1,0,2,0,1,0,0,1,1,0,0,0,0,1,0,0,0,0,0,0,0,0,0,0,0,0,0,2,"SIM-07280",0,0,0,0,0,29,0.0788475123280956,0.405005894148286,1.74129664842105e-06,0.21717861963174,0.00877482876578834,0.0951296099928537,4.3262259814303e-06,0.00858627023831718,0.186114153959809,2.53734016232171e-06,0,0.000354506072317926,"Signature_3_c2",0.405005894148286,TRUE,0.70103376740477,0.376061477971962,0.305440283515555,0.116892270121631,0.494654131949223,0.191947416635437,0.0323721225651871,0.0907605519588691,0.101009608865433,0.0458181523170853,0.314772959639984,0.395360565103292,0.315853399295337,0.401996372255266,0.11873188421419,0.0986957796779058,0.124742720548897,0.3086320505391,0.460737616071782,0.396895342359089,0.185654510837266,0.028856250686301,0.210420515754947,"Signature_5",0.494654131949223,"Signature_3.Signature_5.Signature_2.Signature_41c","0.329319433572289_20.2874603558045_1.41729800080161_6.92760113233588",-123.804113735142,0.56905966018779,0.329319433572289,1.27646130293479e-05,0,0,0.0361690744853336,0.00787159864558939,0,0,0,0,0,0.0663040277453977,0,0.491645311331621,0,0,0.874337407745039,0.682605144366117,0,0,0,0,0,0.982886013730365,0,0.0113558425369755,2.10201635202968e-06,8.86204070558546e-37,3.58918677095188e-75,0.999997897983648,0,0,9.47291027147518e-62,1.28078609402103e-40,"Signature_5",0.999997897983648
2,0,0,1,1,0,1,0,0,1,1,0,1,0,0,0,0,0,0,1,0,0,0,0,0,1,0,0,0,0,0,0,1,0,0,0,0,0,1,0,1,0,0,0,1,0,2,0,0,0,0,0,0,0,0,0,1,0,0,0,0,0,1,0,0,0,1,1,0,0,0,0,1,0,0,0,0,1,1,1,1,0,0,0,0,1,0,0,0,0,0,0,0,0,0,1,"SIM-07295",0,0,0,0,0,27,0.0726131114703542,0.523959843585405,2.22881911398558e-05,0.182925956936456,0.0980116536381739,0.0126773006748946,6.96832024357513e-08,0.0157274193039911,0.0835515872403671,1.59773150678523e-05,0,0.0104947919609483,"Signature_3_c2",0.523959843585405,TRUE,0.779521200183355,0.394480695067132,0.40027719719653,0.248772439379785,0.453999424940002,0.251451475550631,0.0826475751876112,0.333944063139073,0.0212976885100835,0.0379738731372109,0.268884488319937,0.240891088302579,0.365272216026605,0.199874517343365,0.136763930082889,0.0773514642393819,0.148424690664243,0.309562268586556,0.329110244802608,0.219626558881711,0.224207880678854,0.0425875382626918,0.369219860319363,"Signature_5",0.453999424940002,"Signature_5.Signature_2.Signature_18.Signature_41c.Signature_41b","11.398281932718_2.01346378990685_4.11009623023705_2.13095832571439_2.91379861295892",-121.463359005592,0.517779813494776,0,0,0,0,0.00690452148716258,0.0220363318561162,0,0.0116149483230455,0,0,0,0.00326889018122412,0.000463228690797512,0,0,0.5,0.868423655159407,0.723275533745202,0,0.863729373030719,0,0,0,0.581150065690968,0.70646322021094,0,0.00562172502946861,2.6554017347798e-23,4.00667908767295e-50,0.994378274970531,0,0,2.43547223692603e-31,1.41378970095799e-38,"Signature_5",0.994378274970531
3,0,2,1,1,0,0,2,0,0,0,1,1,2,0,1,0,0,0,1,1,0,0,1,0,0,0,1,1,0,0,0,3,2,0,1,1,3,1,4,3,2,1,5,1,1,3,2,0,1,1,0,1,0,1,0,0,0,0,2,2,2,0,1,4,1,1,3,2,5,1,1,1,1,1,0,2,0,1,1,0,0,0,0,0,0,0,0,0,1,0,0,0,0,0,2,"SIM-07297",0,0,0,0,0,91,0.00503598556247277,0.963460949223355,6.08916234711753e-16,0.0293525601728583,0.000914752362508745,6.11533874941808e-07,2.61943668194537e-25,1.43520257800793e-06,0.00123370134142111,9.86001325739732e-17,0,4.6009298320674e-09,"Signature_3_c2",0.963460949223355,TRUE,0.997849494958687,0.591362632318424,0.519355374618301,0.241442313762785,0.700366246201554,0.218927984695684,0.108406375404951,0.274267643045953,0.244053421252205,0.0300473359670721,0.501798951009278,0.414401606305808,0.469507174330196,0.585251973306628,0.373494548605201,0.261235026906353,0.334364896257412,0.360481496076276,0.49913460543894,0.219616066370501,0.54774094750909,0.121192875674529,0.260744447071331,"Signature_5",0.700366246201554,"Signature_3.Signature_5.Signature_17a.Signature_30.Signature_41c","22.353545636689_41.1133367810147_3.38372291491952_10.3045739808202_14.7756817193264",-397.405862716682,0.751313377843113,22.353545636689,0.00668096124778206,0,0,0.0123508112138961,0,0,0,0.00565754352944847,0,0.00216663033262421,0.0365200664286077,0,0.658477441941486,0,0.5,0.693890443150934,0,0,0,0.673697534697026,0,0.523628314668014,0.963010321601963,0,0.245643358644934,0.0140597220193567,1.62845730104729e-77,1.13304154342677e-190,0.985940277980643,0,0,2.68082547567191e-150,2.9675206875931e-103,"Signature_5",0.985940277980643
2,0,1,0,2,1,0,1,1,0,0,1,1,2,1,5,2,0,0,1,0,0,1,2,0,1,0,0,2,2,0,2,3,2,0,3,0,3,0,2,2,0,1,3,2,3,0,2,0,1,0,0,0,0,2,1,2,0,0,0,2,0,0,3,4,0,3,8,1,0,1,2,3,2,1,2,3,0,1,5,0,2,1,0,0,0,0,1,0,0,1,0,0,1,1,0,"SIM-07364",0,0,0,0,0,111,0.0495220294584255,0.588420850250844,7.52530933372938e-16,0.362054516067061,1.03672521785866e-06,1.3512478412505e-08,0,3.69512893380624e-09,1.5502906982736e-06,2.49152130796477e-18,0,1.45206449543406e-13,"Signature_3_c2",0.588420850250844,TRUE,0.999997395776331,0.599530683234554,0.508145764031037,0.122594185410345,0.627184802804968,0.228712484829956,0.247776283274474,0.349359194268301,0.148565861507153,0.0675531507021736,0.377219778485161,0.550134097142246,0.519395059545706,0.42743059425361,0.251950931951071,0.162610612440645,0.220299482835281,0.350973382296551,0.483669865377695,0.21998981859235,0.353442197603114,0.314955208004313,0.0627168793869986,"Signature_5",0.627184802804968,"Signature_3.Signature_5.Signature_13.Signature_18.Signature_41c","33.8553292138725_38.4705418655719_4.8987671941406_6.618570659989_28.400373661579",-483.959290669514,0.774843981147364,33.8553292138725,0.00985472520182629,0,0,0.00568842644583079,0,0.00102488271572321,0.000585601198783259,0,0,0,0.0855915338710515,0,0.420044360006439,0,0.5,0.887604258071289,0,0.699883975033289,0.583823872077376,0,0,0,0.999991222211314,0,0.305002965890743,0.095370360494944,1.50667511487836e-93,6.48962511883696e-264,0.904629639505056,0,0,4.31239845094115e-176,1.81520236251943e-169,"Signature_5",0.904629639505056
1,1,1,0,0,0,0,0,0,0,0,1,0,2,0,1,0,1,1,0,1,0,0,1,0,1,1,0,0,1,1,1,6,1,1,1,0,1,1,1,0,0,1,0,0,1,0,2,0,0,0,0,0,0,2,0,0,0,0,1,1,0,0,0,1,0,1,0,0,1,0,1,2,0,0,0,0,0,2,1,0,1,0,0,0,1,0,2,0,0,0,0,0,0,0,1,"SIM-07386",0,0,0,0,0,50,0.159073159235109,0.587827470031925,4.8828311299836e-08,0.200200610375814,0.0490878344327365,0.00310253770759273,5.36855869346727e-10,2.74850071228463e-05,0.0006803382256636,5.17504828890519e-10,0,5.15101364872759e-07,"Signature_3_c2",0.587827470031925,TRUE,0.947101288471159,0.514605466409429,0.446260762467671,0.246398069924537,0.539014003999149,0.156094945513467,0.142791290473727,0.225130652068532,0.155013352682145,0.232822141324105,0.405550635277201,0.293389099281786,0.460926675279379,0.389216036833744,0.268469049886678,0.164341213740266,0.157395814596202,0.261227249859722,0.341512917988475,0.181822806028268,0.328663254989377,0.132665476559308,0.0556376368042872,"Signature_5",0.539014003999149,"Signature_3.Signature_17b.Signature_30.Signature_41c.Signature_41b","24.9893851927839_2.85062930285686_8.43776435401392_3.04976962641895_11.5136967413381",-220.506799717663,0.625380101432857,24.9893851927839,0.0223178915475563,0,0,0,0,0,0,0,0.0255865803496268,0.00867104536437624,0.00220057843268262,0.00776546569910619,0.881574577105197,0,0.5,0,0,0,0,0,0.900477285092624,0.692118080488301,0.651222839416465,0.768600169524969,0.499787703855678,0.879106319430307,4.94719716682414e-49,1.53042019234413e-101,0.120893680569693,0,0,8.19329449161158e-77,4.88926608305571e-52,"Signature_3",0.879106319430307
0,1,0,0,0,1,0,1,1,0,1,0,0,0,0,3,2,2,0,2,1,1,0,0,0,0,0,0,1,1,0,0,1,0,0,0,0,1,0,1,1,1,0,0,0,2,0,0,0,1,0,0,0,1,0,0,1,0,0,0,2,0,1,1,3,0,2,4,0,1,1,2,0,0,2,1,1,0,0,1,0,0,1,0,0,0,1,0,0,0,0,0,0,1,0,0,"SIM-07444",0,0,0,0,0,53,0.0589984852483768,0.852585423633176,1.71441099556444e-10,0.0883545331932339,2.42708961352671e-05,3.12916580881897e-06,1.00429691637767e-14,2.29516486128281e-07,3.39186600744024e-05,2.21356745684733e-13,0,9.51503620759966e-09,"Signature_3_c2",0.852585423633176,TRUE,0.999938442246228,0.540757235780551,0.435872654881364,0.0739226855523438,0.549104109744468,0.0711325996904863,0.115240008170203,0.277925300758643,0.270928300766195,0.0188553962579277,0.261317026942342,0.431717866813659,0.445019344053959,0.282319511595161,0.173118230847181,0.0961445782296808,0.244761306316934,0.290100730776028,0.399556813699643,0.327786845840639,0.191683546039688,0.319381185358108,0.0439007715869455,"Signature_5",0.549104109744468,"Signature_3.Signature_5.Signature_18.Signature_17a.Signature_41c","24.0854976845507_13.1109980325143_1.66832677673003_3.23776172119243_11.7146258912475",-232.584422017676,0.668062495909413,24.0854976845507,0.0243770633614371,0,0,0.00647686232306888,0,0,0.000786665681053456,0.0168913831789669,0,0,0.0565554876636146,0,0.936941908655778,0,0.5,0.692550481507772,0,0,0.527221963961326,0.744908869477031,0,0,0.964342928717084,0,0.454443352538692,0.999892925466713,2.83661248862407e-45,1.23057692720465e-142,0.00010707453328732,0,0,2.33362197467042e-90,2.82880688846413e-108,"Signature_3",0.999892925466713
1,0,1,2,0,1,0,1,1,1,0,0,1,1,0,0,1,1,0,1,2,1,1,0,0,0,0,0,0,1,0,0,7,0,0,2,1,1,2,1,1,0,1,2,2,1,1,1,1,0,1,0,0,1,0,0,0,0,0,0,0,0,0,2,0,2,2,5,1,2,1,0,0,1,2,1,1,3,0,0,1,2,0,1,0,0,0,1,0,1,1,0,0,1,0,1,"SIM-07485",0,0,0,0,0,76,0.0111588229359983,0.96969512382842,1.97538926905344e-14,0.0189930350743483,6.80633065284825e-05,3.48957754113742e-05,9.7351182903361e-19,5.67713108877463e-08,5.00020180668936e-05,1.41307878605579e-16,0,2.89896351253609e-10,"Signature_3_c2",0.96969512382842,TRUE,0.999846981838786,0.547929483383824,0.471420686495205,0.225256924241794,0.606763968647997,0.223627212566634,0.0881884593549577,0.237790540919131,0.123049103693485,0.101356169428002,0.423984201989372,0.290046726264241,0.397152497488652,0.427397254573629,0.267524472999542,0.175523514196677,0.27791820663755,0.338132098901025,0.452846267016009,0.27744164478843,0.444454499098715,0.0436347357426648,0.110658339883599,"Signature_5",0.606763968647997,"Signature_3.Signature_5.Signature_2.Signature_17b.Signature_41c","22.157794251977_39.9779113322299_2.71675434990023_0.701991008819415_6.71193637718353",-342.25686074831,0.640545272383161,22.157794251977,0.0122500717223757,0,0,0.0210662925109536,0.00508462111742547,0,0,0,0.000857374287545176,0,0.0113489590643041,0,0.807306869624954,0,0.5,0.966205318590182,0.603204432145169,0,0,0,0.542506571323919,0,0.809987851259158,0,0.291549924368119,0.0909837618996393,6.81718334911819e-67,3.79955955285698e-149,0.909016238100361,0,0,4.62747265467044e-123,1.19941472703978e-85,"Signature_5",0.909016238100361
0,0,0,0,0,0,1,0,1,0,0,0,0,0,0,0,1,1,0,1,1,0,0,0,0,0,0,0,0,0,0,1,1,2,1,2,1,1,0,0,1,1,1,0,0,2,2,2,0,0,1,0,0,0,1,1,0,0,0,1,0,0,0,0,3,0,2,2,0,0,0,1,0,1,0,1,1,0,1,0,0,0,0,1,0,0,0,0,0,0,0,0,0,0,0,0,"SIM-07498",0,0,0,0,0,41,0.0682679816952861,0.30973017706645,5.34581248117114e-07,0.293291597207461,0.0263765099300387,0.000519973405987366,0,0.0277995317902228,0.273409262637662,3.82082634882113e-06,0,0.000600610859294785,"Signature_3_c2",0.30973017706645,TRUE,0.671290290550446,0.466094105822418,0.385174951296688,0.303676882410907,0.620853774671268,0.266592158553458,0.140373784430605,0.206406130360499,0.15061996392705,0.0194155693358035,0.540081070664489,0.408493251302625,0.405950801131454,0.496927086887366,0.296000293933561,0.24856772203452,0.173716513722556,0.320571145486068,0.464008312429369,0.225356535680625,0.310732221020399,0.0362225639177614,0.312179548967827,"Signature_5",0.620853774671268,"Signature_5.Signature_13.Signature_17a.Signature_30.Signature_41c","18.3295588829762_1.07906892347619_1.05415144312225_11.1713365301409_8.9084052844302",-174.120335853631,0.697375366148374,0,0,0,0,0.00653771743174614,0,0.000501136318896922,0,0.00151873251284496,0,0.0163084501623555,0.0538039803967975,0,0.5,0,0.5,0.637660255218097,0,0.505615935221306,0,0.522810140115742,0,0.707056536218615,0.951957081040851,0,0,4.24033772623903e-09,1.56343053979419e-52,9.53309729142137e-83,0.999999995759662,0,0,5.03472254687876e-76,3.21428296873406e-34,"Signature_5",0.999999995759662
1,0,0,0,0,0,0,0,1,1,0,0,0,0,0,1,0,1,1,0,0,1,0,0,1,1,0,0,0,0,0,0,3,0,0,1,0,1,0,0,0,1,0,0,0,3,0,2,0,0,2,2,0,1,0,0,0,0,0,0,1,4,0,0,1,2,0,2,2,0,0,0,1,0,2,1,1,0,1,0,0,0,0,1,0,0,0,0,0,2,0,0,0,0,0,0,"SIM-07506",0,0,0,0,0,46,0.0598731294525902,0.787321107889186,2.73628762590177e-09,0.145183012600146,0.00318533968945833,0.000257898213742478,1.09781100609492e-12,5.84766308036996e-05,0.00411967673073816,2.40142162805304e-10,0,1.35581580761149e-06,"Signature_3_c2",0.787321107889186,TRUE,0.99237725267821,0.400393724737991,0.333365707597751,0.071816148375117,0.43986956703159,0.178051331209904,0.0383033422978735,0.182453977539366,0.0352394284326671,0.0150549445184971,0.392940743433646,0.394914045480582,0.44239848957413,0.3657440143569,0.13000310647909,0.0849277424963418,0.114203287868134,0.308707126418824,0.335593988797291,0.145187583994528,0.220290616899791,0.126140039476088,0.0595784836228988,"Signature_41b",0.44239848957413,"Signature_3.Signature_18.Signature_30.Signature_41c.Signature_41b","15.2911813709026_0.338438927116221_11.7014955744371_10.6301048784344_3.01633295418079",-206.068445905468,0.572213887766861,15.2911813709026,0.0131048828425167,0,0,0,0,0,3.82428996442696e-05,0,0,0.0288920145061927,0.0409984937840827,0.000810120997386865,0.955498793200566,0,0.5,0,0,0,0.496991312616347,0,0,0.841619517905953,0.997455533907982,0.49001603647433,0.33241698632397,0.968701216277355,1.5540275640419e-39,3.69344148589414e-112,0.0312987837226454,0,0,2.84892356985502e-89,2.48011235427532e-45,"Signature_3",0.968701216277355
0,0,0,0,1,1,0,0,2,1,0,0,0,0,0,0,0,1,0,1,0,0,0,0,0,1,0,0,0,1,0,0,1,1,0,0,0,1,1,0,0,1,0,2,0,0,0,1,0,0,1,1,1,0,0,0,0,0,0,2,1,0,0,0,4,1,0,1,1,0,2,0,1,0,0,0,0,0,0,0,0,0,0,0,0,1,1,0,1,0,1,0,0,0,0,1,"SIM-07507",0,0,0,0,0,38,0.0552855547972126,0.853648357597106,4.75792050732472e-09,0.0883595858306161,0.00130191945012231,8.85875977548521e-05,1.49016208493234e-10,2.30012144733002e-05,0.00128963643065616,1.15579206104662e-10,0,3.35205954301094e-06,"Signature_3_c2",0.853648357597106,TRUE,0.997293502982855,0.438109984595525,0.380407291617721,0.136024756677404,0.496164151843592,0.0729606491993215,0.0410686472339138,0.291697847497477,0.0795511871936681,0.0357399816754397,0.277297027715363,0.482292663028193,0.438901906419756,0.308355382182212,0.163247171220174,0.141235916803349,0.232272694618088,0.28230648620575,0.396943835975764,0.287300439339901,0.265728798764333,0.0238279423969646,0.0434943728997224,"Signature_5",0.496164151843592,"Signature_3.Signature_5.Signature_18.Signature_30.Signature_41c","9.21868639892442_13.1734955011966_3.56097615307542_0.258495200103047_11.1940868510017",-168.142767854601,0.625671622982004,9.21868639892442,0.00644545664851859,0,0,0.00707446485992336,0,0,0.00614850893082097,0,0,1.6756173613186e-05,0.0870134081322138,0,0.789630896453468,0,0.5,0.676543945995534,0,0,0.523817762215731,0,0,0.503965751704696,0.956574911093012,0,0.242597010498011,0.99561072157827,8.97862526524253e-30,3.07759073301838e-89,0.00438927842172955,0,0,2.51827645744336e-64,3.53724658862141e-57,"Signature_3",0.99561072157827
0,0,0,0,0,0,0,0,0,0,0,0,0,1,0,0,0,0,0,1,0,0,0,1,0,0,0,1,0,0,0,0,0,0,0,0,0,0,0,0,0,1,0,1,0,0,0,1,0,0,0,1,0,0,0,0,0,0,0,0,0,0,1,0,1,0,1,0,0,1,0,4,1,1,0,0,2,0,0,0,0,0,0,0,0,0,0,1,0,0,0,0,1,0,0,1,"SIM-07540",0,0,0,0,0,23,0.0021944354085546,0.00791663099080389,1.71487245029827e-07,0.00293325378333947,0.000628729163537435,0.984556547628744,0.00169898096127194,4.12412990377114e-06,6.663755265129e-05,1.37307349668788e-08,0,4.75163213731856e-07,"Signature_17_c1",0.984556547628744,FALSE,0.013044491669943,0.338132230932806,0.205795694219375,0.0498500694265675,0.375739344661301,0.0805901954174277,0.0283004615393095,0.0587546379178513,0.641288619761481,0.205631464733845,0.115414304614298,0.354871627746922,0.366667316393848,0.164057130602228,0.104551160202752,0.121266611354634,0.099663590294548,0.305008447271448,0.35622843637953,0.163862747391765,0.155356440141676,0.0266795582745501,0.0454032546815003,"Signature_17a",0.641288619761481,"Signature_3.Signature_2.Signature_17a.Signature_17b.Signature_41c","6.43250732854376_0.603687118566788_7.84430583985578_1.49951633453314_7.15867945748146",-92.7747983261579,0.756615840895466,6.43250732854376,0.00261700518024888,0,0,0,0.0008414540466537,0,0,0.263697326700429,0.0147339603159052,0,0.0439955640227017,0,0.755592824749283,0,0.5,0,0.490428464859416,0,0,0.99847637346584,0.706126223230737,0,0.991052348418362,0,0.279674231675816,0.93367738592832,1.32083123531073e-27,4.29334133608039e-68,0.0663226140716803,0,0,7.10468845261915e-54,4.87831374188726e-50,"Signature_3",0.93367738592832
0,0,0,0,2,1,0,1,0,1,1,1,1,0,0,0,0,1,0,1,1,0,0,1,0,0,0,0,3,2,0,2,4,2,1,0,2,2,2,1,0,1,0,0,1,2,1,3,1,0,0,1,0,0,1,0,0,0,0,0,2,0,1,0,4,2,0,4,1,0,1,0,1,0,1,0,7,1,1,0,0,0,0,0,1,0,1,0,0,0,0,0,1,1,0,2,"SIM-07541",0,0,0,0,0,76,0.1688010096748,0.0283883033052617,4.30854763439688e-09,0.802693917761054,2.23500903552089e-06,5.42096613876726e-07,0,3.75228757121132e-05,7.64589658066305e-05,4.61754011433711e-09,0,1.38562854320228e-09,"Signature_3_c4",0.802693917761054,TRUE,0.999883235049663,0.509509001512831,0.390182057797936,0.21514876710195,0.552367048414887,0.265762071035356,0.322666027325178,0.227702655733929,0.0404617539377002,0.0270192440201892,0.439897378740728,0.585260007829133,0.48705431520799,0.420406572961195,0.205062623191244,0.104287473768837,0.246154937475779,0.316473373248604,0.395387438513231,0.184125873846149,0.230573234734875,0.0351422238319177,0.124572461937335,"Signature_41c",0.585260007829133,"Signature_3.Signature_13.Signature_18.Signature_30.Signature_41c","21.3501750320761_6.85415450994098_2.54665916832228_18.6926199078656_27.3128166504875",-320.136976666932,0.779629475334486,21.3501750320761,0.00626421005151478,0,0,0,0,0.0222024780496661,0.000609957873818123,0,0,0.0161298019604046,0.133087111952471,0,0.517940621923893,0,0.5,0,0,0.977994065175752,0.508599824397466,0,0,0.750284046098936,0.999999365136289,0,0.280923355685212,0.067546423609044,3.16298675965098e-84,3.37871641625342e-162,0.932453576390956,0,0,8.97205214536643e-136,1.07163042579273e-97,"Signature_5",0.932453576390956
0,0,0,0,1,0,0,0,0,0,0,0,0,0,0,0,1,0,0,1,0,0,0,0,0,0,0,0,0,0,0,0,2,1,1,1,0,3,1,0,0,0,1,1,0,0,0,0,0,0,0,0,0,1,0,0,0,0,0,0,0,0,0,0,1,0,0,3,0,0,0,1,0,0,0,1,1,0,0,0,0,0,0,0,0,0,0,0,1,0,0,0,1,0,0,0,"SIM-07561",0,0,0,0,0,24,0.0327211104732612,0.321771563539655,4.69889836824643e-07,0.10942407506801,0.0449985257466206,0.000198283116955942,1.52869095589003e-07,0.0181774578329351,0.462487092091439,2.04672427111777e-06,0,0.0102192226479191,"Signature_clock_c2",0.462487092091439,FALSE,0.463917218970763,0.343422070993681,0.350522683542629,0.328613907341924,0.508732887049309,0.0236773597823411,0.0118240515845468,0.159421826795099,0.169037489716147,0.00901122471631728,0.422253513121745,0.329701125135014,0.311883104266075,0.415976629235953,0.304924194323278,0.236071713962271,0.185525823539893,0.270662082488585,0.351855595329855,0.0993383908016411,0.304664653357914,0.0250857364533208,0.0208441991982734,"Signature_5",0.508732887049309,"Signature_1.Signature_5.Signature_17a.Signature_30.Signature_41c","1.7064890817607_9.31806330113173_1.42614863136375_6.53392274022993_5.92898022898161",-100.032395975579,0.569419606359326,0,0,0,0.00401511321053027,0.00183257199227105,0,0,0,0.00850716940967844,0,0.0190014661608658,0.0490261004826889,0,0.5,0,0.574251363396526,0.548723087311698,0,0,0,0.672846394021793,0,0.795043761948159,0.976830448388739,0,0,0.000580995834341044,6.17028354938283e-26,1.14436100132816e-41,0.999419004165659,0,0,2.95816950995117e-46,6.20457290235496e-23,"Signature_5",0.999419004165659
1,1,0,2,0,1,1,0,0,1,0,0,0,0,0,0,1,1,0,1,2,0,0,0,2,0,0,0,0,0,0,1,1,1,0,2,1,0,0,0,2,2,1,0,1,2,1,0,0,0,0,1,0,1,0,0,0,0,1,1,0,0,1,0,0,1,1,1,2,0,0,1,2,1,1,1,0,0,1,1,0,0,0,0,0,0,0,2,0,0,1,0,0,1,0,0,"SIM-07574",0,0,0,0,0,51,0.0697793394750264,0.87123020937426,1.32442348931164e-09,0.0575387077890013,0.00126237939074454,0.000131134672008584,9.71442377155911e-13,8.6791581247931e-07,5.73431500185901e-05,3.13408767772372e-12,0,1.69045986663878e-08,"Signature_3_c2",0.87123020937426,TRUE,0.998548257962712,0.58833307832017,0.436966224597949,0.189562688161486,0.596632394851342,0.209009057522632,0.147374054053057,0.174370691661532,0.141824361877974,0.241251549864329,0.476220983163199,0.292738437164958,0.416385947421205,0.451638857193313,0.292032380880775,0.276426557454349,0.241504114094549,0.438028975200181,0.504766363917259,0.209712049271426,0.372320940840018,0.0328940806758856,0.15288468544903,"Signature_5",0.596632394851342,"Signature_3.Signature_17a.Signature_17b.Signature_30.Signature_41c","28.5372193586111_0.646090400010351_2.45612386727875_10.9739817010161_6.12846729564615",-226.954064484424,0.686645519585327,28.5372193586111,0.0389813191829076,0,0,0,0,0,0,0.000378528554164537,0.0230293673665976,0.0145822999344827,0.0132443218936341,0,0.972270670722092,0,0.5,0,0,0,0,0.474125483781968,0.730886112145922,0.567864513536106,0.872392960487536,0,0.55955332075708,0.999998948853698,3.49054744475917e-56,3.02506349516831e-122,1.05114630172841e-06,0,0,1.36861373465481e-91,1.10892411983791e-64,"Signature_3",0.999998948853698
2,1,0,2,0,0,0,0,2,0,0,2,0,2,0,0,1,1,0,0,0,1,0,0,0,0,0,1,1,0,0,0,0,1,1,1,1,2,2,0,0,3,1,0,1,1,0,2,0,1,0,0,0,0,0,0,0,0,0,0,0,0,0,1,1,0,2,3,3,0,1,1,1,0,3,1,0,1,4,2,0,0,0,0,1,1,0,1,0,0,0,1,1,1,0,1,"SIM-07580",0,0,0,0,0,64,0.0203177153848975,0.589495379132761,2.25699816732686e-12,0.13306335513143,0.00258944587538172,0.182579694015815,2.3642079602994e-11,0.000449585684957303,0.0714781041206085,7.58480588466169e-12,0,2.67206206647885e-05,"Signature_3_c2",0.589495379132761,TRUE,0.742876449651346,0.490683892580834,0.458567537982576,0.278896745754109,0.639191845806676,0.204611376630085,0.113628647624521,0.343397803327427,0.12944142467354,0.132459235049501,0.431856344040857,0.359764119576965,0.454482132379587,0.400226700358995,0.323117527374183,0.258293677575007,0.195647792503057,0.503231937117163,0.552700377533859,0.446501668210632,0.156653269893963,0.0443673183744918,0.0513622798008146,"Signature_5",0.639191845806676,"Signature_5.Signature_2.Signature_18.Signature_17b.Signature_41c","45.5041499249994_1.82967543444728_3.45224396958043_1.2039616987857_8.46820033673528",-282.555467588385,0.674962964541159,0,0,0,0,0.0421382151647384,0.00326283914644787,0,0.00269734317085735,0,0.00334462334524765,0,0.0203358517982297,0,0,0,0.5,0.993906456483907,0.557556416589094,0,0.52167276408538,0,0.662411107819405,0,0.913520187043,0,0,2.43971870310027e-05,4.31753959196872e-70,1.67929774165103e-137,0.999975602812969,0,0,3.8255970195358e-105,6.34968917841833e-88,"Signature_5",0.999975602812969
0,1,0,0,0,1,0,0,0,1,1,1,0,0,0,1,0,0,0,0,0,1,1,2,1,0,1,1,0,1,0,1,3,1,1,0,2,1,0,1,1,2,0,0,2,1,2,0,0,0,4,0,0,0,1,1,0,0,0,1,1,0,2,1,2,2,2,2,0,1,0,0,0,1,1,2,1,1,0,1,0,0,0,0,1,1,0,0,0,0,1,1,2,1,0,2,"SIM-07586",0,0,0,0,0,68,0.042527551475098,0.892999891484323,2.13817962833274e-12,0.0644437623421703,1.10401234162465e-05,3.63263022847041e-06,1.2193951573113e-16,7.83525902397023e-08,1.40433539060544e-05,3.84261153503761e-15,0,2.36125690968139e-10,"Signature_3_c2",0.892999891484323,TRUE,0.999971205303729,0.585373056501359,0.447928134461571,0.199726311609242,0.612100729389558,0.256916053315768,0.160328603648728,0.211469044660182,0.0843537690295808,0.0550954603735235,0.486447426387457,0.361826190874646,0.434408712737886,0.445839050490027,0.206505510086652,0.154753520557135,0.193870764267166,0.343357297202973,0.414741212767988,0.196994329138012,0.302281535232045,0.1173597394136,0.22201775500142,"Signature_5",0.612100729389558,"Signature_3.Signature_5.Signature_2.Signature_30.Signature_41c","30.7429312659665_10.0882018110472_1.39113931183438_10.0877930976085_9.8777587520936",-309.414023756414,0.690747423770596,30.7429312659665,0.0311979350228904,0,0,0.0020344167985028,0.00176669076273783,0,0,0,0,0.00937590385690579,0.0308772307644357,0,0.903667551788997,0,0,0.674495717987794,0.530090096080098,0,0,0,0,0.616605378091845,0.903484823495703,0,0.452101930381861,0.999437370618314,1.65813772363154e-69,1.55631328354313e-159,0.000562629381686151,0,0,3.45732497767179e-114,5.3266528381035e-81,"Signature_3",0.999437370618314
2,1,1,0,1,1,0,0,1,1,0,1,1,2,0,1,2,0,0,2,1,1,0,1,0,0,0,1,0,1,0,2,1,1,1,3,1,1,0,1,2,1,1,0,2,2,0,2,0,0,0,0,1,0,0,0,1,0,0,2,1,2,0,2,3,0,6,4,0,1,1,3,1,2,0,5,2,1,0,0,0,0,1,0,0,0,2,0,0,0,0,0,1,2,0,0,"SIM-07629",0,0,0,0,0,87,0.0522071579989745,0.852602611915396,1.45954346833773e-14,0.0951888146343321,8.32805100337384e-07,1.99278774903751e-07,0,9.61416915026579e-10,3.82405546830629e-07,7.01155554603616e-18,0,4.44290659934378e-13,"Signature_3_c2",0.852602611915396,TRUE,0.999998584548717,0.608755521904018,0.504083786276001,0.166136483861561,0.633877403334978,0.250032891257166,0.19546526789828,0.280312996975101,0.251145381563817,0.0203710094656467,0.373467618912717,0.390449190054637,0.437543454288558,0.380922599521983,0.22534272607114,0.1758727905574,0.177195370646457,0.384005874524453,0.537150546287967,0.338084860710108,0.263092881704218,0.109625832949671,0.046582539287185,"Signature_5",0.633877403334978,"Signature_3.Signature_5.Signature_2.Signature_17a.Signature_41c","35.9862255489773_30.9239908817104_3.85005708148743_3.3554716524774_13.217324873786",-384.259015591354,0.717077451905055,35.9862255489773,0.0222214493838758,0,0,0.0163482139679989,0.00846277634604586,0,0,0.00796060770074103,0,0,0.0361665919170406,0,0.953930005048947,0,0.5,0.887023787570399,0.753483211761478,0,0,0.671471764327553,0,0,0.989217312567685,0,0.413634776425027,0.999743892378281,1.68467693119248e-70,7.65417012789796e-213,0.000256107621718897,0,6.15757166089684e-271,1.1387655177805e-144,5.83771919677163e-134,"Signature_3",0.999743892378281
1,0,0,1,0,1,0,2,3,0,1,0,0,0,0,2,0,0,0,1,1,0,0,0,0,1,0,0,0,2,0,2,3,1,0,1,2,2,0,1,0,1,1,2,0,1,0,0,0,0,0,1,0,0,1,1,0,0,0,1,0,0,0,1,4,1,3,4,1,0,1,2,0,0,2,1,0,1,1,2,0,0,0,0,0,0,0,0,0,0,1,0,0,2,0,0,"SIM-07683",0,0,0,0,0,64,0.0271669378690241,0.895500521921885,2.46928246357873e-12,0.0768036444051808,0.000113509286434317,4.25023737444125e-06,1.03639022072749e-17,1.05456407759909e-06,0.000410032247910807,4.25733317049311e-14,0,4.94656009639328e-08,"Signature_3_c2",0.895500521921885,TRUE,0.999471104198559,0.562392522643551,0.490198384147887,0.138029258326199,0.636168675157913,0.0676889290129379,0.182858469677708,0.356721351751037,0.211950243473509,0.0159670477737745,0.370024496237514,0.478177796142323,0.518605472481699,0.410573657937256,0.28246296313946,0.196400835656857,0.348512240888339,0.296804894838658,0.482254948410858,0.353769835914806,0.322160897534862,0.204308876451538,0.0382899925291954,"Signature_5",0.636168675157913,"Signature_3.Signature_5.Signature_18.Signature_17a.Signature_41c","16.9272295336877_30.0467827898215_4.8478892383319_1.93536088847134_14.7192317659445",-275.011456630609,0.726775645621941,16.9272295336877,0.000892281276865803,0,0,0.0121403938903478,0,0,0.00172644600284444,0.00125246706199855,0,0,0.0520241018957881,0,0.460437667285682,0,0.5,0.905101615291907,0,0,0.621164983934492,0.534324586880601,0,0,0.973175379202726,0,0.26448796146387,0.000844728041303015,1.65309086183434e-55,1.63200705438246e-155,0.999155271958697,0,1.78256683171245e-212,8.35032048806856e-100,1.94824196004722e-99,"Signature_5",0.999155271958697
3,1,1,0,0,0,0,1,2,0,0,0,1,0,0,1,1,0,0,0,0,1,0,0,0,0,0,1,0,0,0,0,3,0,0,2,0,0,1,2,0,0,0,2,1,1,1,0,0,0,0,0,1,0,0,0,0,1,0,0,1,1,0,0,6,1,4,2,1,1,0,1,1,1,0,2,0,1,3,0,0,0,0,0,0,0,0,2,0,0,0,0,0,0,3,0,"SIM-07724",0,0,0,0,0,59,0.00687640317589411,0.93324053505003,5.57803893490994e-13,0.03916927210387,0.00762742648312015,0.000288911812652406,5.60238992658105e-16,8.88158189499539e-06,0.0127873572598452,1.32950812719908e-13,0,1.21253200160389e-06,"Signature_3_c2",0.93324053505003,TRUE,0.979286210330352,0.433544587035239,0.422185722303137,0.137939374471758,0.534161509200445,0.128447414747725,0.0457266047318494,0.265501612696785,0.130825666350335,0.173975119729037,0.253805635583982,0.486025775718874,0.419924746738232,0.288113923986606,0.159044451858259,0.0876256417712184,0.19619130737397,0.322078524557128,0.454757553663448,0.296020152040676,0.283250986277204,0.112855294655153,0.112842863543815,"Signature_5",0.534161509200445,"Signature_3.Signature_5.Signature_18.Signature_17b.Signature_41c","6.42344954024566_31.582093182063_3.02860441868592_2.26876256085431_16.5600457065772",-255.029958658296,0.651787700092306,6.42344954024566,0.000729002601784101,0,0,0.0251260834022852,0,0,0.000895109581778852,0,0.0103200500580959,0,0.087398128995737,0,0.488847965022533,0,0.5,0.899488393012289,0,0,0.441149141812148,0,0.740704236617848,0,0.995485743611005,0,0.108872026105859,3.68376442949776e-10,5.25136962456724e-53,9.58227198926318e-140,0.999999999631624,0,0,1.39183433232078e-105,1.11580521101626e-90,"Signature_5",0.999999999631624
2,1,0,0,2,0,0,1,1,3,0,1,0,1,1,1,0,1,1,1,1,0,1,1,0,0,0,0,1,1,0,0,2,2,0,2,3,2,2,2,2,1,0,0,2,1,0,3,2,1,1,1,1,0,0,1,2,1,1,0,1,0,1,0,3,2,3,4,0,0,2,5,2,0,1,0,1,0,0,5,1,0,0,1,2,0,0,1,0,0,0,0,1,1,1,1,"SIM-07748",0,0,0,0,0,96,0.00982173043339414,0.897903362184173,8.68025294422316e-17,0.0919268037332181,7.18916639925109e-05,0.000259113244352829,1.82575776971982e-22,1.18900338520425e-08,1.70868477649773e-05,6.80768901451961e-19,0,3.07090476166686e-12,"Signature_3_c2",0.897903362184173,TRUE,0.999651896350785,0.587054621583388,0.507409288518376,0.16364474547544,0.669798563169615,0.255595326861196,0.123886037387591,0.308097929642984,0.364572127794712,0.0994057229102938,0.45991106612825,0.498329712168995,0.582891066390206,0.471650057136589,0.216924696168383,0.112707079563663,0.235352540584518,0.355535541546882,0.461278581981899,0.3378992897723,0.297217453100574,0.0929398036445156,0.0489623709381317,"Signature_5",0.669798563169615,"Signature_3.Signature_18.Signature_17a.Signature_30.Signature_41c","33.2016239190702_6.18498587344758_8.98651107477746_19.4609019608833_22.9388497330561",-426.295065804994,0.795743418882018,33.2016239190702,0.00842810984645392,0,0,0,0,0,0.0011394773365373,0.0326405536369776,0,0.00116343647677264,0.0449188063659519,0,0.566532820311655,0,0.5,0,0,0,0.419740049834574,0.862651998602637,0,0.430591941745045,0.982976853935431,0,0.345850249156981,0.00831510376761901,3.8661586020027e-79,1.6027643767943e-227,0.991684896232381,0,0,2.94653979471592e-165,2.25351479879185e-125,"Signature_5",0.991684896232381
1,3,0,2,1,0,0,2,0,1,0,0,0,2,0,0,0,0,1,2,0,1,0,0,1,0,0,1,0,1,0,0,0,2,0,1,0,1,2,2,2,0,1,0,0,3,0,0,0,1,0,3,0,0,0,0,0,0,0,0,1,0,0,3,1,0,5,2,2,0,4,2,1,0,1,1,1,0,1,2,1,0,0,0,0,0,0,1,1,0,0,0,0,0,0,1,"SIM-07758",0,0,0,0,0,68,0.00613469281098478,0.962662125311465,4.26527176349749e-15,0.0298841392009349,0.000615547949094641,5.39931141438445e-05,3.62846223736946e-19,2.29739181345328e-07,0.000649260198635702,6.38814105918918e-17,0,1.1675554998458e-08,"Signature_3_c2",0.962662125311465,TRUE,0.998680957323389,0.539260860522781,0.500014150977401,0.202440077098221,0.625862894287504,0.0747324413556478,0.0452402305022669,0.219855498182744,0.239250014246304,0.102351884395617,0.341490643773089,0.433776875689241,0.586122162140724,0.350511694934068,0.279438442481227,0.16439821198909,0.315103593266855,0.352789164634025,0.530448169000937,0.566203347094004,0.211229781945266,0.0308377602296911,0.0339772216658943,"Signature_5",0.625862894287504,"Signature_3.Signature_5.Signature_17a.Signature_41c.Signature_41b","15.8097825029137_31.6847920176869_2.15719495296704_8.43969398718466_13.69587039252",-293.679819386064,0.703142291530412,15.8097825029137,0.00592987861878913,0,0,0.0212076567471213,0,0,0,0.00344004930953312,0,0,0.0110682852350987,0.00792433659484082,0.689036510649211,0,0.5,0.902493030095677,0,0,0,0.546208660062242,0,0,0.904528042793393,0.508362360135985,0.232496801513437,0.00697791584043047,1.58518465218435e-56,6.96735180796475e-156,0.993022084159569,0,0,1.98982958689261e-114,1.32678866243767e-114,"Signature_5",0.993022084159569
1,0,0,0,1,0,0,1,0,0,0,0,0,0,0,0,0,0,0,0,1,0,0,0,1,0,0,0,0,1,0,2,0,3,0,3,0,1,1,1,0,2,1,1,0,0,0,0,2,0,0,0,0,1,0,0,1,0,0,0,0,0,1,0,1,0,2,1,1,1,3,1,1,0,0,0,1,0,0,1,0,1,0,1,0,1,0,1,0,0,1,0,0,0,0,1,"SIM-07788",0,0,0,0,0,45,0.0801342698868737,0.676841535560476,1.76071675959405e-09,0.145793886481489,0.00206621104465221,0.0938669422979402,9.01305738396977e-09,1.09547190950207e-05,0.00128591481490313,5.48293485162194e-11,0,2.74365967240363e-07,"Signature_3_c2",0.676841535560476,TRUE,0.902769693689555,0.501123900110627,0.379890052214581,0.19918388802623,0.577532427905653,0.0487542124663952,0.20320026021669,0.17083956756747,0.266735994090033,0.160005654541826,0.344555525274407,0.344421073728028,0.380938482988021,0.411526211806616,0.317206677376677,0.268957797142613,0.309500770708375,0.322527369104613,0.528162305724191,0.469789189042621,0.264287688641196,0.0331729431502978,0.0316052539220751,"Signature_5",0.577532427905653,"Signature_5.Signature_13.Signature_17a.Signature_17b.Signature_41c","30.3866482543406_2.71637043547113_2.57481235763966_1.31498454664829_6.59768803390806",-197.322873039896,0.643539671550688,0,0,0,0,0.029012683455591,0,0.00774371708938004,0,0.0128393891867742,0.00543635644173501,0,0.0297010706818271,0,0,0,0.5,0.748562403303414,0,0.59602319255079,0,0.715160081120575,0.689893560223058,0,0.947786189992054,0,0,0.657055540583836,1.14444614408601e-48,2.04878181225145e-107,0.342944459416164,0,0,2.56378989104037e-85,7.02355273057989e-62,"Signature_3",0.657055540583836
1,0,1,0,1,0,0,0,0,0,0,0,0,0,0,1,2,0,0,1,0,2,0,1,2,0,0,0,0,2,0,2,0,2,0,0,3,2,0,3,1,3,1,0,2,0,1,2,1,1,1,0,0,0,0,0,0,0,1,0,0,0,0,0,3,4,4,2,0,1,1,0,1,1,3,2,0,0,1,1,1,1,0,0,1,2,0,0,0,1,1,1,1,3,0,1,"SIM-07804",0,0,0,0,0,77,0.196300121667358,0.570083676198489,1.60326926832025e-12,0.23353000512322,9.87333560600337e-08,7.0458141809239e-06,3.21691012884577e-14,2.17439865152079e-07,7.88349868389195e-05,1.1629743581125e-14,0,3.50453356465064e-11,"Signature_3_c2",0.570083676198489,TRUE,0.99991380299067,0.554139523677502,0.342927440520012,0.155241967694778,0.613543983949707,0.263397151297568,0.211689474594855,0.172096626945452,0.0789701311897748,0.0456328503340017,0.464212006434834,0.309047838485913,0.345455489281908,0.468509719561757,0.218073252206697,0.22325932529645,0.165774582444409,0.419558240802015,0.535577115678885,0.386379446996214,0.224258377664187,0.106419096321099,0.122201541611563,"Signature_5",0.613543983949707,"Signature_3.Signature_5.Signature_2.Signature_30.Signature_41c","24.0510035982699_32.2304332237818_3.12580450576067_4.1595863341348_8.02402217510077",-350.248699796074,0.658135081727968,24.0510035982699,0.0082913692853045,0,0,0.0150166024904879,0.002476428784422,0,0,0,0,2.38950794417825e-05,0.0175403205743628,0,0.907494887345137,0,0,0.88767557936649,0.566721169849704,0,0,0,0,0.613838892626,0.874260516689861,0,0.312350696081427,0.849363694692045,4.02039458277939e-94,5.72438415931253e-193,0.150636305307955,0,0,1.58394174079225e-147,1.61369897758993e-94,"Signature_3",0.849363694692045
0,0,0,0,2,0,0,2,1,1,0,1,1,1,0,1,1,0,0,1,0,1,0,0,0,0,0,0,0,0,0,2,2,2,1,3,0,4,0,1,2,0,0,1,2,1,0,1,1,0,2,0,1,0,0,0,0,0,1,1,1,0,0,1,3,0,5,4,1,0,4,2,0,0,3,0,0,0,1,0,1,0,0,0,0,1,0,3,1,0,1,0,0,0,0,0,"SIM-07921",0,0,0,0,0,73,0.0224482350082419,0.791634453974952,8.81058536632404e-13,0.173040321220247,0.00285549410055585,0.0095250619125072,6.27081401475126e-16,8.71675344102853e-07,0.000495559710823368,1.07889579216546e-14,0,2.39643565984691e-09,"Signature_3_c2",0.791634453974952,TRUE,0.987123010204322,0.523129726300598,0.44690005467961,0.132941817464131,0.62188212999373,0.21809893069186,0.17793003852911,0.28701112384901,0.219276476375386,0.239247228303063,0.4131914008564,0.326121746837323,0.40556345647376,0.454009878683285,0.238813499939608,0.104981732354854,0.300678269977655,0.292637428848252,0.490871098566641,0.541905862605317,0.332294885408937,0.107618670537528,0.0306556376878299,"Signature_5",0.62188212999373,"Signature_5.Signature_13.Signature_17a.Signature_17b.Signature_41c","54.3250064125417_3.16136316702734_2.08730374024813_3.66397559730102_8.35024267858267",-319.07678708547,0.674820140221779,0,0,0,0,0.0278945901230595,0,0.000878696279188129,0,0.00120509408772429,0.0192062362104706,0,0.0172807095591819,0,0,0,0.5,0.992644297174912,0,0.478577344087555,0,0.404191270685054,0.880993610567317,0,0.886580613391392,0,0,0.000100615664965324,6.6477142920997e-67,3.69984627762857e-175,0.999899384335035,0,0,2.59502109648232e-120,1.07940842253294e-94,"Signature_5",0.999899384335035
2,1,0,0,1,1,1,0,0,0,0,1,2,2,0,1,0,0,0,0,0,1,0,3,0,1,0,0,2,2,0,1,3,0,0,3,1,1,1,1,2,2,1,0,0,2,3,2,0,1,0,0,1,1,0,0,0,0,1,1,1,0,1,0,3,1,1,1,0,1,0,3,3,0,2,1,0,0,0,0,1,0,3,0,1,1,0,0,0,0,0,0,2,0,1,1,"SIM-08029",0,0,0,0,0,77,0.251349373308051,0.490978135746166,3.59925871408579e-10,0.257658199496009,1.15201210532401e-05,4.73018572032357e-07,0,1.30687909222753e-07,2.16707673528766e-06,5.00036623861559e-13,0,1.85079537214586e-10,"Signature_3_c2",0.490978135746166,TRUE,0.999985708910151,0.624772075901465,0.511076549019074,0.250997821810622,0.636161409263637,0.22066111453979,0.259904401602495,0.321291684970141,0.269264480159259,0.0307573577170724,0.438024544779368,0.309190745068239,0.415847117849616,0.447059761503991,0.276961968895218,0.217394473597403,0.211825678409597,0.427825395343478,0.479839745291121,0.213810692121558,0.346086173912667,0.137005920185293,0.300696860271471,"Signature_5",0.636161409263637,"Signature_3.Signature_5.Signature_13.Signature_17a.Signature_41c","27.3457209342798_32.7058908894892_3.30676282036321_3.18374999957777_7.21625580791883",-347.420487680866,0.703214258623298,27.3457209342798,0.0156614694463333,0,0,0.00254551019719351,0,0.00266741205188969,0,0.00860951148882827,0,0,0.0148513525480942,0,0.699631839384436,0,0.5,0.622237697345731,0,0.660186976341262,0,0.561113459840258,0,0,0.825669796760791,0,0.355139232912725,0.999974325612987,1.20792616626088e-73,5.47121082687025e-169,2.56743870131276e-05,0,1.10306860333901e-227,4.41041692070638e-123,9.48162876167703e-99,"Signature_3",0.999974325612987
1,0,0,0,2,1,0,1,1,0,1,1,1,0,0,3,1,1,0,1,1,1,0,1,0,0,0,0,3,1,0,2,2,4,0,2,1,1,1,5,1,4,2,2,2,2,0,1,0,0,1,0,0,1,0,0,2,0,1,0,0,0,2,0,5,0,5,3,0,2,1,3,0,3,1,0,2,1,1,3,0,1,0,0,0,0,2,2,0,0,1,0,0,0,0,1,"SIM-08057",0,0,0,0,0,98,0.11132884080312,0.541920930567111,1.50602246667147e-13,0.34670046142564,7.34344235971297e-06,3.52152437575644e-05,0,5.56199942529782e-08,7.15289394153859e-06,6.29769442662114e-16,0,3.92483485762352e-12,"Signature_3_c2",0.541920930567111,TRUE,0.999950232796022,0.622388570793816,0.501119872594672,0.204816864634698,0.712566318956701,0.22165798848522,0.289102003919421,0.326027782209863,0.267278604943908,0.15061074300612,0.487970535741102,0.409267594966025,0.488200675977606,0.532104390848085,0.363743888002565,0.313590019116872,0.307014435936664,0.355896121818136,0.53224190721335,0.360980010419491,0.366253025233352,0.234213938363906,0.0568010099064217,"Signature_5",0.712566318956701,"Signature_5.Signature_13.Signature_17a.Signature_17b.Signature_41c","72.5299770548559_7.56747769447463_3.72710647667465_1.8644339647001_13.9965426533846",-423.328290665315,0.781322702431286,0,0,0,0,0.0242895720624855,0,0.0162623014899158,0,0.00552468998540967,0.00177263186731147,0,0.0289793978216135,0,0,0,0.5,0.999446499364716,0,0.984865360773972,0,0.752303876605371,0.684861306356384,0,0.800767582408065,0,0,0.00138426848873923,2.07837645318578e-98,1.10828652355046e-237,0.998615731511261,0,1.05291053117015e-300,2.19034523678478e-159,1.14516298186388e-126,"Signature_5",0.998615731511261
3,3,0,0,0,1,2,1,1,0,0,0,0,0,0,0,1,1,0,0,0,0,2,0,2,0,0,0,2,0,2,0,2,0,2,5,1,2,1,2,2,3,2,3,3,2,1,1,1,1,0,1,0,1,0,0,0,0,0,0,1,0,0,0,4,0,3,2,1,0,4,0,1,1,0,2,1,1,1,1,0,0,2,0,0,1,0,1,1,0,0,1,0,0,1,2,"SIM-08060",0,0,0,0,0,89,0.0240849886720544,0.724411243647618,3.68482884648498e-14,0.245651350995442,0.000212325371565929,6.3644094672067e-06,5.8593914916005e-21,3.05969658820897e-05,0.00560311630593483,1.86439634484601e-14,0,1.36319802475636e-08,"Signature_3_c2",0.724411243647618,TRUE,0.994147583315151,0.553530732197332,0.502115285429725,0.317706529669306,0.708943909543472,0.288047984148324,0.172333122392383,0.248715370214985,0.0981036058430794,0.11062347871784,0.531850592741955,0.427739520598526,0.500665689303003,0.557097323390931,0.379422636090077,0.328771118554283,0.338769048727853,0.405414301196046,0.585648588344793,0.414830060269864,0.473556145641815,0.0436070181682367,0.123504416872979,"Signature_5",0.708943909543472,"Signature_5.Signature_2.Signature_13.Signature_17b.Signature_41c","67.5689143898886_4.25717523946048_1.15084862844862_0.853008695911065_13.4381699000462",-390.915955368358,0.761915659190496,0,0,0,0,0.0329414970701438,0.005256006168469,0.000411916498868514,0,0,0.000563649354875073,0,0.0312268561123019,0,0,0,0.5,0.982977044652712,0.437186127700934,0.605686462029136,0,0,0.526801313203573,0,0.975308052740499,0,0,1.06624113853072e-10,3.13735441679148e-103,1.38263122226718e-186,0.999999999893376,0,0,8.16648358776784e-144,1.67271346239701e-85,"Signature_5",0.999999999893376
1,1,0,0,1,0,0,0,0,0,0,0,0,0,0,0,0,2,0,0,1,0,0,0,2,0,0,1,0,0,0,1,2,1,0,0,1,1,0,0,1,0,0,1,2,3,1,0,0,0,1,0,0,0,1,0,0,0,0,0,0,0,0,1,3,0,1,1,0,2,0,0,0,0,0,0,0,0,0,0,0,0,1,0,0,0,0,0,0,0,0,0,0,0,0,1,"SIM-08113",0,0,0,0,0,35,0.457296895522734,0.258690747610519,0.0001501851568743,0.280611019588462,0.00143616561156786,0.000174216520861878,0,0.000561520493451449,0.00107050644844451,4.22650402181376e-06,0,4.51654306391679e-06,"Signature_3_c1",0.457296895522734,TRUE,0.996748847878589,0.511904899347431,0.338484013378525,0.11925448725631,0.503078231135537,0.369003238326134,0.192865307276701,0.157131103334434,0.124780232912196,0.0230913578083938,0.518509752057135,0.321583175491622,0.351169876009471,0.498429920371806,0.140234114435321,0.0836928300812365,0.133515852775054,0.136110599718372,0.269138367018257,0.106490868933955,0.356319936665345,0.0137773697520362,0.170436384755959,"Signature_30",0.518509752057135,"Signature_3.Signature_2.Signature_17a.Signature_30.Signature_41c","18.5998169789635_2.7636240269852_0.803068513816836_10.4305325100364_6.88258758389744",-147.267746663114,0.666721034943025,18.5998169789635,0.0400167807598192,0,0,0,0.0139982744213939,0,0,0.00173553999666809,0,0.0346553249475096,0.0385155229136559,0,0.999601314669578,0,0.5,0,0.710180565413371,0,0,0.535663168196115,0,0.779347937541779,0.932491674290377,0,0.531423342256099,0.992695470816395,7.84040283956975e-41,6.78226673951341e-85,0.0073045291836051,0,0,2.28613720978769e-63,3.39757092124931e-37,"Signature_3",0.992695470816395
0,1,1,1,0,0,0,0,0,0,1,0,0,0,0,0,0,0,0,1,0,0,0,0,0,0,0,0,0,0,0,0,0,1,0,1,2,0,0,1,0,0,0,0,0,1,1,0,1,0,1,0,0,0,0,0,0,0,0,0,0,0,1,0,1,0,2,1,1,1,1,0,1,0,0,0,0,0,0,0,0,0,0,0,0,0,0,0,0,0,0,0,0,1,0,0,"SIM-08195",0,0,0,0,0,24,0.0722324321443374,0.497930662327032,7.94852666882169e-06,0.165378322869865,0.0435831839068978,0.00298480838412986,1.95925948431875e-08,0.0102486850978069,0.204517119085378,3.83455439851535e-06,0,0.00311298351089029,"Signature_3_c2",0.497930662327032,TRUE,0.735549365867903,0.384275769034011,0.322255809339733,0.121303996561749,0.497187777315543,0.110327559276504,0.0226766330304031,0.114053877016405,0.134397540559682,0.00887231214538707,0.350670329872996,0.307837994086707,0.29776258951322,0.369625341165893,0.0982397777621847,0.0519354916622507,0.090433779650237,0.232761723698668,0.416201404777494,0.363125642592996,0.146026780489426,0.012176817599583,0.205919083175376,"Signature_5",0.497187777315543,"Signature_3.Signature_5.Signature_17a.Signature_30.Signature_41c","1.48164702045309_15.4929505417974_0.330525202160495_1.47431165477735_3.82565960558968",-105.931837687705,0.528156806300337,1.48164702045309,0.000403016454622263,0,0,0.0251672795827964,0,0,0,0.000695796121887193,0,0.00126769969810747,0.0308219437215622,0,0.448803289489406,0,0.5,0.946369759633554,0,0,0,0.49292813217646,0,0.470407178166314,0.65593720863297,0,0.0617352925188788,5.58596108499854e-06,1.77296733951352e-24,4.21389843722057e-55,0.999994414038915,0,0,4.7798424143605e-45,6.69040700351887e-35,"Signature_5",0.999994414038915
3,0,0,2,1,2,0,0,2,0,0,1,0,1,0,2,2,0,0,0,0,0,0,0,1,0,0,0,2,1,0,1,0,1,0,1,0,2,2,1,2,1,0,0,2,3,2,4,0,3,1,0,0,0,0,0,1,1,0,0,0,0,0,1,3,2,4,2,0,0,1,1,2,1,1,1,0,1,0,1,0,0,0,0,0,0,1,0,0,0,0,0,0,1,1,1,"SIM-08205",0,0,0,0,0,73,0.153190488194192,0.178938402190564,7.04187509741054e-08,0.664334087041629,0.000728916530454842,7.37470640596068e-05,0,0.00116616559338191,0.00156773829841378,4.58634331091351e-08,0,3.38805120342711e-07,"Signature_3_c4",0.664334087041629,TRUE,0.996463047845136,0.57407728828033,0.521373549005872,0.220681351784276,0.637519607787795,0.416888721322107,0.269110903167518,0.398344872647069,0.115583336119707,0.0232865046805419,0.480804485953247,0.315029188225183,0.438599210637927,0.447628805050919,0.235864487058212,0.134712482230883,0.220808626195557,0.443811749513748,0.520144991569343,0.34740152148187,0.238200916942045,0.194947881910561,0.240975887075938,"Signature_5",0.637519607787795,"Signature_3.Signature_5.Signature_2.Signature_18.Signature_41c","17.8450730499918_32.4114667955643_7.92990824495821_6.1021176257247_8.13284123022009",-318.349598732124,0.730606614373081,17.8450730499918,0.00342800220845962,0,0,0.0170192845704138,0.037361131530958,0,0.00514086871788433,0,0,0,0.0140274705987982,0,0.398305298835984,0,0.5,0.972354301482036,0.949500840107462,0,0.515514455020514,0,0,0,0.59600496628358,0,0.24445305547934,0.00306010138800134,2.48521016190522e-62,4.42817350710053e-160,0.996939898611999,0,0,1.73058150079873e-107,2.03171379652564e-84,"Signature_5",0.996939898611999
0,2,0,2,0,1,0,0,0,0,0,1,0,2,0,1,0,0,0,0,1,1,0,0,1,0,0,0,0,0,0,0,0,1,0,1,1,0,0,0,1,2,1,2,1,1,0,2,1,0,0,0,0,0,0,1,1,0,0,0,0,0,0,0,0,1,1,1,0,1,0,0,0,0,0,0,0,1,0,2,0,0,0,0,0,0,0,1,0,0,0,0,1,2,0,0,"SIM-08217",0,0,0,0,0,39,0.17308136711934,0.617576662659412,2.41664832947899e-06,0.16053948522577,0.040899280743884,0.00519896753385675,0,0.00038623347136927,0.00230425568310577,8.14478729517987e-08,0,1.12494670598395e-05,"Signature_3_c2",0.617576662659412,TRUE,0.951199931652852,0.531961503371647,0.485914852853721,0.165712402701699,0.551893648627951,0.283455895876588,0.0901362541258561,0.261457738744128,0.0988354626153507,0.142200243076366,0.430809270836072,0.197043705043228,0.378127893455706,0.475007979288989,0.374751616144112,0.317082818995483,0.234869598313408,0.203771073195436,0.3354399400698,0.136218895376087,0.406541908970986,0.189185562389924,0.0794749332029385,"Signature_5",0.551893648627951,"Signature_3.Signature_5.Signature_2.Signature_17b.Signature_41b","15.6555751608126_15.4164317397004_2.72785045180956_1.00897114819077_4.10806638425952",-172.684753333631,0.608171896709423,15.6555751608126,0.0114745047427446,0,0,0.00647684714315788,0.00784153087844297,0,0,0,0.00466529736748644,0,0,0.00180511820953866,0.514443400960153,0,0.5,0.604494541535358,0.537408286944128,0,0,0,0.551461318579514,0,0,0.533845859425966,0.401425004123401,0.999430408065473,7.00083177650948e-33,3.95802615606683e-94,0.000569591934526544,0,0,2.30172104265338e-58,2.8471496695529e-45,"Signature_3",0.999430408065473
1,1,0,0,0,0,0,1,1,0,0,0,1,1,1,0,0,0,1,0,1,0,0,0,0,0,0,2,0,1,0,0,2,0,0,0,1,2,0,1,0,0,1,2,0,0,0,1,0,1,1,0,0,0,1,0,1,0,0,0,1,0,2,2,2,1,1,0,2,0,1,0,0,1,0,0,1,0,0,0,0,1,1,0,0,0,1,0,1,0,0,0,0,0,1,1,"SIM-08231",0,0,0,0,0,46,0.0610591302933162,0.875997801056789,1.10633771713011e-09,0.0625907597164927,0.000248037927682827,1.98020961540366e-06,8.22512581191455e-15,1.59280614527121e-06,0.000100515826997218,3.51797527356078e-12,0,1.81053097742979e-07,"Signature_3_c2",0.875997801056789,TRUE,0.999647692172935,0.513895464667918,0.45536873349011,0.145095256187704,0.55494528570288,0.0826593215711911,0.0668864374062844,0.252583068391902,0.0565518250613437,0.0272251779604297,0.329746436348123,0.365200294135625,0.504277122914156,0.364029674862435,0.248664638339622,0.209404617240014,0.249884217860486,0.188825101382494,0.356312917905866,0.222983219116287,0.314595746909824,0.0547150168006789,0.0425812542708098,"Signature_5",0.55494528570288,"Signature_3.Signature_5.Signature_41c.Signature_41b","14.9887575556403_15.4126840574842_4.16538388850525_7.9178217028283",-209.001170144949,0.621277132555612,14.9887575556403,0.0157214951042146,0,0,0.0115074773376224,0,0,0,0,0,0,0.00814227202274109,0.00782964911222583,0.793691908385261,0,0,0.749039101412298,0,0,0,0,0,0,0.482322554832797,0.795465500795974,0.325842555557397,0.865796485368362,5.08414901902351e-30,1.8728756636264e-111,0.134203514631638,0,0,2.5438949101266e-76,1.6651993732915e-65,"Signature_3",0.865796485368362
0,0,0,0,1,1,0,0,1,0,0,1,0,0,0,0,1,0,0,0,1,1,0,1,0,0,0,0,0,2,0,0,4,0,0,3,1,0,1,3,2,2,0,1,1,0,0,0,1,0,0,1,0,0,0,0,0,0,0,0,1,0,0,0,1,0,2,3,1,0,1,0,0,1,0,1,0,1,1,0,0,0,0,0,0,0,0,0,0,0,0,0,0,0,0,0,"SIM-08247",0,0,0,0,0,43,0.0887723295317399,0.730904480976163,1.73828327169252e-08,0.138861138781614,0.00129632853950313,6.09630663004066e-07,0,0.000753577928562079,0.0393776529292389,5.97156656187081e-09,0,3.38583281168433e-05,"Signature_3_c2",0.730904480976163,TRUE,0.95853796667235,0.526492672568214,0.398792327749853,0.154555751506009,0.577992578785342,0.122816370338246,0.0842065263106267,0.236892164001323,0.0482110968114874,0.00439216037255516,0.424180910046802,0.357640374176781,0.357762191801727,0.548186687314641,0.242853417497026,0.179405425800072,0.282831713812932,0.309563676238465,0.393969141467026,0.278097510674873,0.566697891593645,0.0218008457034419,0.0177006333570461,"Signature_5",0.577992578785342,"Signature_3.Signature_5.Signature_30.Signature_41c","19.2231781103212_15.3547752930866_6.01668889310716_8.11099487515208",-181.163065514031,0.634267039121753,19.2231781103212,0.0197861741925727,0,0,0.00774596544471851,0,0,0,0,0,0.00677071641182048,0.0397350905478981,0,0.595151238362652,0,0,0.649550539743497,0,0,0,0,0,0.645336192662533,0.980600538178404,0,0.4470506537284,0.0103863770946196,1.72803092963036e-45,3.42628651806534e-93,0.98961362290538,0,0,5.43593722053838e-73,6.13699313246077e-40,"Signature_5",0.98961362290538
3,1,0,0,0,0,0,0,0,1,0,0,0,1,0,0,1,1,1,1,1,0,0,0,0,0,0,1,0,1,0,5,5,2,0,2,0,1,2,1,0,4,1,1,0,2,2,0,0,0,1,0,0,0,0,0,1,0,0,0,0,0,0,1,6,0,3,2,0,0,0,0,0,2,0,1,0,1,0,4,0,0,0,0,0,0,0,0,0,0,1,0,0,0,2,0,"SIM-08320",0,0,0,0,0,66,0.192460875541284,0.433551739200179,6.11295736830011e-10,0.371007896848338,3.59288164121433e-05,4.34135344176414e-10,0,5.95129584131008e-05,0.00288392378451546,2.49036916243692e-10,0,1.21556390582003e-07,"Signature_3_c2",0.433551739200179,TRUE,0.997020512201096,0.510657932855563,0.363077880281923,0.238633814487929,0.558045245527938,0.134608556211948,0.300129167817028,0.157575608091519,0.0251562214722427,0.00545277544673258,0.415896192645711,0.476181382689767,0.471547058295044,0.441936869639859,0.25885756272774,0.243429911439519,0.204104332801617,0.33284557257788,0.415386523274457,0.212190695312043,0.322430040959186,0.0284260964393168,0.173758734289023,"Signature_5",0.558045245527938,"Signature_3.Signature_5.Signature_13.Signature_30.Signature_41c","17.2722110061638_20.7859464709809_6.34955627252508_10.5999767231582_19.682343132016",-276.445879801087,0.700518936507385,17.2722110061638,0.00514948650618818,0,0,0.00323584266984922,0,0.0224429947959369,0,0,0,0.00804209546923318,0.0693097304732213,0,0.771031925982871,0,0.5,0.519396974771497,0,0.834471991720355,0,0,0,0.804271067337362,0.997378519074523,0,0.261700166760057,3.76310867937793e-07,6.48898546499669e-82,6.75389876980852e-130,0.999999623689132,0,0,7.38956515595745e-118,1.69748307093229e-77,"Signature_5",0.999999623689132
1,1,0,1,2,0,1,3,1,0,1,0,0,1,0,2,3,3,0,1,0,0,0,3,1,0,1,0,0,1,0,1,2,0,0,1,1,4,1,4,0,0,0,1,0,4,0,0,0,0,2,0,0,2,1,0,0,2,0,1,0,1,0,0,5,0,2,4,2,0,1,3,0,0,2,3,1,1,2,0,0,0,1,0,1,1,0,0,0,0,0,0,1,0,0,1,"SIM-08338",0,0,0,0,0,86,0.012831001455128,0.974237597573225,2.51586657957501e-17,0.0129307104420375,1.59438231749199e-07,6.08077187169782e-10,1.81202625885578e-25,9.34015544334333e-11,5.30388965024453e-07,2.64687797200434e-21,0,9.33743377201446e-13,"Signature_3_c2",0.974237597573225,TRUE,0.999999309470391,0.606699003731177,0.493189967140069,0.118385178880726,0.626433893220392,0.0948355777066683,0.0969004603374015,0.309119747728862,0.22884399805535,0.0260814507294311,0.393174605862561,0.389104443578941,0.43145899599357,0.415587976244282,0.216418574403857,0.0812897756499111,0.306343709585124,0.319905893730699,0.421737806931349,0.283267683156564,0.212467421945466,0.15644173458311,0.0416915771902113,"Signature_5",0.626433893220392,"Signature_3.Signature_5.Signature_17a.Signature_30.Signature_41c","40.7430049881508_27.2232968011827_2.83248844416567_3.76731551479356_13.8059583843634",-380.525386217777,0.70057443015473,40.7430049881508,0.0295840826650405,0,0,0.00601302238896595,0,0,0,0.0051519320179032,0,0.000856055228112718,0.0364109784761808,0,0.932559671411126,0,0.5,0.811065305959661,0,0,0,0.590165413782219,0,0.448655882993117,0.9630725530368,0,0.473755871955242,0.999999998043444,4.87394372751289e-78,1.31555159585964e-234,1.9565557068172e-09,0,0,2.0019664790442e-146,3.45608479696458e-145,"Signature_3",0.999999998043444
2,0,0,0,1,0,0,0,2,2,0,1,1,1,0,4,0,0,0,1,0,0,0,2,1,0,0,1,3,1,0,2,4,2,0,1,2,3,3,3,3,0,0,1,1,2,1,2,0,0,0,0,0,0,2,1,0,0,1,0,0,0,1,1,3,1,3,4,1,2,1,1,1,3,0,0,1,0,2,2,1,0,0,1,0,1,1,1,1,0,1,0,1,0,3,2,"SIM-08352",0,0,0,0,0,97,0.226095137159532,0.532492552448385,5.32499937476921e-13,0.241359183881316,2.30453560218112e-06,5.00759001511008e-05,6.43995210441841e-20,1.94088835773328e-08,7.26663687226009e-07,1.18779645132202e-15,0,1.90850833050967e-12,"Signature_3_c2",0.532492552448385,TRUE,0.999946873489766,0.674203406603047,0.53536223800879,0.225256936364675,0.709855221909583,0.235809936904491,0.301230095308073,0.401212282017028,0.178886976437184,0.108373615156232,0.517836179695153,0.387000733596834,0.463336905924456,0.513785398543554,0.250343942939238,0.129929692738596,0.187194497236667,0.354604081065219,0.450862847848656,0.296578218170417,0.393135348467729,0.300229052505845,0.130169540356113,"Signature_5",0.709855221909583,"Signature_3.Signature_5.Signature_13.Signature_30.Signature_41c","34.7089073570406_36.2896571742157_4.81562742795886_9.42508991501859_12.9788092531167",-426.560358639861,0.782822907137725,34.7089073570406,0.0106273918229354,0,0,0.00392436745632652,0,0.00685838547650541,0,0,0,0.0030676788158831,0.0284287556322843,0,0.727487270363413,0,0.5,0.722819738544913,0,0.841630973654312,0,0,0,0.661448768994528,0.981573698526577,0,0.357823787185986,0.999553452627499,8.84277454602497e-98,2.38392487227773e-220,0.000446547372500983,0,0,5.89472352176709e-156,1.47968653783032e-119,"Signature_3",0.999553452627499
0,3,1,0,0,1,0,0,0,1,1,0,2,2,0,0,0,1,1,0,1,1,0,0,0,0,0,0,0,2,0,1,2,2,0,0,1,1,1,1,3,4,0,5,5,1,2,3,0,1,0,0,1,0,1,1,0,0,0,0,0,0,0,2,4,2,4,1,1,1,1,1,1,1,5,0,1,1,0,0,0,1,2,0,1,0,3,1,0,0,0,1,2,2,1,2,"SIM-08362",0,0,0,0,0,95,0.190611505750758,0.46443210810284,4.98153175833263e-12,0.343764998718606,8.60049527959435e-06,0.00115968712058866,1.28458454432753e-15,3.15514497562187e-07,2.27842869849074e-05,8.13642402111978e-15,0,5.45420452959241e-12,"Signature_3_c2",0.46443210810284,TRUE,0.998808612577186,0.555180737019704,0.404024085493346,0.175998008209723,0.642521282966922,0.430080420625151,0.200778191663234,0.18534943438305,0.130309179423661,0.107392232399293,0.516105706282673,0.297910192324419,0.379658258916548,0.550364187588296,0.255621134514434,0.228215854937888,0.236518499468651,0.450635478752226,0.51714041147911,0.37526518912594,0.498017100604597,0.0546611014667378,0.18936976168418,"Signature_5",0.642521282966922,"Signature_3.Signature_5.Signature_2.Signature_17b.Signature_41c","18.3492041891868_51.9168359084844_10.5098816862781_1.04183007974557_8.23755258183514",-423.209695982889,0.72572108829284,18.3492041891868,0.00557927339172337,0,0,0.027460356911742,0.047621464887479,0,0,0,0.00117179764142561,0,0.0126928338143839,0,0.523468068821068,0,0.5,0.997211014850282,0.971767015443919,0,0,0,0.585578064242778,0,0.702951348283153,0,0.193149517780914,2.84767469395552e-05,1.01319603331987e-107,6.15123917000494e-225,0.99997152325306,0,0,3.36639746460509e-165,3.17553774204698e-98,"Signature_5",0.99997152325306
0,0,0,1,0,2,0,3,2,0,0,0,0,2,0,0,0,0,1,0,0,1,1,3,1,0,0,0,1,2,0,0,3,0,0,1,2,3,1,3,1,1,1,0,1,3,0,6,1,0,0,1,0,0,2,0,1,0,0,1,0,0,0,0,5,5,2,2,1,2,2,1,1,1,0,1,2,0,2,0,1,0,0,1,0,1,1,0,0,0,0,0,1,0,2,0,"SIM-08392",0,0,0,0,0,86,0.298701430991875,0.440670160784737,2.29475631268721e-12,0.260620745041541,1.20769753349599e-06,1.33095290947792e-06,0,1.24786220551086e-07,4.99973909403186e-06,2.46739102434044e-14,0,3.77075798124621e-12,"Signature_3_c2",0.440670160784737,TRUE,0.999992336820447,0.571700019038431,0.453224260104028,0.16333287766805,0.621413263302215,0.30995981427769,0.137220713040183,0.250909479556724,0.1761691933655,0.0219988256899513,0.491252352802041,0.416485781446618,0.456179240245635,0.49053214863392,0.279555330860114,0.163948558312196,0.365242594799737,0.289549361518012,0.467367222043085,0.285551002911515,0.281127144000394,0.0401869820800125,0.0719717393768731,"Signature_5",0.621413263302215,"Signature_3.Signature_2.Signature_17a.Signature_30.Signature_41c","44.0887206574761_3.52212113147047_2.75258114096046_18.0160818843024_18.2431979687697",-374.953369360525,0.71654473534314,44.0887206574761,0.0187177265974285,0,0,0,0.00545119559090024,0,0,0.000179057406717864,0,0.00389372531138454,0.0446211695620944,0,0.947823821752517,0,0.5,0,0.691698578621434,0,0,0.578657394556277,0,0.64506278009888,0.998208316468925,0,0.512659542528792,0.0410524255795769,2.47415961263052e-85,3.59701438722551e-202,0.958947574420423,0,0,1.4953639508332e-148,2.74494485015664e-94,"Signature_5",0.958947574420423
0,2,0,0,0,1,0,1,2,1,0,1,0,0,0,4,0,1,0,1,2,0,0,2,0,0,0,0,1,0,1,1,2,1,0,0,4,2,1,1,3,4,0,1,0,0,0,1,2,0,1,1,1,0,2,0,0,2,1,1,2,0,1,1,4,0,1,5,0,2,3,0,1,1,3,2,1,2,0,1,0,1,2,2,0,0,0,0,0,0,0,0,1,0,1,2,"SIM-08414",0,0,0,0,0,91,0.00305589123787241,0.986082354154976,2.22654995014772e-18,0.010851191151095,7.31625572895904e-07,2.58028452927042e-07,8.26994725273793e-24,1.33203398970053e-09,9.57246451634199e-06,6.95840940041001e-21,0,5.48000786884488e-12,"Signature_3_c2",0.986082354154976,TRUE,0.999989436543944,0.587179693955471,0.480060595674438,0.138890503714828,0.65139566763417,0.0794828395974858,0.12777829160688,0.318129063559528,0.140251684799671,0.0378729413087352,0.42387874260549,0.445743264700689,0.48589642940947,0.46244168886174,0.263795104694216,0.196106724348766,0.284285390041331,0.441419448696535,0.501625877461217,0.349205761917919,0.364266613996015,0.300822530218977,0.0533297829605434,"Signature_5",0.65139566763417,"Signature_3.Signature_5.Signature_18.Signature_30.Signature_41c","29.5361188853491_38.5739450981888_1.07663377371471_3.46833576606352_16.35550362646",-405.014093076099,0.721847270780325,29.5361188853491,0.0141432581211941,0,0,0.0136076481520253,0,0,0.000130766011564809,0,0,0.00072595152530619,0.0440011981843798,0,0.682779359078841,0,0.5,0.921860409478004,0,0,0.496540913742967,0,0,0.49072353303952,0.989414299160823,0,0.324572735003836,0.999721484614328,1.75249560453689e-82,1.90282347663439e-219,0.00027851538567157,0,4.58311747933952e-296,5.26911452404329e-149,8.26055571617929e-129,"Signature_3",0.999721484614328
1,0,0,0,1,2,0,0,1,1,0,0,1,0,0,3,1,0,0,0,0,2,1,0,0,0,0,1,1,1,0,3,3,0,1,2,0,1,1,1,3,1,2,0,1,3,2,0,0,1,0,0,0,0,0,0,0,0,0,0,2,2,0,1,7,0,2,5,3,1,2,0,1,1,3,0,0,0,0,2,1,0,0,1,0,0,0,0,0,0,0,0,0,0,0,1,"SIM-08427",0,0,0,0,0,77,0.0471892565663954,0.279736442995264,1.59695509615664e-11,0.653755772303506,0.00012669221622088,1.9446463313145e-06,0,0.000274760030004484,0.018914755393363,5.54675450650454e-11,0,3.75777477804333e-07,"Signature_3_c4",0.653755772303506,TRUE,0.980681471881135,0.51960929067967,0.46316753368085,0.272682551309039,0.615550209429068,0.193678711737661,0.266193738863075,0.300373969398227,0.0890511519285731,0.0213645051185417,0.378523806420557,0.550435386879536,0.508899820648173,0.363049611489322,0.291628354279701,0.245810696236908,0.238358491282309,0.367718567658548,0.529875365445623,0.34158156000016,0.312474146418405,0.242757859094972,0.184646556444584,"Signature_5",0.615550209429068,"Signature_3.Signature_5.Signature_13.Signature_18.Signature_41c","2.08524032786502_48.4915001419411_6.38569526235643_3.27704616111442_22.5051637247776",-324.333977490087,0.756301901167672,2.08524032786502,6.51966147889871e-05,0,0,0.0219314930037071,0,0.0171116896223141,0.00122757949317376,0,0,0,0.0887405204344226,0,0.492413863254747,0,0.5,0.986439156632728,0,0.947042448648504,0.569863449534558,0,0,0,0.999864039543999,0,0.0270810432190263,1.59654700361285e-11,3.92186311270601e-85,8.19250138174236e-155,0.999999999984035,0,0,6.97801950605878e-130,4.5542647782819e-116,"Signature_5",0.999999999984035
0,1,0,0,0,1,0,0,0,1,0,0,1,1,1,2,1,0,0,0,1,0,0,1,1,1,0,1,2,0,0,0,4,4,0,1,3,4,2,3,0,2,0,3,1,0,0,0,0,1,0,0,0,0,2,1,0,1,1,0,0,1,0,0,3,0,3,5,5,2,1,4,1,0,2,2,1,0,4,0,0,0,0,0,0,0,1,1,0,0,0,0,0,0,0,0,"SIM-08434",0,0,0,0,0,85,0.0127764841617559,0.884150144740444,6.88517563887857e-16,0.10041602646511,6.25889444780475e-05,1.2666009230593e-05,2.63689419626399e-20,2.60787115621579e-07,0.0025818281050177,1.26516347807063e-17,0,7.8684751189161e-10,"Signature_3_c2",0.884150144740444,TRUE,0.99734265536731,0.533244258455442,0.416832800397222,0.166350967330532,0.657704205083696,0.100786366544479,0.124657168384623,0.187851458350694,0.331961913632111,0.0816716684173307,0.470485139837914,0.383340076883047,0.415707333668386,0.53459521683782,0.211699382655758,0.144733265955683,0.213927710230682,0.406339446155134,0.496636508597067,0.352259380775342,0.362926100725188,0.15481175421526,0.0302720911220216,"Signature_5",0.657704205083696,"Signature_3.Signature_5.Signature_17a.Signature_30.Signature_41c","14.9390862529551_39.0695364440764_7.07455191584048_11.934732720314_14.513292846264",-363.551499629887,0.721719171081843,14.9390862529551,0.00228961170095832,0,0,0.014111785465254,0,0,0,0.028703630188157,0,0.00705978401614227,0.0385332386807498,0,0.253009536490431,0,0.5,0.959306058254763,0,0,0,0.915042792120526,0,0.464929785816794,0.987100896549245,0,0.175753955917119,1.02356518073397e-05,6.14855181241916e-89,3.8386686835094e-208,0.999989764348193,0,0,2.36241061121747e-166,3.37630384798121e-111,"Signature_5",0.999989764348193
0,0,0,0,0,0,0,0,1,0,0,0,0,0,0,1,0,0,0,0,0,0,0,1,0,0,0,0,0,0,0,1,1,0,1,1,0,0,0,0,0,0,1,1,0,1,0,2,1,0,0,0,0,0,0,1,0,0,1,0,0,0,0,0,2,1,1,1,0,0,0,1,1,0,0,1,2,0,0,1,0,0,0,0,0,1,1,1,0,0,0,0,0,0,0,0,"SIM-08456",0,0,0,0,0,29,0.0724368013548915,0.240558665957171,1.25481428654779e-05,0.268236840114859,0.0588040761127111,0.304764144441192,0.000119656671740636,0.00667375729025376,0.0480623029991793,2.7831284028542e-05,0,0.000303375631107785,"Signature_17_c1",0.304764144441192,TRUE,0.581244855569787,0.416075826009908,0.404815136044143,0.250652596675338,0.53166984435914,0.223286698821054,0.166268364300183,0.236014498395908,0.187004721236615,0.193680000885435,0.294399661256557,0.555247027908538,0.462265032300375,0.268855664019264,0.280777878440603,0.235128673210566,0.12837554011724,0.316783696912651,0.47933218508931,0.184993912571216,0.244375982503401,0.205253176638113,0.0824869032360443,"Signature_41c",0.555247027908538,"Signature_5.Signature_2.Signature_17a.Signature_17b.Signature_41c","15.8469063239052_1.79262721219865_1.0736031317457_1.33579148539191_10.0163080181426",-120.65166489233,0.70814461386449,0,0,0,0,0.0166348114335092,0.00358713597402704,0,0,0.0015695196030866,0.0104035541429851,0,0.113550786552669,0,0,0,0.5,0.787913904537036,0.651625077080351,0,0,0.550710496531948,0.777939272253871,0,0.995445042160888,0,0,4.0127686752626e-05,6.70955501095231e-28,3.19323415129911e-66,0.999959872313247,0,0,2.59976392133898e-55,4.29487709333674e-41,"Signature_5",0.999959872313247
1,0,0,0,1,0,0,2,1,1,2,0,1,1,0,2,3,0,1,1,1,4,1,0,0,0,0,1,0,1,2,3,3,3,1,3,2,3,5,1,3,3,3,1,2,0,3,1,0,0,0,0,0,0,2,0,0,1,0,1,1,0,1,1,2,0,1,1,2,1,3,2,3,0,2,1,3,2,0,0,0,0,1,0,0,0,0,0,0,0,0,0,0,1,2,2,"SIM-08474",0,0,0,0,0,103,0.028374483996193,0.758648320742238,8.05094903945398e-16,0.21235580516132,4.48552314230499e-05,1.3547475715467e-09,0,1.93932845953449e-06,0.0005745892765032,2.65365599257209e-16,0,4.90911469848918e-09,"Signature_3_c2",0.758648320742238,TRUE,0.999378609899752,0.640162742278243,0.53376209661403,0.456815423434369,0.788403892994464,0.245795950981437,0.23281960914871,0.362922740506628,0.21141534600736,0.0312318982560252,0.568955732950099,0.323955378735819,0.467333764332654,0.522736574919065,0.47494674075736,0.365898356466335,0.38082189207213,0.537827285001029,0.630609438742285,0.396160185152818,0.417624216819247,0.17716840155017,0.241821610938488,"Signature_5",0.788403892994464,"Signature_5.Signature_2.Signature_13.Signature_17a.Signature_41c","89.7395295496899_1.22553025411012_4.27131815817125_0.83069389046163_6.66242442270118",-448.785008267067,0.806260796897835,0,0,0,0,0.0244705767772829,0.000148715351641293,0.00527121105354145,0,0.000223150481791667,0,0,0.00734415426612711,0,0,0,0.5,0.990907738494734,0.504750288286985,0.697721486515781,0,0.495147617070288,0,0,0.753505987767072,0,0,7.26379717797559e-10,1.6543920659789e-120,7.68850097134608e-198,0.99999999927362,0,0,2.34415267648793e-157,2.2423137062841e-115,"Signature_5",0.99999999927362
0,0,0,0,0,3,0,0,1,1,0,0,1,0,0,0,1,0,0,2,0,0,1,0,0,0,0,0,4,0,0,0,4,1,0,0,2,1,0,3,3,1,0,2,2,0,0,3,0,2,0,0,0,0,0,0,0,0,1,1,0,0,1,2,3,1,1,2,1,1,2,1,1,0,0,1,0,1,1,3,0,1,1,0,1,0,0,0,0,0,0,0,2,1,0,0,"SIM-08518",0,0,0,0,0,68,0.364087696866418,0.238823511486927,1.44817123983078e-08,0.397014167937047,3.5596780800509e-06,5.57886402570333e-05,0,3.45653475147826e-06,1.18040596547884e-05,1.73541673382776e-10,0,1.41610694870408e-10,"Signature_3_c4",0.397014167937047,TRUE,0.999925390772104,0.519935707020046,0.388558455846554,0.0984013119603991,0.548712469242301,0.298871800677158,0.276998505868883,0.162351222386339,0.170385246266285,0.0105553690041568,0.438153095879766,0.407978079006206,0.476830867189568,0.518849282213878,0.178009823697606,0.128010268307406,0.282384813791832,0.275357384872104,0.393225848509068,0.233544424685417,0.511538292102508,0.0337058166944346,0.0440171216967654,"Signature_5",0.548712469242301,"Signature_3.Signature_13.Signature_17a.Signature_30.Signature_41c","25.9981167471128_4.19964326306102_2.62607876279887_16.1362762336557_15.379573492662",-300.51496765041,0.672053993836573,25.9981167471128,0.0125592519783191,0,0,0,0,0.00522573352342648,0,0.00438184581118128,0,0.00790001568812615,0.0381378625857387,0,0.854424515568582,0,0.5,0,0,0.821246944903956,0,0.774876458197729,0,0.777848633963383,0.919001860594913,0,0.382325246281071,0.999704627672294,3.33070224977971e-71,3.09457642551832e-154,0.000295372327705534,0,0,3.51279651860811e-131,7.72981903027354e-78,"Signature_3",0.999704627672294
0,2,0,1,2,1,0,0,0,1,0,1,0,0,0,0,0,0,0,0,0,2,0,0,0,0,0,0,0,1,0,0,0,0,0,0,1,0,0,2,0,1,0,4,0,0,0,2,3,0,0,0,0,0,0,1,0,1,0,0,0,1,1,0,2,2,0,0,0,0,0,0,1,0,2,0,1,0,0,1,0,0,1,0,1,0,1,0,0,0,2,0,0,0,0,0,"SIM-08590",0,0,0,0,0,42,0.0538010587806171,0.904547729027704,6.15522505272815e-09,0.0413942001374117,0.000216426293753885,1.35571630594084e-06,0,1.12203961271424e-06,3.80182966689763e-05,1.81793460717989e-11,0,8.35345211586663e-08,"Signature_3_c2",0.904547729027704,TRUE,0.999742994100958,0.482289167715539,0.431185083009749,0.0698859507756978,0.446048593025821,0.117545922745623,0.0453752176951918,0.216586213748546,0.0339586794512613,0.00849474212868681,0.233799729595239,0.306658727500212,0.306891449528986,0.327446775790221,0.191471802886916,0.158833234286549,0.181009114215367,0.2899518216576,0.31273009847676,0.13820664110303,0.336418206959134,0.0338597087663942,0.0536438841453668,"Signature_3",0.482289167715539,"Signature_3.Signature_8.Signature_5.Signature_2.Signature_41c","22.8417800707525_6.75160716926331_4.57589829923846_0.439191045156855_6.96443268629433",-187.442429999879,0.538663779881518,22.8417800707525,0.0298747160416943,0.00379336374428507,0,0.00118524101928641,0.000435504478672799,0,0,0,0,0,0.036482241066003,0,0.767987402619655,0.542073306109795,0,0.570020288216239,0.509724854128369,0,0,0,0,0,0.946969842777267,0,0.543851906446488,0.999999961291585,4.83772431717781e-25,2.48949028461118e-116,3.87084150905423e-08,0,6.89759214258095e-149,5.84540277497847e-70,1.17733014515323e-61,"Signature_3",0.999999961291585
0,1,0,0,2,0,0,0,0,0,0,1,0,0,0,0,0,1,0,0,0,0,0,0,0,0,0,1,0,1,0,0,0,0,0,0,3,0,1,0,1,0,0,0,0,0,1,0,0,0,0,0,0,0,0,0,0,0,0,0,0,0,0,1,1,0,3,0,1,0,0,0,0,1,1,0,1,0,1,0,0,0,0,0,0,0,0,0,0,0,0,0,0,0,1,1,"SIM-08594",0,0,0,0,0,25,0.130451087931129,0.564782216235451,1.01944203198675e-05,0.175291824816378,0.0134874011091156,0.00351630120690338,7.11438091726841e-08,0.00826321709172906,0.0996381741144891,6.23596243684942e-06,0,0.0045532759682399,"Signature_3_c2",0.564782216235451,TRUE,0.870535323403277,0.410485352060322,0.321681014790386,0.184145746546653,0.47004319153595,0.0668528506194769,0.0472489670400657,0.268516785832643,0.018110307260878,0.0247972962081702,0.285090772224625,0.283409971433205,0.284819480059839,0.265548296131523,0.13812166608632,0.0867113693715865,0.142515218900673,0.310467403297478,0.363678090162019,0.384673134000881,0.173458364516094,0.015242192764124,0.173373368949696,"Signature_5",0.47004319153595,"Signature_3.Signature_5.Signature_18.Signature_41c","6.26599571992439_14.9264132761485_1.62543917314998_4.08877462187407",-107.382838458346,0.504773984345686,6.26599571992439,0.00559525906258884,-2.22044604925031e-16,0,0.0183822516195978,0,0,0.00240458758967599,0,0,0,0.0274681002747018,0,0.523915918228331,0,0.5,0.793442332961996,0,0,0.539154918233935,0,0,0,0.835907307676057,0,0.250639828796975,0.0493714399501125,3.22123113857736e-30,6.85327144634401e-54,0.950628560049887,0,0,3.803479196268e-41,3.48139935237711e-38,"Signature_5",0.950628560049887
1,1,0,0,0,0,1,1,1,1,0,2,1,1,0,1,1,1,0,2,0,2,1,0,0,0,0,0,0,0,1,2,1,5,1,2,1,2,2,1,0,2,4,1,4,0,1,3,0,1,1,0,0,0,1,0,0,0,0,0,0,0,0,1,3,0,3,4,1,3,3,2,1,0,1,0,0,1,1,2,1,0,0,0,0,0,0,0,0,0,1,0,1,1,1,1,"SIM-08606",0,0,0,0,0,86,0.0553144164375819,0.355428654546223,3.84681674627607e-12,0.579257070011181,0.000324415533482911,0.000268738731233075,6.88534136812123e-20,0.000409877881487254,0.00899650283735312,9.68472714203558e-12,0,3.24007925930637e-07,"Signature_3_c4",0.579257070011181,TRUE,0.990000140998833,0.566873283466907,0.533822161880846,0.378523510477732,0.734735208745774,0.395702506442022,0.222788501587148,0.338582870070898,0.290807135362488,0.0258805763289358,0.528869642597944,0.342381222703716,0.498176947702056,0.470917595055392,0.477429763963329,0.409729808744621,0.283851011544395,0.36446773996064,0.608969453769241,0.450247279242311,0.267032891681663,0.133046792970202,0.132875891995237,"Signature_5",0.734735208745774,"Signature_5.Signature_2.Signature_13.Signature_17a.Signature_41c","65.5945559037714_7.45511531928401_1.43432595524182_4.04988227372844_8.49180672433025",-369.700159036105,0.79809245898008,0,0,0,0,0.0511308677828852,0.028043964085909,0.00100118390541859,0,0.0108235802669492,0,0,0.0115931573661344,0,0,0,0.5,0.999764602796263,0.915162687922073,0.50565778297991,0,0.707863017508023,0,0,0.823086431133487,0,0,3.22287599020919e-15,1.18859434292014e-91,1.29689884379238e-168,0.999999999999997,0,0,1.18227685569869e-137,1.18971434690393e-96,"Signature_5",0.999999999999997
0,1,1,2,1,0,0,0,1,0,0,0,1,2,0,0,0,0,0,3,1,0,0,1,0,0,1,1,0,1,0,0,1,1,0,2,2,3,0,0,1,2,1,0,2,1,1,2,0,0,0,0,0,3,0,0,0,0,0,0,0,0,1,0,1,1,4,4,1,0,2,0,0,0,2,1,1,1,0,4,0,0,0,1,0,1,0,0,0,0,1,0,0,0,0,1,"SIM-08756",0,0,0,0,0,66,0.0775175514783909,0.764227124859651,9.78827996192246e-11,0.157540740838227,2.36300505551778e-05,5.25024094925465e-05,0,6.8138034338638e-06,0.000631627429194845,2.18220744195579e-12,0,9.03098901591822e-09,"Signature_3_c2",0.764227124859651,TRUE,0.999285417274152,0.537022927280407,0.414045293977892,0.159731475160541,0.603674608024733,0.277371118339308,0.107660449486741,0.23700178882615,0.0937089108071853,0.0290188060482573,0.459800266472535,0.39361950578884,0.441551515874575,0.470019829944538,0.219586221342693,0.197783291360316,0.182757987855917,0.313494972916178,0.47184822627211,0.405701161401535,0.255061221692152,0.0474276572322323,0.12553567244007,"Signature_5",0.603674608024733,"Signature_3.Signature_5.Signature_2.Signature_30.Signature_41c","21.1756159712699_25.2210197222308_3.2405212577513_5.1510357352982_11.8031510471573",-287.985896466024,0.677619157213667,21.1756159712699,0.0127138775699277,0,0,0.0105663556583693,0.00796758361103589,0,0,0,0,0.00201173195634374,0.0373369918937367,0,0.829175240151064,0,0,0.844550692154617,0.676677467995928,0,0,0,0,0.555796246166851,0.982804123122426,0,0.320842666231363,0.0401571633945681,1.61562087714261e-65,9.05947253589991e-152,0.959842836605432,0,0,2.24384741095233e-109,1.07892463577332e-83,"Signature_5",0.959842836605432
1,1,0,0,0,0,0,0,2,0,0,1,0,1,0,0,0,0,0,2,0,1,0,1,1,0,0,1,0,1,0,2,3,1,0,0,0,1,0,2,2,3,0,1,1,1,2,2,2,0,0,1,0,1,2,0,1,1,0,0,0,0,1,0,3,2,1,4,0,1,0,1,2,2,2,0,1,0,0,0,0,0,2,0,0,0,0,0,0,0,1,0,1,0,0,1,"SIM-08790",0,0,0,0,0,67,0.0902362382255504,0.804114285087654,7.87826301730996e-11,0.105603223313771,5.54246378086629e-06,1.80239740509486e-07,0,6.20603227760572e-07,3.99084127969844e-05,7.06165797398038e-13,0,1.57398949677609e-09,"Signature_3_c2",0.804114285087654,TRUE,0.999953746705758,0.59458557220716,0.430715984117671,0.151149237180144,0.609711144829709,0.25759926283575,0.205191091649068,0.250607516035754,0.153204712865323,0.0205602929927626,0.449460274656207,0.421479165471518,0.396778112359532,0.478423886688974,0.224687405163492,0.198824445764305,0.181017880618139,0.436657002435213,0.481408144487289,0.181399092396578,0.400090975385385,0.0326618787826335,0.224911148432083,"Signature_5",0.609711144829709,"Signature_3.Signature_5.Signature_2.Signature_30.Signature_41c","33.5541643428903_12.3839993039855_2.17910817626616_6.73668609856449_12.7903854057376",-294.441352431187,0.709874781681982,33.5541643428903,0.0282939286547987,0,0,0.000871868749280691,0.00264022124199204,0,0,0,0,0.00349097478713423,0.056319833246172,0,0.862752861587468,0,0,0.558846096817756,0.604277607684538,0,0,0,0,0.547425589603256,0.992593263106283,0,0.500808423028213,0.801392606183753,5.08735422359815e-67,5.30791707820856e-154,0.198607393816247,0,0,1.3433365298085e-116,2.50181369347461e-77,"Signature_3",0.801392606183753
1,0,0,0,0,1,0,0,0,0,0,0,1,0,0,1,2,0,0,0,1,0,0,1,0,0,0,0,1,0,0,0,0,1,0,0,0,0,0,0,0,0,0,1,0,1,0,0,0,0,0,0,1,0,0,0,0,0,0,0,0,0,0,1,0,1,1,1,0,0,1,0,0,0,0,0,0,1,0,0,0,0,0,1,1,0,0,0,0,0,0,0,0,0,0,0,"SIM-08834",0,0,0,0,0,21,0.383601403110979,0.394447094945708,0.000668469610729271,0.214726528288526,0.00237975360026289,0.00312472739559033,0,0.000290000552059609,0.000711660788318676,8.34803955703987e-06,0,4.20136682694037e-05,"Signature_3_c2",0.394447094945708,TRUE,0.993443495955942,0.464614417996204,0.351933638056654,0.0534227446889791,0.39715706556197,0.0772913124400376,0.178511177296724,0.213485729990467,0.0721766086009599,0.019725191182934,0.1931625278683,0.116744466836137,0.254023505363785,0.224601321753033,0.114876591269003,0.0750145162719521,0.170404753782702,0.123982006282308,0.287352980270092,0.269361405337513,0.165323012284793,0.249269032707862,0.0382950944306959,"Signature_3",0.464614417996204,"Signature_3.Signature_5.Signature_13.Signature_41b","14.9339722852263_3.39050955967215_0.369570996512205_1.01567271895633",-95.5262338257103,0.470664703241446,14.9339722852263,0.0469470143960127,0,0,0.00270509895724103,0,0.000953934049067739,0,0,0,0,0,0.000546474292347776,0.869927835681378,0,0.5,0.502251168859327,0,0.524479172091015,0,0,0,0,0,0.506655162556272,0.711141537391727,0.999996363476058,5.25309087028927e-19,0,3.63652394223474e-06,0,0,1.42207575506851e-40,2.38435202462674e-42,"Signature_3",0.999996363476058
1,1,0,0,0,0,0,0,0,0,0,0,0,1,0,2,3,0,0,0,1,0,0,2,0,0,0,1,2,0,0,2,4,2,1,1,2,4,2,2,0,1,0,0,0,1,2,1,2,1,0,0,1,1,2,1,0,2,1,0,0,0,1,1,5,1,3,5,1,0,1,0,1,1,0,3,3,0,1,1,0,0,0,0,0,1,1,0,0,0,1,4,0,2,1,2,"SIM-08859",0,0,0,0,0,90,0.0194756412008795,0.885493544028484,3.23193309564216e-16,0.0950113778601039,2.07933031981949e-06,7.00267419697646e-06,5.76810250952173e-17,3.55087801290313e-09,1.03513541199723e-05,1.72891643939323e-18,0,1.01769645756317e-12,"Signature_3_c2",0.885493544028484,TRUE,0.999980563089467,0.559674605679434,0.438890876172783,0.228601483011589,0.613728000890609,0.134267202163016,0.211685418106476,0.183730913786364,0.064104598383144,0.0787880460562284,0.428322478995282,0.538036089469203,0.471237298107654,0.420980367530068,0.17611126886918,0.107283065227899,0.147385983472876,0.373471132118212,0.460380781711811,0.250959448605216,0.218155542971588,0.152228280341438,0.175174488821279,"Signature_5",0.613728000890609,"Signature_3.Signature_5.Signature_13.Signature_30.Signature_41c","29.084816175298_23.3974114980099_2.77228884784835_9.9993167877359_23.7376223905509",-394.073548413685,0.748625315242962,29.084816175298,0.0116359253608556,0,0,0.00458958486198335,0,0.0033943371850057,0,0,0,0.00569948730633318,0.0992046709778883,0,0.941990113361965,0,0.5,0.458940619093007,0,0.627661907266093,0,0,0,0.769480672928983,0.999995054426496,0,0.323164624169977,0.998561097912068,2.31235285198697e-85,3.88814597215204e-210,0.00143890208793167,0,0,6.28587209636428e-168,6.9893802916692e-126,"Signature_3",0.998561097912068
1,0,0,1,0,0,0,1,1,0,0,0,0,0,0,0,0,0,0,0,2,1,0,1,0,0,0,0,1,0,0,0,2,1,0,0,0,2,1,2,0,4,0,0,0,1,2,0,1,0,0,0,0,0,0,0,0,0,0,0,0,1,0,0,2,1,0,2,0,0,0,0,0,0,0,0,0,0,0,0,0,0,0,0,0,0,0,0,1,0,0,0,0,0,0,1,"SIM-08869",0,0,0,0,0,33,0.132244677511714,0.402401559718631,5.26740977768566e-06,0.255516880134198,0.0212480091910296,1.4532563692371e-05,0,0.0184389150598177,0.168649640709441,5.10019177915318e-06,0,0.00147541750991854,"Signature_3_c2",0.402401559718631,TRUE,0.790168384774321,0.437975454739893,0.344326320374515,0.236665630630336,0.530747921408445,0.1228641975232,0.109163513163316,0.218489941656898,0.0160160264989032,0.0190001131503144,0.520535837912681,0.26951661465961,0.278456004189206,0.554004503356347,0.294659392178123,0.234422272276439,0.313898226474547,0.289777054254829,0.306157201637572,0.0913192430191003,0.290611696509254,0.0328370621795689,0.288265300509115,"Signature_30b",0.554004503356347,"Signature_3.Signature_5.Signature_18.Signature_30.Signature_41c","11.6134666511134_3.30939973139041_0.433791590435452_14.1026748174207_5.63750517114292",-139.863092022116,0.602524985121564,11.6134666511134,0.00936953351993164,0,0,0.00046203214752083,0,0,9.00904588334583e-05,0,0,0.0547124088541086,0.0274935699898512,0,0.874036114708311,0,0.5,0.449997683818509,0,0,0.507605943857479,0,0,0.93861586659279,0.930099480399196,0,0.351923231851921,0.02412297415457,9.69411591671498e-40,1.48871425244444e-69,0.97587702584543,0,0,1.70879679844332e-52,2.40899706948171e-26,"Signature_5",0.97587702584543
1,2,0,0,0,0,0,1,0,0,1,1,0,1,1,0,1,0,0,0,2,2,0,0,1,4,0,0,0,0,0,1,3,3,0,1,0,1,0,3,2,1,1,1,0,1,0,1,0,1,1,0,1,3,2,1,0,0,1,0,2,0,1,2,6,1,2,1,2,1,2,2,0,2,3,0,2,1,0,3,0,1,0,0,0,0,0,2,0,0,1,0,1,0,0,0,"SIM-08879",0,0,0,0,0,85,0.00140604286896744,0.995549984870812,7.43447900443939e-19,0.00304074243455508,2.39428791791093e-06,3.06069950304195e-07,2.71809831810181e-22,1.56336601266719e-11,5.29452096853871e-07,7.3742913160231e-23,0,6.66263526571915e-14,"Signature_3_c2",0.995549984870812,TRUE,0.999996770174335,0.572189042001792,0.45821630620151,0.121600664268846,0.613726195795822,0.0767855572241732,0.0763828259175879,0.151122185931339,0.254662876033003,0.154313786509069,0.355535474644613,0.515731273737683,0.561767304802437,0.384894144673829,0.242374861729269,0.187925815989701,0.229976760981625,0.34323353461888,0.47850528366972,0.32882401703935,0.327574569408044,0.0266638886417534,0.0301485594748148,"Signature_5",0.613726195795822,"Signature_3.Signature_5.Signature_17a.Signature_17b.Signature_41c","30.8178583504879_28.7597740902256_3.54290687325494_1.80881357674169_20.0880010806191",-375.362175665007,0.744041288956982,30.8178583504879,0.0192464096496556,0,0,0.00586699283043313,0,0,0,0.00878724845412659,0.00395076239543979,0,0.0522288575945733,0,0.879572522108797,0,0.5,0.923515372617773,0,0,0,0.743688574297653,0.654889696751585,0,0.926790471963887,0,0.362563039417505,0.999981381250375,3.5402541737981e-74,9.56135370344998e-208,1.8618749625048e-05,0,0,1.01390233092677e-167,5.59262172679094e-130,"Signature_3",0.999981381250375
0,2,0,1,1,0,0,0,0,1,0,0,0,0,0,0,0,1,0,2,0,0,0,0,0,1,0,0,0,0,0,2,3,1,0,3,1,3,0,5,1,1,2,0,3,2,1,1,0,0,2,1,0,0,0,0,0,0,0,1,3,0,0,0,6,0,6,1,0,0,1,3,1,1,0,0,2,1,3,4,2,0,0,0,0,2,0,0,0,0,0,0,0,1,0,0,"SIM-08889",0,0,0,0,0,79,0.0191643003865459,0.279917996281987,1.60111215146231e-13,0.444644101691987,0.000414050543575351,2.54455693698053e-05,1.15652996729027e-17,0.000620269935125086,0.255213632943217,3.98185745829187e-12,0,2.02644050877458e-07,"Signature_3_c4",0.444644101691987,TRUE,0.74372639836068,0.452699446214461,0.383950435466578,0.175669020432194,0.585930244171257,0.273259609186561,0.165012350540652,0.127473829266959,0.204857148961119,0.0206979942376454,0.456067827038969,0.554884556271193,0.626947373274311,0.472877030864276,0.226818598903098,0.204098099003273,0.177653687919725,0.261490714936236,0.452863439622294,0.358335888927211,0.28743001043647,0.0244721314609748,0.0950814474310224,"Signature_41b",0.626947373274311,"Signature_5.Signature_2.Signature_17a.Signature_30.Signature_41c","33.7551090909322_3.98847507052249_3.93456580626755_12.0392354437873_26.2451208097579",-331.788491908833,0.741880493379346,0,0,0,0,4.47865283109694e-05,4.47865283109694e-05,0,0,0.00116991254133647,0,0.000444894808347418,0.0409824476876705,0,0.5,0,0.5,0.199622967075408,0.199622967075408,0,0,0.246843273098213,0,0.432629921922938,0.929618831939218,0,0,2.86913129534146e-15,3.3798400488307e-90,1.30280674660414e-175,0.999999999999997,0,0,7.24406329468043e-154,1.49820035273884e-91,"Signature_5",0.999999999999997
1,2,1,1,1,0,0,1,4,1,0,0,0,2,0,1,1,0,0,1,1,1,0,1,1,0,0,2,0,0,0,1,1,5,1,0,0,1,2,2,1,2,0,1,1,1,0,0,2,0,1,0,1,1,1,1,0,0,1,1,1,0,0,0,1,0,1,3,1,1,3,1,1,1,0,1,3,2,1,2,1,0,0,1,0,0,0,2,0,1,1,0,1,0,0,1,"SIM-08932",0,0,0,0,0,82,0.0041430482212902,0.987544940385973,1.31249407593965e-17,0.0082358064712984,5.35633970872308e-05,1.922699487192e-05,5.97380803578585e-21,1.04584359703385e-09,3.41345985992904e-06,2.09853878289018e-20,0,2.37754846330504e-11,"Signature_3_c2",0.987544940385973,TRUE,0.999923795078562,0.644157230536016,0.565677103002796,0.222026820736658,0.672619377176058,0.121290300134819,0.106081111635846,0.409587634863723,0.215181507109395,0.187356639814596,0.424013201838056,0.395372440493319,0.466444332586118,0.425757046889634,0.267555300664184,0.167906640465264,0.27606484553617,0.39413455692817,0.494321384818185,0.328247929472118,0.273526244488793,0.108593505953795,0.0354915397673746,"Signature_5",0.672619377176058,"Signature_3.Signature_5.Signature_18.Signature_17b.Signature_41c","30.919172306823_30.4090667022833_5.75833110815418_2.26826257258761_11.3814701235234",-365.154874600552,0.748950850772827,30.919172306823,0.0202290702173441,0,0,0.00744282990485912,0,0,0.00358901788134414,0,0.00576614393248853,0,0.0301490693576449,0,0.972875623949846,0,0.5,0.691790773500213,0,0,0.501849906867309,0,0.649524442235953,0,0.983365211939522,0,0.377063076912476,0.999999999152485,4.25192751361825e-71,7.70108982934579e-188,8.4751481659163e-10,0,0,3.05490549322357e-140,7.42982083477185e-123,"Signature_3",0.999999999152485
1,1,0,0,1,0,1,0,0,0,0,0,1,0,0,1,0,0,0,0,0,0,0,0,0,0,0,1,0,0,0,0,1,1,0,0,0,0,0,1,0,0,0,1,2,0,0,0,0,0,0,0,0,0,0,1,2,0,0,0,1,0,1,1,2,0,1,0,0,2,0,2,2,0,1,1,0,1,0,1,0,0,0,0,0,0,0,0,1,0,0,0,0,2,1,0,"SIM-08967",0,0,0,0,0,36,0.0842162080603508,0.651706383190944,1.92840829715736e-07,0.126869883124074,0.00332714049097593,0.133444228810603,4.79085465453489e-09,2.36165795728376e-05,0.000410165359552497,2.75661238392968e-09,0,2.17399562935745e-06,"Signature_3_c2",0.651706383190944,TRUE,0.862792667216199,0.423167584523705,0.408754289387281,0.0636983365530586,0.454070151115351,0.249024841854925,0.0956896212621381,0.240595949906216,0.396066141893177,0.0229847331872023,0.224896091018472,0.366641047158707,0.43964754317419,0.244982139396702,0.102523124367822,0.0712036107142955,0.113111809658532,0.360548064839872,0.433948205416597,0.200841044195354,0.215308504057642,0.170177599653216,0.0271919200519414,"Signature_5",0.454070151115351,"Signature_3.Signature_8.Signature_2.Signature_17a.Signature_41c","7.69387266876561_8.57137506215444_3.00034252417461_5.03553144967169_7.9424651620727",-162.252652361815,0.641885063997167,7.69387266876561,0.00236872004364852,0.00298149555236782,0,0,0.0237519657069362,0,0,0.0813977437332652,0,0,0.0351572270712012,0,0.506352996334765,0.490422058413948,0.5,0,0.573973461380064,0,0,0.894906827353189,0,0,0.664952049624842,0,0.213718685243489,0.985518143218667,8.42335940295109e-22,1.20377905541767e-92,0.0144818567813335,0,0,1.43945781542516e-58,5.58455246219033e-61,"Signature_3",0.985518143218667
0,0,0,0,1,2,0,0,0,0,0,1,0,0,0,0,2,0,0,0,0,0,0,0,0,0,0,0,0,0,0,0,0,1,0,0,0,1,2,1,0,1,0,0,0,0,0,1,0,0,0,0,0,0,0,0,0,0,0,0,0,0,0,0,3,0,0,0,0,0,1,2,0,0,1,1,1,0,0,1,1,0,0,0,0,0,0,0,0,0,0,0,0,0,0,0,"SIM-09016",0,0,0,0,0,24,0.0767283601966162,0.439737720616342,2.85517690497806e-06,0.20286437346614,0.0584428934235959,0.021168840935731,4.59477330379467e-07,0.0150720154670289,0.180732038260147,6.75275889058638e-06,0,0.00524369022127352,"Signature_3_c2",0.439737720616342,TRUE,0.719333309456003,0.375323324203254,0.364037922256891,0.223590967406415,0.482258452382724,0.0931860622796184,0.0184896325247166,0.239125414594801,0.33106299567409,0.0151451102975772,0.290370371625447,0.417074160216654,0.381881387801173,0.299235713066492,0.215692834124537,0.132644537743089,0.291970117934671,0.409720402744994,0.396768725215409,0.319736049389105,0.11680445939836,0.0183768124689085,0.0337941844612364,"Signature_5",0.482258452382724,"Signature_5.Signature_18.Signature_17a.Signature_30.Signature_41c","9.07395436834663_3.00491124118782_3.60307587578082_3.05829498367267_8.10789148857453",-99.4198214139978,0.617276722303924,0,0,0,0,0.00352036247426302,0,0,0.00482920167971623,0.0520585723369731,0,0.00336230707878737,0.0770152115775969,0,0.5,0,0.5,0.450638886764224,0,0,0.485887024445013,0.870477972584591,0,0.576980585839174,0.939726815451835,0,0,0.0714647279632326,2.28200889439338e-23,4.12866673762545e-53,0.928535272036767,0,0,1.19595674089455e-42,1.99955909937202e-37,"Signature_5",0.928535272036767
1,0,0,1,0,0,0,0,0,0,0,0,1,1,0,0,0,0,0,1,1,0,1,0,0,0,0,1,1,0,0,1,0,0,1,0,0,0,0,0,0,1,0,0,1,0,0,1,0,0,0,0,0,0,0,0,0,0,0,0,0,0,0,0,2,0,0,2,1,2,1,0,0,0,0,0,1,0,1,1,0,0,0,1,0,0,0,0,0,0,0,1,1,1,0,0,"SIM-09051",0,0,0,0,0,29,0.313105709092625,0.128835423998362,0.000153084085580991,0.239946087742107,0.00042832172663784,0.317035215931339,1.94945847049658e-05,0.000187020195111602,0.000278226374090049,8.00287120542452e-06,0,3.41339823616081e-06,"Signature_17_c1",0.317035215931339,TRUE,0.682040304918675,0.451319961478896,0.335190851037235,0.152594928596038,0.423765470732262,0.261928900123471,0.310023088812913,0.160600600754484,0.201984589653349,0.0516518096557268,0.178559963795537,0.462775007968586,0.337251376887176,0.182732932011992,0.125749096043438,0.106393612960789,0.101940555372967,0.205473416479517,0.352622637569983,0.213073387273775,0.0903180532583707,0.0499654214383742,0.0293593505689215,"Signature_41c",0.462775007968586,"Signature_3.Signature_2.Signature_13.Signature_17a.Signature_41c","13.080715275242_1.80839928715077_2.21590679921654_1.71888502320591_9.02512164336392",-125.155533269745,0.64699697881309,13.080715275242,0.0119921108996235,0,0,0,0.00853407235476478,0.0136029142888524,0,0.0112605633391004,0,0,0.116163072111404,0,0.859537432290874,0,0.5,0,0.48557273664486,0.625649144964408,0,0.678619382284337,0,0,0.998548893361885,0,0.451059147422139,0.999408085843666,5.74258785394357e-36,1.14942891924937e-69,0.00059191415633421,0,0,4.21916961643486e-56,1.77457334386663e-59,"Signature_3",0.999408085843666
2,1,0,0,0,0,0,0,2,0,0,0,0,0,0,0,1,0,0,1,0,1,0,0,2,0,1,0,0,4,0,1,0,0,0,0,2,1,0,0,0,1,0,1,1,0,1,1,0,1,0,0,0,0,0,0,0,0,1,1,0,0,0,1,4,0,6,1,0,2,3,1,2,0,1,2,2,0,0,0,0,0,1,0,0,0,0,1,1,0,0,0,0,0,2,0,"SIM-09100",0,0,0,0,0,57,0.18093252052115,0.628505326014038,5.77875073244829e-10,0.190496370709688,2.74918826208139e-06,3.84713088867764e-05,6.94323414435481e-15,1.50617441990902e-07,2.44106492707596e-05,7.3808066299081e-13,0,4.1264274970524e-10,"Signature_3_c2",0.628505326014038,TRUE,0.999934217822751,0.466365290708376,0.309590247653651,0.0874659758899845,0.512740240395031,0.152259613126197,0.163608465960665,0.190276974627521,0.218325056162869,0.095121068130844,0.225182622323574,0.392896120764479,0.338530112655053,0.245248754628074,0.0750773410747873,0.0875836601574762,0.116270611802512,0.355838847077424,0.522272959744182,0.51234345777338,0.12398359004982,0.0152893482011256,0.108202880134781,"Signature_26",0.522272959744182,"Signature_3.Signature_5.Signature_13.Signature_17a.Signature_41c","14.8122306990105_25.845988548939_1.86260625880943_2.7188610105866_12.3122686224835",-250.716475627497,0.599327083176151,14.8122306990105,0.00544402863655513,0,0,0.0191648536736914,0,0.00109600753120498,0,0.00807278889425234,0,0,0.0621816865053058,0,0.794338586911233,0,0.5,0.677264692254984,0,0.446336741523422,0,0.667574857133542,0,0,0.984588714539657,0,0.259863696473869,0.583515296377357,3.20058759674403e-62,5.51489363478087e-155,0.416484703622643,0,0,1.15432134291885e-110,1.29691449455453e-103,"Signature_3",0.583515296377357
2,0,0,1,1,1,0,0,1,0,0,1,0,1,0,0,2,1,0,1,1,1,0,2,1,0,0,0,1,1,0,1,2,2,0,3,1,1,4,5,0,2,0,1,2,2,4,3,0,1,1,1,0,0,0,1,0,0,2,0,1,1,1,0,1,1,4,3,0,1,3,1,0,2,1,1,1,0,2,3,0,0,1,0,0,0,0,0,0,0,1,0,0,0,0,3,"SIM-09129",0,0,0,0,0,90,0.0645287043877707,0.632791000489499,9.5995148945389e-13,0.302080843481523,1.84245104479621e-05,4.79309010836507e-06,0,1.13072221663966e-05,0.000564924090077483,2.0393567480371e-13,0,2.72724371204955e-09,"Signature_3_c2",0.632791000489499,TRUE,0.999400548359752,0.623270604069269,0.511890250674443,0.313827311509037,0.712684076221314,0.350135016513527,0.184652487573451,0.284631229104015,0.178834781242845,0.0378671062675785,0.511311850766714,0.344073004620925,0.459323499872791,0.513749370320992,0.250630464369679,0.163141447057127,0.231777055007384,0.439799943246448,0.515401040382382,0.450175828325248,0.288786527267214,0.0339630255484709,0.334435517742848,"Signature_5",0.712684076221314,"Signature_3.Signature_5.Signature_2.Signature_17a.Signature_41c","22.2365349929269_53.9063273106822_6.49698350018685_0.456015095482593_9.03192986688988",-390.210336459008,0.764553070603317,22.2365349929269,0.00896280807360483,0,0,0.0313343309189973,0.0225516173599413,0,0,0.00013378255403973,0,0,0.0151336951748193,0,0.624274314247846,0,0.5,0.993547549418154,0.938645980572051,0,0,0.502978657606218,0,0,0.851683235111582,0,0.247072611032521,7.1417914124689e-06,2.12257129724804e-92,6.32124181505486e-187,0.999992858208587,0,0,8.21655392865981e-148,4.55419633958212e-98,"Signature_5",0.999992858208587
0,0,0,0,0,0,0,1,0,0,0,2,0,0,0,1,0,0,0,0,0,1,0,0,0,0,0,0,1,0,1,1,2,2,1,0,4,1,1,1,2,2,5,1,0,2,1,1,0,0,0,0,1,0,0,0,1,0,0,0,0,1,0,0,1,1,2,1,1,0,2,0,1,2,1,3,3,2,1,2,0,0,1,0,0,0,0,0,0,0,0,0,0,0,0,2,"SIM-09131",0,0,0,0,0,63,0.000393316319437548,0.00874550649458066,7.08021335789553e-13,0.00809108365590867,0.000297433591340403,2.14412662675438e-05,2.34407971415957e-16,0.00991986271268758,0.972287105721513,1.5879792923092e-09,0,0.000244248649576668,"Signature_clock_c2",0.972287105721513,FALSE,0.0172299064706349,0.458340376884988,0.420732497225756,0.449941853341887,0.73840996513075,0.150117165735057,0.160975803171898,0.254762593029036,0.0790279920781131,0.0310953197243564,0.604044591370007,0.382715548474944,0.516127650169517,0.5270834734742,0.614646201875231,0.57988786082672,0.337603430635016,0.509395591921911,0.714425498814421,0.396430850593652,0.387357495944248,0.151583501598188,0.155360150625775,"Signature_5",0.73840996513075,"Signature_1.Signature_5.Signature_13.Signature_30.Signature_41c","1.32959178461526_44.4144020479656_1.69119747587641_11.5994867750971_9.81485603563234",-262.814105006209,0.776749950223012,0,0,0,0.000619857558087245,0.0399524837155277,0,0.00249175885552244,0,0,0,0.0135217135777416,0.0196915048018149,0,0.5,0,0.54817828283693,0.994094408380657,0,0.846416196334643,0,0,0,0.86508660512302,0.985170871096633,0,0,9.78752261977704e-19,6.28367271861577e-89,2.43091018076739e-120,1,0,0,1.09919804191532e-110,1.75739521536746e-54,"Signature_5",1
0,1,0,0,1,0,0,0,0,0,0,0,2,3,0,0,0,0,0,0,0,0,0,0,1,1,0,0,0,0,0,0,1,0,0,1,2,0,0,0,0,1,1,1,0,1,2,2,0,1,0,0,0,1,0,0,0,1,0,2,0,0,1,0,1,1,4,1,1,0,1,0,0,0,1,0,0,1,1,1,2,0,1,1,0,0,0,0,0,0,1,2,1,0,0,0,"SIM-09162",0,0,0,0,0,48,0.0727157761895208,0.741057756382247,2.83285801808948e-08,0.160110430778101,0.00395889432231715,0.0159748806388264,8.6052597044442e-11,0.000129468045874435,0.00604705941754024,1.76380632314302e-09,0,5.70404713391819e-06,"Signature_3_c2",0.741057756382247,TRUE,0.973883991678449,0.440609545061484,0.409829004880799,0.197842572879503,0.534612935628877,0.204588459694666,0.0764517270522822,0.245288579518631,0.0626410903938803,0.0511734423103576,0.344912225941491,0.26058423742906,0.417321817939701,0.33517082215338,0.21226585158666,0.213089396293917,0.159127989773151,0.261000706632272,0.434156301303258,0.402639079749337,0.211929877124679,0.071025595054276,0.269648776944898,"Signature_5",0.534612935628877,"Signature_3.Signature_5.Signature_2.Signature_41c.Signature_41b","5.53920106293139_26.7301719643693_1.81813130130576_2.03605372777158_6.1643007851504",-220.042146122605,0.560292346496435,5.53920106293139,0.0019701448540117,0,0,0.0359774067707386,0.00706308971874725,0,0,0,0,0,0.00166003355939104,0.00407738030152671,0.547143651272497,0,0,0.815950593223396,0.615038499355449,0,0,0,0,0,0.562250094854176,0.702533905335891,0.115400022144404,0.032841821732122,1.61859795575935e-41,2.65672553585211e-110,0.967158178267878,0,0,6.77988250640046e-77,5.6536651220144e-57,"Signature_5",0.967158178267878
0,0,1,1,2,1,1,0,2,0,0,0,0,2,1,0,0,0,0,1,3,0,0,1,0,0,0,0,0,1,0,0,3,4,0,2,2,2,1,2,0,2,1,1,3,0,1,3,0,4,0,1,1,0,0,0,0,0,1,0,1,0,2,3,4,2,2,1,1,0,3,2,1,0,1,1,1,1,0,0,0,0,0,0,0,0,0,0,0,0,0,0,0,0,0,1,"SIM-09170",0,0,0,0,0,78,0.0350889986590069,0.669233195369681,4.5248584040221e-12,0.281102389830791,0.00292000841680523,3.58267084364461e-06,0,0.000194494924042101,0.0114572303544244,1.57220036687784e-12,0,9.97683085927349e-08,"Signature_3_c2",0.669233195369681,TRUE,0.985424583864004,0.528062074036705,0.468009178357886,0.197515477868479,0.635171842886149,0.33251844108104,0.110954393461725,0.302189903373666,0.202882472273167,0.0204140055369,0.502707837662565,0.393441623425119,0.520824567265872,0.53717081281546,0.242452302630023,0.204479419473438,0.244053724143656,0.353760624404075,0.491107330657989,0.350210506409328,0.326093885277601,0.0358279125528781,0.123497973190434,"Signature_5",0.635171842886149,"Signature_3.Signature_5.Signature_2.Signature_17a.Signature_41c","11.1598801691986_44.4962502215765_6.22947784278865_1.93034272282338_12.2319893428454",-341.875115026858,0.709221663260035,11.1598801691986,0.00191123044354347,0,0,0.0107046763146902,0.0127124163658118,0,0,0.00186316863204217,0,0,0.0158962999248659,0,0.461818222935429,0,0.5,0.960615314832051,0.796912800188328,0,0,0.308729054352293,0,0,0.388665882065713,0,0.143075386784597,3.20701798707672e-07,2.36338951309489e-60,1.95208018441491e-169,0.999999679298201,0,0,3.69115293041205e-132,2.5201293489176e-80,"Signature_5",0.999999679298201
0,0,0,0,0,0,0,1,1,1,0,1,0,1,0,0,0,0,0,0,0,0,0,0,1,0,0,0,0,0,0,0,0,0,0,1,3,1,1,1,0,1,0,0,0,1,0,0,0,0,1,0,0,0,0,0,2,0,0,0,0,0,0,1,3,2,4,0,1,0,0,0,1,0,1,0,2,0,1,0,0,0,1,0,0,0,0,1,0,0,0,0,0,0,0,0,"SIM-09198",0,0,0,0,0,36,0.0321591049446467,0.61500836214138,7.96182036525439e-09,0.110189590183159,0.0132233011585384,0.00018017781539671,1.2227395938823e-12,0.00141180712232097,0.227346272856272,6.31622537666173e-09,0,0.000481369499018565,"Signature_3_c2",0.61500836214138,TRUE,0.757357065231005,0.372125970773083,0.318002435887521,0.134623120532505,0.539200146861228,0.055158396188471,0.0206168923725391,0.234212111702269,0.0171420100532008,0.122446447037994,0.372409655399525,0.431861067470611,0.373196510137482,0.367090112666203,0.19529434079564,0.104330117500372,0.227293279458587,0.329867436191152,0.4404852940887,0.388413153833529,0.139182354349479,0.0195228308530084,0.0206422191521238,"Signature_5",0.539200146861228,"Signature_5.Signature_18.Signature_17b.Signature_30.Signature_41c","24.5278011165144_0.800595586368785_0.897298609595318_2.76640802748901_9.6793943279235",-151.670426863398,0.6172982229627,0,0,0,0,0.0292513728094409,0,0,0.000271284270813799,0,0.00369180355745835,0.00177975292096444,0.0695433894738792,0,0.5,0,0.5,0.964137585702664,0,0,0.509801907736572,0,0.568988643113594,0.53293031278094,0.964389022577317,0,0,2.63745713579377e-08,3.85545227492091e-40,2.94652104034492e-93,0.999999973625429,0,0,3.23944308100303e-69,3.65817692038238e-47,"Signature_5",0.999999973625429
3,2,0,1,1,0,0,0,0,0,0,1,0,1,1,0,2,0,0,1,0,4,1,0,0,0,0,0,1,1,0,3,2,0,0,1,1,1,1,0,2,1,1,1,0,2,1,3,1,2,0,0,0,2,1,1,0,0,2,2,0,0,1,0,3,2,6,3,1,4,1,1,3,2,2,2,5,0,1,1,1,0,0,1,1,1,0,0,0,0,0,1,0,1,1,1,"SIM-09265",0,0,0,0,0,97,0.0145095956398917,0.958440429449123,3.10304366067611e-17,0.0270433308998135,2.56024201084319e-08,6.52588114609781e-06,1.93682561600862e-24,3.1005953292747e-11,9.24965935571686e-08,9.30675978814391e-21,0,5.78077385726159e-15,"Signature_3_c2",0.958440429449123,TRUE,0.999993355988829,0.595161752893011,0.457147598261477,0.164646521998577,0.617918837025298,0.177946167706352,0.227548741453446,0.195676652267739,0.233012656981594,0.0426902349046536,0.315930384306048,0.475443693891132,0.457493396650778,0.321782159251907,0.204123965068705,0.177724443051801,0.1534416577401,0.464873394083095,0.586919607471416,0.385422549447644,0.251980077269715,0.0317468600754598,0.115314976989373,"Signature_5",0.617918837025298,"Signature_3.Signature_5.Signature_13.Signature_17a.Signature_41c","33.2371867843014_34.5432273176167_3.34140502038418_3.20824545356842_19.6766068960518",-430.986450013015,0.732156909037463,33.2371867843014,0.0159974690676191,0,0,0.0165477160002366,0,0.0031274390461693,0,0.00590271585042224,0,0,0.0674321257569377,0,0.864757315283751,0,0.5,0.933011115876748,0,0.525961570636852,0,0.732696987799233,0,0,0.999829825996268,0,0.342651410147437,0.999837576815965,5.59969337253454e-94,2.02216050336277e-234,0.000162423184034906,0,0,3.44264441895388e-184,8.71736230467866e-163,"Signature_3",0.999837576815965
1,2,0,0,2,1,1,1,0,0,0,0,0,0,0,0,0,0,0,0,1,0,0,0,1,0,0,0,0,0,1,2,1,0,0,0,1,1,2,0,0,1,1,0,1,3,0,1,2,0,0,0,0,1,1,0,0,0,0,0,0,0,0,0,1,0,3,0,0,0,1,1,0,0,0,2,0,0,0,2,0,0,1,0,0,0,0,0,0,0,1,0,1,0,0,0,"SIM-09295",0,0,0,0,0,42,0.280692284450882,0.267300001525924,1.61129382280275e-05,0.443966606522809,0.00474868048277864,0.000636292126195313,0,0.00081102472273999,0.00181821970869065,1.31951471844063e-06,0,9.45800703425755e-06,"Signature_3_c4",0.443966606522809,TRUE,0.991975005437843,0.53736849768013,0.478261850302405,0.261906168328405,0.583914132817975,0.284667276038678,0.245712922655854,0.299630733381499,0.165791290398138,0.010684078693797,0.479461703360443,0.292018562918821,0.472119323802283,0.405869733711515,0.294675138526764,0.221426133569393,0.340626792466244,0.336373812801642,0.437424988402307,0.380181049186007,0.169049516895635,0.0302533652634167,0.0532789022320124,"Signature_5",0.583914132817975,"Signature_3.Signature_8.Signature_13.Signature_30.Signature_41c","12.933293849146_10.3155697470236_2.29574322408874_11.9670725893754_6.31634748146518",-182.165402773076,0.646904881953964,12.933293849146,0.000595517384236577,0.000176711402689267,0,0,0,0.00185668419157681,0,0,0,0.0030486568567788,0.000873295916861916,0,0.447907609801423,0.531924995443794,0.5,0,0,0.527336709666305,0,0,0,0.602117034005225,0.60455421255298,0,0.307935567836809,0.891146337901946,3.39296865239651e-40,2.72099879013905e-97,0.108853662098054,0,1.14883163500551e-119,7.92857681939112e-61,1.17261339821548e-45,"Signature_3",0.891146337901946
0,0,0,1,0,1,1,2,3,1,0,0,0,1,1,1,4,1,0,1,3,0,0,1,0,0,0,2,1,0,0,3,0,0,0,0,3,3,2,2,2,3,3,4,3,1,1,1,1,1,1,2,0,0,0,0,0,0,0,0,1,1,0,1,3,2,4,5,0,1,0,0,0,0,1,2,2,0,2,4,1,0,0,0,0,0,3,1,0,1,1,0,0,0,0,2,"SIM-09310",0,0,0,0,0,99,0.0605617037923104,0.659989138659737,9.57998873635764e-15,0.279368748890517,1.58340471870354e-06,2.15513303286569e-09,4.20348332856033e-22,4.64488961190641e-07,7.83585079134504e-05,4.6155144327977e-16,0,1.00698898788599e-10,"Signature_3_c2",0.659989138659737,TRUE,0.999919591342574,0.611182084218469,0.466072544704734,0.277501879543198,0.698109763561858,0.270572991492429,0.258523433511722,0.321199328451675,0.0540216666068852,0.0911173874874521,0.481577665536459,0.468634279523257,0.52487392077482,0.464112946686573,0.394358897184831,0.3468517648095,0.351344033213741,0.347242597645425,0.496576512013653,0.305226338326913,0.372839258211538,0.108818791880358,0.114160219536179,"Signature_5",0.698109763561858,"Signature_3.Signature_5.Signature_2.Signature_13.Signature_41c","18.0291106671114_59.367203641214_3.12503916719247_3.9958774060764_18.0997027312644",-429.123554155127,0.779201319142424,18.0291106671114,0.00382896094535268,0,0,0.0241185836122251,0.00269464953975229,0.00517484872279994,0,0,0,0,0.0423777247101159,0,0.860356712580917,0,0.5,0.935638995166243,0.592620824257248,0.620609667226399,0,0,0,0,0.998036484690758,0,0.182112228960721,0.00851902128865835,1.07460639213045e-99,6.56056557254628e-219,0.991480978711342,0,0,9.20114696347229e-163,5.30639705401845e-127,"Signature_5",0.991480978711342
2,1,0,0,0,0,0,0,0,0,0,0,0,1,0,0,1,1,1,0,0,0,0,2,2,0,0,0,1,0,0,0,1,0,0,1,1,1,0,1,0,0,1,2,0,0,0,0,0,2,0,0,0,0,0,0,0,0,0,0,0,0,0,0,2,0,1,1,0,0,0,3,1,0,0,0,0,0,0,2,0,0,0,0,0,0,0,0,0,0,0,0,0,0,0,0,"SIM-09381",0,0,0,0,0,32,0.135219378002317,0.684611120640552,5.11631979547673e-07,0.173057715129074,0.00219687297448224,4.40575784331006e-05,3.79416597599876e-10,0.000149803746950813,0.00470539433415615,1.80344720708808e-08,0,1.51275481659743e-05,"Signature_3_c2",0.684611120640552,TRUE,0.992888725403923,0.477147639567705,0.369316318554969,0.137863292478773,0.494836147566936,0.0306302624670776,0.107773781038735,0.131494397607566,0.37046780726473,0.0155479161889416,0.232082938555473,0.356160437703778,0.428604030410909,0.309957677610741,0.199743838347087,0.201074291344922,0.125498753448702,0.221857463725044,0.351490358476925,0.154847378867847,0.285710020312302,0.0252122528394535,0.0223299016522682,"Signature_5",0.494836147566936,"Signature_3.Signature_5.Signature_17a.Signature_41c","14.6948127827146_9.62164937754641_4.1990100558669_6.96700578557737",-136.311874891479,0.624415055170914,14.6948127827146,0.0168187773692492,0,0,0.00611675868355543,0,0,0,0.0568118170629988,0,0,0.02970943691453,0,0.935342125285555,0,0.5,0.598822720090276,0,0,0,0.831534211618772,0,0,0.842414604009531,0,0.459212899459833,0.977260871732871,2.09568018003881e-27,2.83843736720864e-78,0.0227391282671294,0,0,2.77107587460153e-62,2.65019902453192e-56,"Signature_3",0.977260871732871
1,2,0,1,1,2,0,2,1,2,0,0,0,1,0,1,0,0,0,1,3,0,0,2,1,0,0,3,0,1,0,0,3,3,0,2,1,2,0,1,1,1,1,3,3,1,0,1,0,0,0,0,1,1,0,0,0,1,2,1,0,1,3,1,4,2,3,1,1,3,2,0,2,0,3,3,2,0,2,1,0,0,0,0,0,1,0,1,0,1,1,0,1,2,1,2,"SIM-09461",0,0,0,0,0,98,0.00609206876251044,0.99011923911287,3.02359952651016e-19,0.00378867115729104,7.60557838358726e-09,1.20264496113787e-08,3.52017135724993e-26,1.96470362147668e-13,1.33510383036373e-09,1.01628872292081e-24,0,1.14680598223311e-16,"Signature_3_c2",0.99011923911287,TRUE,0.999999979032672,0.664097410868436,0.534714762179592,0.135479239181835,0.661499490663649,0.237766466139302,0.0970644305581662,0.256330300608724,0.152398144428403,0.102443494091739,0.429463194745744,0.422573174033725,0.469169875491068,0.467384016917454,0.287035675811639,0.200280765092009,0.34833059292799,0.412876238663766,0.561152508903986,0.384449400554867,0.39615337288954,0.102811089464295,0.0512372893870858,"Signature_3",0.664097410868436,"Signature_3.Signature_5.Signature_2.Signature_17b.Signature_41c","47.6110661458911_29.450712635353_3.0768635990842_0.583353095984149_14.6550728305956",-438.78839486003,0.756179447915379,47.6110661458911,0.0391600035880938,0,0,0.00843357880347484,0.0042054903195341,0,0,0,0.000408481240278147,0,0.0383606673415942,0,0.997754067445972,0,0.5,0.75658936651987,0.553584609275887,0,0,0,0.51074420000804,0,0.979835296274879,0,0.485827205570317,0.999999999999527,1.0406275862733e-87,1.22979053025593e-252,4.7298375916844e-13,0,0,1.99900240541153e-183,5.4102452557342e-149,"Signature_3",0.999999999999527
0,0,0,0,0,0,0,0,0,0,0,0,0,2,0,0,0,0,0,0,0,0,0,0,0,0,0,0,0,1,0,2,0,1,0,1,0,1,0,0,0,2,2,0,0,1,0,1,0,0,0,0,0,1,0,1,0,0,0,0,1,0,0,0,3,0,2,0,0,0,1,0,0,1,2,0,0,1,0,2,0,0,1,0,0,0,1,0,0,0,1,0,0,0,0,0,"SIM-09467",0,0,0,0,0,32,0.261150621082947,0.286545863610446,2.7989979243903e-05,0.412894291189179,0.00157194343457676,0.00433072244998552,0,0.00535785562119483,0.0279225947845555,1.95764130680154e-05,0,0.000178541434803707,"Signature_3_c4",0.412894291189179,TRUE,0.960618765861816,0.429957180957976,0.31966706495312,0.217723278003035,0.532396916878299,0.140670372499689,0.264060324768491,0.150062142941951,0.0915541029829871,0.0136189671624129,0.359433219438337,0.39332538720334,0.493486558252523,0.341008434704577,0.349666956954229,0.399793406091822,0.18640969216323,0.355619138129084,0.532149320270266,0.431521394198712,0.140001587639211,0.0466327036790124,0.0474626032775336,"Signature_5",0.532396916878299,"Signature_5.Signature_13.Signature_30.Signature_41c.Signature_41b","20.9017415482121_3.38687456572108_0.666562914328628_5.62821903758504_5.12811470526137",-135.593189357912,0.62603981511887,0,0,0,0,0.0254509570349909,0,0.030061118642696,0,0,0,0.000138357614725582,0.0173664752223823,0.0038876050719977,0.5,0,0.5,0.868871265099211,0,0.849490284616883,0,0,0,0.513231366610654,0.671485606176452,0.44860278828323,0,0.000163669920225796,2.29635871699385e-38,4.36907116220667e-68,0.999836330079774,0,0,1.14593140065221e-54,7.82465561921463e-42,"Signature_5",0.999836330079774
0,0,0,1,1,1,0,0,2,0,1,0,0,0,0,1,0,2,0,0,1,0,0,1,0,0,0,0,1,1,0,1,5,1,0,2,1,1,2,0,0,2,3,1,0,2,1,2,1,1,0,0,0,1,0,1,2,0,0,1,0,0,0,0,0,0,4,3,1,0,0,1,0,1,2,0,0,0,0,0,0,0,0,0,0,0,0,0,1,0,2,0,0,0,0,0,"SIM-09558",0,0,0,0,0,59,0.0627280745443189,0.716924474445734,4.15797879821853e-09,0.212190189817068,0.00286908052853282,2.26875266929978e-07,0,0.000270145686958977,0.00501166995338917,5.65381456192993e-10,0,6.13342537050008e-06,"Signature_3_c2",0.716924474445734,TRUE,0.9918427429651,0.516585398440977,0.48309214670501,0.34544688488065,0.639210402665396,0.18447908079898,0.178811310391886,0.332455402545715,0.119456550215266,0.010771748705636,0.504857471066006,0.204052099490954,0.413706613419438,0.468988081543348,0.411123456639704,0.39047808327241,0.27116948478659,0.346441111030703,0.476031077788201,0.3678051520954,0.36494398886054,0.132851262528783,0.150389020383783,"Signature_5",0.639210402665396,"Signature_5.Signature_13.Signature_18.Signature_30.Signature_41b","42.6570591439038_2.28805451222726_2.01338999909511_5.89460586050849_5.1324513723326",-258.317308463928,0.651974446394635,0,0,0,0,0.0222154418842375,0,0.00358143896373253,0.000433258164023509,0,0,0.00421070712546723,0,0.00116177171726783,0.5,0,0.5,0.970810954539894,0,0.628389030125128,0.458333795589463,0,0,0.547059156151653,0,0.488044736687013,0,7.83002154695717e-06,7.832569563594e-52,1.03808790485518e-111,0.999992169978453,0,0,1.75838257073785e-85,1.01848036566116e-48,"Signature_5",0.999992169978453
0,0,0,0,0,1,0,0,0,0,0,0,1,0,0,0,0,0,0,0,0,0,0,0,0,1,0,0,0,1,0,0,1,2,0,0,1,0,1,1,0,0,1,1,1,0,1,1,0,0,0,0,0,0,0,0,0,1,0,0,0,0,0,0,2,0,0,1,0,0,1,0,0,0,0,1,0,0,0,1,1,0,0,0,0,0,0,0,0,0,0,0,0,0,1,0,"SIM-09569",0,0,0,0,0,24,0.0824895436323692,0.10206698433784,0.000433094181272593,0.228131044136756,0.0464198954422802,0.00221671236274356,0,0.171751882191659,0.352333832605398,0.00281959756750971,0,0.0113374135421714,"Signature_clock_c2",0.352333832605398,FALSE,0.413120666288238,0.391982270425,0.376617070597654,0.322401944153169,0.542979691205681,0.316340817264405,0.130459620490713,0.188876510773613,0.0652665336281105,0.00670856897827742,0.456982390335963,0.375270183479309,0.39192804174732,0.432220003041865,0.310799568960906,0.269097759444771,0.24218820777418,0.29336098363917,0.428824325921243,0.248294041276005,0.31260374521501,0.0582170132531036,0.232101808596627,"Signature_5",0.542979691205681,"Signature_1.Signature_5.Signature_2.Signature_30.Signature_41c","0.569253270943806_14.2938536795813_2.19023831216753_2.22920440477205_5.3078023927456",-102.240983721206,0.628588689238086,0,0,0,0.000659253608720878,0.0102295905867884,0.0172185595336095,0,0,0,0,0.00219551850884614,0.0423587544796704,0,0.5,0,0.508758553910014,0.513699544849687,0.551626857809031,0,0,0,0,0.607781090584883,0.782615602907314,0,0,4.02545891029174e-06,7.29419991056044e-26,9.80632917608799e-44,0.99999597454109,0,0,1.17941916930743e-41,6.16080704705413e-19,"Signature_5",0.99999597454109
2,0,0,0,0,0,0,0,0,0,1,0,0,1,0,0,0,0,1,0,0,3,0,1,1,2,1,2,0,1,0,1,3,1,1,2,2,5,0,2,1,1,1,4,1,3,0,3,0,2,2,0,0,1,0,1,0,0,1,0,0,0,1,1,4,0,4,1,2,1,2,0,1,1,4,3,3,0,3,2,1,0,1,0,0,0,0,1,1,0,1,1,0,0,1,2,"SIM-09573",0,0,0,0,0,96,0.0156110544195265,0.917284275322655,8.40085502851773e-18,0.0669479492555901,2.6338679778613e-07,2.77640263623723e-08,1.67552440491166e-22,1.70049926418947e-08,0.000156412844183086,1.41100822842103e-19,0,2.22885062649871e-12,"Signature_3_c2",0.917284275322655,TRUE,0.999843278997771,0.569984058215298,0.381198312749232,0.174521348481006,0.683966931012349,0.218218351404931,0.113498204642931,0.133764178833244,0.0991858591523569,0.100375724506941,0.531925043802831,0.462362399017795,0.499603380478758,0.578416869795894,0.245401405176394,0.203636565716792,0.188311164527839,0.453958395449381,0.555386705294577,0.412910388422469,0.408380371026319,0.0336857443098047,0.0636004135040172,"Signature_5",0.683966931012349,"Signature_3.Signature_5.Signature_17b.Signature_30.Signature_41c","23.7815606813031_34.4192196706879_0.742484452820074_15.9306076882799_18.8747401927298",-422.410604480891,0.757586969380804,23.7815606813031,0.0084645685734146,0,0,0.0113848849942333,0,0,0,0,0.000586375324126531,0.0101256261434309,0.0523746691527389,0,0.723265976315365,0,0.5,0.971295936594246,0,0,0,0,0.523786420664079,0.691324859547826,0.997703945375135,0,0.247724590430241,4.4210452980384e-06,1.59264030954076e-113,2.34853568073727e-245,0.999995578954702,0,0,7.91874253050213e-189,2.12704921316348e-112,"Signature_5",0.999995578954702
0,0,0,0,0,0,0,0,0,1,0,0,0,0,0,0,0,0,0,0,0,0,0,0,0,0,0,0,0,0,0,0,0,1,0,1,0,1,1,1,1,0,0,1,0,0,1,2,1,0,0,0,0,0,0,0,0,0,0,0,0,2,1,0,2,1,1,2,1,0,1,0,0,0,1,1,0,0,0,0,0,0,0,0,1,0,0,2,0,0,0,0,0,1,1,1,"SIM-09626",0,0,0,0,0,31,0.0092741025673837,0.0848532672061227,1.45512178309082e-07,0.0399057009551571,0.0510484260025994,0.771579102127482,6.7124148616033e-05,0.00133028156373469,0.041876852370727,2.16040754191772e-07,0,6.47815052444364e-05,"Signature_17_c1",0.771579102127482,FALSE,0.134033216240842,0.353712872919136,0.302031024314541,0.188306574059185,0.513598052283655,0.194883203194242,0.0301879685504977,0.102656868256607,0.0637593098038846,0.33085115131766,0.347508537788206,0.370238576822629,0.31679904845275,0.355189509442176,0.177471180071184,0.100667071282576,0.128397514954635,0.340198105338066,0.430572607063661,0.317589596141366,0.284304033597146,0.0250587744289991,0.213824136346129,"Signature_5",0.513598052283655,"Signature_5.Signature_2.Signature_17b.Signature_41c","19.8538816448927_1.4432933562029_2.91748704743428_5.98590495481446",-134.625395735453,0.635862250680024,0,-1.11022302462516e-16,0,0,0.039418724962243,0.00681547251407644,0,0,0,0.0644101340204896,0,0.045347158979687,0,0,0,0.5,0.926705364911753,0.5662385730187,0,0,0,0.921860073491224,0,0.919179925200677,0,0,2.06617445642098e-07,8.60046111009686e-36,5.31106481989739e-74,0.999999793382555,0,0,6.51769524925585e-65,1.31716121518878e-33,"Signature_5",0.999999793382555
1,0,0,0,1,0,0,0,0,0,0,0,0,1,0,1,1,0,0,1,0,0,0,0,0,0,0,1,0,0,0,3,2,0,2,2,0,1,1,1,2,0,0,3,1,1,1,2,1,1,0,0,0,0,0,1,0,0,0,0,0,0,0,0,3,0,0,1,2,0,1,0,3,0,0,0,0,0,1,3,0,0,1,0,0,0,1,2,1,0,0,0,0,0,1,2,"SIM-09642",0,0,0,0,0,54,0.151881908496471,0.274039183572044,7.12007087480817e-08,0.505034330759986,0.00921244530628465,0.0542582184130012,5.55447600512497e-08,0.000515639364207268,0.00505668489268117,6.74241663584704e-08,0,1.39502568999157e-06,"Signature_3_c4",0.505034330759986,TRUE,0.930955494029209,0.515780885091794,0.406040130687389,0.276886045753649,0.576585329938498,0.281212657865414,0.277295206830053,0.196534286387495,0.0592444951298873,0.229760351048391,0.376585096804352,0.508303532662413,0.431694568404668,0.422988384566782,0.246553091277191,0.14162460355955,0.184587224232898,0.389093439160677,0.470306212023665,0.165843438153901,0.468597758016057,0.129468823409296,0.165947575717735,"Signature_5",0.576585329938498,"Signature_5.Signature_2.Signature_13.Signature_17b.Signature_41c","31.6868526711417_2.55398636108523_4.07359356862111_2.8257229283123_14.4984160851405",-228.391258859654,0.738472271844263,0,0,0,0,0.00850589863596152,0.00573112877527071,0.00747175963192104,0,0,0.0173846237988284,0,0.0869130621859499,0,0,0,0.5,0.53213749027434,0.717821390514297,0.556413978417531,0,0,0.837285447602191,0,0.999584246855265,0,0,0.00650246290700849,4.30103927852386e-63,7.6415734154264e-109,0.993497537092992,0,0,3.91601894995335e-102,4.96008819912264e-68,"Signature_5",0.993497537092992
0,0,0,0,3,3,0,0,0,1,0,0,1,1,0,0,1,0,0,0,1,0,0,0,1,0,0,0,0,0,0,0,1,1,0,0,0,0,0,3,2,2,0,1,1,0,0,1,0,0,0,1,0,1,3,0,1,0,1,0,0,0,0,1,1,0,1,1,1,0,1,0,0,0,1,1,0,0,1,1,0,1,0,0,0,0,0,0,0,0,0,1,0,1,0,0,"SIM-09683",0,0,0,0,0,44,0.0667669100918858,0.878293104661329,7.51867484612687e-09,0.0536078324523694,0.00114418406757164,5.45578219719032e-05,7.56327540712232e-15,3.51372984317798e-06,0.000129636651475319,1.39459205084545e-11,0,2.52990925620214e-07,"Signature_3_c2",0.878293104661329,TRUE,0.998667854724259,0.550171638879654,0.512722672460327,0.0926470175332332,0.522738725891756,0.174035944709977,0.0682815235194943,0.283817782671865,0.0687554318494782,0.0270859567380243,0.356096325386713,0.275432282893485,0.414611500370191,0.4417377706082,0.201391146920487,0.176352888201166,0.354604677928195,0.271043521425491,0.332254056214909,0.249888144618424,0.410788077687009,0.0404969272056444,0.0310437832267361,"Signature_3",0.550171638879654,"Signature_3.Signature_8.Signature_2.Signature_30.Signature_41c","21.6584540855024_12.2727347333915_0.388938403726047_5.07025084840207_5.48618753181967",-195.263900433621,0.60518784931529,21.6584540855024,0.0269443436665213,0.0103278536530181,0,0,0.000202548856268692,0,0,0,0,0.00481059644130577,0.00980406767151254,0,0.515821944842777,0.495503518691435,0,0,0.477641429574862,0,0,0,0,0.547551635588326,0.585707778944375,0,0.492237592852328,0.999999999929043,1.14170429243993e-33,1.23066662629556e-118,7.09567767515263e-11,0,4.1826517330931e-143,1.58203843898099e-70,5.68183328884318e-61,"Signature_3",0.999999999929043
2,0,1,0,0,0,0,0,2,0,0,0,2,1,0,1,1,0,0,0,0,1,0,0,1,0,0,0,2,1,0,0,2,0,1,2,0,0,1,0,1,1,0,0,0,2,0,0,0,1,0,0,0,0,0,0,0,0,0,0,0,2,2,0,4,3,2,0,1,0,1,0,1,1,0,2,1,3,0,1,0,0,0,1,0,1,0,0,0,0,3,0,2,0,2,3,"SIM-09700",0,0,0,0,0,62,0.081593665596179,0.82951015008335,1.72398791299595e-11,0.0875388485720047,7.20088910838089e-06,0.00132799381015393,3.81309920675379e-14,1.74402294893049e-07,2.19655324148332e-05,1.46347016049114e-13,0,1.09707014091975e-09,"Signature_3_c2",0.82951015008335,TRUE,0.998642664268773,0.477041710507664,0.384147493807872,0.164793482895908,0.520640384841897,0.0734461772887807,0.166776724131137,0.292003032816792,0.0573565965893462,0.0533977175520986,0.274871634830421,0.432263098065368,0.42922386718783,0.258010595975725,0.150791714801018,0.105433209654165,0.136064399239932,0.35299518993189,0.447480070175172,0.231799605617103,0.207698870608961,0.13600754264961,0.042986748168283,"Signature_5",0.520640384841897,"Signature_3.Signature_5.Signature_13.Signature_18.Signature_41c","14.4934585099075_23.3633727175449_1.72036253975297_3.65167435769721_13.6528836010627",-279.783319261836,0.619648877241805,14.4934585099075,0.0065004818526907,0,0,0.0153318765103373,0,0.00290892988700009,0.00310270809628321,0,0,0,0.0602668559038149,0,0.825258813133309,0,0.5,0.857382147170377,0,0.627315145783514,0.491551015485838,0,0,0,0.983170113324817,0,0.233765459837218,0.995662683216432,1.73803208110645e-61,6.70385375294312e-146,0.00433731678356795,0,0,1.03807209173341e-106,6.50855494850209e-96,"Signature_3",0.995662683216432
2,2,0,0,1,0,0,1,0,0,1,0,0,1,0,2,2,1,0,3,0,2,0,1,0,0,0,3,0,3,0,0,3,0,0,3,2,0,1,3,1,6,0,2,3,2,2,2,1,1,1,0,0,0,0,0,2,0,0,0,0,1,0,1,3,3,3,0,2,3,0,1,0,0,2,1,3,1,0,2,0,0,0,1,1,0,1,0,0,0,1,1,0,0,0,2,"SIM-09714",0,0,0,0,0,93,0.0976529400658836,0.818917577966913,5.41633656883088e-14,0.0834286017562437,3.25746515762727e-07,8.28191080546149e-08,0,2.08805422202915e-09,4.69556884172671e-07,2.570124995557e-17,0,3.431307022547e-13,"Signature_3_c2",0.818917577966913,TRUE,0.999999119789095,0.635174325265979,0.449743861288963,0.178375601968631,0.656856147494719,0.311842344908221,0.130159898506734,0.238314719261887,0.165309733652997,0.0440273355266208,0.486089138891663,0.394114283478306,0.427264181596574,0.556524079822639,0.270177579266139,0.224446100048375,0.277122528496307,0.370168292211694,0.445913322828193,0.249415345304083,0.424307706488851,0.1672052841745,0.193379350491878,"Signature_5",0.656856147494719,"Signature_3.Signature_5.Signature_2.Signature_30.Signature_41c","43.7701524906834_27.8100568394133_5.02016121312944_5.21322244578086_14.3099085451781",-407.251114822875,0.744904553199794,43.7701524906834,0.0306861230406713,0,0,0.00511520500835494,0.00976269019638609,0,0,0,0,0.00101245401434957,0.036151521028049,0,0.919983334488117,0,0,0.804036576722443,0.81294738398084,0,0,0,0,0.465565527136113,0.993126534416836,0,0.47064680097509,0.99996875016979,1.36394565591613e-99,3.69329522434022e-226,3.12498302094434e-05,0,0,1.12566512354045e-161,1.15312878935524e-119,"Signature_3",0.99996875016979
0,0,0,0,3,0,0,0,0,0,0,0,1,0,0,1,2,0,0,0,0,1,1,2,1,0,0,1,0,0,0,0,1,1,0,2,1,0,0,1,1,1,0,1,0,1,1,0,0,0,0,0,0,2,0,0,0,1,0,0,0,0,0,0,1,0,2,3,1,0,1,0,3,0,0,0,0,0,0,1,0,0,0,0,0,0,0,0,0,0,1,0,0,0,0,0,"SIM-09722",0,0,0,0,0,40,0.0769025633041131,0.85695066223276,1.42231580715759e-08,0.0652926709188806,0.000101544736295844,3.39171779552858e-07,0,7.47127818751743e-06,0.000743566195674349,1.01448990713858e-10,0,1.16783770166758e-06,"Signature_3_c2",0.85695066223276,TRUE,0.999145910678912,0.544810124229302,0.405161851140925,0.11166852996367,0.527511954672871,0.0800958385368475,0.0431894943362648,0.280808130695257,0.0668457430345583,0.00480275712920495,0.304909878085297,0.343599126717208,0.246856762419287,0.383673468306057,0.160115962494903,0.127670413741929,0.182408449931745,0.338856789378587,0.456204636959152,0.247471000118756,0.328753609892083,0.152506909499155,0.150978427966863,"Signature_3",0.544810124229302,"Signature_3.Signature_5.Signature_18.Signature_41c","24.5969085247191_12.2014771462849_0.458479285444762_6.93167272526774",-171.745714491759,0.609120205340247,24.5969085247191,0.0422136403979899,-3.33066907387547e-16,0,0.00622419977276634,0,0,9.07162169608844e-05,0,0,0,0.0382620736723063,0,0.939392263999825,0,0.5,0.576326615388678,0,0,0.501998501211441,0,0,0,0.934406296570011,0,0.614922713117979,0.999824311219021,1.16881883063822e-42,7.19938326713221e-102,0.000175688780978936,0,0,7.5210780995432e-72,2.5774945231168e-66,"Signature_3",0.999824311219021
0,0,0,0,0,0,0,1,0,0,1,0,0,1,0,0,0,1,0,0,1,0,0,0,0,0,0,0,0,0,0,0,2,0,0,0,0,0,2,2,0,2,1,0,0,1,1,2,0,0,0,0,0,0,0,0,0,0,0,0,0,0,1,0,1,1,1,0,1,0,0,0,1,0,0,0,1,0,0,0,0,0,0,0,0,0,1,0,0,0,1,0,0,0,0,2,"SIM-09737",0,0,0,0,0,29,0.0736465055601273,0.236178786692381,1.99754299066334e-05,0.19577044514257,0.0578136335027541,0.00649609546355761,1.12815300390265e-06,0.070530942984306,0.350347802957192,0.000103035563905201,0,0.009091648550296,"Signature_clock_c2",0.350347802957192,TRUE,0.505615712824985,0.408641922709144,0.365830341996373,0.363825053708169,0.577845065962278,0.238656348366885,0.0521629396307138,0.209249832850731,0.0176107429661381,0.0490958822439636,0.46587703652533,0.315816468178191,0.371421687996592,0.440860904738078,0.403566072396699,0.317617201339185,0.340565358735773,0.383614167726924,0.438374788428094,0.239506281055185,0.280656976173573,0.0509904828674606,0.236803604712215,"Signature_5",0.577845065962278,"Signature_1.Signature_5.Signature_2.Signature_30.Signature_41c","0.965049894690691_20.4961963853677_1.28149999869501_2.95399993964715_4.59301638982857",-122.549587265908,0.614601415934256,0,0,0,0.00132412335275367,0.0163630216176833,0.00477190931669313,0,0,0,0,0.00269401015602067,0.0236768472602554,0,0.5,0,0.518646248643003,0.830248672709187,0.60315569153246,0,0,0,0,0.498193223559837,0.822876330959246,0,0,1.62128910853883e-06,3.31414537535387e-37,9.48900858319357e-59,0.999998378710891,0,0,9.84480968779167e-51,3.08871907719493e-27,"Signature_5",0.999998378710891
1,3,0,1,1,0,0,0,1,1,0,2,1,2,0,1,0,1,0,1,2,1,0,0,1,0,0,5,1,2,0,2,1,1,0,2,0,1,2,3,2,2,0,1,1,2,1,2,3,0,1,0,0,1,1,1,1,0,0,0,0,0,0,1,4,3,1,2,1,0,1,2,0,0,1,1,2,0,0,3,0,0,1,0,1,0,0,0,0,0,2,2,1,0,1,1,"SIM-09756",0,0,0,0,0,90,0.159546386245529,0.775982145192299,1.79324451043928e-13,0.0644714275972816,3.75246137450152e-08,2.73858623612688e-09,0,1.11094461139189e-11,6.90399362010532e-10,1.64813520917716e-18,0,2.69213936752308e-15,"Signature_3_c2",0.775982145192299,TRUE,0.999999959035288,0.700409200619231,0.547633650484335,0.184343212947482,0.642066642350208,0.227356611635214,0.245549186461969,0.320740647992398,0.190413062619407,0.046210146801954,0.394733578100631,0.459882474547257,0.47671672966998,0.423707771328259,0.239689913560661,0.151055027986407,0.172677368385146,0.308558281544617,0.384481372898588,0.222703778296831,0.311257246084755,0.112457242113949,0.124802943061931,"Signature_3",0.700409200619231,"Signature_3.Signature_5.Signature_2.Signature_17a.Signature_41c","59.6454382090763_12.7942492652078_2.72492462888483_1.18930909290628_16.549141045146",-395.418428167198,0.786626441516146,59.6454382090763,0.0531377385781487,0,0,0.000849771685565881,0.00254259135752855,0,0,0.000952225709957344,0,0,0.0526532661811021,0,0.999334508465991,0,0.5,0.466989522896727,0.557972659345351,0,0,0.556659821646456,0,0,0.998980716171664,0,0.662727091211958,0.999999999999993,1.5396381132148e-81,2.74763468780817e-227,6.72647321937143e-15,0,0,3.89001139450241e-158,1.56174128593842e-140,"Signature_3",0.999999999999993
0,0,0,0,0,0,0,0,0,0,0,0,0,0,0,0,0,0,0,0,0,0,0,0,1,0,0,0,0,1,0,0,3,1,0,0,1,1,0,1,1,1,0,0,0,1,0,0,0,0,0,0,0,0,0,0,0,0,1,0,0,0,0,0,1,0,3,2,0,0,1,1,0,1,0,0,0,0,2,0,0,0,0,0,0,0,0,1,0,1,0,1,0,0,0,3,"SIM-09772",0,0,0,0,0,30,0.0023818324852849,0.0148796123181393,1.82567969655671e-08,0.00501448029449305,0.00131684264533328,0.970982401518743,0.000641425613207483,5.59595100382333e-05,0.00472340378054603,6.50288649754371e-09,0,4.01707453078267e-06,"Signature_17_c1",0.970982401518743,FALSE,0.0222759433547142,0.374758524872573,0.208025474960676,0.0821486978174888,0.489006597827514,0.0517746699952612,0.0400727401404563,0.053016939960187,0.170739454901273,0.221032472993789,0.413290100226532,0.305287824671141,0.357137684476873,0.460571793629656,0.141181827065921,0.116572705668456,0.167820113202513,0.228218839977772,0.363710004238819,0.383662882349214,0.350914006017896,0.01849234193438,0.0365229324049565,"Signature_5",0.489006597827514,"Signature_5.Signature_17a.Signature_17b.Signature_30.Signature_41c","12.087449504645_1.52526387001287_2.05495703726234_8.16735558147837_6.04404750305905",-125.741346051727,0.569721175185507,0,0,0,0,0.0025038468715739,0,0,0,0.00627770228026214,0.0256202865715154,0.0217306889453311,0.0288270666139407,0,0.5,0,0.5,0.565459288599819,0,0,0,0.668376960084253,0.946448339983968,0.886883771605032,0.923360721441368,0,0,0.000739940153547338,2.92813551100958e-49,1.78530600510965e-79,0.999260059846453,0,0,3.90433408851844e-68,5.23215623560156e-35,"Signature_5",0.999260059846453
0,1,0,0,2,0,1,0,0,1,0,0,1,0,0,1,0,0,0,0,0,1,0,0,0,0,0,0,0,1,0,2,2,1,0,0,0,2,2,1,1,2,0,0,0,2,0,2,0,0,1,0,1,1,0,0,0,0,0,0,3,0,0,0,0,1,2,3,2,0,0,0,0,1,1,1,1,0,0,2,0,0,1,2,0,1,0,1,0,0,0,1,0,0,0,2,"SIM-09781",0,0,0,0,0,54,0.0664926918237251,0.248111549873014,7.42428230356042e-09,0.215219164917578,0.0212707146537546,0.441609438781763,2.39301827265779e-08,0.000294459936381795,0.00700032968172602,2.50068844175188e-09,0,1.61647690402731e-06,"Signature_17_c1",0.441609438781763,TRUE,0.529823414038599,0.513138584240589,0.412400677542162,0.19290053663892,0.575025628616719,0.191890931769579,0.21379028881601,0.27261525982566,0.0442145382574873,0.172379390069357,0.474013945913858,0.397774874765323,0.461210277659328,0.461618781742345,0.221858787185986,0.158583247218329,0.205813102053732,0.376293425641882,0.395030258240785,0.241794424571656,0.266393720129936,0.14531524441961,0.0670625495119008,"Signature_5",0.575025628616719,"Signature_3.Signature_13.Signature_17b.Signature_30.Signature_41c","21.8270233081437_1.6988181463296_1.87531129812186_14.4604453232387_11.6337462599635",-235.289431191078,0.673438578106579,21.8270233081437,0.00739449263464731,0,0,0,0,0.0014729949235075,0,0,0.00787312921528149,0.0192539877058713,0.0390119802650805,0,0.405199427728262,0,0.5,0,0,0.479816565427021,0,0,0.785229477791626,0.82370022516425,0.998951315178304,0,0.404204135335994,0.396504796634969,3.64372270133314e-56,9.75080041362009e-125,0.603495203365031,0,0,1.67148422699431e-87,6.40216524655524e-60,"Signature_5",0.603495203365031
0,3,0,0,0,2,0,2,0,1,0,1,2,1,0,0,0,0,1,1,1,1,0,0,0,0,0,0,1,2,0,2,2,2,0,0,0,1,0,3,3,0,2,5,2,0,0,1,0,1,0,0,0,1,0,0,0,0,2,0,0,1,0,0,1,0,6,2,2,0,1,2,1,1,1,0,2,1,1,2,0,0,0,0,0,0,0,0,0,0,2,0,1,1,1,1,"SIM-09870",0,0,0,0,0,76,0.158203704551498,0.628379109317695,5.64767731278753e-11,0.213407460930613,2.40600760524065e-06,2.06838287716959e-07,0,1.04366614781807e-07,7.00785422799919e-06,4.94885376315205e-14,0,7.69325503298563e-11,"Signature_3_c2",0.628379109317695,TRUE,0.999990274856282,0.59864933067114,0.48569276563911,0.171402371106507,0.625275474109428,0.206961817970389,0.257031148932456,0.208834842502791,0.178021446085806,0.020966378768291,0.355218595264703,0.326184960664508,0.45727868040598,0.428231383774586,0.362062734417135,0.283595941270805,0.372968331268656,0.300742635940085,0.508935758343191,0.380413923817233,0.50675584297087,0.0609407972539268,0.0436089717799226,"Signature_5",0.625275474109428,"Signature_3.Signature_5.Signature_13.Signature_17a.Signature_41c","25.2934992151411_39.8925565995884_3.83088796331605_0.842042243850085_8.6785771574382",-331.718416933526,0.681867662997784,25.2934992151411,0.0125545260263714,0,0,0.0301690818003932,0,0.00566072634515247,0,3.1919506024658e-05,0,0,0.0108473587171921,0,0.761526193507193,0,0.5,0.975721951808652,0,0.667066750668289,0,0.495789136045925,0,0,0.809402233884336,0,0.332809200199226,0.998985915900919,5.09983885575224e-72,1.3307563390006e-183,0.00101408409908084,0,0,1.60751466543537e-133,1.12190155457864e-106,"Signature_3",0.998985915900919
1,1,0,0,0,0,2,2,0,0,0,0,0,0,0,1,1,0,0,0,0,0,0,0,0,0,0,0,0,1,0,1,3,0,0,3,0,2,1,2,1,0,1,1,0,0,0,2,0,0,1,0,0,0,0,0,0,0,0,0,0,0,0,0,0,1,0,0,0,0,1,0,3,0,2,1,1,0,0,0,0,1,1,0,2,0,0,0,0,0,1,0,1,1,0,1,"SIM-09883",0,0,0,0,0,44,0.0916882224867405,0.759708042139241,1.46843781628458e-08,0.144185219532198,0.000838996694681555,4.7790826310988e-05,2.75703147265957e-12,0.000159647567894735,0.00335257451447633,2.16522992404612e-09,0,1.94893860913771e-05,"Signature_3_c2",0.759708042139241,TRUE,0.995581498842558,0.459617114087744,0.414463622960351,0.199225395231099,0.528253505496288,0.142603438096098,0.13281318033907,0.234922310723573,0.0428047911926785,0.0231775209680184,0.372179276870157,0.226600579950182,0.295992008006688,0.431978661774874,0.341015796082174,0.200197579148291,0.352626845375393,0.437899106843055,0.476003072930421,0.256026641070903,0.425680499100096,0.148043492188408,0.0630846797925982,"Signature_5",0.528253505496288,"Signature_3.Signature_5.Signature_13.Signature_30.Signature_41c","9.50453197492296_25.8293286525895_0.615840138317712_1.52077434721345_3.05758585108228",-200.432867900376,0.542761543424211,9.50453197492296,0.00389911322502745,0,0,0.0191026348473474,0,0.000525580840415651,0,0,0,0.000328235210164118,0.00687122419811426,0,0.468345498076492,0,0.5,0.935867244554541,0,0.502178481650964,0,0,0,0.508247710621037,0.672117422425057,0,0.216012090339158,0.228638511315836,8.51396309827992e-43,3.28997997622585e-96,0.771361488684164,0,0,8.8693999393495e-74,5.62029353128028e-43,"Signature_5",0.771361488684164
0,3,0,0,1,2,2,0,0,2,0,0,0,1,2,1,1,1,0,0,1,0,0,1,0,0,0,0,1,1,0,0,1,1,0,2,1,2,2,2,2,1,0,0,0,0,3,0,0,0,1,0,0,0,0,0,1,0,0,2,1,1,0,3,3,0,3,7,0,1,3,1,1,0,0,0,2,0,0,4,0,0,2,0,0,0,0,0,0,0,1,1,1,1,0,1,"SIM-09931",0,0,0,0,0,78,0.00263809361619622,0.979300020438871,3.63605745905544e-16,0.0179119553534448,3.39737827726647e-05,1.16405528229615e-07,1.06327549977929e-22,3.00302324592818e-08,0.000115809487376135,2.41296351775498e-18,0,8.85577736790058e-10,"Signature_3_c2",0.979300020438871,TRUE,0.999850069408513,0.515942382352552,0.473234859461416,0.209480428311,0.580325062475816,0.0819664500859711,0.0833830916635061,0.247548848799105,0.16778016108452,0.0312556523946015,0.295664982725874,0.493473703709907,0.472157120073139,0.319721564058339,0.160365589312186,0.105292275444274,0.220293912280721,0.295158404087091,0.4219898987873,0.349709602180943,0.226919316778584,0.0868664764054904,0.234836602628098,"Signature_5",0.580325062475816,"Signature_3.Signature_8.Signature_5.Signature_17a.Signature_41c","21.0742659257951_3.56944367403747_33.1445777729422_1.15797918336745_19.0867555120976",-342.278198853708,0.686666450414476,21.0742659257951,0.0078034900203402,0.000337633298060691,0,0.0162443686839883,0,0,0,0.00102292687165972,0,0,0.0737796969078537,0,0.521977328637286,0.549059133495781,0.5,0.950744529199091,0,0,0,0.516332301304771,0,0,0.998933167817376,0,0.270182896484553,0.00914166308864205,1.41278516548844e-64,4.6730274247248e-163,0.990858336911358,0,0,2.18385234861759e-124,8.55140028993284e-130,"Signature_5",0.990858336911358
0,0,0,0,0,0,0,0,0,0,0,0,0,0,0,0,0,0,0,1,0,0,0,0,2,0,1,1,0,0,0,0,1,1,0,0,0,0,0,0,2,1,1,3,0,0,2,0,0,0,1,0,0,1,0,0,0,0,0,0,0,0,0,0,2,0,0,3,1,0,2,0,0,1,1,0,0,0,1,1,1,1,0,0,0,0,0,0,1,0,0,1,0,0,1,1,"SIM-09975",0,0,0,0,0,36,0.0370304872389751,0.81645234846004,4.10888301885689e-09,0.0811490167059371,0.000809120946459413,0.0008175037162935,5.65466037234607e-08,0.00037189628455154,0.0632977758543013,1.81181911010067e-09,0,7.17883261360295e-05,"Signature_3_c2",0.81645234846004,TRUE,0.934631856513835,0.364359002893747,0.246883443706132,0.21438406824241,0.497087375217131,0.0765803645620529,0.0221763503698172,0.078944234160149,0.0988296315060929,0.0466502619874796,0.29757577771686,0.359616644359021,0.303333482805559,0.338166376055715,0.287062932101137,0.304486855825768,0.201985822355208,0.318584220882996,0.462565558603784,0.319864139237698,0.491383071877927,0.0353078666016638,0.293268120482675,"Signature_5",0.497087375217131,"Signature_5.Signature_41c","26.058495580321_6.78899107214309",-162.643966457402,0.546430271648191,0,0,0,0,0.0430342974757802,0,0,0,0,0,-1.11022302462516e-16,0.0491304402141726,0,0,0,0,0.925267838781692,0,0,0,0,0,0,0.940933377245611,0,0,0.000138902112484446,4.61975707537899e-52,4.80713263729239e-82,0.999861097887516,0,0,1.16024803233512e-74,1.58342444773462e-46,"Signature_5",0.999861097887516
0,0,0,0,0,0,0,0,0,1,0,0,0,0,0,0,1,0,0,0,0,0,0,1,0,0,0,1,1,0,0,2,1,0,0,1,3,2,1,0,0,0,0,2,2,0,0,2,0,0,0,0,0,0,0,0,1,0,0,1,2,0,1,1,9,1,1,1,2,0,3,0,0,1,1,0,1,0,0,2,1,0,1,0,1,1,0,0,0,0,1,0,0,0,0,0,"SIM-10004",0,0,0,0,0,54,0.199937874782704,0.165762950422449,2.19531779940612e-08,0.633188833386058,6.03003141952528e-06,7.62700785098955e-05,0,7.78214890514829e-05,0.000950169948364743,1.10906471526842e-08,0,1.68176171488202e-08,"Signature_3_c4",0.633188833386058,TRUE,0.99888968054439,0.363195242700653,0.235265878096536,0.0992667870514109,0.445898609732205,0.249369211004044,0.22182771032921,0.0757000926550433,0.0769974079388441,0.0112395043736442,0.293859582917426,0.607198325177776,0.465458130581931,0.318063412360445,0.0955347387685577,0.0762075213110234,0.115255855593466,0.238740661233661,0.386088185262623,0.310837458860051,0.205082706332941,0.0149405964433861,0.0317407868932422,"Signature_41c",0.607198325177776,"Signature_5.Signature_2.Signature_13.Signature_30.Signature_41c","23.8094210239593_3.47149301450049_3.90142402840424_0.498625057557696_24.9152702805459",-226.159676560831,0.703321266820889,0,0,0,0,0.00759389123403031,0.00669149553289006,0.00884404237184133,0,0,0,1.47724656154313e-05,0.156478359426152,0,0.5,0,0.5,0.918285712577474,0.663162791067575,0.70884378124891,0,0,0,0.499928891533283,0.999790720979418,0,0,5.40877383048055e-08,2.82282956522448e-60,1.83742960145648e-129,0.999999945912262,0,0,1.21785487631908e-117,4.89541316579746e-79,"Signature_5",0.999999945912262
1,1,1,2,0,1,1,0,1,0,0,0,0,1,1,1,1,1,0,1,1,1,1,3,1,1,1,0,0,4,0,2,5,2,0,2,4,1,0,5,1,1,0,4,1,2,1,0,0,0,0,1,1,0,0,0,0,0,1,0,0,1,1,0,3,0,5,1,3,1,1,2,1,0,1,2,1,0,0,4,0,0,0,1,0,1,2,1,0,0,0,0,0,0,1,1,"SIM-10035",0,0,0,0,0,95,0.130275974269141,0.802702601691884,2.38855588672095e-15,0.0670211105988525,1.26524349226238e-07,7.63571396104455e-10,0,8.40233637701864e-11,1.86068170390646e-07,6.2423434087138e-20,0,5.58332197836977e-15,"Signature_3_c2",0.802702601691884,TRUE,0.99999968655988,0.655770569440087,0.424290292964168,0.120862078977453,0.65835297788539,0.14769530861739,0.188237888519061,0.208925699137331,0.175709268193801,0.0940002154549557,0.462480132772809,0.43925670412953,0.463657885418224,0.552891356749166,0.187040158542905,0.125934185257814,0.208404203887237,0.284574929591299,0.428145271733992,0.298395540998949,0.467775608171659,0.0868120778752102,0.099145542501413,"Signature_5",0.65835297788539,"Signature_3.Signature_5.Signature_17a.Signature_30.Signature_41c","55.7539535029113_12.2915074926891_1.56365131433885_12.8204023478711_18.3711189766293",-414.119619615348,0.759034560876352,55.7539535029113,0.0405557004919653,0,0,0.000998134506535187,0,0,0,0.00103132204715439,0,0.00807223811739366,0.0511624521669128,0,0.98808210414875,0,0.5,0.577332003125769,0,0,0,0.533129449699811,0,0.677785473522005,0.998390194617262,0,0.586883721083276,0.99999919826169,3.50453691872482e-105,1.85827264223889e-247,8.0173830956875e-07,0,0,6.65920896831422e-174,6.35524229947372e-128,"Signature_3",0.99999919826169
0,0,0,0,0,0,1,0,0,0,0,0,1,0,0,0,1,0,0,0,0,0,0,0,0,1,0,0,1,0,0,1,0,0,1,2,0,2,2,0,1,2,1,1,1,1,0,0,0,1,2,0,0,0,0,1,1,0,0,0,1,0,0,1,2,2,3,0,1,0,1,0,0,0,0,1,1,0,0,0,0,0,0,0,0,0,0,1,0,0,0,0,0,0,0,0,"SIM-10048",0,0,0,0,0,39,0.0555625130781126,0.214447527066781,6.67738880301352e-07,0.331604762372828,0.059605337323583,0.0002775251024849,0,0.026127413850765,0.311611185145496,1.76352458387881e-06,0,0.000761304796485736,"Signature_3_c4",0.331604762372828,TRUE,0.601615470256602,0.423666800018442,0.37013691267513,0.356824980371133,0.643842242767876,0.187530400048011,0.234919781497845,0.179994065050963,0.0707037714620671,0.132953523289855,0.479628749154258,0.336245727423955,0.440001042544057,0.453320720708342,0.346757997368876,0.306877602672382,0.242784839591677,0.411518133191088,0.524092692570239,0.411796978573469,0.312594125509263,0.0491125179419573,0.0331312687632631,"Signature_5",0.643842242767876,"Signature_5.Signature_13.Signature_17b.Signature_30.Signature_41c","30.690636677897_2.75558423514127_0.84753926870559_3.11194090478677_5.32357171441246",-165.274487562168,0.685860420325615,0,0,0,0,0.0582851908599937,0,0.016358042731852,0,0,0.00332545553163932,0.00242407016608637,0.0167972921576844,0,0.5,0,0.5,0.997129980287431,0,0.900920097311873,0,0,0.550668302760711,0.539282674397441,0.705853420556173,0,0,4.77174778710936e-09,4.26602367706069e-44,8.64070132438407e-80,0.999999995228252,0,0,2.41765167292785e-72,8.00504673303154e-38,"Signature_5",0.999999995228252
4,0,0,0,0,1,1,0,0,0,0,0,0,0,0,0,0,0,0,0,0,2,0,1,0,0,0,4,1,0,0,0,4,2,1,0,5,1,1,1,2,0,3,0,1,0,1,0,1,1,2,0,1,1,0,0,0,0,1,0,0,0,0,0,4,1,2,4,0,0,0,2,1,2,2,3,1,0,2,0,1,0,2,0,0,0,1,1,1,0,4,1,0,0,1,2,"SIM-10088",0,0,0,0,0,81,0.00217891717841547,0.989809448723092,6.59831846912234e-18,0.00799750561837108,1.01657037601437e-06,1.08924532630043e-07,7.22450356697207e-20,1.39428932817161e-09,1.30015616406457e-05,7.07579342458263e-20,0,2.92829357763528e-11,"Signature_3_c2",0.989809448723092,TRUE,0.999985871519878,0.518557767986763,0.415449940787843,0.281622071909994,0.604075429976225,0.10777464375928,0.0792028852482487,0.180645761071518,0.151318388194778,0.109933941185498,0.420993225585984,0.374453503067511,0.407914231323477,0.379321553735084,0.280777726801904,0.271825744084752,0.185057013840258,0.379151615590353,0.486719528741793,0.255008814045831,0.295105119998863,0.0272930762272297,0.0928871900699799,"Signature_5",0.604075429976225,"Signature_3.Signature_5.Signature_17b.Signature_30.Signature_41c","20.4156565804525_39.5145640582369_1.02698662781186_5.46961039116561_12.8702285225837",-360.095724574769,0.650301844939503,20.4156565804525,0.00824318811899194,0,0,0.0116094914161526,0,0,0,0,0.00113335657449665,0.00209413191615238,0.0349176206671195,0,0.946803446414078,0,0.5,0.790358879210819,0,0,0,0,0.555340438969687,0.587844478525364,0.984740311481389,0,0.252045142968549,0.00403836094195934,2.41824527985576e-78,2.01737127232823e-166,0.995961639058041,0,0,1.8160321053513e-138,9.73647140264895e-100,"Signature_5",0.995961639058041
0,0,0,1,0,0,0,0,0,0,0,1,0,0,0,0,0,0,0,0,0,1,0,0,1,0,0,0,1,2,0,0,1,1,1,1,0,1,1,0,1,2,1,0,1,0,1,0,1,0,0,0,0,0,0,0,0,0,0,0,0,0,0,1,3,0,4,1,0,0,1,0,1,0,0,1,0,0,0,0,0,0,0,0,0,0,0,0,0,0,0,0,2,1,1,0,"SIM-10130",0,0,0,0,0,36,0.137430653040501,0.265391837249443,1.47961766518975e-06,0.403973436827139,0.00262315279166037,6.50323202186938e-05,0,0.0131966433274205,0.176859630594897,3.42132518371297e-06,0,0.000454712905871441,"Signature_3_c4",0.403973436827139,TRUE,0.806797406734748,0.393176718652601,0.326598878810939,0.318104339445612,0.56435140876038,0.162859174034007,0.173720119153462,0.160454838236194,0.0415572033619264,0.00661023810277174,0.39429099996799,0.396903637364145,0.36622809084952,0.369518547632721,0.328244911882876,0.284855402939522,0.200283156035796,0.37913835019657,0.527336428913436,0.433009389037713,0.25975784336511,0.0333504443188516,0.149286075971943,"Signature_5",0.56435140876038,"Signature_1.Signature_5.Signature_13.Signature_30.Signature_41c","0.433808510975411_26.2628503175344_1.91596648194705_1.79616665265739_7.88785208142395",-153.942309364272,0.625390162780656,0,0,0,0.000178891795575842,0.031147444579893,0,0.00774115659873864,0,0,0,0.000797634492260779,0.0512140822135225,0,0.5,0,0.519399157694639,0.67441891745175,0,0.849726054864826,0,0,0,0.57306597558963,0.974665026126437,0,0,5.12000786290559e-08,1.65016271028115e-48,1.42628235568305e-75,0.999999948799921,0,0,4.99637348092769e-71,4.65611847734453e-42,"Signature_5",0.999999948799921
1,0,0,2,0,1,0,1,0,1,0,0,2,2,0,1,2,1,0,0,1,3,0,0,1,0,0,1,0,0,0,3,1,2,0,3,2,5,1,1,3,1,1,1,3,1,2,0,0,0,0,1,1,0,0,1,2,0,1,1,0,0,0,1,3,1,5,2,1,0,4,3,1,2,1,2,2,1,0,0,0,0,0,1,1,0,1,0,0,0,0,1,1,2,2,0,"SIM-10159",0,0,0,0,0,95,0.0508441795795471,0.826752802795822,1.62393459899573e-15,0.12239918276818,6.75723933247309e-07,7.32527307832598e-07,7.60861104001029e-23,2.52690402026541e-09,2.4240779008182e-06,1.86079236104064e-18,0,4.02959889394769e-13,"Signature_3_c2",0.826752802795822,TRUE,0.999996165143551,0.614628443142156,0.464087358727694,0.209776166608421,0.700294176416414,0.271598331654414,0.24059093091711,0.229647030927081,0.273066832855218,0.0356514442014488,0.504412433806605,0.342532569812515,0.470813840735,0.516403247587442,0.270582386137325,0.198783903554865,0.273048813675684,0.397410320429569,0.576552206429779,0.464813687400349,0.351878447144894,0.113891994635697,0.161809184739122,"Signature_5",0.700294176416414,"Signature_3.Signature_5.Signature_2.Signature_17a.Signature_41c","23.1504271172796_52.7995357024051_4.26323834000163_3.64499076236674_9.57704912348603",-421.402483357712,0.745246817973089,23.1504271172796,0.000991836156791548,0,0,0.0157978987434524,0.00197751635673371,0,0,0.00519079631184827,0,0,0.0150645969336618,0,0.641787117604797,0,0.5,0.945776394020682,0.606441740036232,0,0,0.628281346062864,0,0,0.924528296925567,0,0.24368870649768,0.926277783287747,3.46857851307328e-95,1.82808691546809e-228,0.0737222167122534,0,0,7.14112059662416e-168,1.75963403795564e-123,"Signature_3",0.926277783287747
0,0,0,0,0,0,0,0,0,0,0,0,0,0,0,1,0,0,0,0,0,1,0,0,0,0,0,0,1,0,0,0,2,0,0,0,2,0,1,0,0,1,0,1,0,0,0,0,0,0,0,0,0,0,1,0,0,0,0,0,0,0,0,0,1,0,1,0,0,0,3,0,0,0,0,0,1,0,1,2,0,0,0,0,0,0,0,0,0,0,0,0,0,0,0,1,"SIM-10178",0,0,0,0,0,21,0.086285028203658,0.191734675222033,6.17877727417357e-05,0.192747909169505,0.0145774486404088,0.239113845226125,2.85600030302783e-05,0.0304935089689993,0.239598344702617,0.000105981646868002,0,0.00525291044401447,"Signature_clock_c2",0.239598344702617,FALSE,0.470829400367937,0.339551927015059,0.240902484870865,0.158700479591835,0.496061426457153,0.0448853602488131,0.121288930200588,0.141736077762934,0.146868875440642,0.0304415182154362,0.305892851601465,0.396419981788165,0.422265831505251,0.372531874406778,0.163421045791543,0.135760437318204,0.205512753093745,0.274635552511327,0.402665555434566,0.557134355058719,0.321583059368629,0.188260415352275,0.0359192821766106,"Signature_54",0.557134355058719,"Signature_5.Signature_13.Signature_17a.Signature_41c","18.1537458797372_0.857392700781604_0.497187855124304_6.08908121966142",-84.3265270097103,0.567407184457453,0,0,0,0,0.0449851660769625,0,0.00349755386909245,0,0.00133059647156453,0,0,0.042677221393489,0,0,0,0.5,0.943028087535355,0,0.771645831617428,0,0.515281559023575,0,0,0.841684432692764,0,0,2.15322203590272e-05,1.39340218912318e-32,8.07171340362706e-51,0.999978467779641,0,0,1.98534216576198e-43,2.54404763244591e-32,"Signature_5",0.999978467779641
0,0,0,0,0,0,0,0,1,0,0,0,1,0,0,0,1,0,0,0,0,0,0,1,0,0,0,0,0,1,0,0,0,1,1,1,0,0,1,0,1,0,1,0,0,1,0,0,0,0,0,0,0,0,0,0,0,0,1,0,0,0,0,0,2,0,1,1,0,0,1,0,0,1,0,0,1,0,0,0,0,0,0,0,0,0,0,0,0,2,0,0,0,0,0,0,"SIM-10181",0,0,0,0,0,22,0.106262810285599,0.340031912238391,3.43343269162754e-05,0.222336482700498,0.0208009737570459,0.00161807180149039,1.46317505497935e-06,0.0327510584070834,0.266318647175474,8.31261645692256e-05,0,0.00976111996787778,"Signature_3_c2",0.340031912238391,TRUE,0.668665539551404,0.396892915470807,0.360298826822506,0.370860146118925,0.546221866734619,0.0661336039573018,0.0792401722467435,0.263867967055047,0.0657666892774127,0.0114760070699995,0.333047263773535,0.357142374491927,0.325582210857838,0.272110634055281,0.328195636573354,0.282965041640103,0.168318524941717,0.311515732850347,0.473462538694162,0.342505204457888,0.211854523130245,0.053093073864679,0.0283861197182622,"Signature_5",0.546221866734619,"Signature_3.Signature_1.Signature_5.Signature_18.Signature_41c","1.70540450466494_1.90489152167692_14.3274152847092_0.632659389157273_4.68077997341262",-97.3141722845046,0.592187600151288,1.70540450466494,0.000188551699821793,0,0.00660049753048553,0.0145776095771428,0,0,0.000442814789120116,0,0,0,0.0440936699922221,0,0.842530427187209,0,0.825988760056508,0.214076527111861,0,0,0.4778204569309,0,0,0,0.880185963151638,0,0.0775183865756792,0.0156392269774926,1.65968945466588e-25,2.70225180193751e-38,0.984360773022507,0,0,2.90737391390759e-44,1.41004141798265e-27,"Signature_5",0.984360773022507
0,1,0,1,0,0,0,1,0,0,0,0,0,0,0,1,0,0,0,0,0,0,0,0,0,1,0,0,0,0,0,1,0,1,0,0,0,0,0,0,0,0,1,0,0,0,1,0,0,0,0,0,0,0,0,2,0,0,0,0,0,0,0,0,0,0,1,0,0,1,0,0,1,0,0,1,0,0,0,1,0,0,1,0,1,0,0,0,0,0,0,1,0,1,0,2,"SIM-10228",0,0,0,0,0,22,0.0221708211869446,0.10044106997779,5.90429409539743e-06,0.0222785332223016,0.00563970355072584,0.844967138855665,0.00410488190169646,5.08827098892287e-05,0.000307732390857793,1.77020205489212e-07,0,3.31548898284328e-05,"Signature_17_c1",0.844967138855665,FALSE,0.144896328681132,0.380051404885009,0.417829366854126,0.198948855153868,0.371312890267502,0.0808394844378436,0.162503589095104,0.195492513296629,0.155791921262555,0.0983488272704708,0.14622717057143,0.221146587433344,0.297821967069346,0.0802348407613671,0.297146125656083,0.225184054115996,0.228587145228279,0.242923070894198,0.377698392763086,0.157251793542087,0.0544983769350127,0.23255221317966,0.245046532923519,"Signature_8",0.417829366854126,"Signature_8.Signature_13.Signature_17a.Signature_17b.Signature_41c","12.9605972636258_1.3997506080607_0.936485604013742_0.569290953300975_2.87918674892774",-99.7946933856681,0.470414028593048,0,0,0.0317886939520929,0,0,0,0.00922558159838616,0,0.00580411874720571,0.00399585371236172,0,0.0178586249004331,0,0,0.644534504807472,0.5,0,0,0.50318470919735,0,0.530210370042428,0.63241790310935,0,0.844605876788881,0,0,0.994608029346927,1.92609830668245e-16,4.26892277614289e-51,0.00539197065307263,0,0,1.16940817617443e-35,3.61165726855966e-42,"Signature_3",0.994608029346927
0,0,0,0,1,0,0,0,0,0,0,0,1,0,0,1,0,0,1,0,0,0,0,0,0,0,0,1,1,0,0,0,0,0,0,0,1,1,1,2,2,1,0,0,1,0,1,2,0,0,1,0,1,0,1,0,0,1,0,0,1,0,0,0,1,1,4,3,2,0,0,0,0,0,0,0,1,0,0,2,0,0,3,0,0,0,0,0,1,0,0,0,0,0,1,0,"SIM-10243",0,0,0,0,0,42,0.190416964754984,0.458978893302607,9.20087676573094e-07,0.343620776927349,0.00036453245742802,1.34927197573548e-05,0,0.000598296664554014,0.00599623502736668,1.4223173314594e-07,0,9.74582654436663e-06,"Signature_3_c2",0.458978893302607,TRUE,0.993017555072616,0.402854702007838,0.332821621211694,0.161470368402946,0.503957113881027,0.259884113688306,0.139838241708609,0.194630930212795,0.0271991021928827,0.00426252763843575,0.360135198367046,0.394643475423589,0.37245241708955,0.36515830228602,0.154915214101069,0.105570713686947,0.148819214677833,0.242590799060201,0.352124303744405,0.291183989526065,0.257305483077048,0.146340114533524,0.153877945742703,"Signature_5",0.503957113881027,"Signature_3.Signature_5.Signature_2.Signature_13.Signature_41c","3.22425866349596_24.48686649158_3.13881989636354_0.206927713211741_9.22810934468817",-184.966390433752,0.591306885323587,3.22425866349596,0.000558271699331536,0,0,0.0237924098674016,0.0153802336988916,6.12009826879145e-05,0,0,0,0,0.0559769014354595,0,0.55136146168161,0,0.5,0.512719222861372,0.669310459322835,0.514025156644744,0,0,0,0,0.982879441021016,0,0.0767680634165705,1.4877520547916e-06,1.34882387105248e-43,1.0378660865904e-100,0.999998512247945,0,0,4.40496237358464e-80,2.53776779854027e-49,"Signature_5",0.999998512247945
0,1,0,2,2,0,3,0,1,1,0,1,2,2,0,2,0,0,0,2,1,0,0,1,3,0,0,1,0,0,0,5,1,1,2,1,0,2,0,2,2,1,2,2,0,2,2,0,0,0,1,0,1,1,0,1,1,0,3,0,1,0,1,2,3,1,7,2,1,0,1,1,0,0,0,2,4,1,1,3,0,1,0,1,1,0,1,0,0,0,1,0,1,0,0,2,"SIM-10251",0,0,0,0,0,97,0.0213437893693757,0.891703871786606,2.33784800614807e-16,0.0869513874657553,2.54848863294409e-07,8.59643631860182e-10,0,8.70641027604867e-10,6.94795541735352e-07,2.01482141145938e-19,0,3.57323805729617e-12,"Signature_3_c2",0.891703871786606,TRUE,0.999999048621737,0.599706220937888,0.515824480797582,0.262715778887705,0.649558329135482,0.125777415965419,0.281514056309814,0.348591765868931,0.107989519064833,0.0326844653517216,0.347326914700686,0.455499649651381,0.547115163550089,0.331195548179481,0.296113602786555,0.24013278482806,0.1955976836206,0.282446903934023,0.469407597065977,0.356738005050701,0.274541408537331,0.182917343395678,0.170185462633323,"Signature_5",0.649558329135482,"Signature_3.Signature_5.Signature_13.Signature_18.Signature_41c","20.2356710678575_47.7373840372196_5.93294653694354_3.96043235215035_18.0889556260812",-428.966904150874,0.744833175876321,20.2356710678575,0.00534246964124307,0,0,0.0254720306912651,0,0.0149921731505226,0.00142616700008136,0,0,0,0.0305543757790626,0,0.636719715338775,0,0.5,0.984026868039019,0,0.695367219194066,0.567644461256534,0,0,0,0.952928442358883,0,0.208615165648015,0.995482017623354,1.2395870579027e-86,3.8107321843196e-231,0.00451798237664627,0,0,4.24849460113081e-157,6.1727060817188e-149,"Signature_3",0.995482017623354
1,1,0,0,1,1,0,0,0,1,0,0,0,0,0,0,2,0,0,0,1,1,1,2,1,1,0,1,0,0,0,2,0,2,0,2,1,2,1,1,1,1,0,0,0,2,1,1,0,0,0,3,0,0,0,1,0,0,1,4,0,0,0,0,4,0,3,1,0,0,1,2,2,0,0,1,0,0,1,4,1,0,1,0,0,0,1,1,2,0,0,1,1,0,0,1,"SIM-10287",0,0,0,0,0,69,0.0428910279741007,0.908161462468927,6.53010836435801e-14,0.0489398055938954,3.56607607017356e-06,3.62766795298648e-06,1.95112279142058e-16,6.64959006291697e-10,5.09552796863937e-07,1.23926951358552e-17,0,1.23263256788707e-12,"Signature_3_c2",0.908161462468927,TRUE,0.999992296036988,0.566417828559632,0.40858024516293,0.142166051914672,0.561185313457562,0.135078772012439,0.151332417108026,0.152871511656002,0.20169792531696,0.122389501398979,0.377595766524699,0.541126971086723,0.572850055148487,0.374049096880403,0.142192901753294,0.0985337537088773,0.18230651340097,0.319698520134221,0.420186047693028,0.284567140011354,0.185900824946582,0.0172783783384291,0.121109632617079,"Signature_41b",0.572850055148487,"Signature_3.Signature_17a.Signature_17b.Signature_30.Signature_41c","36.7688422035975_2.63761064407499_1.08492273854749_9.75341326253147_20.066889316017",-300.959849674639,0.742777206759614,36.7688422035975,0.0408930325228144,0,0,0,0,0,0,0.00595443374714144,0.00201118261497213,0.0113341680455461,0.0641043918820765,0,0.999907220643065,0,0.5,0,0,0,0,0.744155196722868,0.629151446887453,0.915424951272512,0.999779848109049,0,0.53288177106663,0.99999999944184,3.24351816786421e-73,6.44825509350761e-177,5.58159674261256e-10,0,0,3.63378110355699e-134,8.61511419801283e-111,"Signature_3",0.99999999944184
1,0,0,1,0,1,0,0,2,1,0,0,2,0,0,1,0,1,0,1,0,1,0,1,0,0,0,2,1,0,0,2,2,7,0,3,0,1,1,2,0,2,2,1,2,1,1,2,0,1,0,0,1,0,1,1,1,1,0,0,1,0,1,1,5,0,2,4,2,1,4,3,3,2,1,2,3,2,1,0,0,0,2,1,0,3,0,0,0,0,0,0,0,1,0,0,"SIM-10291",0,0,0,0,0,96,0.0193781898026206,0.845197417511934,1.01894088631929e-16,0.13527489910116,2.2362056378051e-06,6.76552997511381e-05,1.08226599645785e-20,5.75987309887401e-08,7.95444663051501e-05,8.07361913628962e-18,0,1.38607044695277e-11,"Signature_3_c2",0.845197417511934,TRUE,0.999850506415714,0.532849899912652,0.456492943566081,0.207351515694065,0.642271651960226,0.234146148782667,0.201707540738408,0.244889649780237,0.289935595734028,0.0337162683130134,0.424796718665497,0.459904274348251,0.467441622506273,0.437608228053558,0.278122286882737,0.253204140803938,0.208561283386639,0.452999633707735,0.630116962745898,0.397314951978845,0.264705106646594,0.11246374419153,0.109792313942707,"Signature_5",0.642271651960226,"Signature_5.Signature_2.Signature_13.Signature_17a.Signature_41c","59.7040977989566_2.75110396868919_3.69007024069645_5.40985231002553_18.5980604863495",-422.662378926513,0.734130177720488,0,0,0,0,0.019621470462488,0.00213855523639717,0.00274703071482785,0,0.0155219425219537,0,0,0.0572159034240721,0,0,0,0.5,0.83711988063106,0.465343827250633,0.55850787226065,0,0.781421677150599,0,0,0.996977564492743,0,0,8.03721844387698e-09,5.19056951201059e-93,5.99583023472412e-214,0.999999991962782,0,0,1.01699731047088e-176,3.09880955315912e-128,"Signature_5",0.999999991962782
1,0,0,0,0,1,0,0,0,0,0,0,0,0,0,0,0,0,0,0,0,0,0,1,0,0,0,0,0,0,0,1,0,0,0,0,0,0,1,0,0,0,0,0,0,1,1,0,0,0,0,0,0,0,0,1,0,0,0,0,0,0,0,0,4,0,1,1,0,0,0,1,1,1,0,0,1,0,1,1,0,0,0,0,0,0,0,1,0,0,1,0,0,0,0,0,"SIM-10309",0,0,0,0,0,22,0.094999369009109,0.292293369631008,4.52960071425628e-05,0.245907142447939,0.0425387022452634,0.261811575517062,0.000188022398019265,0.00542561725532976,0.0559749217679427,4.51180647495687e-05,0,0.000770865656435192,"Signature_3_c2",0.292293369631008,TRUE,0.633245177095198,0.355168697154195,0.286333258621255,0.174444900046161,0.410005696865668,0.108972393377207,0.141635024574064,0.125941029562707,0.190635891030712,0.177856400297938,0.156274864574354,0.599515180423491,0.399845760952435,0.120790037081083,0.0881335801940977,0.065951677589305,0.135546949863715,0.348254588680471,0.418503518243279,0.212246513242774,0.0236657148282344,0.00858514091448936,0.190106857803323,"Signature_41c",0.599515180423491,"Signature_3.Signature_1.Signature_17a.Signature_17b.Signature_41c","9.12320571147172_1.87381053138134_1.60337541162842_1.2749861219157_12.1613849382593",-87.3568689997183,0.682506253630419,9.12320571147172,0.00118497666681761,0,0.00118497666681761,0,0,0,0,0.00880732828830288,0.0100741054245302,0,0.192673959381836,0,0.872156087001169,0,0.872156087001169,0,0,0,0,0.767641105757367,0.780883759818454,0,0.999219659165815,0,0.41469116870326,0.000367779877934694,3.58786181141116e-28,4.53625099047427e-49,0.999632220122065,0,0,1.29223180238491e-44,7.90933236499843e-47,"Signature_5",0.999632220122065
0,1,0,0,0,0,0,0,1,0,0,0,0,1,0,0,0,2,1,2,0,2,0,0,0,0,0,3,0,1,0,0,2,1,0,0,0,1,1,0,2,1,1,1,1,1,0,2,1,1,0,1,0,0,0,1,0,0,0,0,0,0,0,1,0,0,1,0,0,2,0,0,4,0,1,0,0,0,0,0,0,0,0,0,0,1,0,0,0,0,1,0,0,1,0,0,"SIM-10354",0,0,0,0,0,44,0.218619507604917,0.675479818243107,1.17848448037218e-07,0.105637227863176,0.000138520858724296,2.22107645461268e-06,0,9.94821797232927e-06,0.000112464870913186,6.50307408115075e-10,0,1.72765979948135e-07,"Signature_3_c2",0.675479818243107,TRUE,0.999736671559648,0.538377623044283,0.355897764879486,0.198413009413351,0.525851066738059,0.23968253533285,0.0904366119008598,0.189085657787242,0.1240144636608,0.0174681975905443,0.413230103405694,0.220231872304744,0.325628678157502,0.414895225080602,0.271820784374819,0.235411042517222,0.177258087691027,0.433550283733077,0.461013075866786,0.197316545647093,0.39652988384236,0.030290296066815,0.0549674380154792,"Signature_3",0.538377623044283,"Signature_3.Signature_5.Signature_2.Signature_30.Signature_41c","26.5843804029771_7.51447605739398_1.57013759900718_5.21435687788522_3.63039048808625",-192.939164598194,0.589300783302783,26.5843804029771,0.0430019564884618,0,0,0.00130057111777782,0.00355222299739821,0,0,0,0,0.0043136401328846,0.00815025778533374,0,0.9821447684633,0,0,0.533559116330646,0.564738420315581,0,0,0,0,0.577664378980603,0.773352176655136,0,0.604190463704025,0.999993905473136,1.3468562306563e-46,4.23120694798188e-97,6.09452686349375e-06,0,0,2.09385998643002e-78,2.8480676963993e-56,"Signature_3",0.999993905473136
0,4,1,0,0,1,0,0,0,0,0,0,0,0,0,0,1,0,0,0,2,1,0,1,0,0,0,0,1,0,1,0,2,1,1,3,1,1,0,1,2,1,1,1,1,1,0,0,1,0,0,0,0,1,0,1,0,0,0,1,0,0,1,0,4,0,0,3,0,1,0,0,1,0,1,3,0,0,1,0,0,0,0,0,0,1,1,0,0,0,1,1,0,0,0,0,"SIM-10355",0,0,0,0,0,53,0.0375400309198501,0.898426298909491,2.01435683350173e-10,0.0636833316347654,0.000177422957869676,7.49262340525775e-07,7.76446220843244e-15,1.24661869793205e-06,0.00017090996289687,1.50469775969695e-12,0,9.53114064897633e-09,"Signature_3_c2",0.898426298909491,TRUE,0.999649661665542,0.532148415805333,0.461300897031104,0.197012689528135,0.548724808748018,0.132871197894083,0.110831779875336,0.115387337128371,0.0830128250764274,0.0334151232815453,0.399783616454656,0.408007835434003,0.338556947419442,0.446945112722984,0.256154337714116,0.212999976167019,0.194395230599098,0.335996701194619,0.425340136097897,0.13716323380037,0.410964443730017,0.0229928214473817,0.0291275994951346,"Signature_5",0.548724808748018,"Signature_3.Signature_8.Signature_5.Signature_30.Signature_41c","25.5656556992957_6.4827447174728_1.17358470933888_9.57671185520814_11.9914445164968",-231.505827347451,0.647833940575819,25.5656556992957,0.0226925236818557,0.00197013168136007,0,2.60528188568143e-05,0,0,0,0,0,0.0116605681375799,0.0696584442552975,0,0.960426109276958,0.547580839000689,0,0.493329834141158,0,0,0,0,0,0.808366855808733,0.996462800526871,0,0.482370862250862,0.999680860333391,1.25241764464452e-46,7.17156815253255e-117,0.000319139666609119,0,0,3.66514732335775e-93,3.10349136401323e-66,"Signature_3",0.999680860333391
0,0,1,0,0,0,1,1,1,2,0,0,1,0,0,1,0,0,0,0,1,2,0,0,2,1,1,0,0,1,0,0,4,1,0,0,1,4,0,3,2,0,3,0,1,2,3,0,1,3,0,0,0,0,0,0,0,0,1,0,0,1,1,0,1,1,1,1,1,2,1,0,2,0,1,1,3,0,2,0,1,0,1,0,1,0,1,1,0,0,1,0,2,0,0,1,"SIM-10356",0,0,0,0,0,73,0.018504156438787,0.894761722234077,1.26683844175781e-13,0.0784447207021288,0.000250687090040829,1.90300454459322e-07,1.19225442604043e-19,1.0872476968278e-05,0.0080274802840855,2.0295971981103e-14,0,1.70473310627899e-07,"Signature_3_c2",0.894761722234077,TRUE,0.99171059937512,0.515073817319186,0.431172369088034,0.295675525239641,0.651118579827042,0.190604156643655,0.0806156904944823,0.261425351724326,0.110447732458643,0.101802140356625,0.560069527570447,0.327243902372229,0.475898668872557,0.490732150218576,0.363080367731546,0.310450140523396,0.257920596292337,0.347661181883533,0.496312986884547,0.259590552191007,0.34725002715864,0.124028841387977,0.283763474790152,"Signature_5",0.651118579827042,"Signature_3.Signature_5.Signature_17b.Signature_30.Signature_41c","11.8881587988057_28.9438516274572_0.745184071562023_15.8232369590581_9.06212640651718",-326.434838737455,0.693103626298309,11.8881587988057,0.00340473418559328,0,0,0.0114345447349719,0,0,0,0,0.000757190500848326,0.0221468906829039,0.011221546358734,0,0.434011004473287,0,0.5,0.903810741659363,0,0,0,0,0.498099352442003,0.82879783465491,0.900239584765597,0,0.162851490394599,2.87634157562325e-06,1.26880736789239e-81,8.42692715403094e-163,0.999997123658424,0,0,6.39406786631026e-131,1.32963129403173e-71,"Signature_5",0.999997123658424
1,1,0,0,3,0,1,1,1,1,0,1,0,1,0,2,2,0,0,2,1,2,0,2,0,0,0,1,0,0,0,0,2,1,0,1,3,6,2,2,0,2,0,0,3,1,2,3,0,0,1,0,0,1,2,2,0,0,0,1,1,0,1,0,2,2,5,2,2,0,2,0,0,0,0,1,2,0,2,3,0,1,1,0,0,0,1,0,1,0,0,0,2,0,0,3,"SIM-10376",0,0,0,0,0,92,0.042317616020168,0.822315275798449,4.00360438762902e-15,0.135334513973515,3.6778809369051e-06,7.98156235524336e-07,1.85282862979101e-22,1.16301846408159e-07,2.80017997151987e-05,2.11085421129717e-17,0,6.91298446301981e-11,"Signature_3_c2",0.822315275798449,TRUE,0.999967405792136,0.603704010300571,0.505479289090757,0.20496459550715,0.677818507519398,0.335036460218727,0.0941894041668818,0.357639190520672,0.0865551642592961,0.0364320799414838,0.549977386123425,0.394875525321487,0.493493602630729,0.537735063209576,0.221214761235694,0.123559084126964,0.250631097497583,0.295225227005364,0.414277705221255,0.37034290291278,0.228691641081358,0.16213287470527,0.191846905900681,"Signature_5",0.677818507519398,"Signature_3.Signature_5.Signature_2.Signature_30.Signature_41c","31.4633264629377_30.8462882156521_4.6662712213456_11.3732673546773_14.3340339101201",-402.486954037173,0.75401042155798,31.4633264629377,0.0124156703624796,0,0,0.00315151120323331,0.00603235708342953,0,0,0,0,0.00489741676398736,0.0276399662353943,0,0.748879977549257,0,0,0.732642969194738,0.692876867239125,0,0,0,0,0.606767633934506,0.98108728447337,0,0.341992678944976,0.102499771128833,6.10551954727451e-88,9.10827344709713e-219,0.897500228871167,0,0,1.35622215392801e-149,4.98345882440078e-110,"Signature_5",0.897500228871167
1,0,0,1,2,0,0,0,1,1,0,2,2,0,0,0,1,0,0,1,0,0,0,0,0,0,0,1,1,2,0,0,4,2,0,1,2,2,1,2,3,3,0,1,2,0,0,1,1,1,2,0,0,1,0,0,1,1,0,0,2,0,1,1,3,3,3,2,0,0,0,1,2,1,1,0,1,0,1,0,1,0,0,1,0,0,0,0,0,0,1,0,3,0,0,0,"SIM-10410",0,0,0,0,0,75,0.0425233101347653,0.830212227944116,1.26490205662946e-12,0.126251826307149,0.00010449494118936,1.30782575450484e-08,0,5.67967907930744e-06,0.000902432896756379,9.68323697854174e-14,0,1.50173253055975e-08,"Signature_3_c2",0.830212227944116,TRUE,0.998987364387295,0.564872026307286,0.453585403798986,0.152719552310197,0.643212372385386,0.210931628892891,0.156788044829898,0.304354450628319,0.101084742691,0.0123352266892833,0.532820234879485,0.388482660525789,0.44277331897656,0.59005681192554,0.264341646474946,0.195778054513922,0.235811366951857,0.391628504785325,0.442989915208897,0.249870323197385,0.495183733928623,0.0502639217004599,0.0288321956265178,"Signature_5",0.643212372385386,"Signature_3.Signature_5.Signature_18.Signature_30.Signature_41c","26.2102393873518_13.4102210128534_2.18378200503956_16.9472761331273_12.9224191258316",-333.157737246764,0.713590928668173,26.2102393873518,0.0140969323067784,0,0,0.0023224228909301,0,0,0.000748004674716696,0,0,0.0211595052986991,0.0405877391050542,0,0.440519539603914,0,0.5,0.660190336498016,0,0,0.512975251167963,0,0,0.836244497613721,0.982647524247675,0,0.349469858498024,0.341669335878607,8.45661152685502e-70,7.08974405857902e-166,0.658330664121394,0,0,1.97321119717677e-126,2.18242795721757e-72,"Signature_5",0.658330664121394
0,1,0,0,0,0,1,0,2,0,0,0,1,0,0,0,0,0,0,0,0,0,0,0,0,0,0,0,0,0,0,1,3,2,0,1,2,0,3,1,0,0,1,1,0,1,1,3,2,0,1,0,0,0,0,0,0,0,0,0,0,0,1,0,6,1,1,1,1,0,0,0,0,1,0,1,1,0,1,1,1,0,0,1,0,1,0,1,0,0,2,0,1,0,1,0,"SIM-10463",0,0,0,0,0,52,0.0153022355116841,0.183737947184253,1.66109976576946e-09,0.16212088733596,0.0448421269823668,0.00182704737261826,1.80831552459564e-11,0.0174967685480251,0.574454738418396,1.01019642335764e-07,0,0.000218145947872529,"Signature_clock_c2",0.574454738418396,FALSE,0.361161071692996,0.388342957463565,0.372196413462372,0.291331036783945,0.549681858649445,0.213980522802361,0.110778398878805,0.269925798337954,0.0244062850318722,0.111383348110032,0.424872430275192,0.547131747555299,0.459072263584026,0.385419895760119,0.241552225118288,0.174607631322028,0.159518832301939,0.312045206127171,0.391643755073518,0.20432504780098,0.274280075199922,0.0410317385849557,0.15172780632989,"Signature_5",0.549681858649445,"Signature_5.Signature_18.Signature_17b.Signature_30.Signature_41c","14.9251932366116_5.45322229023471_1.11353647421269_11.8055795273198_18.8160291100109",-220.59826605788,0.705635516649124,0,0,0,0,0.00347945743483125,0,0,0.00463606239828906,0,0.00179725285715737,0.0081963947806587,0.119220736530593,0,0.5,0,0.5,0.804058110579358,0,0,0.552773436583495,0,0.513150607611718,0.738226284146382,0.999771991553405,0,0,8.15879166553984e-15,2.8192651831628e-59,1.14691781762597e-101,0.999999999999992,0,0,3.16048182544417e-95,2.64859667624105e-45,"Signature_5",0.999999999999992
3,0,0,0,1,2,0,0,1,0,0,0,0,2,1,2,0,1,1,1,2,0,0,1,0,0,0,0,1,0,0,1,5,1,0,2,1,2,0,2,1,1,3,1,2,4,2,2,0,0,0,1,0,2,1,0,0,0,0,0,0,0,0,1,5,0,5,2,1,1,1,2,0,0,0,0,2,3,2,1,0,0,0,0,1,0,0,0,0,0,3,0,0,0,1,2,"SIM-10464",0,0,0,0,0,86,0.0879991157491269,0.524105813886254,8.66550562322443e-12,0.38744973525957,8.59561457615256e-05,2.59557469606975e-05,8.33748934003791e-20,7.70805040295742e-06,0.000325710859607926,6.79262307370439e-13,0,4.29297205272561e-09,"Signature_3_c2",0.524105813886254,TRUE,0.999554664903616,0.586905748911868,0.503077855347924,0.245805682790046,0.671470456634762,0.303621594379953,0.177374074616448,0.307466546103723,0.19854017161181,0.0301560913261434,0.515158350512907,0.461634424838267,0.612133245034821,0.506777252299685,0.320625046854877,0.28697186839901,0.257179768211623,0.222912411765707,0.468881934120036,0.326660314673138,0.359536298883441,0.173764004699961,0.201314900569194,"Signature_5",0.671470456634762,"Signature_3.Signature_5.Signature_2.Signature_41c.Signature_41b","22.3218019231852_39.1452439547326_5.44135472248959_11.6372738825687_15.2289822412333",-368.224667530663,0.763750666409696,22.3218019231852,0.00775619242362491,0,0,0.00322131167263795,0.00333247996293096,0,0,0,0,0,0.0140285264810347,0.00371689967161726,0.850537833884989,0,0,0.619954588748575,0.685069583249103,0,0,0,0,0,0.847018666373089,0.64619338389373,0.259555836316106,1.20209360558356e-08,1.09522275640845e-89,1.13555542685255e-190,0.999999987979064,0,0,4.08370859044409e-138,7.34783329165394e-98,"Signature_5",0.999999987979064
0,0,0,0,1,1,1,2,3,0,0,0,2,1,0,1,1,1,0,0,0,1,0,0,0,0,0,1,3,2,0,2,3,2,1,0,0,3,1,1,3,0,4,2,3,0,0,2,0,0,2,0,0,0,0,2,1,2,0,0,0,1,1,1,1,0,3,2,2,0,1,2,0,0,1,1,2,0,1,0,0,0,2,1,0,0,1,0,0,0,0,0,0,1,0,2,"SIM-10477",0,0,0,0,0,81,0.229918158310323,0.13843753487688,5.35773511974812e-09,0.631485025976252,5.6491452518737e-05,9.38434943477754e-05,0,4.64397238543452e-06,4.2951682057488e-06,6.90534931430722e-11,0,1.32229915280873e-09,"Signature_3_c4",0.631485025976252,TRUE,0.99984072452119,0.592591022469512,0.552043736166917,0.337684599906472,0.680302069048942,0.324297603176462,0.386443562792681,0.405218470244848,0.195845996435579,0.0420474555258212,0.479419210366431,0.279277897967826,0.495828441852159,0.443744274376172,0.47214531392309,0.390565500612337,0.381727811854277,0.27891159730296,0.487863677527989,0.331377859342909,0.434459303565927,0.146095016987942,0.056632943391683,"Signature_5",0.680302069048942,"Signature_5.Signature_2.Signature_13.Signature_18.Signature_41b","50.3903833022802_2.37254117770211_8.04858001046666_5.17989853346704_12.3935636692497",-354.509416072671,0.758687924027261,0,0,0,0,0.0294783537713196,0.00285859972421643,0.034725417838565,0.00309132694198311,0,0,0,0,0.00220560087577892,0,0,0.5,0.981951771885619,0.482719086214754,0.983112952393281,0.523721762326073,0,0,0,0,0.493205033859539,0,0.23374234578069,1.0046755389527e-64,4.81414323700391e-171,0.76625765421931,0,0,3.19751174894891e-116,1.81113204958154e-91,"Signature_5",0.76625765421931
0,1,0,0,0,1,0,1,2,0,0,0,0,0,0,1,1,1,0,2,1,0,0,1,0,2,0,0,3,1,0,2,2,2,0,2,7,4,1,1,1,0,1,1,1,0,1,2,0,1,0,1,1,0,1,1,1,0,2,0,2,1,0,2,8,0,2,4,3,1,2,1,2,0,2,1,0,0,0,3,0,0,0,0,0,0,2,1,0,0,0,0,0,2,0,1,"SIM-10544",0,0,0,0,0,94,0.0834994936343713,0.435919451351514,2.20698167289043e-14,0.480569948901347,8.01342448682743e-07,3.01608024604599e-07,1.73368644678588e-20,2.91570875808365e-08,9.97400459381111e-06,1.6958689115e-16,0,5.90668282920796e-13,"Signature_3_c4",0.480569948901347,TRUE,0.999988893887254,0.538913640982097,0.404629139399093,0.164656060084053,0.609258612041933,0.179857159954168,0.251365270781445,0.205774483292353,0.140031313342876,0.0817836532283681,0.434299780001146,0.562127774199775,0.517617489590689,0.441911031447338,0.187283267584491,0.127965578356596,0.213790089918199,0.311386671023902,0.465855844783227,0.282927160746373,0.257572203491504,0.0801221069990572,0.0961634210607666,"Signature_5",0.609258612041933,"Signature_3.Signature_5.Signature_13.Signature_30.Signature_41c","21.9972017006031_29.8214253769572_5.39764931121441_11.7697870815064_28.0792782993517",-403.063549448952,0.762974109270248,21.9972017006031,0.00460961588600617,0,0,0.00429987855981373,0,0.00982690787060569,0,0,0,0.00621443879411177,0.0979589473252525,0,0.698834248283305,0,0.5,0.705955151980262,0,0.911477535541907,0,0,0,0.713301189513147,0.999898456043729,0,0.234012784048969,0.0217809152874708,2.18407969871977e-88,1.75342328976022e-209,0.978219084712529,0,0,1.1160591101771e-174,8.67118067174209e-132,"Signature_5",0.978219084712529
1,0,0,0,1,2,1,0,0,0,0,1,0,0,0,1,1,0,0,1,0,1,0,2,1,1,0,0,0,0,1,0,1,2,0,2,0,0,1,0,1,3,1,1,1,2,0,0,0,0,1,0,0,0,0,1,0,0,0,0,2,1,0,0,1,0,1,5,0,1,0,3,1,0,0,0,0,1,1,2,0,0,0,0,0,0,0,0,0,0,2,0,0,1,0,0,"SIM-10551",0,0,0,0,0,54,0.0391822732067147,0.894522101167796,7.42839287070412e-11,0.065634957398861,0.0004089427227917,1.08974856230298e-05,5.92801374900836e-15,1.41867577485604e-06,0.000239330652216633,6.69681113593493e-13,0,7.86152627778535e-08,"Signature_3_c2",0.894522101167796,TRUE,0.999339331847655,0.548806117103697,0.431929744711114,0.185688152624445,0.578176982879698,0.1422933137544,0.0580856475764991,0.258733232651328,0.330136598534264,0.0179300361317782,0.399130246792543,0.334072105642664,0.407505443911056,0.418630335141288,0.306769096958991,0.27130618062277,0.281812427221615,0.310978886767462,0.410750973676621,0.18879525804423,0.32744787716821,0.12676146780109,0.0416834565386685,"Signature_5",0.578176982879698,"Signature_3.Signature_5.Signature_17a.Signature_30.Signature_41c","25.7846925451085_7.71508304823131_5.03961708656277_8.33588523654493_8.86303991537435",-234.057255180122,0.667254649278208,25.7846925451085,0.0256017857082115,0,0,0.000614832462752957,0,0,0,0.036101169356357,0,0.00868449854969899,0.0307182872720598,0,0.96477203768923,0,0.5,0.502647426564219,0,0,0,0.899824693597255,0,0.700802473444385,0.961202172911514,0,0.477494306390898,0.998697525326912,6.99458954661578e-55,3.19669263681158e-125,0.0013024746730876,0,0,1.0221586078625e-84,2.46459703784179e-76,"Signature_3",0.998697525326912
0,0,0,0,0,1,0,0,0,0,0,1,1,0,0,0,1,1,0,0,0,0,0,0,0,0,0,0,0,0,0,2,2,1,0,0,0,0,1,2,1,2,0,0,0,1,2,1,1,0,0,0,0,1,0,0,0,1,0,1,0,1,0,0,0,0,2,2,1,0,1,4,1,0,0,1,1,0,0,0,0,0,0,1,0,0,1,1,2,0,0,0,0,0,0,1,"SIM-10589",0,0,0,0,0,44,0.0131712743922237,0.0671652388815639,2.53154991495875e-08,0.0399363581982295,0.00402609411216706,0.875360035773543,2.06953972995688e-06,1.10622074473114e-05,0.00032765886891207,1.73880730836276e-09,0,1.80971876684791e-07,"Signature_17_c1",0.875360035773543,FALSE,0.120272896787516,0.481037714551916,0.369048551701506,0.207755854602758,0.550473169351811,0.187712067649943,0.208857858891035,0.169087546378537,0.459474896111679,0.161629770612455,0.383785588742119,0.263281869487745,0.35946108162379,0.390597764964458,0.214448374285674,0.15673182968572,0.223027434341264,0.374290411038958,0.442485035026179,0.302395891936991,0.288819146360118,0.0405810208716503,0.271670502521106,"Signature_5",0.550473169351811,"Signature_5.Signature_13.Signature_17a.Signature_17b.Signature_41c","26.3780113490722_3.00554168600209_6.42650306267339_1.31420528675817_4.47381063868565",-193.634944666266,0.678408944078119,0,0,0,0,0.00210826068701631,0,0.00210826068701631,0,0.0896074741206154,0.000380051623722344,0,0.0103838843325101,0,0,0,0.5,0.211867153292359,0,0.211867153292359,0,0.95366536005696,0.423129147348012,0,0.859172094701699,0,0,0.953957594351495,3.6504686874731e-50,1.08579414881088e-101,0.0460424056485053,0,0,3.382863992938e-80,1.74584739863396e-54,"Signature_3",0.953957594351495
1,1,0,0,1,1,0,0,1,0,0,0,1,0,0,0,1,2,0,1,0,0,0,2,0,0,0,0,2,0,0,0,1,0,0,0,0,0,0,1,0,1,1,0,1,0,0,1,0,0,0,0,0,1,0,1,0,0,0,0,0,0,1,0,1,1,1,3,0,0,1,1,0,0,0,0,2,0,1,2,0,0,0,0,0,0,0,1,0,0,0,0,0,1,1,0,"SIM-10597",0,0,0,0,0,39,0.28726056389018,0.442355751204066,2.97265561531178e-06,0.265002925221818,0.000408057212208418,0.00488806600853535,6.43891369697022e-09,1.42993955944204e-05,6.71392306198402e-05,1.88242123046556e-08,0,1.9991823652225e-07,"Signature_3_c2",0.442355751204066,TRUE,0.99462221297168,0.531174797095455,0.460147524591099,0.13391976665945,0.492861073294606,0.203519473646127,0.234387962144959,0.259833398064159,0.204112945765819,0.145129014145163,0.210216242896239,0.419283152771347,0.437160050863012,0.228373204601153,0.176619308873026,0.201423555203313,0.199208338490069,0.177651343560487,0.350913007953641,0.259138941009362,0.152469166987659,0.0440448535418298,0.0296171546869782,"Signature_3",0.531174797095455,"Signature_3.Signature_2.Signature_17a.Signature_17b.Signature_41c","25.9327789073157_1.86574543327677_1.6346201618325_1.04387557030077_9.30091322809189",-170.247340914888,0.645419931944238,25.9327789073157,0.019828217831256,0,0,0,0.00435154651321978,0,0,0.00390322835322188,0.00247757083997346,0,0.0504623307540384,0,0.815585964846134,0,0.5,0,0.451434766801261,0,0,0.52008840524213,0.492482728578451,0,0.918592232543171,0,0.66494304890553,0.999978422866109,3.93924589049521e-34,1.67557667345559e-93,2.15771338913535e-05,0,0,1.49895363848561e-68,4.28006994656363e-77,"Signature_3",0.999978422866109
0,2,0,1,2,2,0,0,2,0,0,1,0,2,0,0,0,1,0,3,0,0,0,0,0,0,1,1,1,0,0,2,3,3,0,2,4,0,4,3,0,3,0,2,1,3,1,1,1,0,1,1,2,0,0,3,0,1,2,0,1,1,0,0,2,0,6,4,3,2,1,1,1,0,0,3,1,0,0,0,0,0,0,0,0,0,0,1,0,0,0,1,0,1,2,0,"SIM-10601",0,0,0,0,0,93,0.0180251616142437,0.933981814734666,6.69673548674302e-16,0.0478217880281766,0.000152697457022298,4.07578638689269e-08,5.65224152527482e-25,1.92352075921802e-08,1.84781587106815e-05,1.64811246208236e-18,0,1.41089399407046e-11,"Signature_3_c2",0.933981814734666,TRUE,0.999828764377087,0.60407243941351,0.522198214926345,0.246666237210631,0.681236917727367,0.196715183375957,0.180582233685585,0.308542021802558,0.172749927809106,0.0867001131750043,0.508125547945212,0.355420058993699,0.400033510631893,0.530519461732957,0.250703443347247,0.167210693056143,0.2656174247144,0.396236490684975,0.488391588045414,0.355525107400361,0.332688628869106,0.0268139912892166,0.105208412463871,"Signature_5",0.681236917727367,"Signature_3.Signature_5.Signature_17a.Signature_30.Signature_41c","32.6762161592396_37.3493832979989_1.13434778899021_11.9748497717503_12.2228734546607",-406.996185345528,0.721898062359967,32.6762161592396,0.00983634775598197,0,0,0.00892681226278558,0,0,0,7.9424159933783e-05,0,0.00537987197560863,0.0258563771964814,0,0.603491894111604,0,0.5,0.576308536481921,0,0,0,0.51948942508424,0,0.694491525349323,0.987066171436066,0,0.351357163002576,0.937388589214302,6.85751052539276e-77,3.99531621691474e-207,0.0626114107856985,0,0,1.57960173975995e-153,3.18318576266907e-105,"Signature_3",0.937388589214302
0,5,0,1,2,0,0,0,2,0,0,2,2,2,0,2,1,0,0,1,1,2,0,2,0,2,1,0,2,2,0,2,5,4,1,1,2,1,1,1,2,3,0,1,1,2,0,2,1,1,1,1,0,1,1,1,0,0,1,0,3,3,0,0,6,0,3,4,1,2,4,2,1,1,2,2,2,2,1,0,1,0,1,0,1,1,0,1,0,0,1,0,0,1,0,0,"SIM-10667",0,0,0,0,0,115,0.0334246361668628,0.880416660894511,6.54080300552943e-18,0.0861584674659069,1.57313826082772e-07,4.5726636727763e-09,0,3.9215188082087e-11,7.3547012470232e-08,3.13701224691699e-22,0,2.3789306739016e-15,"Signature_3_c2",0.880416660894511,TRUE,0.99999976452728,0.685645004698917,0.565994772308785,0.17024286770823,0.700300514058791,0.180761881068557,0.241246877901855,0.34581951048672,0.244842976789389,0.0758625810139891,0.450202631820261,0.456830439513333,0.523553389408401,0.48861176672065,0.242959149284338,0.166325835788849,0.214629665202145,0.396344986514427,0.526433046338506,0.389377155267337,0.3601891950392,0.160331604014126,0.0473536051685251,"Signature_5",0.700300514058791,"Signature_3.Signature_5.Signature_13.Signature_17a.Signature_41c","47.7280241062286_44.4251848087401_2.98891877567983_3.05114781706609_19.043337959887",-506.855029353125,0.795314761646861,47.7280241062286,0.0212717705362823,0,0,0.00418196160737816,0,0.000563503148131139,0,0.00347453789278573,0,0,0.0401145129115656,0,0.848008470952162,0,0.5,0.705814611317353,0,0.554046752855128,0,0.630564443837453,0,0,0.987580481065893,0,0.415026296575901,0.999999948114253,7.48779582247448e-100,1.88815014659202e-271,5.18857467995604e-08,0,0,2.67986687436767e-188,8.99728861482405e-167,"Signature_3",0.999999948114253
0,0,0,0,1,0,0,1,0,0,0,0,1,1,1,2,1,0,0,2,0,1,0,0,0,0,0,1,1,0,0,0,3,3,0,0,1,3,1,1,2,0,1,0,2,0,1,2,1,0,1,0,0,0,0,0,0,0,0,0,0,1,0,1,1,0,0,3,1,0,0,0,1,0,0,0,0,0,0,0,0,0,0,0,0,1,0,1,0,1,1,0,1,0,1,1,"SIM-10709",0,0,0,0,0,50,0.201051245362763,0.284726489299449,3.67627281547397e-06,0.473267483953565,0.0325691841644845,0.000930924854630081,0,0.00196027037007753,0.00548184560127331,9.75620108688272e-07,0,7.90450083420896e-06,"Signature_3_c4",0.473267483953565,TRUE,0.959048894888592,0.518145355793296,0.430702474400091,0.23718810056698,0.570711565057097,0.347269822338247,0.177758000384921,0.305267074209716,0.0187213004602089,0.13355288519988,0.558115116403341,0.277712881704014,0.35386277165843,0.542893452658375,0.317804092134044,0.187642741784034,0.258847146479199,0.215297437514088,0.319081310525143,0.0859864473254035,0.404698723680249,0.259076300625251,0.167249562201838,"Signature_5",0.570711565057097,"Signature_3.Signature_2.Signature_17b.Signature_30.Signature_41c","22.3852922573258_2.28404171638104_1.21077635799724_15.5771413201327_6.7142069861379",-218.247276155515,0.672944028100743,22.3852922573258,0.0157481427596114,0,0,0,0.00272394790778741,0,0,0,0.00103975930926203,0.0298942092834018,0.0230058652193144,0,0.975889022892542,0,0.5,0,0.440564599609093,0,0,0,0.426876876719728,0.919196771198004,0.98263810641731,0,0.447705845146516,0.732219969615974,3.2672529642393e-47,1.35073123734199e-99,0.267780030384026,0,0,9.7507160840533e-79,5.37170497282497e-42,"Signature_3",0.732219969615974
0,0,0,0,1,1,0,0,1,1,1,0,1,1,1,2,0,0,0,0,1,0,1,1,1,1,0,1,0,2,0,0,2,1,0,2,2,3,1,0,1,1,0,1,2,2,0,2,1,2,1,0,0,0,0,0,0,0,2,0,0,0,0,0,7,0,4,2,5,1,2,1,2,1,1,1,1,0,1,0,0,0,1,0,0,0,1,0,0,0,1,1,0,0,1,2,"SIM-10725",0,0,0,0,0,80,0.0534359105085104,0.608734626733727,4.53594019087207e-13,0.33637679518633,9.05576869776099e-06,1.9154534017478e-05,1.30818343123568e-19,1.88836197630894e-06,0.00142256751260991,1.3472352181433e-14,0,1.39366445018714e-09,"Signature_3_c2",0.608734626733727,TRUE,0.998547332429021,0.523235713449466,0.385454075435293,0.126068815176805,0.621833456351033,0.2425332401982,0.108030911120953,0.2688692231921,0.147973168776521,0.0423684680717369,0.429686880381419,0.5549291447394,0.478080392672602,0.450062254346369,0.164991760159765,0.116819282712646,0.187724139391255,0.378981779067909,0.522615293129706,0.375124446366485,0.274031550286596,0.173960191226384,0.0578538183409186,"Signature_5",0.621833456351033,"Signature_3.Signature_5.Signature_2.Signature_30.Signature_41c","17.1712674501362_35.7847743399919_3.23945757637352_3.12946801778638_22.053441022944",-345.81893566813,0.751515954203566,17.1712674501362,0.00511797723656715,0,0,0.0104669718582632,0.00458480643267623,0,0,0,0,0.000317348691200148,0.101478867980694,0,0.666496219526805,0,0,0.873866294386327,0.646275184067973,0,0,0,0,0.506951498893304,0.999840502518692,0,0.214640843126702,1.82059376976624e-08,1.28569777389164e-87,9.36034434569515e-206,0.999999981794062,0,0,1.45411772492808e-151,2.57364850303369e-117,"Signature_5",0.999999981794062
0,0,0,0,0,0,0,0,0,1,0,0,0,0,0,0,1,0,0,0,0,1,0,0,0,1,0,0,1,0,0,0,0,0,1,0,0,1,0,0,1,2,0,0,1,0,0,0,0,0,0,0,0,0,0,0,0,0,0,0,0,0,1,0,1,0,0,1,0,0,0,2,0,0,0,0,0,0,0,0,0,0,0,0,0,0,0,0,0,0,0,0,0,0,1,0,"SIM-10770",0,0,0,0,0,17,0.314023366371563,0.25227956640812,0.00323909915831865,0.321490587631642,0.0330505033505335,0.0247399593153777,0.000149770247558093,0.0186885564297999,0.0291619135050121,0.00123640167495034,0,0.00194027590712543,"Signature_3_c4",0.321490587631642,TRUE,0.891032619569643,0.371792561768878,0.239410131173386,0.202859477925756,0.443977641078756,0.208252361339264,0.196998092086814,0.0775211057510543,0.38088574254306,0.0164984329340334,0.394067084829928,0.170349108638484,0.262786051449672,0.386789138523667,0.223877149739746,0.21089493329442,0.181194508861173,0.25834779774208,0.2702141041875,0.0842347187004921,0.277317057374221,0.0194415465123296,0.0136349267836581,"Signature_5",0.443977641078756,"Signature_3.Signature_13.Signature_17a.Signature_30.Signature_41c","3.12638485816308_1.33526715098125_3.47927039792043_7.12423474332877_2.16021912840735",-71.4847241209719,0.582021455743498,3.12638485816308,0.00106815939851412,0,0,0,0,0.0109875506257661,0,0.0997863422798189,0,0.0286120086635698,0.0107305570077888,0,0.698937380764558,0,0.5,0,0,0.572997135612342,0,0.823863374674532,0,0.674648064996407,0.640009426790054,0,0.183904991656652,0.96021199272048,2.44229674835158e-22,6.1316973757268e-42,0.0397880072795199,0,0,1.71636841717536e-33,4.96708468722262e-19,"Signature_3",0.96021199272048
1,0,0,1,3,1,0,1,0,1,0,0,1,1,0,0,2,0,0,2,1,1,0,0,1,1,0,0,0,1,0,0,2,2,0,0,1,2,0,1,1,2,0,2,0,1,0,3,0,1,0,1,0,2,0,0,0,0,0,1,0,0,1,0,2,1,1,5,0,0,3,0,0,1,2,4,1,0,1,2,0,0,0,0,1,0,1,2,0,0,0,0,2,0,0,0,"SIM-10835",0,0,0,0,0,71,0.0182100441449805,0.953136597193432,6.30400758198811e-14,0.028603742113662,1.77465759755119e-05,7.62989961000937e-06,2.484100164181e-17,2.15625044439019e-08,2.42184353880424e-05,1.13877921841457e-16,0,7.43842775844632e-11,"Signature_3_c2",0.953136597193432,TRUE,0.999950383452138,0.566925982203591,0.448575986314698,0.0951724100875414,0.597722880084334,0.149649495755983,0.0611904976786588,0.235380087126826,0.101763311643109,0.169941520524202,0.395409007571373,0.39275953198953,0.38954553444606,0.46023464770749,0.214307987464157,0.160996366890346,0.296836570149394,0.408966341851521,0.491399111601881,0.341380969572228,0.337972228810822,0.0465888032290255,0.05328405968997,"Signature_5",0.597722880084334,"Signature_3.Signature_5.Signature_17b.Signature_30.Signature_41c","30.2225177884028_22.2832673486791_2.02315597846373_4.29013114626482_12.0100071819028",-314.438554185779,0.67507596363571,30.2225177884028,0.0246627862928277,0,0,0.00836433169226602,0,0,0,0,0.00775073933694859,0.00141677980752419,0.0437465023581364,0,0.799296268465718,0,0.5,0.801158292324081,0,0,0,0,0.6562033838979,0.53941114312539,0.988588967808409,0,0.425669264625391,0.999999174161627,1.22949631470507e-69,2.37862419591145e-185,8.25838373172189e-07,0,0,3.27720505239566e-130,1.50738061563706e-105,"Signature_3",0.999999174161627
2,0,0,0,2,1,0,1,1,1,0,0,1,0,0,2,0,0,0,0,0,0,0,2,0,0,0,0,0,0,0,4,2,0,0,1,0,1,0,1,1,1,1,1,3,0,1,2,0,0,0,0,0,1,0,0,0,0,0,0,0,0,0,1,3,1,0,1,1,0,1,0,1,0,0,0,0,1,1,2,0,0,0,0,0,1,0,1,0,1,0,0,0,0,0,1,"SIM-10973",0,0,0,0,0,50,0.326533515209062,0.0590229426599402,0.000217377035300789,0.555347533094634,0.00301788750936031,0.0549100682294292,0,0.000752475741494721,0.000157022783476369,4.03663824969455e-05,0,8.11354805689407e-07,"Signature_3_c4",0.555347533094634,TRUE,0.941121367998937,0.575785293022886,0.506894552266776,0.173253837215072,0.53365422192604,0.459022346063771,0.432869899599667,0.392804868593089,0.0589135352140005,0.132355205279277,0.370149091582775,0.402613547762033,0.466274966046793,0.391038725571187,0.279748426796832,0.217010706907927,0.308886537758923,0.228577709457015,0.399711596608565,0.171453175504476,0.344281401091735,0.259942356856361,0.167992436391749,"Signature_3",0.575785293022886,"Signature_3.Signature_2.Signature_13.Signature_18.Signature_41c","23.2338932505971_6.19053622001768_4.23907162371102_8.01690038284833_11.7850343901799",-210.492821011797,0.773253089584687,23.2338932505971,0.0113247793511999,0,0,0,0.0356464653075456,0.0138648634582391,0.00634593692471808,0,0,0,0.034253022916043,0,0.918100786232972,0,0.5,0,0.80766018211591,0.400168062732321,0.661586743847715,0,0,0,0.976084885262461,0,0.464677865011942,0.997782970421489,4.17895990891246e-46,2.11336587161737e-107,0.00221702957851117,0,2.71356209332825e-125,9.95552202092973e-72,2.45707669184293e-64,"Signature_3",0.997782970421489
2,1,0,1,0,0,0,0,1,0,0,0,0,2,0,0,0,0,0,1,0,0,1,0,0,0,1,1,0,1,0,1,2,0,0,0,0,0,0,0,0,0,0,2,2,2,1,2,0,0,0,0,1,0,0,0,0,1,0,1,0,0,0,1,1,1,2,1,0,0,2,1,1,0,2,0,1,2,2,2,0,0,0,0,0,0,0,0,0,0,0,0,0,0,1,0,"SIM-10987",0,0,0,0,0,47,0.286487984918671,0.338530322984952,2.27386869726147e-06,0.368518965554729,0.000439849289427345,0.00482883074552549,0,0.000259692407535327,0.000930631979272458,2.82762413014525e-07,0,1.16548877759858e-06,"Signature_3_c4",0.368518965554729,TRUE,0.993539547327049,0.512158773295589,0.395469933808658,0.111379300052689,0.541113248829883,0.401842107887097,0.209933316347628,0.234567820398966,0.181888686864581,0.0111425875050034,0.347218157909947,0.35585695346235,0.49296627316129,0.357276250149422,0.136501861498279,0.0972065274433265,0.143328062493034,0.362868723112087,0.493058899527549,0.451389715257355,0.295807869401853,0.0320324816238096,0.170934899999127,"Signature_5",0.541113248829883,"Signature_3.Signature_5.Signature_2.Signature_41c.Signature_41b","16.5954697818414_11.279572451245_5.6602145098911_4.95561778942242_7.9220330840063",-205.37438967501,0.675303196524966,16.5954697818414,0.0133559825946147,0,0,0.00347364331017774,0.0589845037782463,0,0,0,0,0,0.00766146047976535,0.00245959300331233,0.700049696430601,0,0,0.668740665797678,0.958237934078483,0,0,0,0,0,0.657289883652203,0.653395847594937,0.353095101741307,0.187202771791815,8.40449501869173e-49,3.75209075638197e-110,0.812797228208185,0,0,7.13030123385156e-77,3.68758338089775e-65,"Signature_5",0.812797228208185
0,0,0,0,2,0,0,0,1,0,0,0,1,1,0,1,1,0,1,0,2,2,0,1,0,0,0,1,0,1,0,1,1,1,2,3,2,1,1,4,1,1,1,0,1,0,1,0,1,0,1,0,0,0,0,0,0,0,1,0,0,0,0,0,3,1,1,1,1,1,0,1,1,2,1,0,0,0,2,0,0,0,0,0,0,0,0,0,0,0,0,0,0,0,0,0,"SIM-11021",0,0,0,0,0,54,0.11591730463907,0.657920418050612,1.77921507277951e-09,0.213463237213334,0.000371740780954134,4.11194499320872e-08,0,0.000283238967492334,0.0120276246318744,5.38703516748205e-10,0,1.63922792946972e-05,"Signature_3_c2",0.657920418050612,TRUE,0.987300961682231,0.59889444522142,0.519479559688736,0.350730152949487,0.685368865850768,0.165594293883334,0.161790126694156,0.338941070626886,0.157188212656316,0.00941277093512969,0.455591736359416,0.318669042320281,0.349389800150053,0.474680108007075,0.30542256404623,0.240205679370394,0.19803406513661,0.403908469044701,0.50007621778995,0.23616029377866,0.310563475625552,0.14287375769783,0.126559972480469,"Signature_5",0.685368865850768,"Signature_3.Signature_5.Signature_2.Signature_13.Signature_41c","13.7702845400825_38.9544290226237_0.0868403086607583_0.631760554388164_5.06715030751165",-231.888458737025,0.70798958296688,13.7702845400825,0.00693476858742359,0,0,0.0193055069045639,9.37732819028536e-06,0.00039367352508779,0,0,0,0,0.0128381330326988,0,0.516844422936748,0,0.5,0.910794499834169,0.501861314386024,0.510280330262278,0,0,0,0,0.640635898404972,0,0.255005269260788,0.000301297078225385,4.05154088077508e-54,6.77143553328065e-108,0.999698702921775,0,0,3.07196867114646e-87,8.41655843610271e-62,"Signature_5",0.999698702921775
0,0,0,2,2,1,0,1,1,0,0,4,0,1,0,0,0,0,0,2,0,0,0,1,0,0,0,0,0,0,0,0,0,1,0,0,2,0,0,1,0,0,0,1,0,3,1,0,0,1,0,0,0,1,0,0,1,1,1,1,2,0,0,1,3,0,1,4,1,1,1,1,0,0,1,1,1,2,0,0,0,0,1,0,0,0,0,1,0,0,2,1,0,0,0,1,"SIM-11046",0,0,0,0,0,56,0.0104940568159126,0.973535767460104,2.52886091238335e-12,0.0131226534376827,0.000637473500260377,0.00219456868877629,7.38398408472226e-15,5.59121703777221e-08,1.54141613115754e-05,5.54244206828307e-15,0,1.00212400575347e-08,"Signature_3_c2",0.973535767460104,TRUE,0.997152477716229,0.531804709395132,0.487166845118157,0.0940926738361565,0.527579134852788,0.103146488763813,0.0314996475136167,0.381686491652152,0.177488267222716,0.133476508062346,0.311323427431456,0.384621083008396,0.388201907678336,0.287070261938799,0.229757393924338,0.0998204408841777,0.229858568395394,0.246964802786309,0.380655071606237,0.212432926007526,0.140146474382645,0.0327991022895269,0.13016037861627,"Signature_3",0.531804709395132,"Signature_3.Signature_18.Signature_17a.Signature_30.Signature_41c","26.7052725919226_9.1811834444765_2.14347752758283_5.11214841798049_12.1514392769092",-247.486936590747,0.640396191511678,26.7052725919226,0.0221980339266422,0,0,0,0,0,0.0144909655790942,0.00157953802385402,0,0.00172751780515434,0.0524978782952933,0,0.706459882141994,0,0.5,0,0,0,0.448694845712295,0.544843260844382,0,0.448454462709673,0.952779079977193,0,0.476879867712903,0.9999998622946,2.20972762364883e-37,1.96901555434183e-140,1.37705400394681e-07,0,0,7.15104735810398e-78,1.33296105084531e-93,"Signature_3",0.9999998622946
0,0,0,0,0,0,0,1,0,0,0,0,0,0,0,1,0,1,0,1,0,0,0,1,0,0,0,0,0,0,0,0,0,0,0,1,0,0,0,1,0,2,0,0,2,1,0,0,0,0,0,0,0,0,0,0,0,0,1,0,0,0,0,1,0,0,0,1,0,0,0,2,1,0,0,0,0,1,1,0,0,0,0,0,0,0,1,0,0,0,0,0,0,0,0,0,"SIM-11067",0,0,0,0,0,21,0.294471039631474,0.246300117084927,0.00149075537093479,0.289611393443882,0.0157405180487459,0.137481575082924,0.000139563249763007,0.00513569425379437,0.00883256971169701,0.000326277255750058,0,0.000470496866108563,"Signature_3_c1",0.294471039631474,TRUE,0.831873305531218,0.41588717705514,0.305063743743369,0.0769881906418708,0.439854246243745,0.371669047955885,0.121979554058755,0.172884000047929,0.33913100286778,0.0217348149223492,0.381977595087693,0.140823236944545,0.270272471731272,0.398996417499552,0.239439947071336,0.174600278134419,0.295905281248073,0.29806204385676,0.348285883994413,0.129954875496318,0.223645613787036,0.214079872972729,0.0410317022283496,"Signature_5",0.439854246243745,"Signature_3.Signature_2.Signature_17a.Signature_30.Signature_41c","9.8358721866181_2.93429148391309_3.18344754787871_3.61884187422396_1.4875493785656",-90.1312792014849,0.592093550780701,9.8358721866181,0.010889628892796,0,0,0,0.0427398057388534,0,0,0.0576425773695975,0,0.00222736880216168,0.00232903957343866,0,0.603854946373593,0,0.5,0,0.70020810287265,0,0,0.609432360726339,0,0.375718085601467,0.501707897077607,0,0.468374866029434,0.992220907518138,1.52469235978287e-23,8.03844988810605e-57,0.00777909248186171,0,0,2.04747312995994e-34,2.11165272378236e-28,"Signature_3",0.992220907518138
