sample_id	gene_group	true_class	recovered_sbs3_exposure
SIM-00001	CORE_HR	Pathogenic	0.0
SIM-00002	CORE_HR	Pathogenic	0.0
SIM-00003	CORE_HR	Pathogenic	0.0
SIM-00004	CORE_HR	Pathogenic	0.649351
SIM-00005	CORE_HR	Pathogenic	0.0
SIM-00006	CORE_HR	Pathogenic	0.0
SIM-00007	CORE_HR	Pathogenic	0.0
SIM-00008	CORE_HR	Pathogenic	0.820896
SIM-00009	CORE_HR	Pathogenic	0.0
SIM-00010	CORE_HR	Pathogenic	0.0
SIM-00011	CORE_HR	Pathogenic	0.0
SIM-00012	CORE_HR	Pathogenic	0.0
SIM-00013	CORE_HR	Pathogenic	0.0
SIM-00014	CORE_HR	Pathogenic	0.0
SIM-00015	CORE_HR	Pathogenic	0.0
SIM-00016	CORE_HR	Pathogenic	0.0
SIM-00017	CORE_HR	Pathogenic	0.0
SIM-00018	CORE_HR	Pathogenic	0.0
SIM-00019	CORE_HR	Pathogenic	0.0
SIM-00020	CORE_HR	Pathogenic	0.0
SIM-00021	CORE_HR	Pathogenic	0.0
SIM-00022	CORE_HR	Pathogenic	0.0
SIM-00023	CORE_HR	Pathogenic	0.0
SIM-00024	CORE_HR	Pathogenic	0.0
SIM-00025	CORE_HR	Pathogenic	0.0
SIM-00026	CORE_HR	Pathogenic	0.0
SIM-00027	CORE_HR	Pathogenic	0.0
SIM-00028	CORE_HR	Pathogenic	0.0
SIM-00029	CORE_HR	Pathogenic	0.0
SIM-00030	CORE_HR	Pathogenic	0.0
SIM-00031	CORE_HR	Pathogenic	0.0
SIM-00032	CORE_HR	Pathogenic	0.0
SIM-00033	CORE_HR	Pathogenic	0.0
SIM-00034	CORE_HR	Pathogenic	0.0
SIM-00035	CORE_HR	Pathogenic	0.0
SIM-00036	CORE_HR	Pathogenic	0.0
SIM-00037	CORE_HR	Pathogenic	0.0
SIM-00038	CORE_HR	Pathogenic	0.0
SIM-00039	CORE_HR	Pathogenic	0.0
SIM-00040	CORE_HR	Pathogenic	0.0
SIM-00041	CORE_HR	Pathogenic	0.0
SIM-00042	CORE_HR	Pathogenic	0.0
SIM-00043	CORE_HR	Pathogenic	0.0
SIM-00044	CORE_HR	Pathogenic	0.0
SIM-00045	CORE_HR	Pathogenic	0.0
SIM-00046	CORE_HR	Pathogenic	0.0
SIM-00047	CORE_HR	Pathogenic	0.0
SIM-00048	CORE_HR	Pathogenic	0.0
SIM-00049	CORE_HR	Pathogenic	0.0
SIM-00050	CORE_HR	Pathogenic	0.0
SIM-00051	CORE_HR	Pathogenic	0.0
SIM-00052	CORE_HR	Pathogenic	0.0
SIM-00053	CORE_HR	Pathogenic	0.0
SIM-00054	CORE_HR	Pathogenic	0.0
SIM-00055	CORE_HR	Pathogenic	0.0
SIM-00056	CORE_HR	Pathogenic	0.0
SIM-00057	CORE_HR	Pathogenic	0.0
SIM-00058	CORE_HR	Pathogenic	0.0
SIM-00059	CORE_HR	Pathogenic	0.0
SIM-00060	CORE_HR	Pathogenic	0.0
SIM-00061	CORE_HR	Pathogenic	0.0
SIM-00062	CORE_HR	Pathogenic	0.0
SIM-00063	CORE_HR	Pathogenic	0.0
SIM-00064	CORE_HR	Pathogenic	0.0
SIM-00065	CORE_HR	Pathogenic	0.0
SIM-00066	CORE_HR	Pathogenic	0.0
SIM-00067	CORE_HR	Pathogenic	0.0
SIM-00068	CORE_HR	Pathogenic	0.0
SIM-00069	CORE_HR	Pathogenic	0.0
SIM-00070	CORE_HR	Pathogenic	0.0
SIM-00071	CORE_HR	Pathogenic	0.0
SIM-00072	CORE_HR	Pathogenic	0.0
SIM-00073	CORE_HR	Pathogenic	0.0
SIM-00074	CORE_HR	Pathogenic	0.0
SIM-00075	CORE_HR	Pathogenic	0.0
SIM-00076	CORE_HR	Pathogenic	0.0
SIM-00077	CORE_HR	Pathogenic	0.0
SIM-00078	CORE_HR	Pathogenic	0.0
SIM-00079	CORE_HR	Pathogenic	0.0
SIM-00080	CORE_HR	Pathogenic	0.0
SIM-00081	CORE_HR	Pathogenic	0.0
SIM-00082	CORE_HR	Pathogenic	0.0
SIM-00083	CORE_HR	Pathogenic	0.0
SIM-00084	CORE_HR	Pathogenic	0.0
SIM-00085	CORE_HR	Pathogenic	0.0
SIM-00086	CORE_HR	Pathogenic	0.0
SIM-00087	CORE_HR	Pathogenic	0.0
SIM-00088	CORE_HR	Pathogenic	0.0
SIM-00089	CORE_HR	Pathogenic	0.0
SIM-00090	CORE_HR	Pathogenic	0.0
SIM-00091	CORE_HR	Pathogenic	0.0
SIM-00092	CORE_HR	Pathogenic	0.0
SIM-00093	CORE_HR	Pathogenic	0.743243
SIM-00094	CORE_HR	Pathogenic	0.0
SIM-00095	CORE_HR	Pathogenic	0.0
SIM-00096	CORE_HR	Pathogenic	0.0
SIM-00097	CORE_HR	Pathogenic	0.0
SIM-00098	CORE_HR	Pathogenic	0.0
SIM-00099	CORE_HR	Pathogenic	0.0
SIM-00100	CORE_HR	Pathogenic	0.0
SIM-00101	CORE_HR	Pathogenic	0.0
SIM-00102	CORE_HR	Pathogenic	0.0
SIM-00103	CORE_HR	Pathogenic	0.0
SIM-00104	CORE_HR	Pathogenic	0.0
SIM-00105	CORE_HR	Pathogenic	0.0
SIM-00106	CORE_HR	Pathogenic	0.0
SIM-00107	CORE_HR	Pathogenic	0.0
SIM-00108	CORE_HR	Pathogenic	0.0
SIM-00109	CORE_HR	Pathogenic	0.0
SIM-00110	CORE_HR	Pathogenic	0.0
SIM-00111	CORE_HR	Pathogenic	0.0
SIM-00112	CORE_HR	Pathogenic	0.0
SIM-00113	CORE_HR	Pathogenic	0.0
SIM-00114	CORE_HR	Pathogenic	0.0
SIM-00115	CORE_HR	Pathogenic	0.0
SIM-00116	CORE_HR	Pathogenic	0.0
SIM-00117	CORE_HR	Pathogenic	0.0
SIM-00118	CORE_HR	Pathogenic	0.0
SIM-00119	CORE_HR	Pathogenic	0.0
SIM-00120	CORE_HR	Pathogenic	0.0
SIM-00121	CORE_HR	Pathogenic	0.0
SIM-00122	CORE_HR	Pathogenic	0.0
SIM-00123	CORE_HR	Pathogenic	0.0
SIM-00124	CORE_HR	Pathogenic	0.0
SIM-00125	CORE_HR	Pathogenic	0.0
SIM-00126	CORE_HR	Pathogenic	0.0
SIM-00127	CORE_HR	Pathogenic	0.0
SIM-00128	CORE_HR	Pathogenic	0.0
SIM-00129	CORE_HR	Pathogenic	0.0
SIM-00130	CORE_HR	Pathogenic	0.0
SIM-00131	CORE_HR	Pathogenic	0.0
SIM-00132	CORE_HR	Pathogenic	0.0
SIM-00133	CORE_HR	Pathogenic	0.0
SIM-00134	CORE_HR	Pathogenic	0.0
SIM-00135	CORE_HR	Pathogenic	0.0
SIM-00136	CORE_HR	Pathogenic	0.0
SIM-00137	CORE_HR	Pathogenic	0.0
SIM-00138	CORE_HR	Pathogenic	0.0
SIM-00139	CORE_HR	Pathogenic	0.0
SIM-00140	CORE_HR	Pathogenic	0.0
SIM-00141	CORE_HR	Pathogenic	0.0
SIM-00142	CORE_HR	Pathogenic	0.0
SIM-00143	CORE_HR	Pathogenic	0.0
SIM-00144	CORE_HR	Pathogenic	0.0
SIM-00145	CORE_HR	Pathogenic	0.0
SIM-00146	CORE_HR	Pathogenic	0.0
SIM-00147	CORE_HR	Pathogenic	0.0
SIM-00148	CORE_HR	Pathogenic	0.0
SIM-00149	CORE_HR	Pathogenic	0.0
SIM-00150	CORE_HR	Pathogenic	0.0
SIM-00151	CORE_HR	Pathogenic	0.0
SIM-00152	CORE_HR	Pathogenic	0.0
SIM-00153	CORE_HR	Pathogenic	0.0
SIM-00154	CORE_HR	Pathogenic	0.0
SIM-00155	CORE_HR	Pathogenic	0.0
SIM-00156	CORE_HR	Pathogenic	0.0
SIM-00157	CORE_HR	Pathogenic	0.0
SIM-00158	CORE_HR	Pathogenic	0.0
SIM-00159	CORE_HR	Pathogenic	0.0
SIM-00160	CORE_HR	Pathogenic	0.0
SIM-00161	CORE_HR	Pathogenic	0.0
SIM-00162	CORE_HR	Pathogenic	0.0
SIM-00163	CORE_HR	Pathogenic	0.0
SIM-00164	CORE_HR	Pathogenic	0.0
SIM-00165	CORE_HR	Pathogenic	0.0
SIM-00166	CORE_HR	Pathogenic	0.0
SIM-00167	CORE_HR	Pathogenic	0.0
SIM-00168	CORE_HR	Pathogenic	0.0
SIM-00169	CORE_HR	Pathogenic	0.0
SIM-00170	CORE_HR	Pathogenic	0.0
SIM-00171	CORE_HR	Pathogenic	0.0
SIM-00172	CORE_HR	Pathogenic	0.0
SIM-00173	CORE_HR	Pathogenic	0.0
SIM-00174	CORE_HR	Pathogenic	0.0
SIM-00175	CORE_HR	Pathogenic	0.0
SIM-00176	CORE_HR	Pathogenic	0.0
SIM-00177	CORE_HR	Pathogenic	0.0
SIM-00178	CORE_HR	Pathogenic	0.0
SIM-00179	CORE_HR	Pathogenic	0.0
SIM-00180	CORE_HR	Pathogenic	0.0
SIM-00181	CORE_HR	Pathogenic	0.0
SIM-00182	CORE_HR	Pathogenic	0.0
SIM-00183	CORE_HR	Pathogenic	0.0
SIM-00184	CORE_HR	Pathogenic	0.0
SIM-00185	CORE_HR	Pathogenic	0.0
SIM-00186	CORE_HR	Pathogenic	0.0
SIM-00187	CORE_HR	Pathogenic	0.0
SIM-00188	CORE_HR	Pathogenic	0.0
SIM-00189	CORE_HR	Pathogenic	0.0
SIM-00190	CORE_HR	Pathogenic	0.0
SIM-00191	CORE_HR	Pathogenic	0.0
SIM-00192	CORE_HR	Pathogenic	0.0
SIM-00193	CORE_HR	Pathogenic	0.0
SIM-00194	CORE_HR	Pathogenic	0.0
SIM-00195	CORE_HR	Pathogenic	0.0
SIM-00196	CORE_HR	Pathogenic	0.0
SIM-00197	CORE_HR	Pathogenic	0.0
SIM-00198	CORE_HR	Pathogenic	0.0
SIM-00199	CORE_HR	Pathogenic	0.0
SIM-00200	CORE_HR	Pathogenic	0.0
SIM-00201	CORE_HR	Pathogenic	0.0
SIM-00202	CORE_HR	Pathogenic	0.0
SIM-00203	CORE_HR	Pathogenic	0.0
SIM-00204	CORE_HR	Pathogenic	0.0
SIM-00205	CORE_HR	Pathogenic	0.0
SIM-00206	CORE_HR	Pathogenic	0.0
SIM-00207	CORE_HR	Pathogenic	0.0
SIM-00208	CORE_HR	Pathogenic	0.0
SIM-00209	CORE_HR	Pathogenic	0.0
SIM-00210	CORE_HR	Pathogenic	0.0
SIM-00211	CORE_HR	Pathogenic	0.0
SIM-00212	CORE_HR	Pathogenic	0.0
SIM-00213	CORE_HR	Pathogenic	0.0
SIM-00214	CORE_HR	Pathogenic	0.0
SIM-00215	CORE_HR	Pathogenic	0.0
SIM-00216	CORE_HR	Pathogenic	0.0
SIM-00217	CORE_HR	Pathogenic	0.0
SIM-00218	CORE_HR	Pathogenic	0.925
SIM-00219	CORE_HR	Pathogenic	0.0
SIM-00220	CORE_HR	Pathogenic	0.0
SIM-00221	CORE_HR	Pathogenic	0.0
SIM-00222	CORE_HR	Pathogenic	0.0
SIM-00223	CORE_HR	Pathogenic	0.0
SIM-00224	CORE_HR	Pathogenic	0.0
SIM-00225	CORE_HR	Pathogenic	0.0
SIM-00226	CORE_HR	Pathogenic	0.0
SIM-00227	CORE_HR	Pathogenic	0.0
SIM-00228	CORE_HR	Pathogenic	0.0
SIM-00229	CORE_HR	Pathogenic	0.0
SIM-00230	CORE_HR	Pathogenic	0.0
SIM-00231	CORE_HR	Pathogenic	0.0
SIM-00232	CORE_HR	Pathogenic	0.0
SIM-00233	CORE_HR	Pathogenic	0.0
SIM-00234	CORE_HR	Pathogenic	0.0
SIM-00235	CORE_HR	Pathogenic	0.0
SIM-00236	CORE_HR	Pathogenic	0.0
SIM-00237	CORE_HR	Pathogenic	0.0
SIM-00238	CORE_HR	Pathogenic	0.0
SIM-00239	CORE_HR	Pathogenic	0.0
SIM-00240	CORE_HR	Pathogenic	0.0
SIM-00241	CORE_HR	Pathogenic	0.0
SIM-00242	CORE_HR	Pathogenic	0.0
SIM-00243	CORE_HR	Pathogenic	0.0
SIM-00244	CORE_HR	Pathogenic	0.0
SIM-00245	CORE_HR	Pathogenic	0.0
SIM-00246	CORE_HR	Pathogenic	0.0
SIM-00247	CORE_HR	Pathogenic	0.0
SIM-00248	CORE_HR	Pathogenic	0.0
SIM-00249	CORE_HR	Pathogenic	0.0
SIM-00250	CORE_HR	Pathogenic	0.0
SIM-00251	CORE_HR	Pathogenic	0.0
SIM-00252	CORE_HR	Pathogenic	0.0
SIM-00253	CORE_HR	Pathogenic	0.0
SIM-00254	CORE_HR	Pathogenic	0.0
SIM-00255	CORE_HR	Pathogenic	0.0
SIM-00256	CORE_HR	Pathogenic	0.0
SIM-00257	CORE_HR	Pathogenic	0.0
SIM-00258	CORE_HR	Pathogenic	0.931818
SIM-00259	CORE_HR	Pathogenic	0.0
SIM-00260	CORE_HR	Pathogenic	0.0
SIM-00261	CORE_HR	Pathogenic	0.0
SIM-00262	CORE_HR	Pathogenic	0.0
SIM-00263	CORE_HR	Pathogenic	0.0
SIM-00264	CORE_HR	Pathogenic	0.0
SIM-00265	CORE_HR	Pathogenic	0.0
SIM-00266	CORE_HR	Pathogenic	0.0
SIM-00267	CORE_HR	Pathogenic	0.0
SIM-00268	CORE_HR	Pathogenic	0.0
SIM-00269	CORE_HR	Pathogenic	0.0
SIM-00270	CORE_HR	Pathogenic	0.0
SIM-00271	CORE_HR	Pathogenic	0.0
SIM-00272	CORE_HR	Pathogenic	0.0
SIM-00273	CORE_HR	Pathogenic	0.0
SIM-00274	CORE_HR	Pathogenic	0.0
SIM-00275	CORE_HR	Pathogenic	0.0
SIM-00276	CORE_HR	Pathogenic	0.0
SIM-00277	CORE_HR	Pathogenic	0.0
SIM-00278	CORE_HR	Pathogenic	0.0
SIM-00279	CORE_HR	Pathogenic	0.0
SIM-00280	CORE_HR	Pathogenic	0.0
SIM-00281	CORE_HR	Pathogenic	0.0
SIM-00282	CORE_HR	Pathogenic	0.0
SIM-00283	CORE_HR	Pathogenic	0.0
SIM-00284	CORE_HR	Pathogenic	0.0
SIM-00285	CORE_HR	Pathogenic	0.0
SIM-00286	CORE_HR	Pathogenic	0.0
SIM-00287	CORE_HR	Pathogenic	0.0
SIM-00288	CORE_HR	Pathogenic	0.0
SIM-00289	CORE_HR	Pathogenic	0.0
SIM-00290	CORE_HR	Pathogenic	0.0
SIM-00291	CORE_HR	Pathogenic	0.0
SIM-00292	CORE_HR	Pathogenic	0.0
SIM-00293	CORE_HR	Pathogenic	0.0
SIM-00294	CORE_HR	Pathogenic	0.0
SIM-00295	CORE_HR	Pathogenic	0.0
SIM-00296	CORE_HR	Pathogenic	0.0
SIM-00297	CORE_HR	Pathogenic	0.0
SIM-00298	CORE_HR	Pathogenic	0.0
SIM-00299	CORE_HR	Pathogenic	0.0
SIM-00300	CORE_HR	Pathogenic	0.0
SIM-00301	CORE_HR	Pathogenic	0.0
SIM-00302	CORE_HR	Pathogenic	0.0
SIM-00303	CORE_HR	Pathogenic	0.0
SIM-00304	CORE_HR	Pathogenic	0.0
SIM-00305	CORE_HR	Pathogenic	0.813953
SIM-00306	CORE_HR	Pathogenic	0.0
SIM-00307	CORE_HR	Pathogenic	0.0
SIM-00308	CORE_HR	Pathogenic	0.0
SIM-00309	CORE_HR	Pathogenic	0.0
SIM-00310	CORE_HR	Pathogenic	0.0
SIM-00311	CORE_HR	Pathogenic	0.0
SIM-00312	CORE_HR	Pathogenic	0.0
SIM-00313	CORE_HR	Pathogenic	0.0
SIM-00314	CORE_HR	Pathogenic	0.0
SIM-00315	CORE_HR	Pathogenic	0.0
SIM-00316	CORE_HR	Pathogenic	0.0
SIM-00317	CORE_HR	Pathogenic	0.0
SIM-00318	CORE_HR	Pathogenic	0.0
SIM-00319	CORE_HR	Pathogenic	0.0
SIM-00320	CORE_HR	Pathogenic	0.0
SIM-00321	CORE_HR	Pathogenic	0.0
SIM-00322	CORE_HR	Pathogenic	0.0
SIM-00323	CORE_HR	Pathogenic	0.0
SIM-00324	CORE_HR	Pathogenic	0.0
SIM-00325	CORE_HR	Pathogenic	0.0
SIM-00326	CORE_HR	Pathogenic	0.0
SIM-00327	CORE_HR	Pathogenic	0.0
SIM-00328	CORE_HR	Pathogenic	0.0
SIM-00329	CORE_HR	Pathogenic	0.0
SIM-00330	CORE_HR	Pathogenic	0.0
SIM-00331	CORE_HR	Pathogenic	0.0
SIM-00332	CORE_HR	Pathogenic	0.0
SIM-00333	CORE_HR	Pathogenic	0.0
SIM-00334	CORE_HR	Pathogenic	0.0
SIM-00335	CORE_HR	Pathogenic	0.0
SIM-00336	CORE_HR	Pathogenic	0.0
SIM-00337	CORE_HR	Pathogenic	0.0
SIM-00338	CORE_HR	Pathogenic	0.0
SIM-00339	CORE_HR	Pathogenic	0.621951
SIM-00340	CORE_HR	Pathogenic	0.0
SIM-00341	CORE_HR	Pathogenic	0.0
SIM-00342	CORE_HR	Pathogenic	0.0
SIM-00343	CORE_HR	Pathogenic	0.0
SIM-00344	CORE_HR	Pathogenic	0.0
SIM-00345	CORE_HR	Pathogenic	0.0
SIM-00346	CORE_HR	Pathogenic	0.0
SIM-00347	CORE_HR	Pathogenic	0.0
SIM-00348	CORE_HR	Pathogenic	0.0
SIM-00349	CORE_HR	Pathogenic	0.0
SIM-00350	CORE_HR	Pathogenic	0.0
SIM-00351	CORE_HR	Pathogenic	0.0
SIM-00352	CORE_HR	Pathogenic	0.0
SIM-00353	CORE_HR	Pathogenic	0.0
SIM-00354	CORE_HR	Pathogenic	0.0
SIM-00355	CORE_HR	Pathogenic	0.0
SIM-00356	CORE_HR	Pathogenic	0.0
SIM-00357	CORE_HR	Pathogenic	0.0
SIM-00358	CORE_HR	Pathogenic	0.0
SIM-00359	CORE_HR	Pathogenic	0.9375
SIM-00360	CORE_HR	Pathogenic	0.0
SIM-00361	CORE_HR	Pathogenic	0.0
SIM-00362	CORE_HR	Pathogenic	0.0
SIM-00363	CORE_HR	Pathogenic	0.0
SIM-00364	CORE_HR	Pathogenic	0.0
SIM-00365	CORE_HR	Pathogenic	0.0
SIM-00366	CORE_HR	Pathogenic	0.0
SIM-00367	CORE_HR	Pathogenic	0.0
SIM-00368	CORE_HR	Pathogenic	0.610169
SIM-00369	CORE_HR	Pathogenic	0.0
SIM-00370	CORE_HR	Pathogenic	0.0
SIM-00371	CORE_HR	Pathogenic	0.0
SIM-00372	CORE_HR	Pathogenic	0.0
SIM-00373	CORE_HR	Pathogenic	0.0
SIM-00374	CORE_HR	Pathogenic	0.0
SIM-00375	CORE_HR	Pathogenic	0.0
SIM-00376	CORE_HR	Pathogenic	0.0
SIM-00377	CORE_HR	Pathogenic	0.0
SIM-00378	CORE_HR	Pathogenic	0.0
SIM-00379	CORE_HR	Pathogenic	0.0
SIM-00380	CORE_HR	Pathogenic	0.0
SIM-00381	CORE_HR	Pathogenic	0.0
SIM-00382	CORE_HR	Pathogenic	0.0
SIM-00383	CORE_HR	Pathogenic	0.0
SIM-00384	CORE_HR	Pathogenic	0.0
SIM-00385	CORE_HR	Pathogenic	0.0
SIM-00386	CORE_HR	Pathogenic	0.0
SIM-00387	CORE_HR	Pathogenic	0.0
SIM-00388	CORE_HR	Pathogenic	0.0
SIM-00389	CORE_HR	Pathogenic	0.0
SIM-00390	CORE_HR	Pathogenic	0.0
SIM-00391	CORE_HR	Pathogenic	0.0
SIM-00392	CORE_HR	Pathogenic	0.0
SIM-00393	CORE_HR	Pathogenic	0.0
SIM-00394	CORE_HR	Pathogenic	0.0
SIM-00395	CORE_HR	Pathogenic	0.0
SIM-00396	CORE_HR	Pathogenic	0.0
SIM-00397	CORE_HR	Pathogenic	0.0
SIM-00398	CORE_HR	Pathogenic	0.0
SIM-00399	CORE_HR	Pathogenic	0.0
SIM-00400	CORE_HR	Pathogenic	0.0
SIM-00401	CORE_HR	Pathogenic	0.0
SIM-00402	CORE_HR	Pathogenic	0.0
SIM-00403	CORE_HR	Pathogenic	0.0
SIM-00404	CORE_HR	Pathogenic	0.0
SIM-00405	CORE_HR	Pathogenic	0.0
SIM-00406	CORE_HR	Pathogenic	0.0
SIM-00407	CORE_HR	Pathogenic	0.0
SIM-00408	CORE_HR	Pathogenic	0.0
SIM-00409	CORE_HR	Pathogenic	0.0
SIM-00410	CORE_HR	Pathogenic	0.0
SIM-00411	CORE_HR	Pathogenic	0.0
SIM-00412	CORE_HR	Pathogenic	0.0
SIM-00413	CORE_HR	Pathogenic	0.0
SIM-00414	CORE_HR	Pathogenic	0.0
SIM-00415	CORE_HR	Pathogenic	0.0
SIM-00416	CORE_HR	Pathogenic	0.0
SIM-00417	CORE_HR	Pathogenic	0.0
SIM-00418	CORE_HR	Pathogenic	0.0
SIM-00419	CORE_HR	Pathogenic	0.0
SIM-00420	CORE_HR	Pathogenic	0.0
SIM-00421	CORE_HR	Pathogenic	0.0
SIM-00422	CORE_HR	Pathogenic	0.0
SIM-00423	CORE_HR	Pathogenic	0.0
SIM-00424	CORE_HR	Pathogenic	0.0
SIM-00425	CORE_HR	Pathogenic	0.0
SIM-00426	CORE_HR	Pathogenic	0.0
SIM-00427	CORE_HR	Pathogenic	0.0
SIM-00428	CORE_HR	Pathogenic	0.0
SIM-00429	CORE_HR	Pathogenic	0.0
SIM-00430	CORE_HR	Pathogenic	0.0
SIM-00431	CORE_HR	Pathogenic	0.0
SIM-00432	CORE_HR	Pathogenic	0.0
SIM-00433	CORE_HR	Pathogenic	0.0
SIM-00434	CORE_HR	Pathogenic	0.0
SIM-00435	CORE_HR	Pathogenic	0.0
SIM-00436	CORE_HR	Pathogenic	0.604651
SIM-00437	CORE_HR	Pathogenic	0.0
SIM-00438	CORE_HR	Pathogenic	0.0
SIM-00439	CORE_HR	Pathogenic	0.0
SIM-00440	CORE_HR	Pathogenic	0.0
SIM-00441	CORE_HR	Pathogenic	0.0
SIM-00442	CORE_HR	Pathogenic	0.0
SIM-00443	CORE_HR	Pathogenic	0.0
SIM-00444	CORE_HR	Pathogenic	0.0
SIM-00445	CORE_HR	Pathogenic	0.822222
SIM-00446	CORE_HR	Pathogenic	0.0
SIM-00447	CORE_HR	Pathogenic	0.0
SIM-00448	CORE_HR	Pathogenic	0.0
SIM-00449	CORE_HR	Pathogenic	0.0
SIM-00450	CORE_HR	Pathogenic	0.0
SIM-00451	CORE_HR	Pathogenic	0.0
SIM-00452	CORE_HR	Pathogenic	0.0
SIM-00453	CORE_HR	Pathogenic	0.0
SIM-00454	CORE_HR	Pathogenic	0.0
SIM-00455	CORE_HR	Pathogenic	0.0
SIM-00456	CORE_HR	Pathogenic	0.0
SIM-00457	CORE_HR	Pathogenic	0.0
SIM-00458	CORE_HR	Pathogenic	0.0
SIM-00459	CORE_HR	Pathogenic	0.0
SIM-00460	CORE_HR	Pathogenic	0.0
SIM-00461	CORE_HR	Pathogenic	0.0
SIM-00462	CORE_HR	Pathogenic	0.0
SIM-00463	CORE_HR	Pathogenic	0.0
SIM-00464	CORE_HR	Pathogenic	0.0
SIM-00465	CORE_HR	Pathogenic	0.0
SIM-00466	CORE_HR	Pathogenic	0.0
SIM-00467	CORE_HR	Pathogenic	0.0
SIM-00468	CORE_HR	Pathogenic	0.0
SIM-00469	CORE_HR	Pathogenic	0.0
SIM-00470	CORE_HR	Pathogenic	0.0
SIM-00471	CORE_HR	Pathogenic	0.0
SIM-00472	CORE_HR	Pathogenic	0.0
SIM-00473	CORE_HR	Pathogenic	0.0
SIM-00474	CORE_HR	Pathogenic	0.0
SIM-00475	CORE_HR	Pathogenic	0.0
SIM-00476	CORE_HR	Pathogenic	0.0
SIM-00477	CORE_HR	Pathogenic	0.0
SIM-00478	CORE_HR	Pathogenic	0.0
SIM-00479	CORE_HR	Pathogenic	0.0
SIM-00480	CORE_HR	Pathogenic	0.0
SIM-00481	CORE_HR	Pathogenic	0.5
SIM-00482	CORE_HR	Pathogenic	0.0
SIM-00483	CORE_HR	Pathogenic	0.0
SIM-00484	CORE_HR	Pathogenic	0.0
SIM-00485	CORE_HR	Pathogenic	0.0
SIM-00486	CORE_HR	Pathogenic	0.0
SIM-00487	CORE_HR	Pathogenic	0.0
SIM-00488	CORE_HR	Pathogenic	0.0
SIM-00489	CORE_HR	Pathogenic	0.0
SIM-00490	CORE_HR	Pathogenic	0.0
SIM-00491	CORE_HR	Pathogenic	0.0
SIM-00492	CORE_HR	Pathogenic	0.0
SIM-00493	CORE_HR	Pathogenic	0.0
SIM-00494	CORE_HR	Pathogenic	0.0
SIM-00495	CORE_HR	Pathogenic	0.0
SIM-00496	CORE_HR	Pathogenic	0.0
SIM-00497	CORE_HR	Pathogenic	0.0
SIM-00498	CORE_HR	Pathogenic	0.0
SIM-00499	CORE_HR	Pathogenic	0.0
SIM-00500	CORE_HR	Pathogenic	0.0
SIM-00501	CORE_HR	Pathogenic	0.0
SIM-00502	CORE_HR	Pathogenic	0.0
SIM-00503	CORE_HR	Pathogenic	0.0
SIM-00504	CORE_HR	Pathogenic	0.0
SIM-00505	CORE_HR	Pathogenic	0.0
SIM-00506	CORE_HR	Pathogenic	0.0
SIM-00507	CORE_HR	Pathogenic	0.0
SIM-00508	CORE_HR	Pathogenic	0.0
SIM-00509	CORE_HR	Pathogenic	0.0
SIM-00510	CORE_HR	Pathogenic	0.0
SIM-00511	CORE_HR	Pathogenic	0.0
SIM-00512	CORE_HR	Pathogenic	0.0
SIM-00513	CORE_HR	Pathogenic	0.0
SIM-00514	CORE_HR	Pathogenic	0.0
SIM-00515	CORE_HR	Pathogenic	0.0
SIM-00516	CORE_HR	Pathogenic	0.0
SIM-00517	CORE_HR	Pathogenic	0.0
SIM-00518	CORE_HR	Pathogenic	0.0
SIM-00519	CORE_HR	Pathogenic	0.0
SIM-00520	CORE_HR	Pathogenic	0.0
SIM-00521	CORE_HR	Pathogenic	0.0
SIM-00522	CORE_HR	Pathogenic	0.0
SIM-00523	CORE_HR	Pathogenic	0.0
SIM-00524	CORE_HR	Pathogenic	0.0
SIM-00525	CORE_HR	Pathogenic	0.0
SIM-00526	CORE_HR	Pathogenic	0.0
SIM-00527	CORE_HR	Pathogenic	0.0
SIM-00528	CORE_HR	Pathogenic	0.0
SIM-00529	CORE_HR	Pathogenic	0.0
SIM-00530	CORE_HR	Pathogenic	0.0
SIM-00531	CORE_HR	Pathogenic	0.0
SIM-00532	CORE_HR	Pathogenic	0.0
SIM-00533	CORE_HR	Pathogenic	0.0
SIM-00534	CORE_HR	Pathogenic	0.0
SIM-00535	CORE_HR	Pathogenic	0.0
SIM-00536	CORE_HR	Pathogenic	0.0
SIM-00537	CORE_HR	Pathogenic	0.0
SIM-00538	CORE_HR	Pathogenic	0.0
SIM-00539	CORE_HR	Pathogenic	0.0
SIM-00540	CORE_HR	Pathogenic	0.0
SIM-00541	CORE_HR	Pathogenic	0.0
SIM-00542	CORE_HR	Pathogenic	0.0
SIM-00543	CORE_HR	Pathogenic	0.0
SIM-00544	CORE_HR	Pathogenic	0.0
SIM-00545	CORE_HR	Pathogenic	0.0
SIM-00546	CORE_HR	Pathogenic	0.0
SIM-00547	CORE_HR	Pathogenic	0.0
SIM-00548	CORE_HR	Pathogenic	0.0
SIM-00549	CORE_HR	Pathogenic	0.0
SIM-00550	CORE_HR	Pathogenic	0.0
SIM-00551	CORE_HR	Pathogenic	0.0
SIM-00552	CORE_HR	Pathogenic	0.0
SIM-00553	CORE_HR	Pathogenic	0.0
SIM-00554	CORE_HR	Pathogenic	0.0
SIM-00555	CORE_HR	Pathogenic	0.0
SIM-00556	CORE_HR	Pathogenic	0.0
SIM-00557	CORE_HR	Pathogenic	0.0
SIM-00558	CORE_HR	Pathogenic	0.0
SIM-00559	CORE_HR	Pathogenic	0.0
SIM-00560	CORE_HR	Pathogenic	0.0
SIM-00561	CORE_HR	Pathogenic	0.0
SIM-00562	CORE_HR	Pathogenic	0.0
SIM-00563	CORE_HR	Pathogenic	0.0
SIM-00564	CORE_HR	Pathogenic	0.0
SIM-00565	CORE_HR	Pathogenic	0.0
SIM-00566	CORE_HR	Pathogenic	0.0
SIM-00567	CORE_HR	Pathogenic	0.0
SIM-00568	CORE_HR	Pathogenic	0.0
SIM-00569	CORE_HR	Pathogenic	0.0
SIM-00570	CORE_HR	Pathogenic	0.0
SIM-00571	CORE_HR	Pathogenic	0.0
SIM-00572	CORE_HR	Pathogenic	0.0
SIM-00573	CORE_HR	Pathogenic	0.0
SIM-00574	CORE_HR	Pathogenic	0.0
SIM-00575	CORE_HR	Pathogenic	0.0
SIM-00576	CORE_HR	Pathogenic	0.0
SIM-00577	CORE_HR	Pathogenic	0.0
SIM-00578	CORE_HR	Pathogenic	0.0
SIM-00579	CORE_HR	Pathogenic	0.0
SIM-00580	CORE_HR	Pathogenic	0.0
SIM-00581	CORE_HR	Pathogenic	0.0
SIM-00582	CORE_HR	Pathogenic	0.0
SIM-00583	CORE_HR	Pathogenic	0.0
SIM-00584	CORE_HR	Pathogenic	0.0
SIM-00585	CORE_HR	Pathogenic	0.0
SIM-00586	CORE_HR	Pathogenic	0.0
SIM-00587	CORE_HR	Pathogenic	0.0
SIM-00588	CORE_HR	Pathogenic	0.0
SIM-00589	CORE_HR	Pathogenic	0.0
SIM-00590	CORE_HR	Pathogenic	0.0
SIM-00591	CORE_HR	Pathogenic	0.0
SIM-00592	CORE_HR	Pathogenic	0.0
SIM-00593	CORE_HR	Pathogenic	0.0
SIM-00594	CORE_HR	Pathogenic	0.0
SIM-00595	CORE_HR	Pathogenic	0.0
SIM-00596	CORE_HR	Pathogenic	0.0
SIM-00597	CORE_HR	Pathogenic	0.0
SIM-00598	CORE_HR	Pathogenic	0.0
SIM-00599	CORE_HR	Pathogenic	0.0
SIM-00600	CORE_HR	Pathogenic	0.0
SIM-00601	CORE_HR	Pathogenic	0.0
SIM-00602	CORE_HR	Pathogenic	0.0
SIM-00603	CORE_HR	Pathogenic	0.0
SIM-00604	CORE_HR	Pathogenic	0.0
SIM-00605	CORE_HR	Pathogenic	0.0
SIM-00606	CORE_HR	Pathogenic	0.0
SIM-00607	CORE_HR	Pathogenic	0.0
SIM-00608	CORE_HR	Pathogenic	0.0
SIM-00609	CORE_HR	Pathogenic	0.0
SIM-00610	CORE_HR	Pathogenic	0.0
SIM-00611	CORE_HR	Pathogenic	0.0
SIM-00612	CORE_HR	Pathogenic	0.0
SIM-00613	CORE_HR	Pathogenic	0.0
SIM-00614	CORE_HR	Pathogenic	0.0
SIM-00615	CORE_HR	Pathogenic	0.0
SIM-00616	CORE_HR	Pathogenic	0.0
SIM-00617	CORE_HR	Pathogenic	0.0
SIM-00618	CORE_HR	Pathogenic	0.0
SIM-00619	CORE_HR	Pathogenic	0.0
SIM-00620	CORE_HR	Pathogenic	0.0
SIM-00621	CORE_HR	Pathogenic	0.0
SIM-00622	CORE_HR	Pathogenic	0.0
SIM-00623	CORE_HR	Pathogenic	0.0
SIM-00624	CORE_HR	Pathogenic	0.0
SIM-00625	CORE_HR	Pathogenic	0.0
SIM-00626	CORE_HR	Pathogenic	0.655172
SIM-00627	CORE_HR	Pathogenic	0.0
SIM-00628	CORE_HR	Pathogenic	0.0
SIM-00629	CORE_HR	Pathogenic	0.0
SIM-00630	CORE_HR	Pathogenic	0.0
SIM-00631	CORE_HR	Pathogenic	0.0
SIM-00632	CORE_HR	Pathogenic	0.0
SIM-00633	CORE_HR	Pathogenic	0.0
SIM-00634	CORE_HR	Pathogenic	0.0
SIM-00635	CORE_HR	Pathogenic	0.0
SIM-00636	CORE_HR	Pathogenic	0.0
SIM-00637	CORE_HR	Pathogenic	0.0
SIM-00638	CORE_HR	Pathogenic	0.0
SIM-00639	CORE_HR	Pathogenic	0.0
SIM-00640	CORE_HR	Pathogenic	0.0
SIM-00641	CORE_HR	Pathogenic	0.0
SIM-00642	CORE_HR	Pathogenic	0.0
SIM-00643	CORE_HR	Pathogenic	0.0
SIM-00644	CORE_HR	Pathogenic	0.0
SIM-00645	CORE_HR	Pathogenic	0.0
SIM-00646	CORE_HR	Pathogenic	0.0
SIM-00647	CORE_HR	Pathogenic	0.0
SIM-00648	CORE_HR	Pathogenic	0.0
SIM-00649	CORE_HR	Pathogenic	0.0
SIM-00650	CORE_HR	Pathogenic	0.0
SIM-00651	CORE_HR	Pathogenic	0.0
SIM-00652	CORE_HR	Pathogenic	0.0
SIM-00653	CORE_HR	Pathogenic	0.0
SIM-00654	CORE_HR	Pathogenic	0.0
SIM-00655	CORE_HR	Pathogenic	0.0
SIM-00656	CORE_HR	Pathogenic	0.0
SIM-00657	CORE_HR	Pathogenic	0.0
SIM-00658	CORE_HR	Pathogenic	0.0
SIM-00659	CORE_HR	Pathogenic	0.0
SIM-00660	CORE_HR	Pathogenic	0.0
SIM-00661	CORE_HR	Pathogenic	0.0
SIM-00662	CORE_HR	Pathogenic	0.0
SIM-00663	CORE_HR	Pathogenic	0.0
SIM-00664	CORE_HR	Pathogenic	0.0
SIM-00665	CORE_HR	Pathogenic	0.0
SIM-00666	CORE_HR	Pathogenic	0.0
SIM-00667	CORE_HR	Pathogenic	0.0
SIM-00668	CORE_HR	Pathogenic	0.0
SIM-00669	CORE_HR	Pathogenic	0.0
SIM-00670	CORE_HR	Pathogenic	0.0
SIM-00671	CORE_HR	Pathogenic	0.0
SIM-00672	CORE_HR	Pathogenic	0.0
SIM-00673	CORE_HR	Pathogenic	0.0
SIM-00674	CORE_HR	Pathogenic	0.0
SIM-00675	CORE_HR	Pathogenic	0.0
SIM-00676	CORE_HR	Pathogenic	0.637931
SIM-00677	CORE_HR	Pathogenic	0.0
SIM-00678	CORE_HR	Pathogenic	0.0
SIM-00679	CORE_HR	Pathogenic	0.0
SIM-00680	CORE_HR	Pathogenic	0.0
SIM-00681	CORE_HR	Pathogenic	0.0
SIM-00682	CORE_HR	Pathogenic	0.0
SIM-00683	CORE_HR	Pathogenic	0.0
SIM-00684	CORE_HR	Pathogenic	0.0
SIM-00685	CORE_HR	Pathogenic	0.0
SIM-00686	CORE_HR	Pathogenic	0.0
SIM-00687	CORE_HR	Pathogenic	0.0
SIM-00688	CORE_HR	Pathogenic	0.0
SIM-00689	CORE_HR	Pathogenic	0.0
SIM-00690	CORE_HR	Pathogenic	0.0
SIM-00691	CORE_HR	Pathogenic	0.0
SIM-00692	CORE_HR	Pathogenic	0.0
SIM-00693	CORE_HR	Pathogenic	0.0
SIM-00694	CORE_HR	Pathogenic	0.0
SIM-00695	CORE_HR	Pathogenic	0.0
SIM-00696	CORE_HR	Pathogenic	0.0
SIM-00697	CORE_HR	Pathogenic	0.0
SIM-00698	CORE_HR	Pathogenic	0.0
SIM-00699	CORE_HR	Pathogenic	0.0
SIM-00700	CORE_HR	Pathogenic	0.0
SIM-00701	CORE_HR	Pathogenic	0.0
SIM-00702	CORE_HR	Pathogenic	0.0
SIM-00703	CORE_HR	Pathogenic	0.0
SIM-00704	CORE_HR	Pathogenic	0.0
SIM-00705	CORE_HR	Pathogenic	0.0
SIM-00706	CORE_HR	Pathogenic	0.0
SIM-00707	CORE_HR	Pathogenic	0.0
SIM-00708	CORE_HR	Pathogenic	0.0
SIM-00709	CORE_HR	Pathogenic	0.0
SIM-00710	CORE_HR	Pathogenic	0.0
SIM-00711	CORE_HR	Pathogenic	0.0
SIM-00712	CORE_HR	Pathogenic	0.0
SIM-00713	CORE_HR	Pathogenic	0.0
SIM-00714	CORE_HR	Pathogenic	0.0
SIM-00715	CORE_HR	Pathogenic	0.0
SIM-00716	CORE_HR	Pathogenic	0.0
SIM-00717	CORE_HR	Pathogenic	0.0
SIM-00718	CORE_HR	Pathogenic	0.0
SIM-00719	CORE_HR	Pathogenic	0.0
SIM-00720	CORE_HR	Pathogenic	0.0
SIM-00721	CORE_HR	Pathogenic	0.0
SIM-00722	CORE_HR	Pathogenic	0.0
SIM-00723	CORE_HR	Pathogenic	0.0
SIM-00724	CORE_HR	Pathogenic	0.0
SIM-00725	CORE_HR	Pathogenic	0.0
SIM-00726	CORE_HR	Pathogenic	0.0
SIM-00727	CORE_HR	Pathogenic	0.0
SIM-00728	CORE_HR	Pathogenic	0.0
SIM-00729	CORE_HR	Pathogenic	0.0
SIM-00730	CORE_HR	Pathogenic	0.0
SIM-00731	CORE_HR	Pathogenic	0.0
SIM-00732	CORE_HR	Pathogenic	0.0
SIM-00733	CORE_HR	Pathogenic	0.0
SIM-00734	CORE_HR	Pathogenic	0.0
SIM-00735	CORE_HR	Pathogenic	0.0
SIM-00736	CORE_HR	Pathogenic	0.0
SIM-00737	CORE_HR	Pathogenic	0.0
SIM-00738	CORE_HR	Pathogenic	0.811321
SIM-00739	CORE_HR	Pathogenic	0.0
SIM-00740	CORE_HR	Pathogenic	0.0
SIM-00741	CORE_HR	Pathogenic	0.0
SIM-00742	CORE_HR	Pathogenic	0.0
SIM-00743	CORE_HR	Pathogenic	0.0
SIM-00744	CORE_HR	Pathogenic	0.0
SIM-00745	CORE_HR	Pathogenic	0.0
SIM-00746	CORE_HR	Pathogenic	0.0
SIM-00747	CORE_HR	Pathogenic	0.0
SIM-00748	CORE_HR	Pathogenic	0.0
SIM-00749	CORE_HR	Pathogenic	0.0
SIM-00750	CORE_HR	Pathogenic	0.0
SIM-00751	CORE_HR	Pathogenic	0.0
SIM-00752	CORE_HR	Pathogenic	0.0
SIM-00753	CORE_HR	Pathogenic	0.0
SIM-00754	CORE_HR	Pathogenic	0.0
SIM-00755	CORE_HR	Pathogenic	0.0
SIM-00756	CORE_HR	Pathogenic	0.0
SIM-00757	CORE_HR	Pathogenic	0.0
SIM-00758	CORE_HR	Pathogenic	0.0
SIM-00759	CORE_HR	Pathogenic	0.0
SIM-00760	CORE_HR	Pathogenic	0.0
SIM-00761	CORE_HR	Pathogenic	0.0
SIM-00762	CORE_HR	Pathogenic	0.0
SIM-00763	CORE_HR	Pathogenic	0.0
SIM-00764	CORE_HR	Pathogenic	0.0
SIM-00765	CORE_HR	Pathogenic	0.0
SIM-00766	CORE_HR	Pathogenic	0.0
SIM-00767	CORE_HR	Pathogenic	0.0
SIM-00768	CORE_HR	Pathogenic	0.0
SIM-00769	CORE_HR	Pathogenic	0.0
SIM-00770	CORE_HR	Pathogenic	0.0
SIM-00771	CORE_HR	Pathogenic	0.0
SIM-00772	CORE_HR	Pathogenic	0.0
SIM-00773	CORE_HR	Pathogenic	0.0
SIM-00774	CORE_HR	Pathogenic	0.0
SIM-00775	CORE_HR	Pathogenic	0.0
SIM-00776	CORE_HR	Pathogenic	0.0
SIM-00777	CORE_HR	Pathogenic	0.0
SIM-00778	CORE_HR	Pathogenic	0.0
SIM-00779	CORE_HR	Pathogenic	0.0
SIM-00780	CORE_HR	Pathogenic	0.0
SIM-00781	CORE_HR	Pathogenic	0.0
SIM-00782	CORE_HR	Pathogenic	0.0
SIM-00783	CORE_HR	Pathogenic	0.0
SIM-00784	CORE_HR	Pathogenic	0.0
SIM-00785	CORE_HR	Pathogenic	0.0
SIM-00786	CORE_HR	Pathogenic	0.0
SIM-00787	CORE_HR	Pathogenic	0.0
SIM-00788	CORE_HR	Pathogenic	0.0
SIM-00789	CORE_HR	Pathogenic	0.0
SIM-00790	CORE_HR	Pathogenic	0.0
SIM-00791	CORE_HR	Pathogenic	0.0
SIM-00792	CORE_HR	Pathogenic	0.0
SIM-00793	CORE_HR	Pathogenic	0.0
SIM-00794	CORE_HR	Pathogenic	0.0
SIM-00795	CORE_HR	Pathogenic	0.0
SIM-00796	CORE_HR	Pathogenic	0.0
SIM-00797	CORE_HR	Pathogenic	0.0
SIM-00798	CORE_HR	Pathogenic	0.0
SIM-00799	CORE_HR	Pathogenic	0.0
SIM-00800	CORE_HR	Pathogenic	0.0
SIM-00801	CORE_HR	Pathogenic	0.0
SIM-00802	CORE_HR	Pathogenic	0.0
SIM-00803	CORE_HR	Pathogenic	0.0
SIM-00804	CORE_HR	Pathogenic	0.0
SIM-00805	CORE_HR	Pathogenic	0.0
SIM-00806	CORE_HR	Pathogenic	0.0
SIM-00807	CORE_HR	Pathogenic	0.0
SIM-00808	CORE_HR	Pathogenic	0.0
SIM-00809	CORE_HR	Pathogenic	0.0
SIM-00810	CORE_HR	Pathogenic	0.0
SIM-00811	CORE_HR	Pathogenic	0.0
SIM-00812	CORE_HR	Pathogenic	0.0
SIM-00813	CORE_HR	Pathogenic	0.393443
SIM-00814	CORE_HR	Pathogenic	0.0
SIM-00815	CORE_HR	Pathogenic	0.0
SIM-00816	CORE_HR	Pathogenic	0.0
SIM-00817	CORE_HR	Pathogenic	0.0
SIM-00818	CORE_HR	Pathogenic	0.0
SIM-00819	CORE_HR	Pathogenic	0.0
SIM-00820	CORE_HR	Pathogenic	0.662162
SIM-00821	CORE_HR	Pathogenic	0.0
SIM-00822	CORE_HR	Pathogenic	0.0
SIM-00823	CORE_HR	Pathogenic	0.0
SIM-00824	CORE_HR	Pathogenic	0.0
SIM-00825	CORE_HR	Pathogenic	0.0
SIM-00826	CORE_HR	Pathogenic	0.0
SIM-00827	CORE_HR	Pathogenic	0.0
SIM-00828	CORE_HR	Pathogenic	0.0
SIM-00829	CORE_HR	Pathogenic	0.0
SIM-00830	CORE_HR	Pathogenic	0.0
SIM-00831	CORE_HR	Pathogenic	0.0
SIM-00832	CORE_HR	Pathogenic	0.0
SIM-00833	CORE_HR	Pathogenic	0.0
SIM-00834	CORE_HR	Pathogenic	0.0
SIM-00835	CORE_HR	Pathogenic	0.0
SIM-00836	CORE_HR	Pathogenic	0.0
SIM-00837	CORE_HR	Pathogenic	0.0
SIM-00838	CORE_HR	Pathogenic	0.0
SIM-00839	CORE_HR	Pathogenic	0.0
SIM-00840	CORE_HR	Pathogenic	0.0
SIM-00841	CORE_HR	Pathogenic	0.0
SIM-00842	CORE_HR	Pathogenic	0.0
SIM-00843	CORE_HR	Pathogenic	0.0
SIM-00844	CORE_HR	Pathogenic	0.0
SIM-00845	CORE_HR	Pathogenic	0.0
SIM-00846	CORE_HR	Pathogenic	0.0
SIM-00847	CORE_HR	Pathogenic	0.0
SIM-00848	CORE_HR	Pathogenic	0.0
SIM-00849	CORE_HR	Pathogenic	0.0
SIM-00850	CORE_HR	Pathogenic	0.0
SIM-00851	CORE_HR	Pathogenic	0.0
SIM-00852	CORE_HR	Pathogenic	0.0
SIM-00853	CORE_HR	Pathogenic	0.0
SIM-00854	CORE_HR	Pathogenic	0.0
SIM-00855	CORE_HR	Pathogenic	0.0
SIM-00856	CORE_HR	Pathogenic	0.0
SIM-00857	CORE_HR	Pathogenic	0.0
SIM-00858	CORE_HR	Pathogenic	0.0
SIM-00859	CORE_HR	Pathogenic	0.0
SIM-00860	CORE_HR	Pathogenic	0.0
SIM-00861	CORE_HR	Pathogenic	0.0
SIM-00862	CORE_HR	Pathogenic	0.0
SIM-00863	CORE_HR	Pathogenic	0.0
SIM-00864	CORE_HR	Pathogenic	0.0
SIM-00865	CORE_HR	Pathogenic	0.0
SIM-00866	CORE_HR	Pathogenic	0.0
SIM-00867	CORE_HR	Pathogenic	0.0
SIM-00868	CORE_HR	Pathogenic	0.0
SIM-00869	CORE_HR	Pathogenic	0.0
SIM-00870	CORE_HR	Pathogenic	0.0
SIM-00871	CORE_HR	Pathogenic	0.0
SIM-00872	CORE_HR	Pathogenic	0.0
SIM-00873	CORE_HR	Pathogenic	0.0
SIM-00874	CORE_HR	Pathogenic	0.0
SIM-00875	CORE_HR	Pathogenic	0.0
SIM-00876	CORE_HR	Pathogenic	0.0
SIM-00877	CORE_HR	Pathogenic	0.0
SIM-00878	CORE_HR	Pathogenic	0.0
SIM-00879	CORE_HR	Pathogenic	0.0
SIM-00880	CORE_HR	Pathogenic	0.0
SIM-00881	CORE_HR	Pathogenic	0.851852
SIM-00882	CORE_HR	Pathogenic	0.0
SIM-00883	CORE_HR	Pathogenic	0.0
SIM-00884	CORE_HR	Pathogenic	0.0
SIM-00885	CORE_HR	Pathogenic	0.0
SIM-00886	CORE_HR	Pathogenic	0.0
SIM-00887	CORE_HR	Pathogenic	0.0
SIM-00888	CORE_HR	Pathogenic	0.0
SIM-00889	CORE_HR	Pathogenic	0.0
SIM-00890	CORE_HR	Pathogenic	0.0
SIM-00891	CORE_HR	Pathogenic	0.0
SIM-00892	CORE_HR	Pathogenic	0.0
SIM-00893	CORE_HR	Pathogenic	0.0
SIM-00894	CORE_HR	Pathogenic	0.0
SIM-00895	CORE_HR	Pathogenic	0.0
SIM-00896	CORE_HR	Pathogenic	0.0
SIM-00897	CORE_HR	Pathogenic	0.0
SIM-00898	CORE_HR	Pathogenic	0.0
SIM-00899	CORE_HR	Pathogenic	0.0
SIM-00900	CORE_HR	Pathogenic	0.0
SIM-00901	CORE_HR	Pathogenic	0.0
SIM-00902	CORE_HR	Pathogenic	0.0
SIM-00903	CORE_HR	Pathogenic	0.0
SIM-00904	CORE_HR	Pathogenic	0.0
SIM-00905	CORE_HR	Pathogenic	0.0
SIM-00906	CORE_HR	Pathogenic	0.0
SIM-00907	CORE_HR	Pathogenic	0.0
SIM-00908	CORE_HR	Pathogenic	0.0
SIM-00909	CORE_HR	Pathogenic	0.0
SIM-00910	CORE_HR	Pathogenic	0.0
SIM-00911	CORE_HR	Pathogenic	0.0
SIM-00912	CORE_HR	Pathogenic	0.0
SIM-00913	CORE_HR	Pathogenic	0.0
SIM-00914	CORE_HR	Pathogenic	0.0
SIM-00915	CORE_HR	Pathogenic	0.0
SIM-00916	CORE_HR	Pathogenic	0.0
SIM-00917	CORE_HR	Pathogenic	0.0
SIM-00918	CORE_HR	Pathogenic	0.0
SIM-00919	CORE_HR	Pathogenic	0.0
SIM-00920	CORE_HR	Pathogenic	0.0
SIM-00921	CORE_HR	Pathogenic	0.0
SIM-00922	CORE_HR	Pathogenic	0.0
SIM-00923	CORE_HR	Pathogenic	0.0
SIM-00924	CORE_HR	Pathogenic	0.0
SIM-00925	CORE_HR	Pathogenic	0.47619
SIM-00926	CORE_HR	Pathogenic	0.0
SIM-00927	CORE_HR	Pathogenic	0.0
SIM-00928	CORE_HR	Pathogenic	0.0
SIM-00929	CORE_HR	Pathogenic	0.0
SIM-00930	CORE_HR	Pathogenic	0.0
SIM-00931	CORE_HR	Pathogenic	0.0
SIM-00932	CORE_HR	Pathogenic	0.0
SIM-00933	CORE_HR	Pathogenic	0.0
SIM-00934	CORE_HR	Pathogenic	0.0
SIM-00935	CORE_HR	Pathogenic	0.0
SIM-00936	CORE_HR	Pathogenic	0.0
SIM-00937	CORE_HR	Pathogenic	0.0
SIM-00938	CORE_HR	Pathogenic	0.0
SIM-00939	CORE_HR	Pathogenic	0.490909
SIM-00940	CORE_HR	Pathogenic	0.0
SIM-00941	CORE_HR	Pathogenic	0.0
SIM-00942	CORE_HR	Pathogenic	0.0
SIM-00943	CORE_HR	Pathogenic	0.0
SIM-00944	CORE_HR	Pathogenic	0.0
SIM-00945	CORE_HR	Pathogenic	0.0
SIM-00946	CORE_HR	Pathogenic	0.0
SIM-00947	CORE_HR	Pathogenic	0.0
SIM-00948	CORE_HR	Pathogenic	0.0
SIM-00949	CORE_HR	Pathogenic	0.0
SIM-00950	CORE_HR	Pathogenic	0.0
SIM-00951	CORE_HR	Pathogenic	0.0
SIM-00952	CORE_HR	Pathogenic	0.0
SIM-00953	CORE_HR	Pathogenic	0.0
SIM-00954	CORE_HR	Pathogenic	0.0
SIM-00955	CORE_HR	Pathogenic	0.0
SIM-00956	CORE_HR	Pathogenic	0.0
SIM-00957	CORE_HR	Pathogenic	0.0
SIM-00958	CORE_HR	Pathogenic	0.0
SIM-00959	CORE_HR	Pathogenic	0.0
SIM-00960	CORE_HR	Pathogenic	0.0
SIM-00961	CORE_HR	Pathogenic	0.0
SIM-00962	CORE_HR	Pathogenic	0.0
SIM-00963	CORE_HR	Pathogenic	0.0
SIM-00964	CORE_HR	Pathogenic	0.0
SIM-00965	CORE_HR	Pathogenic	0.0
SIM-00966	CORE_HR	Pathogenic	0.0
SIM-00967	CORE_HR	Pathogenic	0.0
SIM-00968	CORE_HR	Pathogenic	0.0
SIM-00969	CORE_HR	Pathogenic	0.0
SIM-00970	CORE_HR	Pathogenic	0.0
SIM-00971	CORE_HR	Pathogenic	0.0
SIM-00972	CORE_HR	Pathogenic	0.0
SIM-00973	CORE_HR	Pathogenic	0.0
SIM-00974	CORE_HR	Pathogenic	0.653061
SIM-00975	CORE_HR	Pathogenic	0.0
SIM-00976	CORE_HR	Pathogenic	0.0
SIM-00977	CORE_HR	Pathogenic	0.0
SIM-00978	CORE_HR	Pathogenic	0.0
SIM-00979	CORE_HR	Pathogenic	0.0
SIM-00980	CORE_HR	Pathogenic	0.0
SIM-00981	CORE_HR	Pathogenic	0.0
SIM-00982	CORE_HR	Pathogenic	0.0
SIM-00983	CORE_HR	Pathogenic	0.0
SIM-00984	CORE_HR	Pathogenic	0.0
SIM-00985	CORE_HR	Pathogenic	0.0
SIM-00986	CORE_HR	Pathogenic	0.0
SIM-00987	CORE_HR	Pathogenic	0.0
SIM-00988	CORE_HR	Pathogenic	0.0
SIM-00989	CORE_HR	Pathogenic	0.0
SIM-00990	CORE_HR	Pathogenic	0.0
SIM-00991	CORE_HR	Pathogenic	0.0
SIM-00992	CORE_HR	Pathogenic	0.0
SIM-00993	CORE_HR	Pathogenic	0.0
SIM-00994	CORE_HR	Pathogenic	0.0
SIM-00995	CORE_HR	Pathogenic	0.0
SIM-00996	CORE_HR	Pathogenic	0.0
SIM-00997	CORE_HR	Pathogenic	0.0
SIM-00998	CORE_HR	Pathogenic	0.0
SIM-00999	CORE_HR	Pathogenic	0.0
SIM-01000	CORE_HR	Pathogenic	0.0
SIM-01001	CORE_HR	Pathogenic	0.0
SIM-01002	CORE_HR	Pathogenic	0.0
SIM-01003	CORE_HR	Pathogenic	0.0
SIM-01004	CORE_HR	Pathogenic	0.0
SIM-01005	CORE_HR	Pathogenic	0.0
SIM-01006	CORE_HR	Pathogenic	0.0
SIM-01007	CORE_HR	Pathogenic	0.0
SIM-01008	CORE_HR	Pathogenic	0.0
SIM-01009	CORE_HR	Pathogenic	0.0
SIM-01010	CORE_HR	Pathogenic	0.0
SIM-01011	CORE_HR	Pathogenic	0.0
SIM-01012	CORE_HR	Pathogenic	0.0
SIM-01013	CORE_HR	Pathogenic	0.0
SIM-01014	CORE_HR	Pathogenic	0.0
SIM-01015	CORE_HR	Pathogenic	0.0
SIM-01016	CORE_HR	Pathogenic	0.0
SIM-01017	CORE_HR	Pathogenic	0.0
SIM-01018	CORE_HR	Pathogenic	0.0
SIM-01019	CORE_HR	Pathogenic	0.0
SIM-01020	CORE_HR	Pathogenic	0.0
SIM-01021	CORE_HR	Pathogenic	0.0
SIM-01022	CORE_HR	Pathogenic	0.0
SIM-01023	CORE_HR	Pathogenic	0.0
SIM-01024	CORE_HR	Pathogenic	0.0
SIM-01025	CORE_HR	Pathogenic	0.0
SIM-01026	CORE_HR	Pathogenic	0.0
SIM-01027	CORE_HR	Pathogenic	0.0
SIM-01028	CORE_HR	Pathogenic	0.0
SIM-01029	CORE_HR	Pathogenic	0.0
SIM-01030	CORE_HR	Pathogenic	0.0
SIM-01031	CORE_HR	Pathogenic	0.0
SIM-01032	CORE_HR	Pathogenic	0.0
SIM-01033	CORE_HR	Pathogenic	0.0
SIM-01034	CORE_HR	Pathogenic	0.0
SIM-01035	CORE_HR	Pathogenic	0.0
SIM-01036	CORE_HR	Pathogenic	0.0
SIM-01037	CORE_HR	Pathogenic	0.0
SIM-01038	CORE_HR	Pathogenic	0.0
SIM-01039	CORE_HR	Pathogenic	0.0
SIM-01040	CORE_HR	Pathogenic	0.0
SIM-01041	CORE_HR	Pathogenic	0.647059
SIM-01042	CORE_HR	Pathogenic	0.913793
SIM-01043	CORE_HR	Pathogenic	0.0
SIM-01044	CORE_HR	Pathogenic	0.0
SIM-01045	CORE_HR	Pathogenic	0.0
SIM-01046	CORE_HR	Pathogenic	0.0
SIM-01047	CORE_HR	Pathogenic	0.0
SIM-01048	CORE_HR	Pathogenic	0.0
SIM-01049	CORE_HR	Pathogenic	0.0
SIM-01050	CORE_HR	Pathogenic	0.0
SIM-01051	CORE_HR	Pathogenic	0.0
SIM-01052	CORE_HR	Pathogenic	0.0
SIM-01053	CORE_HR	Pathogenic	0.0
SIM-01054	CORE_HR	Pathogenic	0.0
SIM-01055	CORE_HR	Pathogenic	0.0
SIM-01056	CORE_HR	Pathogenic	0.0
SIM-01057	CORE_HR	Pathogenic	0.580645
SIM-01058	CORE_HR	Pathogenic	0.0
SIM-01059	CORE_HR	Pathogenic	0.0
SIM-01060	CORE_HR	Pathogenic	0.0
SIM-01061	CORE_HR	Pathogenic	0.0
SIM-01062	CORE_HR	Pathogenic	0.0
SIM-01063	CORE_HR	Pathogenic	0.0
SIM-01064	CORE_HR	Pathogenic	0.0
SIM-01065	CORE_HR	Pathogenic	0.0
SIM-01066	CORE_HR	Pathogenic	0.0
SIM-01067	CORE_HR	Pathogenic	0.0
SIM-01068	CORE_HR	Pathogenic	0.0
SIM-01069	CORE_HR	Pathogenic	0.0
SIM-01070	CORE_HR	Pathogenic	0.0
SIM-01071	CORE_HR	Pathogenic	0.0
SIM-01072	CORE_HR	Pathogenic	0.0
SIM-01073	CORE_HR	Pathogenic	0.0
SIM-01074	CORE_HR	Pathogenic	0.0
SIM-01075	CORE_HR	Pathogenic	0.0
SIM-01076	CORE_HR	Pathogenic	0.0
SIM-01077	CORE_HR	Pathogenic	0.0
SIM-01078	CORE_HR	Pathogenic	0.0
SIM-01079	CORE_HR	Pathogenic	0.0
SIM-01080	CORE_HR	Pathogenic	0.0
SIM-01081	CORE_HR	Pathogenic	0.0
SIM-01082	CORE_HR	Pathogenic	0.0
SIM-01083	CORE_HR	Pathogenic	0.0
SIM-01084	CORE_HR	Pathogenic	0.0
SIM-01085	CORE_HR	Pathogenic	0.0
SIM-01086	CORE_HR	Pathogenic	0.0
SIM-01087	CORE_HR	Pathogenic	0.0
SIM-01088	CORE_HR	Pathogenic	0.0
SIM-01089	CORE_HR	Pathogenic	0.0
SIM-01090	CORE_HR	Pathogenic	0.0
SIM-01091	CORE_HR	Pathogenic	0.0
SIM-01092	CORE_HR	Pathogenic	0.0
SIM-01093	CORE_HR	Pathogenic	0.0
SIM-01094	CORE_HR	Pathogenic	0.0
SIM-01095	CORE_HR	Pathogenic	0.0
SIM-01096	CORE_HR	Pathogenic	0.776316
SIM-01097	CORE_HR	Pathogenic	0.0
SIM-01098	CORE_HR	Pathogenic	0.0
SIM-01099	CORE_HR	Pathogenic	0.0
SIM-01100	CORE_HR	Pathogenic	0.0
SIM-01101	CORE_HR	Pathogenic	0.0
SIM-01102	CORE_HR	Pathogenic	0.0
SIM-01103	CORE_HR	Pathogenic	0.0
SIM-01104	CORE_HR	Pathogenic	0.0
SIM-01105	CORE_HR	Pathogenic	0.0
SIM-01106	CORE_HR	Pathogenic	0.596774
SIM-01107	CORE_HR	Pathogenic	0.0
SIM-01108	CORE_HR	Pathogenic	0.0
SIM-01109	CORE_HR	Pathogenic	0.0
SIM-01110	CORE_HR	Pathogenic	0.0
SIM-01111	CORE_HR	Pathogenic	0.0
SIM-01112	CORE_HR	Pathogenic	0.0
SIM-01113	CORE_HR	Pathogenic	0.0
SIM-01114	CORE_HR	Pathogenic	0.0
SIM-01115	CORE_HR	Pathogenic	0.0
SIM-01116	CORE_HR	Pathogenic	0.0
SIM-01117	CORE_HR	Pathogenic	0.0
SIM-01118	CORE_HR	Pathogenic	0.0
SIM-01119	CORE_HR	Pathogenic	0.0
SIM-01120	CORE_HR	Pathogenic	0.0
SIM-01121	CORE_HR	Pathogenic	0.0
SIM-01122	CORE_HR	Pathogenic	0.0
SIM-01123	CORE_HR	Pathogenic	0.0
SIM-01124	CORE_HR	Pathogenic	0.0
SIM-01125	CORE_HR	Pathogenic	0.0
SIM-01126	CORE_HR	Pathogenic	0.0
SIM-01127	CORE_HR	Pathogenic	0.0
SIM-01128	CORE_HR	Pathogenic	0.0
SIM-01129	CORE_HR	Pathogenic	0.0
SIM-01130	CORE_HR	Pathogenic	0.0
SIM-01131	CORE_HR	Pathogenic	0.0
SIM-01132	CORE_HR	Pathogenic	0.0
SIM-01133	CORE_HR	Pathogenic	0.0
SIM-01134	CORE_HR	Pathogenic	0.0
SIM-01135	CORE_HR	Pathogenic	0.0
SIM-01136	CORE_HR	Pathogenic	0.0
SIM-01137	CORE_HR	Pathogenic	0.0
SIM-01138	CORE_HR	Pathogenic	0.0
SIM-01139	CORE_HR	Pathogenic	0.0
SIM-01140	CORE_HR	Pathogenic	0.0
SIM-01141	CORE_HR	Pathogenic	0.0
SIM-01142	CORE_HR	Pathogenic	0.0
SIM-01143	CORE_HR	Pathogenic	0.0
SIM-01144	CORE_HR	Pathogenic	0.0
SIM-01145	CORE_HR	Pathogenic	0.0
SIM-01146	CORE_HR	Pathogenic	0.0
SIM-01147	CORE_HR	Pathogenic	0.0
SIM-01148	CORE_HR	Pathogenic	0.0
SIM-01149	CORE_HR	Pathogenic	0.0
SIM-01150	CORE_HR	Pathogenic	0.0
SIM-01151	CORE_HR	Pathogenic	0.0
SIM-01152	CORE_HR	Pathogenic	0.0
SIM-01153	CORE_HR	Pathogenic	0.0
SIM-01154	CORE_HR	Pathogenic	0.0
SIM-01155	CORE_HR	Pathogenic	0.0
SIM-01156	CORE_HR	Pathogenic	0.0
SIM-01157	CORE_HR	Pathogenic	0.0
SIM-01158	CORE_HR	Pathogenic	0.0
SIM-01159	CORE_HR	Pathogenic	0.0
SIM-01160	CORE_HR	Pathogenic	0.0
SIM-01161	CORE_HR	Pathogenic	0.0
SIM-01162	CORE_HR	Pathogenic	0.0
SIM-01163	CORE_HR	Pathogenic	0.0
SIM-01164	CORE_HR	Pathogenic	0.0
SIM-01165	CORE_HR	Pathogenic	0.0
SIM-01166	CORE_HR	Pathogenic	0.0
SIM-01167	CORE_HR	Pathogenic	0.0
SIM-01168	CORE_HR	Pathogenic	0.0
SIM-01169	CORE_HR	Pathogenic	0.0
SIM-01170	CORE_HR	Pathogenic	0.0
SIM-01171	CORE_HR	Pathogenic	0.0
SIM-01172	CORE_HR	Pathogenic	0.0
SIM-01173	CORE_HR	Pathogenic	0.0
SIM-01174	CORE_HR	Pathogenic	0.0
SIM-01175	CORE_HR	Pathogenic	0.0
SIM-01176	CORE_HR	Pathogenic	0.0
SIM-01177	CORE_HR	Pathogenic	0.0
SIM-01178	CORE_HR	Pathogenic	0.0
SIM-01179	CORE_HR	Pathogenic	0.0
SIM-01180	CORE_HR	Pathogenic	0.0
SIM-01181	CORE_HR	Pathogenic	0.0
SIM-01182	CORE_HR	Pathogenic	0.0
SIM-01183	CORE_HR	Pathogenic	0.0
SIM-01184	CORE_HR	Pathogenic	0.0
SIM-01185	CORE_HR	Pathogenic	0.0
SIM-01186	CORE_HR	Pathogenic	0.0
SIM-01187	CORE_HR	Pathogenic	0.0
SIM-01188	CORE_HR	Pathogenic	0.0
SIM-01189	CORE_HR	Pathogenic	0.0
SIM-01190	CORE_HR	Pathogenic	0.0
SIM-01191	CORE_HR	Pathogenic	0.0
SIM-01192	CORE_HR	Pathogenic	0.0
SIM-01193	CORE_HR	Pathogenic	0.0
SIM-01194	CORE_HR	Pathogenic	0.0
SIM-01195	CORE_HR	Pathogenic	0.0
SIM-01196	CORE_HR	Pathogenic	0.0
SIM-01197	CORE_HR	Pathogenic	0.0
SIM-01198	CORE_HR	Pathogenic	0.0
SIM-01199	CORE_HR	Pathogenic	0.0
SIM-01200	CORE_HR	Pathogenic	0.0
SIM-01201	CORE_HR	Pathogenic	0.0
SIM-01202	CORE_HR	Pathogenic	0.0
SIM-01203	CORE_HR	Pathogenic	0.0
SIM-01204	CORE_HR	Pathogenic	0.0
SIM-01205	CORE_HR	Pathogenic	0.0
SIM-01206	CORE_HR	Pathogenic	0.0
SIM-01207	CORE_HR	Pathogenic	0.0
SIM-01208	CORE_HR	Pathogenic	0.0
SIM-01209	CORE_HR	Pathogenic	0.0
SIM-01210	CORE_HR	Pathogenic	0.0
SIM-01211	CORE_HR	Pathogenic	0.0
SIM-01212	CORE_HR	Pathogenic	0.0
SIM-01213	CORE_HR	Pathogenic	0.0
SIM-01214	CORE_HR	Pathogenic	0.0
SIM-01215	CORE_HR	Pathogenic	0.0
SIM-01216	CORE_HR	Pathogenic	0.0
SIM-01217	CORE_HR	Pathogenic	0.0
SIM-01218	CORE_HR	Pathogenic	0.0
SIM-01219	CORE_HR	Pathogenic	0.0
SIM-01220	CORE_HR	Pathogenic	0.0
SIM-01221	CORE_HR	Pathogenic	0.0
SIM-01222	CORE_HR	Pathogenic	0.0
SIM-01223	CORE_HR	Pathogenic	0.0
SIM-01224	CORE_HR	Pathogenic	0.0
SIM-01225	CORE_HR	Pathogenic	0.0
SIM-01226	CORE_HR	Pathogenic	0.0
SIM-01227	CORE_HR	Pathogenic	0.0
SIM-01228	CORE_HR	Pathogenic	0.0
SIM-01229	CORE_HR	Pathogenic	0.0
SIM-01230	CORE_HR	Pathogenic	0.0
SIM-01231	CORE_HR	Pathogenic	0.0
SIM-01232	CORE_HR	Pathogenic	0.0
SIM-01233	CORE_HR	Pathogenic	0.0
SIM-01234	CORE_HR	Pathogenic	0.0
SIM-01235	CORE_HR	Pathogenic	0.0
SIM-01236	CORE_HR	Pathogenic	0.0
SIM-01237	CORE_HR	Pathogenic	0.0
SIM-01238	CORE_HR	Pathogenic	0.0
SIM-01239	CORE_HR	Pathogenic	0.0
SIM-01240	CORE_HR	Pathogenic	0.0
SIM-01241	CORE_HR	Pathogenic	0.0
SIM-01242	CORE_HR	Pathogenic	0.0
SIM-01243	CORE_HR	Pathogenic	0.0
SIM-01244	CORE_HR	Pathogenic	0.0
SIM-01245	CORE_HR	Pathogenic	0.0
SIM-01246	CORE_HR	Pathogenic	0.0
SIM-01247	CORE_HR	Pathogenic	0.474576
SIM-01248	CORE_HR	Pathogenic	0.6
SIM-01249	CORE_HR	Pathogenic	0.0
SIM-01250	CORE_HR	Pathogenic	0.0
SIM-01251	CORE_HR	Pathogenic	0.0
SIM-01252	CORE_HR	Pathogenic	0.0
SIM-01253	CORE_HR	Pathogenic	0.0
SIM-01254	CORE_HR	Pathogenic	0.0
SIM-01255	CORE_HR	Pathogenic	0.0
SIM-01256	CORE_HR	Pathogenic	0.0
SIM-01257	CORE_HR	Pathogenic	0.0
SIM-01258	CORE_HR	Pathogenic	0.0
SIM-01259	CORE_HR	Pathogenic	0.0
SIM-01260	CORE_HR	Pathogenic	0.0
SIM-01261	CORE_HR	Pathogenic	0.0
SIM-01262	CORE_HR	Pathogenic	0.0
SIM-01263	CORE_HR	Pathogenic	0.0
SIM-01264	CORE_HR	Pathogenic	0.0
SIM-01265	CORE_HR	Pathogenic	0.0
SIM-01266	CORE_HR	Pathogenic	0.0
SIM-01267	CORE_HR	Pathogenic	0.0
SIM-01268	CORE_HR	Pathogenic	0.0
SIM-01269	CORE_HR	Pathogenic	0.0
SIM-01270	CORE_HR	Pathogenic	0.0
SIM-01271	CORE_HR	Pathogenic	0.0
SIM-01272	CORE_HR	Pathogenic	0.0
SIM-01273	CORE_HR	Pathogenic	0.0
SIM-01274	CORE_HR	Pathogenic	0.0
SIM-01275	CORE_HR	Pathogenic	0.0
SIM-01276	CORE_HR	Pathogenic	0.0
SIM-01277	CORE_HR	Pathogenic	0.0
SIM-01278	CORE_HR	Pathogenic	0.0
SIM-01279	CORE_HR	Pathogenic	0.0
SIM-01280	CORE_HR	Pathogenic	0.0
SIM-01281	CORE_HR	Pathogenic	0.0
SIM-01282	CORE_HR	Pathogenic	0.0
SIM-01283	CORE_HR	Pathogenic	0.0
SIM-01284	CORE_HR	Pathogenic	0.0
SIM-01285	CORE_HR	Pathogenic	0.0
SIM-01286	CORE_HR	Pathogenic	0.0
SIM-01287	CORE_HR	Pathogenic	0.0
SIM-01288	CORE_HR	Pathogenic	0.0
SIM-01289	CORE_HR	Pathogenic	0.0
SIM-01290	CORE_HR	Pathogenic	0.0
SIM-01291	CORE_HR	Pathogenic	0.0
SIM-01292	CORE_HR	Pathogenic	0.0
SIM-01293	CORE_HR	Pathogenic	0.0
SIM-01294	CORE_HR	Pathogenic	0.0
SIM-01295	CORE_HR	Pathogenic	0.0
SIM-01296	CORE_HR	Pathogenic	0.0
SIM-01297	CORE_HR	Pathogenic	0.0
SIM-01298	CORE_HR	Pathogenic	0.0
SIM-01299	CORE_HR	Pathogenic	0.0
SIM-01300	CORE_HR	Pathogenic	0.0
SIM-01301	CORE_HR	Pathogenic	0.0
SIM-01302	CORE_HR	Pathogenic	0.0
SIM-01303	CORE_HR	Pathogenic	0.0
SIM-01304	CORE_HR	Pathogenic	0.0
SIM-01305	CORE_HR	Pathogenic	0.0
SIM-01306	CORE_HR	Pathogenic	0.0
SIM-01307	CORE_HR	Pathogenic	0.0
SIM-01308	CORE_HR	Pathogenic	0.0
SIM-01309	CORE_HR	Pathogenic	0.0
SIM-01310	CORE_HR	Pathogenic	0.0
SIM-01311	CORE_HR	Pathogenic	0.0
SIM-01312	CORE_HR	Pathogenic	0.0
SIM-01313	CORE_HR	Pathogenic	0.0
SIM-01314	CORE_HR	Pathogenic	0.0
SIM-01315	CORE_HR	Pathogenic	0.0
SIM-01316	CORE_HR	Pathogenic	0.0
SIM-01317	CORE_HR	Pathogenic	0.0
SIM-01318	CORE_HR	Pathogenic	0.0
SIM-01319	CORE_HR	Pathogenic	0.0
SIM-01320	CORE_HR	Pathogenic	0.0
SIM-01321	CORE_HR	Pathogenic	0.0
SIM-01322	CORE_HR	Pathogenic	0.0
SIM-01323	CORE_HR	Pathogenic	0.0
SIM-01324	CORE_HR	Pathogenic	0.0
SIM-01325	CORE_HR	Pathogenic	0.0
SIM-01326	CORE_HR	Pathogenic	0.0
SIM-01327	CORE_HR	Pathogenic	0.6875
SIM-01328	CORE_HR	Pathogenic	0.0
SIM-01329	CORE_HR	Pathogenic	0.0
SIM-01330	CORE_HR	Pathogenic	0.0
SIM-01331	CORE_HR	Pathogenic	0.0
SIM-01332	CORE_HR	Pathogenic	0.0
SIM-01333	CORE_HR	Pathogenic	0.0
SIM-01334	CORE_HR	Pathogenic	0.0
SIM-01335	CORE_HR	Pathogenic	0.0
SIM-01336	CORE_HR	Pathogenic	0.60274
SIM-01337	CORE_HR	Pathogenic	0.0
SIM-01338	CORE_HR	Pathogenic	0.0
SIM-01339	CORE_HR	Pathogenic	0.0
SIM-01340	CORE_HR	Pathogenic	0.0
SIM-01341	CORE_HR	Pathogenic	0.0
SIM-01342	CORE_HR	Pathogenic	0.0
SIM-01343	CORE_HR	Pathogenic	0.0
SIM-01344	CORE_HR	Pathogenic	0.0
SIM-01345	CORE_HR	Pathogenic	0.0
SIM-01346	CORE_HR	Pathogenic	0.0
SIM-01347	CORE_HR	Pathogenic	0.0
SIM-01348	CORE_HR	Pathogenic	0.0
SIM-01349	CORE_HR	Pathogenic	0.0
SIM-01350	CORE_HR	Pathogenic	0.0
SIM-01351	CORE_HR	Pathogenic	0.0
SIM-01352	CORE_HR	Pathogenic	0.0
SIM-01353	CORE_HR	Pathogenic	0.0
SIM-01354	CORE_HR	Pathogenic	0.0
SIM-01355	CORE_HR	Pathogenic	0.0
SIM-01356	CORE_HR	Pathogenic	0.0
SIM-01357	CORE_HR	Pathogenic	0.0
SIM-01358	CORE_HR	Pathogenic	0.0
SIM-01359	CORE_HR	Pathogenic	0.0
SIM-01360	CORE_HR	Pathogenic	0.0
SIM-01361	CORE_HR	Pathogenic	0.0
SIM-01362	CORE_HR	Pathogenic	0.0
SIM-01363	CORE_HR	Pathogenic	0.0
SIM-01364	CORE_HR	Pathogenic	0.809524
SIM-01365	CORE_HR	Pathogenic	0.0
SIM-01366	CORE_HR	Pathogenic	0.0
SIM-01367	CORE_HR	Pathogenic	0.0
SIM-01368	CORE_HR	Pathogenic	0.0
SIM-01369	CORE_HR	Pathogenic	0.707317
SIM-01370	CORE_HR	Pathogenic	0.0
SIM-01371	CORE_HR	Pathogenic	0.0
SIM-01372	CORE_HR	Pathogenic	0.0
SIM-01373	CORE_HR	Pathogenic	0.0
SIM-01374	CORE_HR	Pathogenic	0.0
SIM-01375	CORE_HR	Pathogenic	0.0
SIM-01376	CORE_HR	Pathogenic	0.0
SIM-01377	CORE_HR	Pathogenic	0.0
SIM-01378	CORE_HR	Pathogenic	0.0
SIM-01379	CORE_HR	Pathogenic	0.0
SIM-01380	CORE_HR	Pathogenic	0.0
SIM-01381	CORE_HR	Pathogenic	0.0
SIM-01382	CORE_HR	Pathogenic	0.0
SIM-01383	CORE_HR	Pathogenic	0.0
SIM-01384	CORE_HR	Pathogenic	0.0
SIM-01385	CORE_HR	Pathogenic	0.0
SIM-01386	CORE_HR	Pathogenic	0.0
SIM-01387	CORE_HR	Pathogenic	0.0
SIM-01388	CORE_HR	Pathogenic	0.0
SIM-01389	CORE_HR	Pathogenic	0.0
SIM-01390	CORE_HR	Pathogenic	0.0
SIM-01391	CORE_HR	Pathogenic	0.0
SIM-01392	CORE_HR	Pathogenic	0.0
SIM-01393	CORE_HR	Pathogenic	0.0
SIM-01394	CORE_HR	Pathogenic	0.0
SIM-01395	CORE_HR	Pathogenic	0.0
SIM-01396	CORE_HR	Pathogenic	0.0
SIM-01397	CORE_HR	Pathogenic	0.0
SIM-01398	CORE_HR	Pathogenic	0.0
SIM-01399	CORE_HR	Pathogenic	0.0
SIM-01400	CORE_HR	Pathogenic	0.0
SIM-01401	CORE_HR	Pathogenic	0.0
SIM-01402	CORE_HR	Pathogenic	0.0
SIM-01403	CORE_HR	Pathogenic	0.0
SIM-01404	CORE_HR	Pathogenic	0.0
SIM-01405	CORE_HR	Pathogenic	0.0
SIM-01406	CORE_HR	Pathogenic	0.0
SIM-01407	CORE_HR	Pathogenic	0.0
SIM-01408	CORE_HR	Pathogenic	0.0
SIM-01409	CORE_HR	Pathogenic	0.0
SIM-01410	CORE_HR	Pathogenic	0.0
SIM-01411	CORE_HR	Pathogenic	0.0
SIM-01412	CORE_HR	Pathogenic	0.0
SIM-01413	CORE_HR	Pathogenic	0.0
SIM-01414	CORE_HR	Pathogenic	0.0
SIM-01415	CORE_HR	Pathogenic	0.0
SIM-01416	CORE_HR	Pathogenic	0.0
SIM-01417	CORE_HR	Pathogenic	0.0
SIM-01418	CORE_HR	Pathogenic	0.0
SIM-01419	CORE_HR	Pathogenic	0.0
SIM-01420	CORE_HR	Pathogenic	0.0
SIM-01421	CORE_HR	Pathogenic	0.0
SIM-01422	CORE_HR	Pathogenic	0.0
SIM-01423	CORE_HR	Pathogenic	0.0
SIM-01424	CORE_HR	Pathogenic	0.0
SIM-01425	CORE_HR	Pathogenic	0.0
SIM-01426	CORE_HR	Pathogenic	0.0
SIM-01427	CORE_HR	Pathogenic	0.0
SIM-01428	CORE_HR	Pathogenic	0.0
SIM-01429	CORE_HR	Pathogenic	0.0
SIM-01430	CORE_HR	Pathogenic	0.0
SIM-01431	CORE_HR	Pathogenic	0.0
SIM-01432	CORE_HR	Pathogenic	0.0
SIM-01433	CORE_HR	Pathogenic	0.0
SIM-01434	CORE_HR	Pathogenic	0.0
SIM-01435	CORE_HR	Pathogenic	0.0
SIM-01436	CORE_HR	Pathogenic	0.0
SIM-01437	CORE_HR	Pathogenic	0.0
SIM-01438	CORE_HR	Pathogenic	0.0
SIM-01439	CORE_HR	Pathogenic	0.0
SIM-01440	CORE_HR	Pathogenic	0.0
SIM-01441	CORE_HR	Pathogenic	0.0
SIM-01442	CORE_HR	Pathogenic	0.0
SIM-01443	CORE_HR	Pathogenic	0.0
SIM-01444	CORE_HR	Pathogenic	0.0
SIM-01445	CORE_HR	Pathogenic	0.0
SIM-01446	CORE_HR	Pathogenic	0.0
SIM-01447	CORE_HR	Pathogenic	0.0
SIM-01448	CORE_HR	Pathogenic	0.0
SIM-01449	CORE_HR	Pathogenic	0.706667
SIM-01450	CORE_HR	Pathogenic	0.0
SIM-01451	CORE_HR	Pathogenic	0.0
SIM-01452	CORE_HR	Pathogenic	0.0
SIM-01453	CORE_HR	Pathogenic	0.0
SIM-01454	CORE_HR	Pathogenic	0.0
SIM-01455	CORE_HR	Pathogenic	0.0
SIM-01456	CORE_HR	Pathogenic	0.0
SIM-01457	CORE_HR	Pathogenic	0.0
SIM-01458	CORE_HR	Pathogenic	0.0
SIM-01459	CORE_HR	Pathogenic	0.0
SIM-01460	CORE_HR	Pathogenic	0.0
SIM-01461	CORE_HR	Pathogenic	0.0
SIM-01462	CORE_HR	Pathogenic	0.0
SIM-01463	CORE_HR	Pathogenic	0.0
SIM-01464	CORE_HR	Pathogenic	0.0
SIM-01465	CORE_HR	Pathogenic	0.0
SIM-01466	CORE_HR	Pathogenic	0.0
SIM-01467	CORE_HR	Pathogenic	0.0
SIM-01468	CORE_HR	Pathogenic	0.0
SIM-01469	CORE_HR	Pathogenic	0.0
SIM-01470	CORE_HR	Pathogenic	0.0
SIM-01471	CORE_HR	Pathogenic	0.0
SIM-01472	CORE_HR	Pathogenic	0.0
SIM-01473	CORE_HR	Pathogenic	0.0
SIM-01474	CORE_HR	Pathogenic	0.0
SIM-01475	CORE_HR	Pathogenic	0.0
SIM-01476	CORE_HR	Pathogenic	0.0
SIM-01477	CORE_HR	Pathogenic	0.0
SIM-01478	CORE_HR	Pathogenic	0.0
SIM-01479	CORE_HR	Pathogenic	0.0
SIM-01480	CORE_HR	Pathogenic	0.0
SIM-01481	CORE_HR	Pathogenic	0.0
SIM-01482	CORE_HR	Pathogenic	0.0
SIM-01483	CORE_HR	Pathogenic	0.0
SIM-01484	CORE_HR	Pathogenic	0.0
SIM-01485	CORE_HR	Pathogenic	0.0
SIM-01486	CORE_HR	Pathogenic	0.0
SIM-01487	CORE_HR	Pathogenic	0.0
SIM-01488	CORE_HR	Pathogenic	0.0
SIM-01489	CORE_HR	Pathogenic	0.0
SIM-01490	CORE_HR	Pathogenic	0.0
SIM-01491	CORE_HR	Pathogenic	0.0
SIM-01492	CORE_HR	Pathogenic	0.0
SIM-01493	CORE_HR	Pathogenic	0.0
SIM-01494	CORE_HR	Pathogenic	0.0
SIM-01495	CORE_HR	Pathogenic	0.0
SIM-01496	CORE_HR	Pathogenic	0.0
SIM-01497	CORE_HR	Pathogenic	0.0
SIM-01498	CORE_HR	Pathogenic	0.0
SIM-01499	CORE_HR	Pathogenic	0.0
SIM-01500	CORE_HR	Pathogenic	0.0
SIM-01501	CORE_HR	Pathogenic	0.0
SIM-01502	CORE_HR	Pathogenic	0.0
SIM-01503	CORE_HR	Pathogenic	0.0
SIM-01504	CORE_HR	Pathogenic	0.0
SIM-01505	CORE_HR	Pathogenic	0.0
SIM-01506	CORE_HR	Pathogenic	0.0
SIM-01507	CORE_HR	Pathogenic	0.0
SIM-01508	CORE_HR	Pathogenic	0.0
SIM-01509	CORE_HR	Pathogenic	0.0
SIM-01510	CORE_HR	Pathogenic	0.0
SIM-01511	CORE_HR	Pathogenic	0.0
SIM-01512	CORE_HR	Pathogenic	0.0
SIM-01513	CORE_HR	Pathogenic	0.0
SIM-01514	CORE_HR	Pathogenic	0.0
SIM-01515	CORE_HR	Pathogenic	0.0
SIM-01516	CORE_HR	Pathogenic	0.0
SIM-01517	CORE_HR	Pathogenic	0.0
SIM-01518	CORE_HR	Pathogenic	0.0
SIM-01519	CORE_HR	Pathogenic	0.0
SIM-01520	CORE_HR	Pathogenic	0.0
SIM-01521	CORE_HR	Pathogenic	0.0
SIM-01522	CORE_HR	Pathogenic	0.0
SIM-01523	CORE_HR	Pathogenic	0.0
SIM-01524	CORE_HR	Pathogenic	0.0
SIM-01525	CORE_HR	Pathogenic	0.0
SIM-01526	CORE_HR	Pathogenic	0.0
SIM-01527	CORE_HR	Pathogenic	0.0
SIM-01528	CORE_HR	Pathogenic	0.0
SIM-01529	CORE_HR	Pathogenic	0.0
SIM-01530	CORE_HR	Pathogenic	0.0
SIM-01531	CORE_HR	Pathogenic	0.0
SIM-01532	CORE_HR	Pathogenic	0.0
SIM-01533	CORE_HR	Pathogenic	0.0
SIM-01534	CORE_HR	Pathogenic	0.0
SIM-01535	CORE_HR	Pathogenic	0.0
SIM-01536	CORE_HR	Pathogenic	0.0
SIM-01537	CORE_HR	Pathogenic	0.0
SIM-01538	CORE_HR	Pathogenic	0.0
SIM-01539	CORE_HR	Pathogenic	0.0
SIM-01540	CORE_HR	Pathogenic	0.0
SIM-01541	CORE_HR	Pathogenic	0.0
SIM-01542	CORE_HR	Pathogenic	0.0
SIM-01543	CORE_HR	Pathogenic	0.0
SIM-01544	CORE_HR	Pathogenic	0.0
SIM-01545	CORE_HR	Pathogenic	0.0
SIM-01546	CORE_HR	Pathogenic	0.0
SIM-01547	CORE_HR	Pathogenic	0.0
SIM-01548	CORE_HR	Pathogenic	0.0
SIM-01549	CORE_HR	Pathogenic	0.0
SIM-01550	CORE_HR	Pathogenic	0.0
SIM-01551	CORE_HR	Pathogenic	0.0
SIM-01552	CORE_HR	Pathogenic	0.0
SIM-01553	CORE_HR	Pathogenic	0.0
SIM-01554	CORE_HR	Pathogenic	0.0
SIM-01555	CORE_HR	Pathogenic	0.0
SIM-01556	CORE_HR	Pathogenic	0.0
SIM-01557	CORE_HR	Pathogenic	0.0
SIM-01558	CORE_HR	Pathogenic	0.0
SIM-01559	CORE_HR	Pathogenic	0.0
SIM-01560	CORE_HR	Pathogenic	0.0
SIM-01561	CORE_HR	Pathogenic	0.0
SIM-01562	CORE_HR	Pathogenic	0.0
SIM-01563	CORE_HR	Pathogenic	0.690909
SIM-01564	CORE_HR	Pathogenic	0.0
SIM-01565	CORE_HR	Pathogenic	0.0
SIM-01566	CORE_HR	Pathogenic	0.0
SIM-01567	CORE_HR	Pathogenic	0.0
SIM-01568	CORE_HR	Pathogenic	0.0
SIM-01569	CORE_HR	Pathogenic	0.0
SIM-01570	CORE_HR	Pathogenic	0.611765
SIM-01571	CORE_HR	Pathogenic	0.0
SIM-01572	CORE_HR	Pathogenic	0.0
SIM-01573	CORE_HR	Pathogenic	0.0
SIM-01574	CORE_HR	Pathogenic	0.712121
SIM-01575	CORE_HR	Pathogenic	0.0
SIM-01576	CORE_HR	Pathogenic	0.0
SIM-01577	CORE_HR	Pathogenic	0.0
SIM-01578	CORE_HR	Pathogenic	0.0
SIM-01579	CORE_HR	Pathogenic	0.0
SIM-01580	CORE_HR	Pathogenic	0.0
SIM-01581	CORE_HR	Pathogenic	0.0
SIM-01582	CORE_HR	Pathogenic	0.0
SIM-01583	CORE_HR	Pathogenic	0.0
SIM-01584	CORE_HR	Pathogenic	0.0
SIM-01585	CORE_HR	Pathogenic	0.0
SIM-01586	CORE_HR	Pathogenic	0.0
SIM-01587	CORE_HR	Pathogenic	0.0
SIM-01588	CORE_HR	Pathogenic	0.0
SIM-01589	CORE_HR	Pathogenic	0.0
SIM-01590	CORE_HR	Pathogenic	0.0
SIM-01591	CORE_HR	Pathogenic	0.0
SIM-01592	CORE_HR	Pathogenic	0.0
SIM-01593	CORE_HR	Pathogenic	0.0
SIM-01594	CORE_HR	Pathogenic	0.0
SIM-01595	CORE_HR	Pathogenic	0.0
SIM-01596	CORE_HR	Pathogenic	0.0
SIM-01597	CORE_HR	Pathogenic	0.0
SIM-01598	CORE_HR	Pathogenic	0.0
SIM-01599	CORE_HR	Pathogenic	0.0
SIM-01600	CORE_HR	Pathogenic	0.0
SIM-01601	CORE_HR	Pathogenic	0.0
SIM-01602	CORE_HR	Pathogenic	0.0
SIM-01603	CORE_HR	Pathogenic	0.0
SIM-01604	CORE_HR	Pathogenic	0.0
SIM-01605	CORE_HR	Pathogenic	0.0
SIM-01606	CORE_HR	Pathogenic	0.0
SIM-01607	CORE_HR	Pathogenic	0.0
SIM-01608	CORE_HR	Pathogenic	0.0
SIM-01609	CORE_HR	Pathogenic	0.0
SIM-01610	CORE_HR	Pathogenic	0.0
SIM-01611	CORE_HR	Pathogenic	0.0
SIM-01612	CORE_HR	Pathogenic	0.0
SIM-01613	CORE_HR	Pathogenic	0.0
SIM-01614	CORE_HR	Pathogenic	0.0
SIM-01615	CORE_HR	Pathogenic	0.0
SIM-01616	CORE_HR	Pathogenic	0.0
SIM-01617	CORE_HR	Pathogenic	0.0
SIM-01618	CORE_HR	Pathogenic	0.0
SIM-01619	CORE_HR	Pathogenic	0.0
SIM-01620	CORE_HR	Pathogenic	0.0
SIM-01621	CORE_HR	Pathogenic	0.0
SIM-01622	CORE_HR	Pathogenic	0.0
SIM-01623	CORE_HR	Pathogenic	0.0
SIM-01624	CORE_HR	Pathogenic	0.0
SIM-01625	CORE_HR	Pathogenic	0.0
SIM-01626	CORE_HR	Pathogenic	0.0
SIM-01627	CORE_HR	Pathogenic	0.0
SIM-01628	CORE_HR	Pathogenic	0.0
SIM-01629	CORE_HR	Pathogenic	0.0
SIM-01630	CORE_HR	Pathogenic	0.0
SIM-01631	CORE_HR	Pathogenic	0.0
SIM-01632	CORE_HR	Pathogenic	0.0
SIM-01633	CORE_HR	Pathogenic	0.0
SIM-01634	CORE_HR	Pathogenic	0.0
SIM-01635	CORE_HR	Pathogenic	0.0
SIM-01636	CORE_HR	Pathogenic	0.0
SIM-01637	CORE_HR	Pathogenic	0.0
SIM-01638	CORE_HR	Pathogenic	0.0
SIM-01639	CORE_HR	Pathogenic	0.0
SIM-01640	CORE_HR	Pathogenic	0.0
SIM-01641	CORE_HR	Pathogenic	0.0
SIM-01642	CORE_HR	Pathogenic	0.0
SIM-01643	CORE_HR	Pathogenic	0.0
SIM-01644	CORE_HR	Pathogenic	0.0
SIM-01645	CORE_HR	Pathogenic	0.0
SIM-01646	CORE_HR	Pathogenic	0.0
SIM-01647	CORE_HR	Pathogenic	0.85
SIM-01648	CORE_HR	Pathogenic	0.0
SIM-01649	CORE_HR	Pathogenic	0.0
SIM-01650	CORE_HR	Pathogenic	0.0
SIM-01651	CORE_HR	Pathogenic	0.0
SIM-01652	CORE_HR	Pathogenic	0.0
SIM-01653	CORE_HR	Pathogenic	0.0
SIM-01654	CORE_HR	Pathogenic	0.0
SIM-01655	CORE_HR	Pathogenic	0.0
SIM-01656	CORE_HR	Pathogenic	0.0
SIM-01657	CORE_HR	Pathogenic	0.0
SIM-01658	CORE_HR	Pathogenic	0.0
SIM-01659	CORE_HR	Pathogenic	0.0
SIM-01660	CORE_HR	Pathogenic	0.0
SIM-01661	CORE_HR	Pathogenic	0.0
SIM-01662	CORE_HR	Pathogenic	0.0
SIM-01663	CORE_HR	Pathogenic	0.0
SIM-01664	CORE_HR	Pathogenic	0.0
SIM-01665	CORE_HR	Pathogenic	0.0
SIM-01666	CORE_HR	Pathogenic	0.0
SIM-01667	CORE_HR	Pathogenic	0.0
SIM-01668	CORE_HR	Pathogenic	0.0
SIM-01669	CORE_HR	Pathogenic	0.0
SIM-01670	CORE_HR	Pathogenic	0.0
SIM-01671	CORE_HR	Pathogenic	0.0
SIM-01672	CORE_HR	Pathogenic	0.0
SIM-01673	CORE_HR	Pathogenic	0.0
SIM-01674	CORE_HR	Pathogenic	0.0
SIM-01675	CORE_HR	Pathogenic	0.0
SIM-01676	CORE_HR	Pathogenic	0.0
SIM-01677	CORE_HR	Pathogenic	0.0
SIM-01678	CORE_HR	Pathogenic	0.0
SIM-01679	CORE_HR	Pathogenic	0.0
SIM-01680	CORE_HR	Pathogenic	0.0
SIM-01681	CORE_HR	Pathogenic	0.0
SIM-01682	CORE_HR	Pathogenic	0.0
SIM-01683	CORE_HR	Pathogenic	0.0
SIM-01684	CORE_HR	Pathogenic	0.0
SIM-01685	CORE_HR	Pathogenic	0.0
SIM-01686	CORE_HR	Pathogenic	0.0
SIM-01687	CORE_HR	Pathogenic	0.0
SIM-01688	CORE_HR	Pathogenic	0.0
SIM-01689	CORE_HR	Pathogenic	0.0
SIM-01690	CORE_HR	Pathogenic	0.0
SIM-01691	CORE_HR	Pathogenic	0.0
SIM-01692	CORE_HR	Pathogenic	0.0
SIM-01693	CORE_HR	Pathogenic	0.0
SIM-01694	CORE_HR	Pathogenic	0.0
SIM-01695	CORE_HR	Pathogenic	0.0
SIM-01696	CORE_HR	Pathogenic	0.541667
SIM-01697	CORE_HR	Pathogenic	0.0
SIM-01698	CORE_HR	Pathogenic	0.0
SIM-01699	CORE_HR	Pathogenic	0.0
SIM-01700	CORE_HR	Pathogenic	0.0
SIM-01701	CORE_HR	Pathogenic	0.0
SIM-01702	CORE_HR	Pathogenic	0.0
SIM-01703	CORE_HR	Pathogenic	0.0
SIM-01704	CORE_HR	Pathogenic	0.0
SIM-01705	CORE_HR	Pathogenic	0.0
SIM-01706	CORE_HR	Pathogenic	0.0
SIM-01707	CORE_HR	Pathogenic	0.0
SIM-01708	CORE_HR	Pathogenic	0.0
SIM-01709	CORE_HR	Pathogenic	0.616667
SIM-01710	CORE_HR	Pathogenic	0.0
SIM-01711	CORE_HR	Pathogenic	0.0
SIM-01712	CORE_HR	Pathogenic	0.0
SIM-01713	CORE_HR	Pathogenic	0.0
SIM-01714	CORE_HR	Pathogenic	0.0
SIM-01715	CORE_HR	Pathogenic	0.0
SIM-01716	CORE_HR	Pathogenic	0.0
SIM-01717	CORE_HR	Pathogenic	0.0
SIM-01718	CORE_HR	Pathogenic	0.0
SIM-01719	CORE_HR	Pathogenic	0.0
SIM-01720	CORE_HR	Pathogenic	0.0
SIM-01721	CORE_HR	Pathogenic	0.0
SIM-01722	CORE_HR	Pathogenic	0.0
SIM-01723	CORE_HR	Pathogenic	0.0
SIM-01724	CORE_HR	Pathogenic	0.0
SIM-01725	CORE_HR	Pathogenic	0.0
SIM-01726	CORE_HR	Pathogenic	0.0
SIM-01727	CORE_HR	Pathogenic	0.0
SIM-01728	CORE_HR	Pathogenic	0.0
SIM-01729	CORE_HR	Pathogenic	0.0
SIM-01730	CORE_HR	Pathogenic	0.0
SIM-01731	CORE_HR	Pathogenic	0.0
SIM-01732	CORE_HR	Pathogenic	0.0
SIM-01733	CORE_HR	Pathogenic	0.0
SIM-01734	CORE_HR	Pathogenic	0.0
SIM-01735	CORE_HR	Pathogenic	0.0
SIM-01736	CORE_HR	Pathogenic	0.0
SIM-01737	CORE_HR	Pathogenic	0.0
SIM-01738	CORE_HR	Pathogenic	0.0
SIM-01739	CORE_HR	Pathogenic	0.0
SIM-01740	CORE_HR	Pathogenic	0.0
SIM-01741	CORE_HR	Pathogenic	0.0
SIM-01742	CORE_HR	Pathogenic	0.0
SIM-01743	CORE_HR	Pathogenic	0.0
SIM-01744	CORE_HR	Pathogenic	0.0
SIM-01745	CORE_HR	Pathogenic	0.0
SIM-01746	CORE_HR	Pathogenic	0.0
SIM-01747	CORE_HR	Pathogenic	0.0
SIM-01748	CORE_HR	Pathogenic	0.0
SIM-01749	CORE_HR	Pathogenic	0.0
SIM-01750	CORE_HR	Pathogenic	0.0
SIM-01751	CORE_HR	Pathogenic	0.0
SIM-01752	CORE_HR	Pathogenic	0.0
SIM-01753	CORE_HR	Pathogenic	0.0
SIM-01754	CORE_HR	Pathogenic	0.0
SIM-01755	CORE_HR	Pathogenic	0.424242
SIM-01756	CORE_HR	Pathogenic	0.92
SIM-01757	CORE_HR	Pathogenic	0.0
SIM-01758	CORE_HR	Pathogenic	0.0
SIM-01759	CORE_HR	Pathogenic	0.0
SIM-01760	CORE_HR	Pathogenic	0.0
SIM-01761	CORE_HR	Pathogenic	0.0
SIM-01762	CORE_HR	Pathogenic	0.0
SIM-01763	CORE_HR	Pathogenic	0.0
SIM-01764	CORE_HR	Pathogenic	0.0
SIM-01765	CORE_HR	Pathogenic	0.0
SIM-01766	CORE_HR	Pathogenic	0.0
SIM-01767	CORE_HR	Pathogenic	0.0
SIM-01768	CORE_HR	Pathogenic	0.0
SIM-01769	CORE_HR	Pathogenic	0.0
SIM-01770	CORE_HR	Pathogenic	0.0
SIM-01771	CORE_HR	Pathogenic	0.0
SIM-01772	CORE_HR	Pathogenic	0.0
SIM-01773	CORE_HR	Pathogenic	0.0
SIM-01774	CORE_HR	Pathogenic	0.0
SIM-01775	CORE_HR	Pathogenic	0.0
SIM-01776	CORE_HR	Pathogenic	0.0
SIM-01777	CORE_HR	Pathogenic	0.0
SIM-01778	CORE_HR	Pathogenic	0.0
SIM-01779	CORE_HR	Pathogenic	0.0
SIM-01780	CORE_HR	Pathogenic	0.0
SIM-01781	CORE_HR	Pathogenic	0.0
SIM-01782	CORE_HR	Pathogenic	0.0
SIM-01783	CORE_HR	Pathogenic	0.0
SIM-01784	CORE_HR	Pathogenic	0.0
SIM-01785	CORE_HR	Pathogenic	0.0
SIM-01786	CORE_HR	Pathogenic	0.0
SIM-01787	CORE_HR	Pathogenic	0.0
SIM-01788	CORE_HR	Pathogenic	0.0
SIM-01789	CORE_HR	Pathogenic	0.0
SIM-01790	CORE_HR	Pathogenic	0.0
SIM-01791	CORE_HR	Pathogenic	0.0
SIM-01792	CORE_HR	Pathogenic	0.0
SIM-01793	CORE_HR	Pathogenic	0.0
SIM-01794	CORE_HR	Pathogenic	0.0
SIM-01795	CORE_HR	Pathogenic	0.0
SIM-01796	CORE_HR	Pathogenic	0.0
SIM-01797	CORE_HR	Pathogenic	0.0
SIM-01798	CORE_HR	Pathogenic	0.544444
SIM-01799	CORE_HR	Pathogenic	0.0
SIM-01800	CORE_HR	Pathogenic	0.0
SIM-01801	CORE_HR	Pathogenic	0.0
SIM-01802	CORE_HR	Pathogenic	0.0
SIM-01803	CORE_HR	Pathogenic	0.0
SIM-01804	CORE_HR	Pathogenic	0.0
SIM-01805	CORE_HR	Pathogenic	0.0
SIM-01806	CORE_HR	Pathogenic	0.0
SIM-01807	CORE_HR	Pathogenic	0.0
SIM-01808	CORE_HR	Pathogenic	0.0
SIM-01809	CORE_HR	Pathogenic	0.0
SIM-01810	CORE_HR	Pathogenic	0.0
SIM-01811	CORE_HR	Pathogenic	0.0
SIM-01812	CORE_HR	Pathogenic	0.0
SIM-01813	CORE_HR	Pathogenic	0.0
SIM-01814	CORE_HR	Pathogenic	0.0
SIM-01815	CORE_HR	Pathogenic	0.0
SIM-01816	CORE_HR	Pathogenic	0.0
SIM-01817	CORE_HR	Pathogenic	0.0
SIM-01818	CORE_HR	Pathogenic	0.0
SIM-01819	CORE_HR	Pathogenic	0.0
SIM-01820	CORE_HR	Pathogenic	0.0
SIM-01821	CORE_HR	Pathogenic	0.0
SIM-01822	CORE_HR	Pathogenic	0.0
SIM-01823	CORE_HR	Pathogenic	0.0
SIM-01824	CORE_HR	Pathogenic	0.0
SIM-01825	CORE_HR	Pathogenic	0.0
SIM-01826	CORE_HR	Pathogenic	0.936508
SIM-01827	CORE_HR	Pathogenic	0.837838
SIM-01828	CORE_HR	Pathogenic	0.0
SIM-01829	CORE_HR	Pathogenic	0.0
SIM-01830	CORE_HR	Pathogenic	0.0
SIM-01831	CORE_HR	Pathogenic	0.0
SIM-01832	CORE_HR	Pathogenic	0.0
SIM-01833	CORE_HR	Pathogenic	0.0
SIM-01834	CORE_HR	Pathogenic	0.0
SIM-01835	CORE_HR	Pathogenic	0.0
SIM-01836	CORE_HR	Pathogenic	0.0
SIM-01837	CORE_HR	Pathogenic	0.0
SIM-01838	CORE_HR	Pathogenic	0.0
SIM-01839	CORE_HR	Pathogenic	0.0
SIM-01840	CORE_HR	Pathogenic	0.0
SIM-01841	CORE_HR	Pathogenic	0.0
SIM-01842	CORE_HR	Pathogenic	0.0
SIM-01843	CORE_HR	Pathogenic	0.0
SIM-01844	CORE_HR	Pathogenic	0.0
SIM-01845	CORE_HR	Pathogenic	0.0
SIM-01846	CORE_HR	Pathogenic	0.0
SIM-01847	CORE_HR	Pathogenic	0.0
SIM-01848	CORE_HR	Pathogenic	0.0
SIM-01849	CORE_HR	Benign	0.0
SIM-01850	CORE_HR	Benign	0.0
SIM-01851	CORE_HR	Benign	0.0
SIM-01852	CORE_HR	Benign	0.0
SIM-01853	CORE_HR	Benign	0.0
SIM-01854	CORE_HR	Benign	0.0
SIM-01855	CORE_HR	Benign	0.0
SIM-01856	CORE_HR	Benign	0.0
SIM-01857	CORE_HR	Benign	0.0
SIM-01858	CORE_HR	Benign	0.0
SIM-01859	CORE_HR	Benign	0.0
SIM-01860	CORE_HR	Benign	0.0
SIM-01861	CORE_HR	Benign	0.0
SIM-01862	CORE_HR	Benign	0.0
SIM-01863	CORE_HR	Benign	0.0
SIM-01864	CORE_HR	Benign	0.0
SIM-01865	CORE_HR	Benign	0.0
SIM-01866	CORE_HR	Benign	0.0
SIM-01867	CORE_HR	Benign	0.0
SIM-01868	CORE_HR	Benign	0.0
SIM-01869	CORE_HR	Benign	0.0
SIM-01870	CORE_HR	Benign	0.0
SIM-01871	CORE_HR	Benign	0.0
SIM-01872	CORE_HR	Benign	0.0
SIM-01873	CORE_HR	Benign	0.0
SIM-01874	CORE_HR	Benign	0.0
SIM-01875	CORE_HR	Benign	0.0
SIM-01876	CORE_HR	Benign	0.0
SIM-01877	CORE_HR	Benign	0.0
SIM-01878	CORE_HR	Benign	0.0
SIM-01879	CORE_HR	Benign	0.0
SIM-01880	CORE_HR	Benign	0.0
SIM-01881	CORE_HR	Benign	0.0
SIM-01882	CORE_HR	Benign	0.0
SIM-01883	CORE_HR	Benign	0.0
SIM-01884	CORE_HR	Benign	0.0
SIM-01885	CORE_HR	Benign	0.0
SIM-01886	CORE_HR	Benign	0.0
SIM-01887	CORE_HR	Benign	0.0
SIM-01888	CORE_HR	Benign	0.0
SIM-01889	CORE_HR	Benign	0.0
SIM-01890	CORE_HR	Benign	0.0
SIM-01891	CORE_HR	Benign	0.0
SIM-01892	CORE_HR	Benign	0.0
SIM-01893	CORE_HR	Benign	0.0
SIM-01894	CORE_HR	Benign	0.0
SIM-01895	CORE_HR	Benign	0.0
SIM-01896	CORE_HR	Benign	0.666667
SIM-01897	CORE_HR	Benign	0.0
SIM-01898	CORE_HR	Benign	0.0
SIM-01899	CORE_HR	Benign	0.0
SIM-01900	CORE_HR	Benign	0.493333
SIM-01901	CORE_HR	Benign	0.0
SIM-01902	CORE_HR	Benign	0.0
SIM-01903	CORE_HR	Benign	0.0
SIM-01904	CORE_HR	Benign	0.0
SIM-01905	CORE_HR	Benign	0.0
SIM-01906	CORE_HR	Benign	0.0
SIM-01907	CORE_HR	Benign	0.0
SIM-01908	CORE_HR	Benign	0.0
SIM-01909	CORE_HR	Benign	0.0
SIM-01910	CORE_HR	Benign	0.0
SIM-01911	CORE_HR	Benign	0.0
SIM-01912	CORE_HR	Benign	0.0
SIM-01913	CORE_HR	Benign	0.0
SIM-01914	CORE_HR	Benign	0.0
SIM-01915	CORE_HR	Benign	0.0
SIM-01916	CORE_HR	Benign	0.0
SIM-01917	CORE_HR	Benign	0.0
SIM-01918	CORE_HR	Benign	0.0
SIM-01919	CORE_HR	Benign	0.0
SIM-01920	CORE_HR	Benign	0.0
SIM-01921	CORE_HR	Benign	0.0
SIM-01922	CORE_HR	Benign	0.0
SIM-01923	CORE_HR	Benign	0.0
SIM-01924	CORE_HR	Benign	0.0
SIM-01925	CORE_HR	Benign	0.0
SIM-01926	CORE_HR	Benign	0.825397
SIM-01927	CORE_HR	Benign	0.0
SIM-01928	CORE_HR	Benign	0.857143
SIM-01929	CORE_HR	Benign	0.0
SIM-01930	CORE_HR	Benign	0.0
SIM-01931	CORE_HR	Benign	0.0
SIM-01932	CORE_HR	Benign	0.0
SIM-01933	CORE_HR	Benign	0.0
SIM-01934	CORE_HR	Benign	0.0
SIM-01935	CORE_HR	Benign	0.0
SIM-01936	CORE_HR	Benign	0.0
SIM-01937	CORE_HR	Benign	0.0
SIM-01938	CORE_HR	Benign	0.0
SIM-01939	CORE_HR	Benign	0.0
SIM-01940	CORE_HR	Benign	0.0
SIM-01941	CORE_HR	Benign	0.0
SIM-01942	CORE_HR	Benign	0.0
SIM-01943	CORE_HR	Benign	0.0
SIM-01944	CORE_HR	Benign	0.0
SIM-01945	CORE_HR	Benign	0.0
SIM-01946	CORE_HR	Benign	0.0
SIM-01947	CORE_HR	Benign	0.0
SIM-01948	CORE_HR	Benign	0.0
SIM-01949	CORE_HR	Benign	0.0
SIM-01950	CORE_HR	Benign	0.0
SIM-01951	CORE_HR	Benign	0.0
SIM-01952	CORE_HR	Benign	0.0
SIM-01953	CORE_HR	Benign	0.0
SIM-01954	CORE_HR	Benign	0.0
SIM-01955	CORE_HR	Benign	0.0
SIM-01956	CORE_HR	Benign	0.0
SIM-01957	CORE_HR	Benign	0.0
SIM-01958	CORE_HR	Benign	0.0
SIM-01959	CORE_HR	Benign	0.0
SIM-01960	CORE_HR	Benign	0.0
SIM-01961	CORE_HR	Benign	0.85
SIM-01962	CORE_HR	Benign	0.0
SIM-01963	CORE_HR	Benign	0.0
SIM-01964	CORE_HR	Benign	0.0
SIM-01965	CORE_HR	Benign	0.0
SIM-01966	CORE_HR	Benign	0.0
SIM-01967	CORE_HR	Benign	0.0
SIM-01968	CORE_HR	Benign	0.0
SIM-01969	CORE_HR	Benign	0.0
SIM-01970	CORE_HR	Benign	0.0
SIM-01971	CORE_HR	Benign	0.0
SIM-01972	CORE_HR	Benign	0.0
SIM-01973	CORE_HR	Benign	0.0
SIM-01974	CORE_HR	Benign	0.0
SIM-01975	CORE_HR	Benign	0.0
SIM-01976	CORE_HR	Benign	0.0
SIM-01977	CORE_HR	Benign	0.0
SIM-01978	CORE_HR	Benign	0.0
SIM-01979	CORE_HR	Benign	0.0
SIM-01980	CORE_HR	Benign	0.0
SIM-01981	CORE_HR	Benign	0.0
SIM-01982	CORE_HR	Benign	0.0
SIM-01983	CORE_HR	Benign	0.0
SIM-01984	CORE_HR	Benign	0.0
SIM-01985	CORE_HR	Benign	0.0
SIM-01986	CORE_HR	Benign	0.0
SIM-01987	CORE_HR	Benign	0.0
SIM-01988	CORE_HR	Benign	0.0
SIM-01989	CORE_HR	Benign	0.0
SIM-01990	CORE_HR	Benign	0.0
SIM-01991	CORE_HR	Benign	0.0
SIM-01992	CORE_HR	Benign	0.0
SIM-01993	CORE_HR	Benign	0.0
SIM-01994	CORE_HR	Benign	0.0
SIM-01995	CORE_HR	Benign	0.0
SIM-01996	CORE_HR	Benign	0.0
SIM-01997	CORE_HR	Benign	0.0
SIM-01998	CORE_HR	Benign	0.0
SIM-01999	CORE_HR	Benign	0.0
SIM-02000	CORE_HR	Benign	0.0
SIM-02001	CORE_HR	Benign	0.0
SIM-02002	CORE_HR	Benign	0.0
SIM-02003	CORE_HR	Benign	0.0
SIM-02004	CORE_HR	Benign	0.0
SIM-02005	CORE_HR	Benign	0.0
SIM-02006	CORE_HR	Benign	0.0
SIM-02007	CORE_HR	Benign	0.0
SIM-02008	CORE_HR	Benign	0.0
SIM-02009	CORE_HR	Benign	0.0
SIM-02010	CORE_HR	Benign	0.0
SIM-02011	CORE_HR	Benign	0.0
SIM-02012	CORE_HR	Benign	0.0
SIM-02013	CORE_HR	Benign	0.0
SIM-02014	CORE_HR	Benign	0.0
SIM-02015	CORE_HR	Benign	0.0
SIM-02016	CORE_HR	Benign	0.0
SIM-02017	CORE_HR	Benign	0.0
SIM-02018	CORE_HR	Benign	0.0
SIM-02019	CORE_HR	Benign	0.0
SIM-02020	CORE_HR	Benign	0.0
SIM-02021	CORE_HR	Benign	0.0
SIM-02022	CORE_HR	Benign	0.0
SIM-02023	CORE_HR	Benign	0.0
SIM-02024	CORE_HR	Benign	0.0
SIM-02025	CORE_HR	Benign	0.0
SIM-02026	CORE_HR	Benign	0.0
SIM-02027	CORE_HR	Benign	0.0
SIM-02028	CORE_HR	Benign	0.0
SIM-02029	CORE_HR	Benign	0.0
SIM-02030	CORE_HR	Benign	0.0
SIM-02031	CORE_HR	Benign	0.0
SIM-02032	CORE_HR	Benign	0.0
SIM-02033	CORE_HR	Benign	0.0
SIM-02034	CORE_HR	Benign	0.0
SIM-02035	CORE_HR	Benign	0.0
SIM-02036	CORE_HR	Benign	0.0
SIM-02037	CORE_HR	Benign	0.0
SIM-02038	CORE_HR	Benign	0.0
SIM-02039	CORE_HR	Benign	0.77027
SIM-02040	CORE_HR	Benign	0.0
SIM-02041	CORE_HR	Benign	0.0
SIM-02042	CORE_HR	Benign	0.0
SIM-02043	CORE_HR	Benign	0.0
SIM-02044	CORE_HR	Benign	0.0
SIM-02045	CORE_HR	Benign	0.0
SIM-02046	CORE_HR	Benign	0.0
SIM-02047	CORE_HR	Benign	0.0
SIM-02048	CORE_HR	Benign	0.867925
SIM-02049	CORE_HR	Benign	0.0
SIM-02050	CORE_HR	Benign	0.0
SIM-02051	CORE_HR	Benign	0.0
SIM-02052	CORE_HR	Benign	0.0
SIM-02053	CORE_HR	Benign	0.0
SIM-02054	CORE_HR	Benign	0.0
SIM-02055	CORE_HR	Benign	0.0
SIM-02056	CORE_HR	Benign	0.0
SIM-02057	CORE_HR	Benign	0.0
SIM-02058	CORE_HR	Benign	0.0
SIM-02059	CORE_HR	Benign	0.0
SIM-02060	CORE_HR	Benign	0.0
SIM-02061	CORE_HR	Benign	0.0
SIM-02062	CORE_HR	Benign	0.0
SIM-02063	CORE_HR	Benign	0.0
SIM-02064	CORE_HR	Benign	0.0
SIM-02065	CORE_HR	Benign	0.0
SIM-02066	CORE_HR	Benign	0.0
SIM-02067	CORE_HR	Benign	0.0
SIM-02068	CORE_HR	Benign	0.0
SIM-02069	CORE_HR	Benign	0.0
SIM-02070	CORE_HR	Benign	0.0
SIM-02071	CORE_HR	Benign	0.0
SIM-02072	CORE_HR	Benign	0.0
SIM-02073	CORE_HR	Benign	0.0
SIM-02074	CORE_HR	Benign	0.0
SIM-02075	CORE_HR	Benign	0.0
SIM-02076	CORE_HR	Benign	0.0
SIM-02077	CORE_HR	Benign	0.0
SIM-02078	CORE_HR	Benign	0.644444
SIM-02079	CORE_HR	Benign	0.0
SIM-02080	CORE_HR	Benign	0.0
SIM-02081	CORE_HR	Benign	0.0
SIM-02082	CORE_HR	Benign	0.0
SIM-02083	CORE_HR	Benign	0.0
SIM-02084	CORE_HR	Benign	0.0
SIM-02085	CORE_HR	Benign	0.0
SIM-02086	CORE_HR	Benign	0.0
SIM-02087	CORE_HR	Benign	0.0
SIM-02088	CORE_HR	Benign	0.0
SIM-02089	CORE_HR	Benign	0.0
SIM-02090	CORE_HR	Benign	0.0
SIM-02091	CORE_HR	Benign	0.0
SIM-02092	CORE_HR	Benign	0.0
SIM-02093	CORE_HR	Benign	0.0
SIM-02094	CORE_HR	Benign	0.0
SIM-02095	CORE_HR	Benign	0.0
SIM-02096	CORE_HR	Benign	0.0
SIM-02097	CORE_HR	Benign	0.0
SIM-02098	CORE_HR	Benign	0.0
SIM-02099	CORE_HR	Benign	0.0
SIM-02100	CORE_HR	Benign	0.0
SIM-02101	CORE_HR	Benign	0.0
SIM-02102	CORE_HR	Benign	0.0
SIM-02103	CORE_HR	Benign	0.0
SIM-02104	CORE_HR	Benign	0.0
SIM-02105	CORE_HR	Benign	0.0
SIM-02106	CORE_HR	Benign	0.0
SIM-02107	CORE_HR	Benign	0.0
SIM-02108	CORE_HR	Benign	0.0
SIM-02109	CORE_HR	Benign	0.90566
SIM-02110	CORE_HR	Benign	0.0
SIM-02111	CORE_HR	Benign	0.0
SIM-02112	CORE_HR	Benign	0.0
SIM-02113	CORE_HR	Benign	0.0
SIM-02114	CORE_HR	Benign	0.0
SIM-02115	CORE_HR	Benign	0.0
SIM-02116	CORE_HR	Benign	0.0
SIM-02117	CORE_HR	Benign	0.0
SIM-02118	CORE_HR	Benign	0.0
SIM-02119	CORE_HR	Benign	0.0
SIM-02120	CORE_HR	Benign	0.0
SIM-02121	CORE_HR	Benign	0.0
SIM-02122	CORE_HR	Benign	0.0
SIM-02123	CORE_HR	Benign	0.0
SIM-02124	CORE_HR	Benign	0.0
SIM-02125	CORE_HR	Benign	0.0
SIM-02126	CORE_HR	Benign	0.0
SIM-02127	CORE_HR	Benign	0.0
SIM-02128	CORE_HR	Benign	0.0
SIM-02129	CORE_HR	Benign	0.0
SIM-02130	CORE_HR	Benign	0.0
SIM-02131	CORE_HR	Benign	0.0
SIM-02132	CORE_HR	Benign	0.0
SIM-02133	CORE_HR	Benign	0.0
SIM-02134	CORE_HR	Benign	0.0
SIM-02135	CORE_HR	Benign	0.0
SIM-02136	CORE_HR	Benign	0.0
SIM-02137	CORE_HR	Benign	0.0
SIM-02138	CORE_HR	Benign	0.0
SIM-02139	CORE_HR	Benign	0.0
SIM-02140	CORE_HR	Benign	0.0
SIM-02141	CORE_HR	Benign	0.0
SIM-02142	CORE_HR	Benign	0.0
SIM-02143	CORE_HR	Benign	0.0
SIM-02144	CORE_HR	Benign	0.0
SIM-02145	CORE_HR	Benign	0.0
SIM-02146	CORE_HR	Benign	0.926471
SIM-02147	CORE_HR	Benign	0.0
SIM-02148	CORE_HR	Benign	0.0
SIM-02149	CORE_HR	Benign	0.0
SIM-02150	CORE_HR	Benign	0.0
SIM-02151	CORE_HR	Benign	0.0
SIM-02152	CORE_HR	Benign	0.684211
SIM-02153	CORE_HR	Benign	0.0
SIM-02154	CORE_HR	Benign	0.0
SIM-02155	CORE_HR	Benign	0.0
SIM-02156	CORE_HR	Benign	0.0
SIM-02157	CORE_HR	Benign	0.0
SIM-02158	CORE_HR	Benign	0.0
SIM-02159	CORE_HR	Benign	0.0
SIM-02160	CORE_HR	Benign	0.0
SIM-02161	CORE_HR	Benign	0.0
SIM-02162	CORE_HR	Benign	0.0
SIM-02163	CORE_HR	Benign	0.0
SIM-02164	CORE_HR	Benign	0.0
SIM-02165	CORE_HR	Benign	0.0
SIM-02166	CORE_HR	Benign	0.0
SIM-02167	CORE_HR	Benign	0.0
SIM-02168	CORE_HR	Benign	0.0
SIM-02169	CORE_HR	Benign	0.0
SIM-02170	CORE_HR	Benign	0.0
SIM-02171	CORE_HR	Benign	0.0
SIM-02172	CORE_HR	Benign	0.844444
SIM-02173	CORE_HR	Benign	0.0
SIM-02174	CORE_HR	Benign	0.0
SIM-02175	CORE_HR	Benign	0.0
SIM-02176	CORE_HR	Benign	0.0
SIM-02177	CORE_HR	Benign	0.0
SIM-02178	CORE_HR	Benign	0.0
SIM-02179	CORE_HR	Benign	0.0
SIM-02180	CORE_HR	Benign	0.0
SIM-02181	CORE_HR	Benign	0.0
SIM-02182	CORE_HR	Benign	0.0
SIM-02183	CORE_HR	Benign	0.541176
SIM-02184	CORE_HR	Benign	0.0
SIM-02185	CORE_HR	Benign	0.0
SIM-02186	CORE_HR	Benign	0.0
SIM-02187	CORE_HR	Benign	0.0
SIM-02188	CORE_HR	Benign	0.0
SIM-02189	CORE_HR	Benign	0.815789
SIM-02190	CORE_HR	Benign	0.0
SIM-02191	CORE_HR	Benign	0.0
SIM-02192	CORE_HR	Benign	0.0
SIM-02193	CORE_HR	Benign	0.0
SIM-02194	CORE_HR	Benign	0.0
SIM-02195	CORE_HR	Benign	0.0
SIM-02196	CORE_HR	Benign	0.0
SIM-02197	CORE_HR	Benign	0.0
SIM-02198	CORE_HR	Benign	0.0
SIM-02199	CORE_HR	Benign	0.0
SIM-02200	CORE_HR	Benign	0.0
SIM-02201	CORE_HR	Benign	0.0
SIM-02202	CORE_HR	Benign	0.0
SIM-02203	CORE_HR	Benign	0.0
SIM-02204	CORE_HR	Benign	0.0
SIM-02205	CORE_HR	Benign	0.0
SIM-02206	CORE_HR	Benign	0.0
SIM-02207	CORE_HR	Benign	0.0
SIM-02208	CORE_HR	Benign	0.0
SIM-02209	CORE_HR	Benign	0.0
SIM-02210	CORE_HR	Benign	0.0
SIM-02211	CORE_HR	Benign	0.0
SIM-02212	CORE_HR	Benign	0.0
SIM-02213	CORE_HR	Benign	0.0
SIM-02214	CORE_HR	Benign	0.0
SIM-02215	CORE_HR	Benign	0.0
SIM-02216	CORE_HR	Benign	0.0
SIM-02217	CORE_HR	Benign	0.0
SIM-02218	CORE_HR	Benign	0.0
SIM-02219	CORE_HR	Benign	0.0
SIM-02220	CORE_HR	Benign	0.0
SIM-02221	CORE_HR	Benign	0.0
SIM-02222	CORE_HR	Benign	0.0
SIM-02223	CORE_HR	Benign	0.0
SIM-02224	CORE_HR	Benign	0.0
SIM-02225	CORE_HR	Benign	0.0
SIM-02226	CORE_HR	Benign	0.0
SIM-02227	CORE_HR	Benign	0.0
SIM-02228	CORE_HR	Benign	0.4
SIM-02229	CORE_HR	Benign	0.0
SIM-02230	CORE_HR	Benign	0.0
SIM-02231	CORE_HR	Benign	0.0
SIM-02232	CORE_HR	Benign	0.0
SIM-02233	CORE_HR	Benign	0.0
SIM-02234	CORE_HR	Benign	0.0
SIM-02235	CORE_HR	Benign	0.0
SIM-02236	CORE_HR	Benign	0.0
SIM-02237	CORE_HR	Benign	0.0
SIM-02238	CORE_HR	Benign	0.0
SIM-02239	CORE_HR	Benign	0.0
SIM-02240	CORE_HR	Benign	0.0
SIM-02241	CORE_HR	Benign	0.0
SIM-02242	CORE_HR	Benign	0.0
SIM-02243	CORE_HR	Benign	0.0
SIM-02244	CORE_HR	Benign	0.0
SIM-02245	CORE_HR	Benign	0.0
SIM-02246	CORE_HR	Benign	0.0
SIM-02247	CORE_HR	Benign	0.0
SIM-02248	CORE_HR	Benign	0.0
SIM-02249	CORE_HR	Benign	0.797101
SIM-02250	CORE_HR	Benign	0.0
SIM-02251	CORE_HR	Benign	0.0
SIM-02252	CORE_HR	Benign	0.0
SIM-02253	CORE_HR	Benign	0.0
SIM-02254	CORE_HR	Benign	0.0
SIM-02255	CORE_HR	Benign	0.0
SIM-02256	CORE_HR	Benign	0.0
SIM-02257	CORE_HR	Benign	0.0
SIM-02258	CORE_HR	Benign	0.78125
SIM-02259	CORE_HR	Benign	0.0
SIM-02260	CORE_HR	Benign	0.0
SIM-02261	CORE_HR	Benign	0.0
SIM-02262	CORE_HR	Benign	0.0
SIM-02263	CORE_HR	Benign	0.0
SIM-02264	CORE_HR	Benign	0.0
SIM-02265	CORE_HR	Benign	0.0
SIM-02266	CORE_HR	Benign	0.0
SIM-02267	CORE_HR	Benign	0.0
SIM-02268	CORE_HR	Benign	0.0
SIM-02269	CORE_HR	Benign	0.0
SIM-02270	CORE_HR	Benign	0.0
SIM-02271	CORE_HR	Benign	0.0
SIM-02272	CORE_HR	Benign	0.0
SIM-02273	CORE_HR	Benign	0.0
SIM-02274	CORE_HR	Benign	0.0
SIM-02275	CORE_HR	Benign	0.0
SIM-02276	CORE_HR	Benign	0.0
SIM-02277	CORE_HR	Benign	0.0
SIM-02278	CORE_HR	Benign	0.0
SIM-02279	CORE_HR	Benign	0.0
SIM-02280	CORE_HR	Benign	0.0
SIM-02281	CORE_HR	Benign	0.0
SIM-02282	CORE_HR	Benign	0.0
SIM-02283	CORE_HR	Benign	0.0
SIM-02284	CORE_HR	Benign	0.0
SIM-02285	CORE_HR	Benign	0.0
SIM-02286	CORE_HR	Benign	0.0
SIM-02287	CORE_HR	Benign	0.885714
SIM-02288	CORE_HR	Benign	0.0
SIM-02289	CORE_HR	Benign	0.0
SIM-02290	CORE_HR	Benign	0.0
SIM-02291	CORE_HR	Benign	0.0
SIM-02292	CORE_HR	Benign	0.0
SIM-02293	CORE_HR	Benign	0.0
SIM-02294	CORE_HR	Benign	0.0
SIM-02295	CORE_HR	Benign	0.0
SIM-02296	CORE_HR	Benign	0.0
SIM-02297	CORE_HR	Benign	0.0
SIM-02298	CORE_HR	Benign	0.0
SIM-02299	CORE_HR	Benign	0.0
SIM-02300	CORE_HR	Benign	0.0
SIM-02301	CORE_HR	Benign	0.0
SIM-02302	CORE_HR	Benign	0.0
SIM-02303	CORE_HR	Benign	0.0
SIM-02304	CORE_HR	Benign	0.0
SIM-02305	CORE_HR	Benign	0.0
SIM-02306	CORE_HR	Benign	0.877551
SIM-02307	CORE_HR	Benign	0.0
SIM-02308	CORE_HR	Benign	0.0
SIM-02309	CORE_HR	Benign	0.0
SIM-02310	CORE_HR	Benign	0.0
SIM-02311	CORE_HR	Benign	0.0
SIM-02312	CORE_HR	Benign	0.0
SIM-02313	CORE_HR	Benign	0.0
SIM-02314	CORE_HR	Benign	0.0
SIM-02315	CORE_HR	Benign	0.0
SIM-02316	CORE_HR	Benign	0.0
SIM-02317	CORE_HR	Benign	0.0
SIM-02318	CORE_HR	Benign	0.0
SIM-02319	CORE_HR	Benign	0.0
SIM-02320	CORE_HR	Benign	0.0
SIM-02321	CORE_HR	Benign	0.0
SIM-02322	CORE_HR	Benign	0.0
SIM-02323	CORE_HR	Benign	0.0
SIM-02324	CORE_HR	Benign	0.0
SIM-02325	CORE_HR	Benign	0.0
SIM-02326	CORE_HR	Benign	0.0
SIM-02327	CORE_HR	Benign	0.0
SIM-02328	CORE_HR	Benign	0.0
SIM-02329	CORE_HR	Benign	0.0
SIM-02330	CORE_HR	Benign	0.0
SIM-02331	CORE_HR	Benign	0.0
SIM-02332	CORE_HR	Benign	0.0
SIM-02333	CORE_HR	Benign	0.0
SIM-02334	CORE_HR	Benign	0.0
SIM-02335	CORE_HR	Benign	0.0
SIM-02336	CORE_HR	Benign	0.0
SIM-02337	CORE_HR	Benign	0.0
SIM-02338	CORE_HR	Benign	0.0
SIM-02339	CORE_HR	Benign	0.0
SIM-02340	CORE_HR	Benign	0.0
SIM-02341	CORE_HR	Benign	0.744444
SIM-02342	CORE_HR	Benign	0.0
SIM-02343	CORE_HR	Benign	0.0
SIM-02344	CORE_HR	Benign	0.0
SIM-02345	CORE_HR	Benign	0.0
SIM-02346	CORE_HR	Benign	0.0
SIM-02347	CORE_HR	Benign	0.0
SIM-02348	CORE_HR	Benign	0.0
SIM-02349	CORE_HR	Benign	0.0
SIM-02350	CORE_HR	Benign	0.0
SIM-02351	CORE_HR	Benign	0.0
SIM-02352	CORE_HR	Benign	0.0
SIM-02353	CORE_HR	Benign	0.0
SIM-02354	CORE_HR	Benign	0.0
SIM-02355	CORE_HR	Benign	0.0
SIM-02356	CORE_HR	Benign	0.0
SIM-02357	CORE_HR	Benign	0.0
SIM-02358	CORE_HR	Benign	0.0
SIM-02359	CORE_HR	Benign	0.0
SIM-02360	CORE_HR	Benign	0.0
SIM-02361	CORE_HR	Benign	0.0
SIM-02362	CORE_HR	Benign	0.0
SIM-02363	CORE_HR	Benign	0.0
SIM-02364	CORE_HR	Benign	0.0
SIM-02365	CORE_HR	Benign	0.0
SIM-02366	CORE_HR	Benign	0.0
SIM-02367	CORE_HR	Benign	0.0
SIM-02368	CORE_HR	Benign	0.0
SIM-02369	CORE_HR	Benign	0.0
SIM-02370	CORE_HR	Benign	0.0
SIM-02371	CORE_HR	Benign	0.0
SIM-02372	CORE_HR	Benign	0.0
SIM-02373	CORE_HR	Benign	0.0
SIM-02374	CORE_HR	Benign	0.0
SIM-02375	CORE_HR	Benign	0.0
SIM-02376	CORE_HR	Benign	0.0
SIM-02377	CORE_HR	Benign	0.0
SIM-02378	CORE_HR	Benign	0.0
SIM-02379	CORE_HR	Benign	0.0
SIM-02380	CORE_HR	Benign	0.0
SIM-02381	CORE_HR	Benign	0.0
SIM-02382	CORE_HR	Benign	0.607143
SIM-02383	CORE_HR	Benign	0.0
SIM-02384	CORE_HR	Benign	0.0
SIM-02385	CORE_HR	Benign	0.0
SIM-02386	CORE_HR	Benign	0.0
SIM-02387	CORE_HR	Benign	0.0
SIM-02388	CORE_HR	Benign	0.0
SIM-02389	CORE_HR	Benign	0.0
SIM-02390	CORE_HR	Benign	0.0
SIM-02391	CORE_HR	Benign	0.0
SIM-02392	CORE_HR	Benign	0.0
SIM-02393	CORE_HR	Benign	0.0
SIM-02394	CORE_HR	Benign	0.0
SIM-02395	CORE_HR	Benign	0.0
SIM-02396	CORE_HR	Benign	0.0
SIM-02397	CORE_HR	Benign	0.0
SIM-02398	CORE_HR	Benign	0.0
SIM-02399	CORE_HR	Benign	0.0
SIM-02400	CORE_HR	Benign	0.0
SIM-02401	CORE_HR	Benign	0.0
SIM-02402	CORE_HR	Benign	0.0
SIM-02403	CORE_HR	Benign	0.0
SIM-02404	CORE_HR	Benign	0.0
SIM-02405	CORE_HR	Benign	0.0
SIM-02406	CORE_HR	Benign	0.0
SIM-02407	CORE_HR	Benign	0.0
SIM-02408	CORE_HR	Benign	0.0
SIM-02409	CORE_HR	Benign	0.0
SIM-02410	CORE_HR	Benign	0.0
SIM-02411	CORE_HR	Benign	0.0
SIM-02412	CORE_HR	Benign	0.0
SIM-02413	CORE_HR	Benign	0.0
SIM-02414	CORE_HR	Benign	0.0
SIM-02415	CORE_HR	Benign	0.0
SIM-02416	CORE_HR	Benign	0.0
SIM-02417	CORE_HR	Benign	0.0
SIM-02418	CORE_HR	Benign	0.0
SIM-02419	CORE_HR	Benign	0.0
SIM-02420	CORE_HR	Benign	0.0
SIM-02421	CORE_HR	Benign	0.0
SIM-02422	CORE_HR	Benign	0.0
SIM-02423	CORE_HR	Benign	0.0
SIM-02424	CORE_HR	Benign	0.0
SIM-02425	CORE_HR	Benign	0.0
SIM-02426	CORE_HR	Benign	0.0
SIM-02427	CORE_HR	Benign	0.0
SIM-02428	CORE_HR	Benign	0.0
SIM-02429	CORE_HR	Benign	0.625
SIM-02430	CORE_HR	Benign	0.0
SIM-02431	CORE_HR	Benign	0.0
SIM-02432	CORE_HR	Benign	0.0
SIM-02433	CORE_HR	Benign	0.0
SIM-02434	CORE_HR	Benign	0.0
SIM-02435	CORE_HR	Benign	0.0
SIM-02436	CORE_HR	Benign	0.0
SIM-02437	CORE_HR	Benign	0.0
SIM-02438	CORE_HR	Benign	0.0
SIM-02439	CORE_HR	Benign	0.0
SIM-02440	CORE_HR	Benign	0.0
SIM-02441	CORE_HR	Benign	0.0
SIM-02442	CORE_HR	Benign	0.0
SIM-02443	CORE_HR	Benign	0.0
SIM-02444	CORE_HR	Benign	0.0
SIM-02445	CORE_HR	Benign	0.0
SIM-02446	CORE_HR	Benign	0.0
SIM-02447	CORE_HR	Benign	0.0
SIM-02448	CORE_HR	Benign	0.0
SIM-02449	CORE_HR	Benign	0.0
SIM-02450	CORE_HR	Benign	0.0
SIM-02451	CORE_HR	Benign	0.0
SIM-02452	CORE_HR	Benign	0.0
SIM-02453	CORE_HR	Benign	0.0
SIM-02454	CORE_HR	Benign	0.0
SIM-02455	CORE_HR	Benign	0.0
SIM-02456	CORE_HR	Benign	0.0
SIM-02457	CORE_HR	Benign	0.0
SIM-02458	CORE_HR	Benign	0.0
SIM-02459	CORE_HR	Benign	0.0
SIM-02460	CORE_HR	Benign	0.0
SIM-02461	CORE_HR	Benign	0.0
SIM-02462	CORE_HR	Benign	0.0
SIM-02463	CORE_HR	Benign	0.0
SIM-02464	CORE_HR	Benign	0.0
SIM-02465	CORE_HR	Benign	0.0
SIM-02466	CORE_HR	Benign	0.0
SIM-02467	CORE_HR	Benign	0.0
SIM-02468	CORE_HR	Benign	0.0
SIM-02469	CORE_HR	Benign	0.0
SIM-02470	CORE_HR	Benign	0.0
SIM-02471	CORE_HR	Benign	0.0
SIM-02472	CORE_HR	Benign	0.0
SIM-02473	CORE_HR	Benign	0.0
SIM-02474	CORE_HR	Benign	0.0
SIM-02475	CORE_HR	Benign	0.0
SIM-02476	CORE_HR	Benign	0.0
SIM-02477	CORE_HR	Benign	0.0
SIM-02478	CORE_HR	Benign	0.0
SIM-02479	CORE_HR	Benign	0.0
SIM-02480	CORE_HR	Benign	0.0
SIM-02481	CORE_HR	Benign	0.0
SIM-02482	CORE_HR	Benign	0.0
SIM-02483	CORE_HR	Benign	0.835616
SIM-02484	CORE_HR	Benign	0.0
SIM-02485	CORE_HR	Benign	0.0
SIM-02486	CORE_HR	Benign	0.0
SIM-02487	CORE_HR	Benign	0.0
SIM-02488	CORE_HR	Benign	0.0
SIM-02489	CORE_HR	Benign	0.0
SIM-02490	CORE_HR	Benign	0.0
SIM-02491	CORE_HR	Benign	0.0
SIM-02492	CORE_HR	Benign	0.0
SIM-02493	CORE_HR	Benign	0.0
SIM-02494	CORE_HR	Benign	0.0
SIM-02495	CORE_HR	Benign	0.0
SIM-02496	CORE_HR	Benign	0.0
SIM-02497	CORE_HR	Benign	0.0
SIM-02498	CORE_HR	Benign	0.0
SIM-02499	CORE_HR	Benign	0.0
SIM-02500	CORE_HR	Benign	0.0
SIM-02501	CORE_HR	Benign	0.0
SIM-02502	CORE_HR	Benign	0.0
SIM-02503	CORE_HR	Benign	0.674419
SIM-02504	CORE_HR	Benign	0.0
SIM-02505	CORE_HR	Benign	0.0
SIM-02506	CORE_HR	Benign	0.0
SIM-02507	CORE_HR	Benign	0.0
SIM-02508	CORE_HR	Benign	0.0
SIM-02509	CORE_HR	Benign	0.0
SIM-02510	CORE_HR	Benign	0.0
SIM-02511	CORE_HR	Benign	0.0
SIM-02512	CORE_HR	Benign	0.0
SIM-02513	CORE_HR	Benign	0.0
SIM-02514	CORE_HR	Benign	0.0
SIM-02515	CORE_HR	Benign	0.0
SIM-02516	CORE_HR	Benign	0.0
SIM-02517	CORE_HR	Benign	0.0
SIM-02518	CORE_HR	Benign	0.0
SIM-02519	CORE_HR	Benign	0.0
SIM-02520	CORE_HR	Benign	0.0
SIM-02521	CORE_HR	Benign	0.0
SIM-02522	CORE_HR	Benign	0.0
SIM-02523	CORE_HR	Benign	0.0
SIM-02524	CORE_HR	Benign	0.0
SIM-02525	CORE_HR	Benign	0.0
SIM-02526	CORE_HR	Benign	0.0
SIM-02527	CORE_HR	Benign	0.0
SIM-02528	CORE_HR	Benign	0.0
SIM-02529	CORE_HR	Benign	0.0
SIM-02530	CORE_HR	Benign	0.0
SIM-02531	CORE_HR	Benign	0.0
SIM-02532	CORE_HR	Benign	0.0
SIM-02533	CORE_HR	Benign	0.0
SIM-02534	CORE_HR	Benign	0.0
SIM-02535	CORE_HR	Benign	0.0
SIM-02536	CORE_HR	Benign	0.0
SIM-02537	CORE_HR	Benign	0.0
SIM-02538	CORE_HR	Benign	0.0
SIM-02539	CORE_HR	Benign	0.0
SIM-02540	CORE_HR	Benign	0.0
SIM-02541	CORE_HR	Benign	0.0
SIM-02542	CORE_HR	Benign	0.0
SIM-02543	CORE_HR	Benign	0.0
SIM-02544	CORE_HR	Benign	0.0
SIM-02545	CORE_HR	Benign	0.0
SIM-02546	CORE_HR	Benign	0.0
SIM-02547	CORE_HR	Benign	0.0
SIM-02548	CORE_HR	Benign	0.0
SIM-02549	CORE_HR	Benign	0.0
SIM-02550	CORE_HR	Benign	0.0
SIM-02551	CORE_HR	Benign	0.0
SIM-02552	CORE_HR	Benign	0.0
SIM-02553	CORE_HR	Benign	0.0
SIM-02554	CORE_HR	Benign	0.0
SIM-02555	CORE_HR	Benign	0.0
SIM-02556	CORE_HR	Benign	0.0
SIM-02557	CORE_HR	Benign	0.0
SIM-02558	CORE_HR	Benign	0.0
SIM-02559	CORE_HR	Benign	0.0
SIM-02560	CORE_HR	Benign	0.0
SIM-02561	CORE_HR	Benign	0.0
SIM-02562	CORE_HR	Benign	0.0
SIM-02563	CORE_HR	Benign	0.0
SIM-02564	CORE_HR	Benign	0.0
SIM-02565	CORE_HR	Benign	0.0
SIM-02566	CORE_HR	Benign	0.0
SIM-02567	CORE_HR	Benign	0.0
SIM-02568	CORE_HR	Benign	0.0
SIM-02569	CORE_HR	Benign	0.0
SIM-02570	CORE_HR	Benign	0.0
SIM-02571	CORE_HR	Benign	0.622642
SIM-02572	CORE_HR	Benign	0.0
SIM-02573	CORE_HR	Benign	0.0
SIM-02574	CORE_HR	Benign	0.0
SIM-02575	CORE_HR	Benign	0.0
SIM-02576	CORE_HR	Benign	0.0
SIM-02577	CORE_HR	Benign	0.0
SIM-02578	CORE_HR	Benign	0.0
SIM-02579	CORE_HR	Benign	0.602151
SIM-02580	CORE_HR	Benign	0.0
SIM-02581	CORE_HR	Benign	0.0
SIM-02582	CORE_HR	Benign	0.0
SIM-02583	CORE_HR	Benign	0.0
SIM-02584	CORE_HR	Benign	0.0
SIM-02585	CORE_HR	Benign	0.0
SIM-02586	CORE_HR	Benign	0.0
SIM-02587	CORE_HR	Benign	0.0
SIM-02588	CORE_HR	Benign	0.0
SIM-02589	CORE_HR	Benign	0.0
SIM-02590	CORE_HR	Benign	0.0
SIM-02591	CORE_HR	Benign	0.0
SIM-02592	CORE_HR	Benign	0.0
SIM-02593	CORE_HR	Benign	0.0
SIM-02594	CORE_HR	Benign	0.0
SIM-02595	CORE_HR	Benign	0.0
SIM-02596	CORE_HR	Benign	0.0
SIM-02597	CORE_HR	Benign	0.0
SIM-02598	CORE_HR	Benign	0.953488
SIM-02599	CORE_HR	Benign	0.0
SIM-02600	CORE_HR	Benign	0.0
SIM-02601	CORE_HR	Benign	0.0
SIM-02602	CORE_HR	Benign	0.0
SIM-02603	CORE_HR	Benign	0.0
SIM-02604	CORE_HR	Benign	0.0
SIM-02605	CORE_HR	Benign	0.0
SIM-02606	CORE_HR	Benign	0.0
SIM-02607	CORE_HR	Benign	0.0
SIM-02608	CORE_HR	Benign	0.0
SIM-02609	CORE_HR	Benign	0.0
SIM-02610	CORE_HR	Benign	0.0
SIM-02611	CORE_HR	Benign	0.0
SIM-02612	CORE_HR	Benign	0.0
SIM-02613	CORE_HR	Benign	0.0
SIM-02614	CORE_HR	Benign	0.0
SIM-02615	CORE_HR	Benign	0.0
SIM-02616	CORE_HR	Benign	0.0
SIM-02617	CORE_HR	Benign	0.534884
SIM-02618	CORE_HR	Benign	0.0
SIM-02619	CORE_HR	Benign	0.0
SIM-02620	CORE_HR	Benign	0.0
SIM-02621	CORE_HR	Benign	0.0
SIM-02622	CORE_HR	Benign	0.0
SIM-02623	CORE_HR	Benign	0.0
SIM-02624	CORE_HR	Benign	0.0
SIM-02625	CORE_HR	Benign	0.0
SIM-02626	CORE_HR	Benign	0.0
SIM-02627	CORE_HR	Benign	0.0
SIM-02628	CORE_HR	Benign	0.0
SIM-02629	CORE_HR	Benign	0.0
SIM-02630	CORE_HR	Benign	0.0
SIM-02631	CORE_HR	Benign	0.0
SIM-02632	CORE_HR	Benign	0.0
SIM-02633	CORE_HR	Benign	0.0
SIM-02634	CORE_HR	Benign	0.0
SIM-02635	CORE_HR	Benign	0.0
SIM-02636	CORE_HR	Benign	0.0
SIM-02637	CORE_HR	Benign	0.0
SIM-02638	CORE_HR	Benign	0.0
SIM-02639	CORE_HR	Benign	0.0
SIM-02640	CORE_HR	Benign	0.0
SIM-02641	CORE_HR	Benign	0.0
SIM-02642	CORE_HR	Benign	0.8125
SIM-02643	CORE_HR	Benign	0.0
SIM-02644	CORE_HR	Benign	0.0
SIM-02645	CORE_HR	Benign	0.0
SIM-02646	CORE_HR	Benign	0.0
SIM-02647	CORE_HR	Benign	0.0
SIM-02648	CORE_HR	Benign	0.0
SIM-02649	CORE_HR	Benign	0.0
SIM-02650	CORE_HR	Benign	0.0
SIM-02651	CORE_HR	Benign	0.0
SIM-02652	CORE_HR	Benign	0.0
SIM-02653	CORE_HR	Benign	0.0
SIM-02654	CORE_HR	Benign	0.0
SIM-02655	CORE_HR	Benign	0.0
SIM-02656	CORE_HR	Benign	0.0
SIM-02657	CORE_HR	Benign	0.0
SIM-02658	CORE_HR	Benign	0.0
SIM-02659	CORE_HR	Benign	0.0
SIM-02660	CORE_HR	Benign	0.0
SIM-02661	CORE_HR	Benign	0.0
SIM-02662	CORE_HR	Benign	0.0
SIM-02663	CORE_HR	Benign	0.0
SIM-02664	CORE_HR	Benign	0.0
SIM-02665	CORE_HR	Benign	0.458824
SIM-02666	CORE_HR	Benign	0.0
SIM-02667	CORE_HR	Benign	0.0
SIM-02668	CORE_HR	Benign	0.706667
SIM-02669	CORE_HR	Benign	0.0
SIM-02670	CORE_HR	Benign	0.0
SIM-02671	CORE_HR	Benign	0.0
SIM-02672	CORE_HR	Benign	0.0
SIM-02673	CORE_HR	Benign	0.0
SIM-02674	CORE_HR	Benign	0.0
SIM-02675	CORE_HR	Benign	0.0
SIM-02676	CORE_HR	Benign	0.0
SIM-02677	CORE_HR	Benign	0.0
SIM-02678	CORE_HR	Benign	0.0
SIM-02679	CORE_HR	Benign	0.0
SIM-02680	CORE_HR	Benign	0.0
SIM-02681	CORE_HR	Benign	0.0
SIM-02682	CORE_HR	Benign	0.0
SIM-02683	CORE_HR	Benign	0.0
SIM-02684	CORE_HR	Benign	0.0
SIM-02685	CORE_HR	Benign	0.0
SIM-02686	CORE_HR	Benign	0.0
SIM-02687	CORE_HR	Benign	0.0
SIM-02688	CORE_HR	Benign	0.0
SIM-02689	CORE_HR	Benign	0.0
SIM-02690	CORE_HR	Benign	0.0
SIM-02691	CORE_HR	Benign	0.0
SIM-02692	CORE_HR	Benign	0.0
SIM-02693	CORE_HR	Benign	0.0
SIM-02694	CORE_HR	Benign	0.0
SIM-02695	CORE_HR	Benign	0.0
SIM-02696	CORE_HR	Benign	0.0
SIM-02697	CORE_HR	Benign	0.0
SIM-02698	CORE_HR	Benign	0.0
SIM-02699	CORE_HR	Benign	0.0
SIM-02700	CORE_HR	Benign	0.0
SIM-02701	CORE_HR	Benign	0.0
SIM-02702	CORE_HR	Benign	0.0
SIM-02703	CORE_HR	Benign	0.0
SIM-02704	CORE_HR	Benign	0.0
SIM-02705	CORE_HR	Benign	0.0
SIM-02706	CORE_HR	Benign	0.0
SIM-02707	CORE_HR	Benign	0.0
SIM-02708	CORE_HR	Benign	0.0
SIM-02709	CORE_HR	Benign	0.0
SIM-02710	CORE_HR	Benign	0.0
SIM-02711	CORE_HR	Benign	0.0
SIM-02712	CORE_HR	Benign	0.0
SIM-02713	CORE_HR	Benign	0.0
SIM-02714	CORE_HR	Benign	0.0
SIM-02715	CORE_HR	Benign	0.0
SIM-02716	CORE_HR	Benign	0.0
SIM-02717	CORE_HR	Benign	0.0
SIM-02718	CORE_HR	Benign	0.0
SIM-02719	CORE_HR	Benign	0.0
SIM-02720	CORE_HR	Benign	0.0
SIM-02721	CORE_HR	Benign	0.0
SIM-02722	CORE_HR	Benign	0.0
SIM-02723	CORE_HR	Benign	0.0
SIM-02724	CORE_HR	Benign	0.0
SIM-02725	CORE_HR	Benign	0.0
SIM-02726	CORE_HR	Benign	0.625
SIM-02727	CORE_HR	Benign	0.0
SIM-02728	CORE_HR	Benign	0.0
SIM-02729	CORE_HR	Benign	0.0
SIM-02730	CORE_HR	Benign	0.0
SIM-02731	CORE_HR	Benign	0.0
SIM-02732	CORE_HR	Benign	0.689655
SIM-02733	CORE_HR	Benign	0.0
SIM-02734	CORE_HR	Benign	0.0
SIM-02735	CORE_HR	Benign	0.0
SIM-02736	CORE_HR	Benign	0.0
SIM-02737	CORE_HR	Benign	0.0
SIM-02738	CORE_HR	Benign	0.0
SIM-02739	CORE_HR	Benign	0.0
SIM-02740	CORE_HR	Benign	0.0
SIM-02741	CORE_HR	Benign	0.0
SIM-02742	CORE_HR	Benign	0.0
SIM-02743	CORE_HR	Benign	0.0
SIM-02744	CORE_HR	Benign	0.0
SIM-02745	CORE_HR	Benign	0.0
SIM-02746	CORE_HR	Benign	0.0
SIM-02747	CORE_HR	Benign	0.0
SIM-02748	CORE_HR	Benign	0.0
SIM-02749	CORE_HR	Benign	1.0
SIM-02750	CORE_HR	Benign	0.0
SIM-02751	CORE_HR	Benign	0.0
SIM-02752	CORE_HR	Benign	0.0
SIM-02753	CORE_HR	Benign	0.0
SIM-02754	CORE_HR	Benign	0.0
SIM-02755	CORE_HR	Benign	0.0
SIM-02756	CORE_HR	Benign	0.0
SIM-02757	CORE_HR	Benign	0.0
SIM-02758	CORE_HR	Benign	0.0
SIM-02759	CORE_HR	Benign	0.0
SIM-02760	CORE_HR	Benign	0.0
SIM-02761	CORE_HR	Benign	0.0
SIM-02762	CORE_HR	Benign	0.0
SIM-02763	CORE_HR	Benign	0.0
SIM-02764	CORE_HR	Benign	0.0
SIM-02765	CORE_HR	Benign	0.0
SIM-02766	CORE_HR	Benign	0.0
SIM-02767	CORE_HR	Benign	0.0
SIM-02768	CORE_HR	Benign	0.0
SIM-02769	CORE_HR	Benign	0.0
SIM-02770	CORE_HR	Benign	0.0
SIM-02771	CORE_HR	Benign	0.0
SIM-02772	CORE_HR	Benign	0.0
SIM-02773	CORE_HR	Benign	0.0
SIM-02774	CORE_HR	Benign	0.0
SIM-02775	CORE_HR	Benign	0.0
SIM-02776	CORE_HR	Benign	0.0
SIM-02777	CORE_HR	Benign	0.0
SIM-02778	CORE_HR	Benign	0.8
SIM-02779	CORE_HR	Benign	0.0
SIM-02780	CORE_HR	Benign	0.0
SIM-02781	CORE_HR	Benign	0.0
SIM-02782	CORE_HR	Benign	0.0
SIM-02783	CORE_HR	Benign	0.0
SIM-02784	CORE_HR	Benign	0.0
SIM-02785	CORE_HR	Benign	0.0
SIM-02786	CORE_HR	Benign	0.0
SIM-02787	CORE_HR	Benign	0.0
SIM-02788	CORE_HR	Benign	0.0
SIM-02789	CORE_HR	Benign	0.0
SIM-02790	CORE_HR	Benign	0.0
SIM-02791	CORE_HR	Benign	0.0
SIM-02792	CORE_HR	Benign	0.0
SIM-02793	CORE_HR	Benign	0.0
SIM-02794	CORE_HR	Benign	0.0
SIM-02795	CORE_HR	Benign	0.0
SIM-02796	CORE_HR	Benign	0.0
SIM-02797	CORE_HR	Benign	0.0
SIM-02798	CORE_HR	Benign	0.369048
SIM-02799	CORE_HR	Benign	0.0
SIM-02800	CORE_HR	Benign	0.0
SIM-02801	CORE_HR	Benign	0.0
SIM-02802	CORE_HR	Benign	0.815789
SIM-02803	CORE_HR	Benign	0.757895
SIM-02804	CORE_HR	Benign	0.0
SIM-02805	CORE_HR	Benign	0.0
SIM-02806	CORE_HR	Benign	0.0
SIM-02807	CORE_HR	Benign	0.0
SIM-02808	CORE_HR	Benign	0.0
SIM-02809	CORE_HR	Benign	0.0
SIM-02810	CORE_HR	Benign	0.0
SIM-02811	CORE_HR	Benign	0.0
SIM-02812	CORE_HR	Benign	0.0
SIM-02813	CORE_HR	Benign	0.0
SIM-02814	CORE_HR	Benign	0.0
SIM-02815	CORE_HR	Benign	0.0
SIM-02816	CORE_HR	Benign	0.0
SIM-02817	CORE_HR	Benign	0.0
SIM-02818	CORE_HR	Benign	0.0
SIM-02819	CORE_HR	Benign	0.0
SIM-02820	CORE_HR	Benign	0.0
SIM-02821	CORE_HR	Benign	0.0
SIM-02822	CORE_HR	Benign	0.0
SIM-02823	CORE_HR	Benign	0.0
SIM-02824	CORE_HR	Benign	0.0
SIM-02825	CORE_HR	Benign	0.0
SIM-02826	CORE_HR	Benign	0.0
SIM-02827	CORE_HR	Benign	0.0
SIM-02828	CORE_HR	Benign	0.0
SIM-02829	CORE_HR	Benign	0.0
SIM-02830	CORE_HR	Benign	0.0
SIM-02831	CORE_HR	Benign	0.0
SIM-02832	CORE_HR	Benign	0.0
SIM-02833	CORE_HR	Benign	0.0
SIM-02834	CORE_HR	Benign	0.0
SIM-02835	CORE_HR	Benign	0.0
SIM-02836	CORE_HR	Benign	0.0
SIM-02837	CORE_HR	Benign	0.521739
SIM-02838	CORE_HR	Benign	0.0
SIM-02839	CORE_HR	Benign	0.0
SIM-02840	CORE_HR	Benign	0.0
SIM-02841	CORE_HR	Benign	0.0
SIM-02842	CORE_HR	Benign	0.0
SIM-02843	CORE_HR	Benign	0.0
SIM-02844	CORE_HR	Benign	0.0
SIM-02845	CORE_HR	Benign	0.0
SIM-02846	CORE_HR	Benign	0.0
SIM-02847	CORE_HR	Benign	0.0
SIM-02848	CORE_HR	Benign	0.0
SIM-02849	CORE_HR	Benign	0.0
SIM-02850	CORE_HR	Benign	0.0
SIM-02851	CORE_HR	Benign	0.0
SIM-02852	CORE_HR	Benign	0.0
SIM-02853	CORE_HR	Benign	0.0
SIM-02854	CORE_HR	Benign	0.0
SIM-02855	CORE_HR	Benign	0.0
SIM-02856	CORE_HR	Benign	0.0
SIM-02857	CORE_HR	Benign	0.0
SIM-02858	CORE_HR	Benign	0.0
SIM-02859	CORE_HR	Benign	0.0
SIM-02860	CORE_HR	Benign	0.0
SIM-02861	CORE_HR	Benign	0.0
SIM-02862	CORE_HR	Benign	0.0
SIM-02863	CORE_HR	Benign	0.0
SIM-02864	CORE_HR	Benign	0.0
SIM-02865	CORE_HR	Benign	0.0
SIM-02866	CORE_HR	Benign	0.0
SIM-02867	CORE_HR	Benign	0.0
SIM-02868	CORE_HR	Benign	0.666667
SIM-02869	CORE_HR	Benign	0.0
SIM-02870	CORE_HR	Benign	0.0
SIM-02871	CORE_HR	Benign	0.0
SIM-02872	CORE_HR	Benign	0.0
SIM-02873	CORE_HR	Benign	0.0
SIM-02874	CORE_HR	Benign	0.0
SIM-02875	CORE_HR	Benign	0.0
SIM-02876	CORE_HR	Benign	0.0
SIM-02877	CORE_HR	Benign	0.0
SIM-02878	CORE_HR	Benign	0.0
SIM-02879	CORE_HR	Benign	0.0
SIM-02880	CORE_HR	Benign	0.0
SIM-02881	CORE_HR	Benign	0.0
SIM-02882	CORE_HR	Benign	0.0
SIM-02883	CORE_HR	Benign	0.0
SIM-02884	CORE_HR	Benign	0.0
SIM-02885	CORE_HR	Benign	0.0
SIM-02886	CORE_HR	Benign	0.0
SIM-02887	CORE_HR	Benign	0.0
SIM-02888	CORE_HR	Benign	0.0
SIM-02889	CORE_HR	Benign	0.0
SIM-02890	CORE_HR	Benign	0.0
SIM-02891	CORE_HR	Benign	0.0
SIM-02892	CORE_HR	Benign	0.0
SIM-02893	CORE_HR	Benign	0.0
SIM-02894	CORE_HR	Benign	0.0
SIM-02895	CORE_HR	Benign	0.0
SIM-02896	CORE_HR	Benign	0.0
SIM-02897	CORE_HR	Benign	0.0
SIM-02898	CORE_HR	Benign	0.0
SIM-02899	CORE_HR	Benign	0.0
SIM-02900	CORE_HR	Benign	0.0
SIM-02901	CORE_HR	Benign	0.0
SIM-02902	CORE_HR	Benign	0.0
SIM-02903	CORE_HR	Benign	0.0
SIM-02904	CORE_HR	Benign	0.0
SIM-02905	CORE_HR	Benign	0.0
SIM-02906	CORE_HR	Benign	0.0
SIM-02907	CORE_HR	Benign	0.0
SIM-02908	CORE_HR	Benign	0.0
SIM-02909	CORE_HR	Benign	0.0
SIM-02910	CORE_HR	Benign	0.0
SIM-02911	CORE_HR	Benign	0.0
SIM-02912	CORE_HR	Benign	0.0
SIM-02913	CORE_HR	Benign	0.0
SIM-02914	CORE_HR	Benign	0.0
SIM-02915	CORE_HR	Benign	0.0
SIM-02916	CORE_HR	Benign	0.0
SIM-02917	CORE_HR	Benign	0.0
SIM-02918	CORE_HR	Benign	0.0
SIM-02919	CORE_HR	Benign	0.0
SIM-02920	CORE_HR	Benign	0.0
SIM-02921	CORE_HR	Benign	0.0
SIM-02922	CORE_HR	Benign	0.666667
SIM-02923	CORE_HR	Benign	0.612245
SIM-02924	CORE_HR	Benign	0.0
SIM-02925	CORE_HR	Benign	0.0
SIM-02926	CORE_HR	Benign	0.0
SIM-02927	CORE_HR	Benign	0.0
SIM-02928	CORE_HR	Benign	0.0
SIM-02929	CORE_HR	Benign	0.0
SIM-02930	CORE_HR	Benign	0.0
SIM-02931	CORE_HR	Benign	0.0
SIM-02932	CORE_HR	Benign	0.0
SIM-02933	CORE_HR	Benign	0.0
SIM-02934	CORE_HR	Benign	0.0
SIM-02935	CORE_HR	Benign	0.0
SIM-02936	CORE_HR	Benign	0.0
SIM-02937	CORE_HR	Benign	0.0
SIM-02938	CORE_HR	Benign	0.0
SIM-02939	CORE_HR	Benign	0.0
SIM-02940	CORE_HR	Benign	0.0
SIM-02941	CORE_HR	Benign	0.0
SIM-02942	CORE_HR	Benign	0.0
SIM-02943	CORE_HR	Benign	0.0
SIM-02944	CORE_HR	Benign	0.0
SIM-02945	CORE_HR	Benign	0.0
SIM-02946	CORE_HR	Benign	0.0
SIM-02947	CORE_HR	Benign	0.0
SIM-02948	CORE_HR	Benign	0.0
SIM-02949	CORE_HR	Benign	0.0
SIM-02950	CORE_HR	Benign	0.0
SIM-02951	CORE_HR	Benign	0.0
SIM-02952	CORE_HR	Benign	0.0
SIM-02953	CORE_HR	Benign	0.0
SIM-02954	CORE_HR	Benign	0.0
SIM-02955	CORE_HR	Benign	0.0
SIM-02956	CORE_HR	Benign	0.0
SIM-02957	CORE_HR	Benign	0.0
SIM-02958	CORE_HR	Benign	0.0
SIM-02959	CORE_HR	Benign	0.804348
SIM-02960	CORE_HR	Benign	0.0
SIM-02961	CORE_HR	Benign	0.0
SIM-02962	CORE_HR	Benign	0.0
SIM-02963	CORE_HR	Benign	0.0
SIM-02964	CORE_HR	Benign	0.0
SIM-02965	CORE_HR	Benign	0.0
SIM-02966	CORE_HR	Benign	0.0
SIM-02967	CORE_HR	Benign	0.0
SIM-02968	CORE_HR	Benign	0.0
SIM-02969	CORE_HR	Benign	0.0
SIM-02970	CORE_HR	Benign	0.0
SIM-02971	CORE_HR	Benign	0.0
SIM-02972	CORE_HR	Benign	0.0
SIM-02973	CORE_HR	Benign	0.0
SIM-02974	CORE_HR	Benign	0.0
SIM-02975	CORE_HR	Benign	0.0
SIM-02976	CORE_HR	Benign	0.0
SIM-02977	CORE_HR	Benign	0.0
SIM-02978	CORE_HR	Benign	0.0
SIM-02979	CORE_HR	Benign	0.0
SIM-02980	CORE_HR	Benign	0.0
SIM-02981	CORE_HR	Benign	0.0
SIM-02982	CORE_HR	Benign	0.0
SIM-02983	CORE_HR	Benign	0.0
SIM-02984	CORE_HR	Benign	0.0
SIM-02985	CORE_HR	Benign	0.0
SIM-02986	CORE_HR	Benign	0.0
SIM-02987	CORE_HR	Benign	0.0
SIM-02988	CORE_HR	Benign	0.0
SIM-02989	CORE_HR	Benign	0.0
SIM-02990	CORE_HR	Benign	0.0
SIM-02991	CORE_HR	Benign	0.0
SIM-02992	CORE_HR	Benign	0.0
SIM-02993	CORE_HR	Benign	0.0
SIM-02994	CORE_HR	Benign	0.0
SIM-02995	CORE_HR	Benign	0.0
SIM-02996	CORE_HR	Benign	0.0
SIM-02997	CORE_HR	Benign	0.0
SIM-02998	CORE_HR	Benign	0.0
SIM-02999	CORE_HR	Benign	0.0
SIM-03000	CORE_HR	Benign	0.0
SIM-03001	CORE_HR	Benign	0.905405
SIM-03002	CORE_HR	Benign	0.0
SIM-03003	CORE_HR	Benign	0.0
SIM-03004	CORE_HR	Benign	0.0
SIM-03005	CORE_HR	Benign	0.0
SIM-03006	CORE_HR	Benign	0.753086
SIM-03007	CORE_HR	Benign	0.0
SIM-03008	CORE_HR	Benign	0.0
SIM-03009	CORE_HR	Benign	0.0
SIM-03010	CORE_HR	Benign	0.0
SIM-03011	CORE_HR	Benign	0.0
SIM-03012	CORE_HR	Benign	0.0
SIM-03013	CORE_HR	Benign	0.0
SIM-03014	CORE_HR	Benign	0.0
SIM-03015	CORE_HR	Benign	0.0
SIM-03016	CORE_HR	Benign	0.0
SIM-03017	CORE_HR	Benign	0.0
SIM-03018	CORE_HR	Benign	0.0
SIM-03019	CORE_HR	Benign	0.0
SIM-03020	CORE_HR	Benign	0.0
SIM-03021	CORE_HR	Benign	0.0
SIM-03022	CORE_HR	Benign	0.0
SIM-03023	CORE_HR	Benign	0.0
SIM-03024	CORE_HR	Benign	0.0
SIM-03025	CORE_HR	Benign	0.0
SIM-03026	CORE_HR	Benign	0.0
SIM-03027	CORE_HR	Benign	0.0
SIM-03028	CORE_HR	Benign	0.0
SIM-03029	CORE_HR	Benign	0.0
SIM-03030	CORE_HR	Benign	0.0
SIM-03031	CORE_HR	Benign	0.0
SIM-03032	CORE_HR	Benign	0.0
SIM-03033	CORE_HR	Benign	0.0
SIM-03034	CORE_HR	Benign	0.0
SIM-03035	CORE_HR	Benign	0.0
SIM-03036	CORE_HR	Benign	0.0
SIM-03037	CORE_HR	Benign	0.0
SIM-03038	CORE_HR	Benign	0.0
SIM-03039	CORE_HR	Benign	0.0
SIM-03040	CORE_HR	Benign	0.0
SIM-03041	CORE_HR	Benign	0.0
SIM-03042	CORE_HR	Benign	0.0
SIM-03043	CORE_HR	Benign	0.0
SIM-03044	CORE_HR	Benign	0.0
SIM-03045	CORE_HR	Benign	0.0
SIM-03046	CORE_HR	Benign	0.0
SIM-03047	CORE_HR	Benign	0.0
SIM-03048	CORE_HR	Benign	0.0
SIM-03049	CORE_HR	Benign	0.0
SIM-03050	CORE_HR	Benign	0.0
SIM-03051	CORE_HR	Benign	0.0
SIM-03052	CORE_HR	Benign	0.0
SIM-03053	CORE_HR	Benign	0.0
SIM-03054	CORE_HR	Benign	0.0
SIM-03055	CORE_HR	Benign	0.0
SIM-03056	CORE_HR	Benign	0.0
SIM-03057	CORE_HR	Benign	0.0
SIM-03058	CORE_HR	Benign	0.0
SIM-03059	CORE_HR	Benign	0.0
SIM-03060	CORE_HR	Benign	0.0
SIM-03061	CORE_HR	Benign	0.0
SIM-03062	CORE_HR	Benign	0.0
SIM-03063	CORE_HR	Benign	0.0
SIM-03064	CORE_HR	Benign	0.0
SIM-03065	CORE_HR	Benign	0.0
SIM-03066	CORE_HR	Benign	0.0
SIM-03067	CORE_HR	Benign	0.0
SIM-03068	CORE_HR	Benign	0.0
SIM-03069	CORE_HR	Benign	0.0
SIM-03070	CORE_HR	Benign	0.0
SIM-03071	CORE_HR	Benign	0.0
SIM-03072	CORE_HR	Benign	0.0
SIM-03073	CORE_HR	Benign	0.0
SIM-03074	CORE_HR	Benign	0.0
SIM-03075	CORE_HR	Benign	0.0
SIM-03076	CORE_HR	Benign	0.0
SIM-03077	CORE_HR	Benign	0.0
SIM-03078	CORE_HR	Benign	0.0
SIM-03079	CORE_HR	Benign	0.0
SIM-03080	CORE_HR	Benign	0.0
SIM-03081	CORE_HR	Benign	0.0
SIM-03082	CORE_HR	Benign	0.878378
SIM-03083	CORE_HR	Benign	0.0
SIM-03084	CORE_HR	Benign	0.0
SIM-03085	CORE_HR	Benign	0.0
SIM-03086	CORE_HR	Benign	0.0
SIM-03087	CORE_HR	Benign	0.0
SIM-03088	CORE_HR	Benign	0.0
SIM-03089	CORE_HR	Benign	0.0
SIM-03090	CORE_HR	Benign	0.0
SIM-03091	CORE_HR	Benign	0.0
SIM-03092	CORE_HR	Benign	0.0
SIM-03093	CORE_HR	Benign	0.0
SIM-03094	CORE_HR	Benign	0.0
SIM-03095	CORE_HR	Benign	0.0
SIM-03096	CORE_HR	Benign	0.0
SIM-03097	CORE_HR	Benign	0.0
SIM-03098	CORE_HR	Benign	0.0
SIM-03099	CORE_HR	Benign	0.0
SIM-03100	CORE_HR	Benign	0.0
SIM-03101	CORE_HR	Benign	0.0
SIM-03102	CORE_HR	Benign	0.0
SIM-03103	CORE_HR	Benign	0.0
SIM-03104	CORE_HR	Benign	0.0
SIM-03105	CORE_HR	Benign	0.0
SIM-03106	CORE_HR	Benign	0.0
SIM-03107	CORE_HR	Benign	0.0
SIM-03108	CORE_HR	Benign	0.0
SIM-03109	CORE_HR	Benign	0.0
SIM-03110	CORE_HR	Benign	0.0
SIM-03111	CORE_HR	Benign	0.762712
SIM-03112	CORE_HR	Benign	0.0
SIM-03113	CORE_HR	Benign	0.0
SIM-03114	CORE_HR	Benign	0.0
SIM-03115	CORE_HR	Benign	0.0
SIM-03116	CORE_HR	Benign	0.0
SIM-03117	CORE_HR	Benign	0.0
SIM-03118	CORE_HR	Benign	0.0
SIM-03119	CORE_HR	Benign	0.0
SIM-03120	CORE_HR	Benign	0.0
SIM-03121	CORE_HR	Benign	0.0
SIM-03122	CORE_HR	Benign	0.0
SIM-03123	CORE_HR	Benign	0.0
SIM-03124	CORE_HR	Benign	0.0
SIM-03125	CORE_HR	Benign	0.0
SIM-03126	CORE_HR	Benign	0.0
SIM-03127	CORE_HR	Benign	0.0
SIM-03128	CORE_HR	Benign	0.0
SIM-03129	CORE_HR	Benign	0.0
SIM-03130	CORE_HR	Benign	0.0
SIM-03131	CORE_HR	Benign	0.0
SIM-03132	CORE_HR	Benign	0.0
SIM-03133	CORE_HR	Benign	0.0
SIM-03134	CORE_HR	Benign	0.0
SIM-03135	CORE_HR	Benign	0.0
SIM-03136	CORE_HR	Benign	0.0
SIM-03137	CORE_HR	Benign	0.0
SIM-03138	CORE_HR	Benign	0.0
SIM-03139	CORE_HR	Benign	0.0
SIM-03140	CORE_HR	Benign	0.0
SIM-03141	CORE_HR	Benign	0.0
SIM-03142	CORE_HR	Benign	0.0
SIM-03143	CORE_HR	Benign	0.0
SIM-03144	CORE_HR	Benign	0.0
SIM-03145	CORE_HR	Benign	0.0
SIM-03146	CORE_HR	Benign	0.0
SIM-03147	CORE_HR	Benign	0.0
SIM-03148	CORE_HR	Benign	0.0
SIM-03149	CORE_HR	Benign	0.0
SIM-03150	CORE_HR	Benign	0.0
SIM-03151	CORE_HR	Benign	0.0
SIM-03152	CORE_HR	Benign	0.0
SIM-03153	CORE_HR	Benign	0.0
SIM-03154	CORE_HR	Benign	0.0
SIM-03155	CORE_HR	Benign	0.0
SIM-03156	CORE_HR	Benign	0.0
SIM-03157	CORE_HR	Benign	0.0
SIM-03158	CORE_HR	Benign	0.0
SIM-03159	CORE_HR	Benign	0.0
SIM-03160	CORE_HR	Benign	0.0
SIM-03161	CORE_HR	Benign	0.0
SIM-03162	CORE_HR	Benign	0.0
SIM-03163	CORE_HR	Benign	0.0
SIM-03164	CORE_HR	Benign	0.0
SIM-03165	CORE_HR	Benign	0.0
SIM-03166	CORE_HR	Benign	0.0
SIM-03167	CORE_HR	Benign	0.0
SIM-03168	CORE_HR	Benign	0.0
SIM-03169	CORE_HR	Benign	0.0
SIM-03170	CORE_HR	Benign	0.0
SIM-03171	CORE_HR	Benign	0.738462
SIM-03172	CORE_HR	Benign	0.741379
SIM-03173	CORE_HR	Benign	0.0
SIM-03174	CORE_HR	Benign	0.0
SIM-03175	CORE_HR	Benign	0.0
SIM-03176	CORE_HR	Benign	0.0
SIM-03177	CORE_HR	Benign	0.0
SIM-03178	CORE_HR	Benign	0.506849
SIM-03179	CORE_HR	Benign	0.0
SIM-03180	CORE_HR	Benign	0.0
SIM-03181	CORE_HR	Benign	0.0
SIM-03182	CORE_HR	Benign	0.0
SIM-03183	CORE_HR	Benign	0.0
SIM-03184	CORE_HR	Benign	0.0
SIM-03185	CORE_HR	Benign	0.0
SIM-03186	CORE_HR	Benign	0.0
SIM-03187	CORE_HR	Benign	0.0
SIM-03188	CORE_HR	Benign	0.0
SIM-03189	CORE_HR	Benign	0.0
SIM-03190	CORE_HR	Benign	0.0
SIM-03191	CORE_HR	Benign	0.0
SIM-03192	CORE_HR	Benign	0.0
SIM-03193	CORE_HR	Benign	0.0
SIM-03194	CORE_HR	Benign	0.0
SIM-03195	CORE_HR	Benign	0.0
SIM-03196	CORE_HR	Benign	0.0
SIM-03197	CORE_HR	Benign	0.0
SIM-03198	CORE_HR	Benign	0.0
SIM-03199	CORE_HR	Benign	0.0
SIM-03200	CORE_HR	Benign	0.0
SIM-03201	CORE_HR	Benign	0.0
SIM-03202	CORE_HR	Benign	0.0
SIM-03203	CORE_HR	Benign	0.0
SIM-03204	CORE_HR	Benign	0.0
SIM-03205	CORE_HR	Benign	0.0
SIM-03206	CORE_HR	Benign	0.0
SIM-03207	CORE_HR	Benign	0.0
SIM-03208	CORE_HR	Benign	0.0
SIM-03209	CORE_HR	Benign	0.0
SIM-03210	CORE_HR	Benign	0.0
SIM-03211	CORE_HR	Benign	0.0
SIM-03212	CORE_HR	Benign	0.0
SIM-03213	CORE_HR	Benign	0.0
SIM-03214	CORE_HR	Benign	0.0
SIM-03215	CORE_HR	Benign	0.0
SIM-03216	CORE_HR	Benign	0.0
SIM-03217	CORE_HR	Benign	0.0
SIM-03218	CORE_HR	Benign	0.0
SIM-03219	CORE_HR	Benign	0.0
SIM-03220	CORE_HR	Benign	0.0
SIM-03221	CORE_HR	Benign	0.0
SIM-03222	CORE_HR	Benign	0.0
SIM-03223	CORE_HR	Benign	0.0
SIM-03224	CORE_HR	Benign	0.0
SIM-03225	CORE_HR	Benign	0.698795
SIM-03226	CORE_HR	Benign	0.0
SIM-03227	CORE_HR	Benign	0.0
SIM-03228	CORE_HR	Benign	0.0
SIM-03229	CORE_HR	Benign	0.0
SIM-03230	CORE_HR	Benign	0.0
SIM-03231	CORE_HR	Benign	0.0
SIM-03232	CORE_HR	Benign	0.0
SIM-03233	CORE_HR	Benign	0.0
SIM-03234	CORE_HR	Benign	0.0
SIM-03235	CORE_HR	Benign	0.0
SIM-03236	CORE_HR	Benign	0.0
SIM-03237	CORE_HR	Benign	0.0
SIM-03238	CORE_HR	Benign	0.0
SIM-03239	CORE_HR	Benign	0.0
SIM-03240	CORE_HR	Benign	0.0
SIM-03241	CORE_HR	Benign	0.0
SIM-03242	CORE_HR	Benign	0.0
SIM-03243	CORE_HR	Benign	0.0
SIM-03244	CORE_HR	Benign	0.0
SIM-03245	CORE_HR	Benign	0.0
SIM-03246	CORE_HR	Benign	0.0
SIM-03247	CORE_HR	Benign	0.0
SIM-03248	CORE_HR	Benign	0.0
SIM-03249	CORE_HR	Benign	0.0
SIM-03250	CORE_HR	Benign	0.0
SIM-03251	CORE_HR	Benign	0.0
SIM-03252	CORE_HR	Benign	0.0
SIM-03253	CORE_HR	Benign	0.0
SIM-03254	CORE_HR	Benign	0.0
SIM-03255	CORE_HR	Benign	0.0
SIM-03256	CORE_HR	Benign	0.0
SIM-03257	CORE_HR	Benign	0.0
SIM-03258	CORE_HR	Benign	0.0
SIM-03259	CORE_HR	Benign	0.0
SIM-03260	CORE_HR	Benign	0.0
SIM-03261	CORE_HR	Benign	0.0
SIM-03262	CORE_HR	Benign	0.0
SIM-03263	CORE_HR	Benign	0.0
SIM-03264	CORE_HR	Benign	0.0
SIM-03265	CORE_HR	Benign	0.673913
SIM-03266	CORE_HR	Benign	0.0
SIM-03267	CORE_HR	Benign	0.0
SIM-03268	CORE_HR	Benign	0.0
SIM-03269	CORE_HR	Benign	0.0
SIM-03270	CORE_HR	Benign	0.0
SIM-03271	CORE_HR	Benign	0.0
SIM-03272	CORE_HR	Benign	0.0
SIM-03273	CORE_HR	Benign	0.0
SIM-03274	CORE_HR	Benign	0.0
SIM-03275	CORE_HR	Benign	0.0
SIM-03276	CORE_HR	Benign	0.0
SIM-03277	CORE_HR	Benign	0.0
SIM-03278	CORE_HR	Benign	0.0
SIM-03279	CORE_HR	Benign	0.0
SIM-03280	CORE_HR	Benign	0.7
SIM-03281	CORE_HR	Benign	0.0
SIM-03282	CORE_HR	Benign	0.0
SIM-03283	CORE_HR	Benign	0.0
SIM-03284	CORE_HR	Benign	0.0
SIM-03285	CORE_HR	Benign	0.0
SIM-03286	CORE_HR	Benign	0.0
SIM-03287	CORE_HR	Benign	0.0
SIM-03288	CORE_HR	Benign	0.0
SIM-03289	CORE_HR	Benign	0.926829
SIM-03290	CORE_HR	Benign	0.0
SIM-03291	CORE_HR	Benign	0.0
SIM-03292	CORE_HR	Benign	0.0
SIM-03293	CORE_HR	Benign	0.0
SIM-03294	CORE_HR	Benign	0.0
SIM-03295	CORE_HR	Benign	0.0
SIM-03296	CORE_HR	Benign	0.0
SIM-03297	CORE_HR	Benign	0.0
SIM-03298	CORE_HR	Benign	0.0
SIM-03299	CORE_HR	Benign	0.0
SIM-03300	CORE_HR	Benign	0.0
SIM-03301	CORE_HR	Benign	0.0
SIM-03302	CORE_HR	Benign	0.0
SIM-03303	CORE_HR	Benign	0.0
SIM-03304	CORE_HR	Benign	0.0
SIM-03305	CORE_HR	Benign	0.0
SIM-03306	CORE_HR	Benign	0.0
SIM-03307	CORE_HR	Benign	0.0
SIM-03308	CORE_HR	Benign	0.0
SIM-03309	CORE_HR	Benign	0.0
SIM-03310	CORE_HR	Benign	0.0
SIM-03311	CORE_HR	Benign	0.0
SIM-03312	CORE_HR	Benign	0.0
SIM-03313	CORE_HR	Benign	0.0
SIM-03314	CORE_HR	Benign	0.0
SIM-03315	CORE_HR	Benign	0.0
SIM-03316	CORE_HR	Benign	0.0
SIM-03317	CORE_HR	Benign	0.0
SIM-03318	CORE_HR	Benign	0.0
SIM-03319	CORE_HR	Benign	0.0
SIM-03320	CORE_HR	Benign	0.0
SIM-03321	CORE_HR	Benign	0.0
SIM-03322	CORE_HR	Benign	0.0
SIM-03323	CORE_HR	Benign	0.0
SIM-03324	CORE_HR	Benign	0.0
SIM-03325	CORE_HR	Benign	0.0
SIM-03326	CORE_HR	Benign	0.852459
SIM-03327	CORE_HR	Benign	0.0
SIM-03328	CORE_HR	Benign	0.0
SIM-03329	CORE_HR	Benign	0.0
SIM-03330	CORE_HR	Benign	0.0
SIM-03331	CORE_HR	Benign	0.0
SIM-03332	CORE_HR	Benign	0.0
SIM-03333	CORE_HR	Benign	0.0
SIM-03334	CORE_HR	Benign	0.0
SIM-03335	CORE_HR	Benign	0.0
SIM-03336	CORE_HR	Benign	0.0
SIM-03337	CORE_HR	Benign	0.0
SIM-03338	CORE_HR	Benign	0.0
SIM-03339	CORE_HR	Benign	0.0
SIM-03340	CORE_HR	Benign	0.0
SIM-03341	CORE_HR	Benign	0.0
SIM-03342	CORE_HR	Benign	0.0
SIM-03343	CORE_HR	Benign	0.0
SIM-03344	CORE_HR	Benign	0.0
SIM-03345	CORE_HR	Benign	0.0
SIM-03346	CORE_HR	Benign	0.717391
SIM-03347	CORE_HR	Benign	0.0
SIM-03348	CORE_HR	Benign	0.0
SIM-03349	CORE_HR	Benign	0.0
SIM-03350	CORE_HR	Benign	0.0
SIM-03351	CORE_HR	Benign	0.0
SIM-03352	CORE_HR	Benign	0.0
SIM-03353	CORE_HR	Benign	0.0
SIM-03354	CORE_HR	Benign	0.0
SIM-03355	CORE_HR	Benign	0.0
SIM-03356	CORE_HR	Benign	0.0
SIM-03357	CORE_HR	Benign	0.0
SIM-03358	CORE_HR	Benign	0.0
SIM-03359	CORE_HR	Benign	0.0
SIM-03360	CORE_HR	Benign	0.595238
SIM-03361	CORE_HR	Benign	0.0
SIM-03362	CORE_HR	Benign	0.0
SIM-03363	CORE_HR	Benign	0.0
SIM-03364	CORE_HR	Benign	0.0
SIM-03365	CORE_HR	Benign	0.764706
SIM-03366	CORE_HR	Benign	0.0
SIM-03367	CORE_HR	Benign	0.0
SIM-03368	CORE_HR	Benign	0.0
SIM-03369	CORE_HR	Benign	0.0
SIM-03370	CORE_HR	Benign	0.0
SIM-03371	CORE_HR	Benign	0.0
SIM-03372	CORE_HR	Benign	0.0
SIM-03373	CORE_HR	Benign	0.0
SIM-03374	CORE_HR	Benign	0.0
SIM-03375	CORE_HR	Benign	0.0
SIM-03376	CORE_HR	Benign	0.0
SIM-03377	CORE_HR	Benign	0.0
SIM-03378	CORE_HR	Benign	0.0
SIM-03379	CORE_HR	Benign	0.0
SIM-03380	CORE_HR	Benign	0.0
SIM-03381	CORE_HR	Benign	0.0
SIM-03382	CORE_HR	Benign	0.0
SIM-03383	CORE_HR	Benign	0.0
SIM-03384	CORE_HR	Benign	0.0
SIM-03385	CORE_HR	Benign	0.0
SIM-03386	CORE_HR	Benign	0.0
SIM-03387	CORE_HR	Benign	0.0
SIM-03388	CORE_HR	Benign	0.0
SIM-03389	CORE_HR	Benign	0.0
SIM-03390	CORE_HR	Benign	0.0
SIM-03391	CORE_HR	Benign	0.0
SIM-03392	CORE_HR	Benign	0.0
SIM-03393	CORE_HR	Benign	0.0
SIM-03394	CORE_HR	Benign	0.0
SIM-03395	CORE_HR	Benign	0.0
SIM-03396	CORE_HR	Benign	0.0
SIM-03397	CORE_HR	Benign	0.0
SIM-03398	CORE_HR	Benign	0.0
SIM-03399	CORE_HR	Benign	0.0
SIM-03400	CORE_HR	Benign	0.0
SIM-03401	CORE_HR	Benign	0.0
SIM-03402	CORE_HR	Benign	0.0
SIM-03403	CORE_HR	Benign	0.0
SIM-03404	CORE_HR	Benign	0.0
SIM-03405	CORE_HR	Benign	0.0
SIM-03406	CORE_HR	Benign	0.0
SIM-03407	CORE_HR	Benign	0.0
SIM-03408	CORE_HR	Benign	0.0
SIM-03409	CORE_HR	Benign	0.0
SIM-03410	CORE_HR	Benign	0.0
SIM-03411	CORE_HR	Benign	0.0
SIM-03412	CORE_HR	Benign	0.0
SIM-03413	CORE_HR	Benign	0.0
SIM-03414	CORE_HR	Benign	0.0
SIM-03415	CORE_HR	Benign	0.0
SIM-03416	CORE_HR	Benign	0.0
SIM-03417	CORE_HR	Benign	0.0
SIM-03418	CORE_HR	Benign	0.0
SIM-03419	CORE_HR	Benign	0.0
SIM-03420	CORE_HR	Benign	0.0
SIM-03421	CORE_HR	Benign	0.0
SIM-03422	CORE_HR	Benign	0.0
SIM-03423	CORE_HR	Benign	0.0
SIM-03424	CORE_HR	Benign	0.0
SIM-03425	CORE_HR	Benign	0.0
SIM-03426	CORE_HR	Benign	0.0
SIM-03427	CORE_HR	Benign	0.0
SIM-03428	CORE_HR	Benign	0.0
SIM-03429	CORE_HR	Benign	0.0
SIM-03430	CORE_HR	Benign	0.0
SIM-03431	CORE_HR	Benign	0.0
SIM-03432	CORE_HR	Benign	0.0
SIM-03433	CORE_HR	Benign	0.0
SIM-03434	CORE_HR	Benign	0.0
SIM-03435	CORE_HR	Benign	0.387755
SIM-03436	CORE_HR	Benign	0.0
SIM-03437	CORE_HR	Benign	0.0
SIM-03438	CORE_HR	Benign	0.0
SIM-03439	CORE_HR	Benign	0.0
SIM-03440	CORE_HR	Benign	0.0
SIM-03441	CORE_HR	Benign	0.0
SIM-03442	CORE_HR	Benign	0.706897
SIM-03443	CORE_HR	Benign	0.0
SIM-03444	CORE_HR	Benign	0.0
SIM-03445	CORE_HR	Benign	0.0
SIM-03446	CORE_HR	Benign	0.0
SIM-03447	CORE_HR	Benign	0.0
SIM-03448	CORE_HR	Benign	0.0
SIM-03449	CORE_HR	Benign	0.0
SIM-03450	CORE_HR	Benign	0.0
SIM-03451	CORE_HR	Benign	0.0
SIM-03452	CORE_HR	Benign	0.0
SIM-03453	CORE_HR	Benign	0.0
SIM-03454	CORE_HR	Benign	0.0
SIM-03455	CORE_HR	Benign	0.0
SIM-03456	CORE_HR	Benign	0.0
SIM-03457	CORE_HR	Benign	0.0
SIM-03458	CORE_HR	Benign	0.0
SIM-03459	CORE_HR	Benign	0.0
SIM-03460	CORE_HR	Benign	0.0
SIM-03461	CORE_HR	Benign	0.0
SIM-03462	CORE_HR	Benign	0.0
SIM-03463	CORE_HR	Benign	0.0
SIM-03464	CORE_HR	Benign	0.0
SIM-03465	CORE_HR	Benign	0.0
SIM-03466	CORE_HR	Benign	0.0
SIM-03467	CORE_HR	Benign	0.0
SIM-03468	CORE_HR	Benign	0.0
SIM-03469	CORE_HR	Benign	0.0
SIM-03470	CORE_HR	Benign	0.0
SIM-03471	CORE_HR	Benign	0.0
SIM-03472	CORE_HR	Benign	0.0
SIM-03473	CORE_HR	Benign	0.0
SIM-03474	CORE_HR	Benign	0.0
SIM-03475	CORE_HR	Benign	0.0
SIM-03476	CORE_HR	Benign	0.0
SIM-03477	CORE_HR	Benign	0.0
SIM-03478	CORE_HR	Benign	0.0
SIM-03479	CORE_HR	Benign	0.0
SIM-03480	CORE_HR	Benign	0.0
SIM-03481	CORE_HR	Benign	0.0
SIM-03482	CORE_HR	Benign	0.0
SIM-03483	CORE_HR	Benign	0.0
SIM-03484	CORE_HR	Benign	0.0
SIM-03485	CORE_HR	Benign	0.0
SIM-03486	CORE_HR	Benign	0.0
SIM-03487	CORE_HR	Benign	0.0
SIM-03488	CORE_HR	Benign	0.0
SIM-03489	CORE_HR	Benign	0.0
SIM-03490	CORE_HR	Benign	0.983051
SIM-03491	CORE_HR	Benign	0.0
SIM-03492	CORE_HR	Benign	0.0
SIM-03493	CORE_HR	Benign	0.0
SIM-03494	CORE_HR	Benign	0.0
SIM-03495	CORE_HR	Benign	0.0
SIM-03496	CORE_HR	Benign	0.0
SIM-03497	CORE_HR	Benign	0.0
SIM-03498	CORE_HR	Benign	0.0
SIM-03499	CORE_HR	Benign	0.0
SIM-03500	CORE_HR	Benign	0.0
SIM-03501	CORE_HR	Benign	0.0
SIM-03502	CORE_HR	Benign	0.0
SIM-03503	CORE_HR	Benign	0.0
SIM-03504	CORE_HR	Benign	0.0
SIM-03505	CORE_HR	Benign	0.0
SIM-03506	CORE_HR	Benign	0.0
SIM-03507	CORE_HR	Benign	0.0
SIM-03508	CORE_HR	Benign	0.0
SIM-03509	CORE_HR	Benign	0.0
SIM-03510	CORE_HR	Benign	0.0
SIM-03511	CORE_HR	Benign	0.0
SIM-03512	CORE_HR	Benign	0.0
SIM-03513	CORE_HR	Benign	0.0
SIM-03514	CORE_HR	Benign	0.0
SIM-03515	CORE_HR	Benign	0.0
SIM-03516	CORE_HR	Benign	0.0
SIM-03517	CORE_HR	Benign	0.0
SIM-03518	CORE_HR	Benign	0.0
SIM-03519	CORE_HR	Benign	0.0
SIM-03520	CORE_HR	Benign	0.0
SIM-03521	CORE_HR	Benign	0.0
SIM-03522	CORE_HR	Benign	0.0
SIM-03523	CORE_HR	Benign	0.0
SIM-03524	CORE_HR	Benign	0.0
SIM-03525	CORE_HR	Benign	0.0
SIM-03526	CORE_HR	Benign	0.0
SIM-03527	CORE_HR	Benign	0.0
SIM-03528	CORE_HR	Benign	0.0
SIM-03529	CORE_HR	Benign	0.0
SIM-03530	CORE_HR	Benign	0.0
SIM-03531	CORE_HR	Benign	0.0
SIM-03532	CORE_HR	Benign	0.0
SIM-03533	CORE_HR	Benign	0.0
SIM-03534	CORE_HR	Benign	0.0
SIM-03535	CORE_HR	Benign	0.0
SIM-03536	CORE_HR	Benign	0.0
SIM-03537	CORE_HR	Benign	0.0
SIM-03538	CORE_HR	Benign	0.0
SIM-03539	CORE_HR	Benign	0.0
SIM-03540	CORE_HR	Benign	0.0
SIM-03541	CORE_HR	Benign	0.0
SIM-03542	CORE_HR	Benign	0.0
SIM-03543	CORE_HR	Benign	0.0
SIM-03544	CORE_HR	Benign	0.0
SIM-03545	CORE_HR	Benign	0.0
SIM-03546	CORE_HR	Benign	0.0
SIM-03547	CORE_HR	Benign	0.0
SIM-03548	CORE_HR	Benign	0.0
SIM-03549	CORE_HR	Benign	0.0
SIM-03550	CORE_HR	Benign	0.0
SIM-03551	CORE_HR	Benign	0.0
SIM-03552	CORE_HR	Benign	0.0
SIM-03553	CORE_HR	Benign	0.0
SIM-03554	CORE_HR	Benign	0.0
SIM-03555	CORE_HR	Benign	0.0
SIM-03556	CORE_HR	Benign	0.0
SIM-03557	CORE_HR	Benign	0.0
SIM-03558	CORE_HR	Benign	0.0
SIM-03559	CORE_HR	Benign	0.0
SIM-03560	CORE_HR	Benign	0.0
SIM-03561	CORE_HR	Benign	0.0
SIM-03562	CORE_HR	Benign	0.0
SIM-03563	CORE_HR	Benign	0.0
SIM-03564	CORE_HR	Benign	0.0
SIM-03565	CORE_HR	Benign	0.0
SIM-03566	CORE_HR	Benign	0.0
SIM-03567	CORE_HR	Benign	0.0
SIM-03568	CORE_HR	Benign	0.0
SIM-03569	CORE_HR	Benign	0.0
SIM-03570	CORE_HR	Benign	0.0
SIM-03571	CORE_HR	Benign	0.0
SIM-03572	CORE_HR	Benign	0.0
SIM-03573	CORE_HR	Benign	0.0
SIM-03574	CORE_HR	Benign	0.0
SIM-03575	CORE_HR	Benign	0.566667
SIM-03576	CORE_HR	Benign	0.0
SIM-03577	CORE_HR	Benign	0.0
SIM-03578	CORE_HR	Benign	0.0
SIM-03579	CORE_HR	Benign	0.0
SIM-03580	CORE_HR	Benign	0.0
SIM-03581	CORE_HR	Benign	0.0
SIM-03582	CORE_HR	Benign	0.0
SIM-03583	CORE_HR	Benign	0.0
SIM-03584	CORE_HR	Benign	0.0
SIM-03585	CORE_HR	Benign	0.0
SIM-03586	CORE_HR	Benign	0.0
SIM-03587	CORE_HR	Benign	0.0
SIM-03588	CORE_HR	Benign	0.0
SIM-03589	CORE_HR	Benign	0.0
SIM-03590	CORE_HR	Benign	0.0
SIM-03591	CORE_HR	Benign	0.0
SIM-03592	CORE_HR	Benign	0.0
SIM-03593	CORE_HR	Benign	0.0
SIM-03594	CORE_HR	Benign	0.0
SIM-03595	CORE_HR	Benign	0.0
SIM-03596	CORE_HR	Benign	0.0
SIM-03597	CORE_HR	Benign	0.0
SIM-03598	CORE_HR	Benign	0.0
SIM-03599	CORE_HR	Benign	0.0
SIM-03600	CORE_HR	Benign	0.0
SIM-03601	CORE_HR	Benign	0.0
SIM-03602	CORE_HR	Benign	0.0
SIM-03603	CORE_HR	Benign	0.0
SIM-03604	CORE_HR	Benign	0.0
SIM-03605	CORE_HR	Benign	0.0
SIM-03606	CORE_HR	Benign	0.0
SIM-03607	CORE_HR	Benign	0.0
SIM-03608	CORE_HR	Benign	0.0
SIM-03609	CORE_HR	Benign	0.0
SIM-03610	CORE_HR	Benign	0.0
SIM-03611	CORE_HR	Benign	0.0
SIM-03612	CORE_HR	Benign	0.652174
SIM-03613	CORE_HR	Benign	0.0
SIM-03614	CORE_HR	Benign	0.0
SIM-03615	CORE_HR	Benign	0.0
SIM-03616	CORE_HR	Benign	0.0
SIM-03617	CORE_HR	Benign	0.0
SIM-03618	CORE_HR	Benign	0.0
SIM-03619	CORE_HR	Benign	0.0
SIM-03620	CORE_HR	Benign	0.0
SIM-03621	CORE_HR	Benign	0.0
SIM-03622	CORE_HR	Benign	0.0
SIM-03623	CORE_HR	Benign	0.0
SIM-03624	CORE_HR	Benign	0.0
SIM-03625	CORE_HR	Benign	0.0
SIM-03626	CORE_HR	Benign	0.0
SIM-03627	CORE_HR	Benign	0.0
SIM-03628	CORE_HR	Benign	0.0
SIM-03629	CORE_HR	Benign	0.0
SIM-03630	CORE_HR	Benign	0.0
SIM-03631	CORE_HR	Benign	0.0
SIM-03632	CORE_HR	Benign	0.0
SIM-03633	CORE_HR	Benign	0.0
SIM-03634	CORE_HR	Benign	0.0
SIM-03635	CORE_HR	Benign	0.0
SIM-03636	CORE_HR	Benign	0.0
SIM-03637	CORE_HR	Benign	0.830508
SIM-03638	CORE_HR	Benign	0.0
SIM-03639	CORE_HR	Benign	0.0
SIM-03640	CORE_HR	Benign	0.0
SIM-03641	CORE_HR	Benign	0.0
SIM-03642	CORE_HR	Benign	0.0
SIM-03643	CORE_HR	Benign	0.0
SIM-03644	CORE_HR	Benign	0.0
SIM-03645	CORE_HR	Benign	0.0
SIM-03646	CORE_HR	Benign	0.0
SIM-03647	CORE_HR	Benign	0.0
SIM-03648	CORE_HR	Benign	0.433735
SIM-03649	CORE_HR	Benign	0.0
SIM-03650	CORE_HR	Benign	0.0
SIM-03651	CORE_HR	Benign	0.0
SIM-03652	CORE_HR	Benign	0.0
SIM-03653	CORE_HR	Benign	0.0
SIM-03654	CORE_HR	Benign	0.0
SIM-03655	CORE_HR	Benign	0.0
SIM-03656	CORE_HR	Benign	0.0
SIM-03657	CORE_HR	Benign	0.0
SIM-03658	CORE_HR	Benign	0.0
SIM-03659	CORE_HR	Benign	0.0
SIM-03660	CORE_HR	Benign	0.0
SIM-03661	CORE_HR	Benign	0.0
SIM-03662	CORE_HR	Benign	0.0
SIM-03663	CORE_HR	Benign	0.0
SIM-03664	CORE_HR	Benign	0.0
SIM-03665	CORE_HR	Benign	0.0
SIM-03666	CORE_HR	Benign	0.0
SIM-03667	CORE_HR	Benign	0.0
SIM-03668	CORE_HR	Benign	0.0
SIM-03669	CORE_HR	Benign	0.0
SIM-03670	CORE_HR	Benign	0.0
SIM-03671	CORE_HR	Benign	0.0
SIM-03672	CORE_HR	Benign	0.0
SIM-03673	CORE_HR	Benign	0.0
SIM-03674	CORE_HR	Benign	0.0
SIM-03675	CORE_HR	Benign	0.0
SIM-03676	CORE_HR	Benign	0.0
SIM-03677	CORE_HR	Benign	0.0
SIM-03678	CORE_HR	Benign	0.0
SIM-03679	CORE_HR	Benign	0.0
SIM-03680	CORE_HR	Benign	0.0
SIM-03681	CORE_HR	Benign	0.0
SIM-03682	CORE_HR	Benign	0.0
SIM-03683	CORE_HR	Benign	0.0
SIM-03684	CORE_HR	Benign	0.0
SIM-03685	CORE_HR	Benign	0.0
SIM-03686	CORE_HR	Benign	0.0
SIM-03687	CORE_HR	Benign	0.0
SIM-03688	CORE_HR	Benign	0.0
SIM-03689	CORE_HR	Benign	0.0
SIM-03690	CORE_HR	Benign	0.0
SIM-03691	CORE_HR	Benign	0.0
SIM-03692	CORE_HR	Benign	0.0
SIM-03693	CORE_HR	Benign	0.0
SIM-03694	CORE_HR	Benign	0.0
SIM-03695	CORE_HR	Benign	0.0
SIM-03696	CORE_HR	Benign	0.0
SIM-03697	DDR_SIGNALING	Pathogenic	0.0
SIM-03698	DDR_SIGNALING	Pathogenic	0.0
SIM-03699	DDR_SIGNALING	Pathogenic	0.0
SIM-03700	DDR_SIGNALING	Pathogenic	0.0
SIM-03701	DDR_SIGNALING	Pathogenic	0.0
SIM-03702	DDR_SIGNALING	Pathogenic	0.0
SIM-03703	DDR_SIGNALING	Pathogenic	0.0
SIM-03704	DDR_SIGNALING	Pathogenic	0.0
SIM-03705	DDR_SIGNALING	Pathogenic	0.0
SIM-03706	DDR_SIGNALING	Pathogenic	0.0
SIM-03707	DDR_SIGNALING	Pathogenic	0.0
SIM-03708	DDR_SIGNALING	Pathogenic	0.0
SIM-03709	DDR_SIGNALING	Pathogenic	0.0
SIM-03710	DDR_SIGNALING	Pathogenic	0.0
SIM-03711	DDR_SIGNALING	Pathogenic	0.0
SIM-03712	DDR_SIGNALING	Pathogenic	0.6
SIM-03713	DDR_SIGNALING	Pathogenic	0.0
SIM-03714	DDR_SIGNALING	Pathogenic	0.0
SIM-03715	DDR_SIGNALING	Pathogenic	0.0
SIM-03716	DDR_SIGNALING	Pathogenic	0.0
SIM-03717	DDR_SIGNALING	Pathogenic	0.978261
SIM-03718	DDR_SIGNALING	Pathogenic	0.0
SIM-03719	DDR_SIGNALING	Pathogenic	0.0
SIM-03720	DDR_SIGNALING	Pathogenic	0.0
SIM-03721	DDR_SIGNALING	Pathogenic	0.0
SIM-03722	DDR_SIGNALING	Pathogenic	0.0
SIM-03723	DDR_SIGNALING	Pathogenic	0.0
SIM-03724	DDR_SIGNALING	Pathogenic	0.0
SIM-03725	DDR_SIGNALING	Pathogenic	0.0
SIM-03726	DDR_SIGNALING	Pathogenic	0.0
SIM-03727	DDR_SIGNALING	Pathogenic	0.0
SIM-03728	DDR_SIGNALING	Pathogenic	0.0
SIM-03729	DDR_SIGNALING	Pathogenic	0.0
SIM-03730	DDR_SIGNALING	Pathogenic	0.0
SIM-03731	DDR_SIGNALING	Pathogenic	0.0
SIM-03732	DDR_SIGNALING	Pathogenic	0.0
SIM-03733	DDR_SIGNALING	Pathogenic	0.776119
SIM-03734	DDR_SIGNALING	Pathogenic	0.0
SIM-03735	DDR_SIGNALING	Pathogenic	0.0
SIM-03736	DDR_SIGNALING	Pathogenic	0.0
SIM-03737	DDR_SIGNALING	Pathogenic	0.0
SIM-03738	DDR_SIGNALING	Pathogenic	0.0
SIM-03739	DDR_SIGNALING	Pathogenic	0.0
SIM-03740	DDR_SIGNALING	Pathogenic	0.0
SIM-03741	DDR_SIGNALING	Pathogenic	0.0
SIM-03742	DDR_SIGNALING	Pathogenic	0.0
SIM-03743	DDR_SIGNALING	Pathogenic	0.0
SIM-03744	DDR_SIGNALING	Pathogenic	0.0
SIM-03745	DDR_SIGNALING	Pathogenic	0.0
SIM-03746	DDR_SIGNALING	Pathogenic	0.0
SIM-03747	DDR_SIGNALING	Pathogenic	0.0
SIM-03748	DDR_SIGNALING	Pathogenic	0.0
SIM-03749	DDR_SIGNALING	Pathogenic	0.0
SIM-03750	DDR_SIGNALING	Pathogenic	0.0
SIM-03751	DDR_SIGNALING	Pathogenic	0.0
SIM-03752	DDR_SIGNALING	Pathogenic	0.0
SIM-03753	DDR_SIGNALING	Pathogenic	0.0
SIM-03754	DDR_SIGNALING	Pathogenic	0.0
SIM-03755	DDR_SIGNALING	Pathogenic	0.0
SIM-03756	DDR_SIGNALING	Pathogenic	0.0
SIM-03757	DDR_SIGNALING	Pathogenic	0.0
SIM-03758	DDR_SIGNALING	Pathogenic	0.0
SIM-03759	DDR_SIGNALING	Pathogenic	0.0
SIM-03760	DDR_SIGNALING	Pathogenic	0.0
SIM-03761	DDR_SIGNALING	Pathogenic	0.0
SIM-03762	DDR_SIGNALING	Pathogenic	0.0
SIM-03763	DDR_SIGNALING	Pathogenic	0.0
SIM-03764	DDR_SIGNALING	Pathogenic	0.0
SIM-03765	DDR_SIGNALING	Pathogenic	0.0
SIM-03766	DDR_SIGNALING	Pathogenic	0.0
SIM-03767	DDR_SIGNALING	Pathogenic	0.0
SIM-03768	DDR_SIGNALING	Pathogenic	0.0
SIM-03769	DDR_SIGNALING	Pathogenic	0.0
SIM-03770	DDR_SIGNALING	Pathogenic	0.0
SIM-03771	DDR_SIGNALING	Pathogenic	0.0
SIM-03772	DDR_SIGNALING	Pathogenic	0.0
SIM-03773	DDR_SIGNALING	Pathogenic	0.0
SIM-03774	DDR_SIGNALING	Pathogenic	0.0
SIM-03775	DDR_SIGNALING	Pathogenic	0.0
SIM-03776	DDR_SIGNALING	Pathogenic	0.0
SIM-03777	DDR_SIGNALING	Pathogenic	0.0
SIM-03778	DDR_SIGNALING	Pathogenic	0.0
SIM-03779	DDR_SIGNALING	Pathogenic	0.0
SIM-03780	DDR_SIGNALING	Pathogenic	0.0
SIM-03781	DDR_SIGNALING	Pathogenic	0.0
SIM-03782	DDR_SIGNALING	Pathogenic	0.0
SIM-03783	DDR_SIGNALING	Pathogenic	0.0
SIM-03784	DDR_SIGNALING	Pathogenic	0.0
SIM-03785	DDR_SIGNALING	Pathogenic	0.0
SIM-03786	DDR_SIGNALING	Pathogenic	0.0
SIM-03787	DDR_SIGNALING	Pathogenic	0.0
SIM-03788	DDR_SIGNALING	Pathogenic	0.0
SIM-03789	DDR_SIGNALING	Pathogenic	0.0
SIM-03790	DDR_SIGNALING	Pathogenic	0.0
SIM-03791	DDR_SIGNALING	Pathogenic	0.0
SIM-03792	DDR_SIGNALING	Pathogenic	0.0
SIM-03793	DDR_SIGNALING	Pathogenic	0.0
SIM-03794	DDR_SIGNALING	Pathogenic	0.0
SIM-03795	DDR_SIGNALING	Pathogenic	0.0
SIM-03796	DDR_SIGNALING	Pathogenic	0.0
SIM-03797	DDR_SIGNALING	Pathogenic	0.0
SIM-03798	DDR_SIGNALING	Pathogenic	0.0
SIM-03799	DDR_SIGNALING	Pathogenic	0.0
SIM-03800	DDR_SIGNALING	Pathogenic	0.0
SIM-03801	DDR_SIGNALING	Pathogenic	0.0
SIM-03802	DDR_SIGNALING	Pathogenic	0.0
SIM-03803	DDR_SIGNALING	Pathogenic	0.0
SIM-03804	DDR_SIGNALING	Pathogenic	0.0
SIM-03805	DDR_SIGNALING	Pathogenic	0.0
SIM-03806	DDR_SIGNALING	Pathogenic	0.0
SIM-03807	DDR_SIGNALING	Pathogenic	0.0
SIM-03808	DDR_SIGNALING	Pathogenic	0.594937
SIM-03809	DDR_SIGNALING	Pathogenic	0.0
SIM-03810	DDR_SIGNALING	Pathogenic	0.0
SIM-03811	DDR_SIGNALING	Pathogenic	0.0
SIM-03812	DDR_SIGNALING	Pathogenic	0.0
SIM-03813	DDR_SIGNALING	Pathogenic	0.0
SIM-03814	DDR_SIGNALING	Pathogenic	0.0
SIM-03815	DDR_SIGNALING	Pathogenic	0.0
SIM-03816	DDR_SIGNALING	Pathogenic	0.0
SIM-03817	DDR_SIGNALING	Pathogenic	0.0
SIM-03818	DDR_SIGNALING	Pathogenic	0.0
SIM-03819	DDR_SIGNALING	Pathogenic	0.0
SIM-03820	DDR_SIGNALING	Pathogenic	0.0
SIM-03821	DDR_SIGNALING	Pathogenic	0.0
SIM-03822	DDR_SIGNALING	Pathogenic	0.0
SIM-03823	DDR_SIGNALING	Pathogenic	0.0
SIM-03824	DDR_SIGNALING	Pathogenic	0.0
SIM-03825	DDR_SIGNALING	Pathogenic	0.0
SIM-03826	DDR_SIGNALING	Pathogenic	0.0
SIM-03827	DDR_SIGNALING	Pathogenic	0.0
SIM-03828	DDR_SIGNALING	Pathogenic	0.0
SIM-03829	DDR_SIGNALING	Pathogenic	0.0
SIM-03830	DDR_SIGNALING	Pathogenic	0.0
SIM-03831	DDR_SIGNALING	Pathogenic	0.0
SIM-03832	DDR_SIGNALING	Pathogenic	0.0
SIM-03833	DDR_SIGNALING	Pathogenic	0.0
SIM-03834	DDR_SIGNALING	Pathogenic	0.0
SIM-03835	DDR_SIGNALING	Pathogenic	0.0
SIM-03836	DDR_SIGNALING	Pathogenic	0.0
SIM-03837	DDR_SIGNALING	Pathogenic	0.0
SIM-03838	DDR_SIGNALING	Pathogenic	0.0
SIM-03839	DDR_SIGNALING	Pathogenic	0.0
SIM-03840	DDR_SIGNALING	Pathogenic	0.0
SIM-03841	DDR_SIGNALING	Pathogenic	0.0
SIM-03842	DDR_SIGNALING	Pathogenic	0.0
SIM-03843	DDR_SIGNALING	Pathogenic	0.0
SIM-03844	DDR_SIGNALING	Pathogenic	0.0
SIM-03845	DDR_SIGNALING	Pathogenic	0.0
SIM-03846	DDR_SIGNALING	Pathogenic	0.0
SIM-03847	DDR_SIGNALING	Pathogenic	0.0
SIM-03848	DDR_SIGNALING	Pathogenic	0.836066
SIM-03849	DDR_SIGNALING	Pathogenic	0.0
SIM-03850	DDR_SIGNALING	Pathogenic	0.0
SIM-03851	DDR_SIGNALING	Pathogenic	0.0
SIM-03852	DDR_SIGNALING	Pathogenic	0.0
SIM-03853	DDR_SIGNALING	Pathogenic	0.0
SIM-03854	DDR_SIGNALING	Pathogenic	0.0
SIM-03855	DDR_SIGNALING	Pathogenic	0.0
SIM-03856	DDR_SIGNALING	Pathogenic	0.0
SIM-03857	DDR_SIGNALING	Pathogenic	0.0
SIM-03858	DDR_SIGNALING	Pathogenic	0.0
SIM-03859	DDR_SIGNALING	Pathogenic	0.0
SIM-03860	DDR_SIGNALING	Pathogenic	0.0
SIM-03861	DDR_SIGNALING	Pathogenic	0.0
SIM-03862	DDR_SIGNALING	Pathogenic	0.0
SIM-03863	DDR_SIGNALING	Pathogenic	0.0
SIM-03864	DDR_SIGNALING	Pathogenic	0.0
SIM-03865	DDR_SIGNALING	Pathogenic	0.0
SIM-03866	DDR_SIGNALING	Pathogenic	0.0
SIM-03867	DDR_SIGNALING	Pathogenic	0.0
SIM-03868	DDR_SIGNALING	Pathogenic	0.0
SIM-03869	DDR_SIGNALING	Pathogenic	0.0
SIM-03870	DDR_SIGNALING	Pathogenic	0.0
SIM-03871	DDR_SIGNALING	Pathogenic	0.0
SIM-03872	DDR_SIGNALING	Pathogenic	0.0
SIM-03873	DDR_SIGNALING	Pathogenic	0.0
SIM-03874	DDR_SIGNALING	Pathogenic	0.0
SIM-03875	DDR_SIGNALING	Pathogenic	0.0
SIM-03876	DDR_SIGNALING	Pathogenic	0.0
SIM-03877	DDR_SIGNALING	Pathogenic	0.0
SIM-03878	DDR_SIGNALING	Pathogenic	0.0
SIM-03879	DDR_SIGNALING	Pathogenic	0.0
SIM-03880	DDR_SIGNALING	Pathogenic	0.0
SIM-03881	DDR_SIGNALING	Pathogenic	0.0
SIM-03882	DDR_SIGNALING	Pathogenic	0.0
SIM-03883	DDR_SIGNALING	Pathogenic	0.0
SIM-03884	DDR_SIGNALING	Pathogenic	0.0
SIM-03885	DDR_SIGNALING	Pathogenic	0.0
SIM-03886	DDR_SIGNALING	Pathogenic	0.0
SIM-03887	DDR_SIGNALING	Pathogenic	0.0
SIM-03888	DDR_SIGNALING	Pathogenic	0.0
SIM-03889	DDR_SIGNALING	Pathogenic	0.0
SIM-03890	DDR_SIGNALING	Pathogenic	0.0
SIM-03891	DDR_SIGNALING	Pathogenic	0.0
SIM-03892	DDR_SIGNALING	Pathogenic	0.0
SIM-03893	DDR_SIGNALING	Pathogenic	0.863636
SIM-03894	DDR_SIGNALING	Pathogenic	0.0
SIM-03895	DDR_SIGNALING	Pathogenic	0.0
SIM-03896	DDR_SIGNALING	Pathogenic	0.0
SIM-03897	DDR_SIGNALING	Pathogenic	0.0
SIM-03898	DDR_SIGNALING	Pathogenic	0.0
SIM-03899	DDR_SIGNALING	Pathogenic	0.0
SIM-03900	DDR_SIGNALING	Pathogenic	0.0
SIM-03901	DDR_SIGNALING	Pathogenic	0.0
SIM-03902	DDR_SIGNALING	Pathogenic	0.0
SIM-03903	DDR_SIGNALING	Pathogenic	0.0
SIM-03904	DDR_SIGNALING	Pathogenic	0.0
SIM-03905	DDR_SIGNALING	Pathogenic	0.0
SIM-03906	DDR_SIGNALING	Pathogenic	0.0
SIM-03907	DDR_SIGNALING	Pathogenic	0.0
SIM-03908	DDR_SIGNALING	Pathogenic	0.0
SIM-03909	DDR_SIGNALING	Pathogenic	0.0
SIM-03910	DDR_SIGNALING	Pathogenic	0.0
SIM-03911	DDR_SIGNALING	Pathogenic	0.0
SIM-03912	DDR_SIGNALING	Pathogenic	0.0
SIM-03913	DDR_SIGNALING	Pathogenic	0.0
SIM-03914	DDR_SIGNALING	Pathogenic	0.0
SIM-03915	DDR_SIGNALING	Pathogenic	0.0
SIM-03916	DDR_SIGNALING	Pathogenic	0.0
SIM-03917	DDR_SIGNALING	Pathogenic	0.0
SIM-03918	DDR_SIGNALING	Pathogenic	0.0
SIM-03919	DDR_SIGNALING	Pathogenic	0.0
SIM-03920	DDR_SIGNALING	Pathogenic	0.0
SIM-03921	DDR_SIGNALING	Pathogenic	0.0
SIM-03922	DDR_SIGNALING	Pathogenic	0.0
SIM-03923	DDR_SIGNALING	Pathogenic	0.0
SIM-03924	DDR_SIGNALING	Pathogenic	0.0
SIM-03925	DDR_SIGNALING	Pathogenic	0.0
SIM-03926	DDR_SIGNALING	Pathogenic	0.0
SIM-03927	DDR_SIGNALING	Pathogenic	0.0
SIM-03928	DDR_SIGNALING	Pathogenic	0.0
SIM-03929	DDR_SIGNALING	Pathogenic	0.0
SIM-03930	DDR_SIGNALING	Pathogenic	0.0
SIM-03931	DDR_SIGNALING	Pathogenic	0.0
SIM-03932	DDR_SIGNALING	Pathogenic	0.0
SIM-03933	DDR_SIGNALING	Pathogenic	0.0
SIM-03934	DDR_SIGNALING	Pathogenic	0.0
SIM-03935	DDR_SIGNALING	Pathogenic	0.0
SIM-03936	DDR_SIGNALING	Pathogenic	0.0
SIM-03937	DDR_SIGNALING	Pathogenic	0.0
SIM-03938	DDR_SIGNALING	Pathogenic	0.0
SIM-03939	DDR_SIGNALING	Pathogenic	0.0
SIM-03940	DDR_SIGNALING	Pathogenic	0.0
SIM-03941	DDR_SIGNALING	Pathogenic	0.0
SIM-03942	DDR_SIGNALING	Pathogenic	0.0
SIM-03943	DDR_SIGNALING	Pathogenic	0.0
SIM-03944	DDR_SIGNALING	Pathogenic	0.0
SIM-03945	DDR_SIGNALING	Pathogenic	0.726316
SIM-03946	DDR_SIGNALING	Pathogenic	0.0
SIM-03947	DDR_SIGNALING	Pathogenic	0.0
SIM-03948	DDR_SIGNALING	Pathogenic	0.0
SIM-03949	DDR_SIGNALING	Pathogenic	0.0
SIM-03950	DDR_SIGNALING	Pathogenic	0.0
SIM-03951	DDR_SIGNALING	Pathogenic	0.0
SIM-03952	DDR_SIGNALING	Pathogenic	0.0
SIM-03953	DDR_SIGNALING	Pathogenic	0.0
SIM-03954	DDR_SIGNALING	Pathogenic	0.0
SIM-03955	DDR_SIGNALING	Pathogenic	0.0
SIM-03956	DDR_SIGNALING	Pathogenic	0.0
SIM-03957	DDR_SIGNALING	Pathogenic	0.0
SIM-03958	DDR_SIGNALING	Pathogenic	0.0
SIM-03959	DDR_SIGNALING	Pathogenic	0.0
SIM-03960	DDR_SIGNALING	Pathogenic	0.0
SIM-03961	DDR_SIGNALING	Pathogenic	0.0
SIM-03962	DDR_SIGNALING	Pathogenic	0.0
SIM-03963	DDR_SIGNALING	Pathogenic	0.0
SIM-03964	DDR_SIGNALING	Pathogenic	0.0
SIM-03965	DDR_SIGNALING	Pathogenic	0.0
SIM-03966	DDR_SIGNALING	Pathogenic	0.0
SIM-03967	DDR_SIGNALING	Pathogenic	0.0
SIM-03968	DDR_SIGNALING	Pathogenic	0.0
SIM-03969	DDR_SIGNALING	Pathogenic	0.0
SIM-03970	DDR_SIGNALING	Pathogenic	0.0
SIM-03971	DDR_SIGNALING	Pathogenic	0.0
SIM-03972	DDR_SIGNALING	Pathogenic	0.0
SIM-03973	DDR_SIGNALING	Pathogenic	0.0
SIM-03974	DDR_SIGNALING	Pathogenic	0.0
SIM-03975	DDR_SIGNALING	Pathogenic	0.0
SIM-03976	DDR_SIGNALING	Pathogenic	0.0
SIM-03977	DDR_SIGNALING	Pathogenic	0.0
SIM-03978	DDR_SIGNALING	Pathogenic	0.0
SIM-03979	DDR_SIGNALING	Pathogenic	0.0
SIM-03980	DDR_SIGNALING	Pathogenic	0.0
SIM-03981	DDR_SIGNALING	Pathogenic	0.0
SIM-03982	DDR_SIGNALING	Pathogenic	0.0
SIM-03983	DDR_SIGNALING	Pathogenic	0.0
SIM-03984	DDR_SIGNALING	Pathogenic	0.0
SIM-03985	DDR_SIGNALING	Pathogenic	0.0
SIM-03986	DDR_SIGNALING	Pathogenic	0.0
SIM-03987	DDR_SIGNALING	Pathogenic	0.0
SIM-03988	DDR_SIGNALING	Pathogenic	0.797297
SIM-03989	DDR_SIGNALING	Pathogenic	0.0
SIM-03990	DDR_SIGNALING	Pathogenic	0.0
SIM-03991	DDR_SIGNALING	Pathogenic	0.0
SIM-03992	DDR_SIGNALING	Pathogenic	0.0
SIM-03993	DDR_SIGNALING	Pathogenic	0.0
SIM-03994	DDR_SIGNALING	Pathogenic	0.0
SIM-03995	DDR_SIGNALING	Pathogenic	0.0
SIM-03996	DDR_SIGNALING	Pathogenic	0.0
SIM-03997	DDR_SIGNALING	Pathogenic	0.0
SIM-03998	DDR_SIGNALING	Pathogenic	0.0
SIM-03999	DDR_SIGNALING	Pathogenic	0.0
SIM-04000	DDR_SIGNALING	Pathogenic	0.0
SIM-04001	DDR_SIGNALING	Pathogenic	0.0
SIM-04002	DDR_SIGNALING	Pathogenic	0.0
SIM-04003	DDR_SIGNALING	Pathogenic	0.0
SIM-04004	DDR_SIGNALING	Pathogenic	0.0
SIM-04005	DDR_SIGNALING	Pathogenic	0.0
SIM-04006	DDR_SIGNALING	Pathogenic	0.73494
SIM-04007	DDR_SIGNALING	Pathogenic	0.0
SIM-04008	DDR_SIGNALING	Pathogenic	0.0
SIM-04009	DDR_SIGNALING	Pathogenic	0.0
SIM-04010	DDR_SIGNALING	Pathogenic	0.0
SIM-04011	DDR_SIGNALING	Pathogenic	0.0
SIM-04012	DDR_SIGNALING	Pathogenic	0.0
SIM-04013	DDR_SIGNALING	Pathogenic	0.0
SIM-04014	DDR_SIGNALING	Pathogenic	0.0
SIM-04015	DDR_SIGNALING	Pathogenic	0.0
SIM-04016	DDR_SIGNALING	Pathogenic	0.0
SIM-04017	DDR_SIGNALING	Pathogenic	0.0
SIM-04018	DDR_SIGNALING	Pathogenic	0.0
SIM-04019	DDR_SIGNALING	Pathogenic	0.0
SIM-04020	DDR_SIGNALING	Pathogenic	0.0
SIM-04021	DDR_SIGNALING	Pathogenic	0.0
SIM-04022	DDR_SIGNALING	Pathogenic	0.0
SIM-04023	DDR_SIGNALING	Pathogenic	0.0
SIM-04024	DDR_SIGNALING	Pathogenic	0.0
SIM-04025	DDR_SIGNALING	Pathogenic	0.0
SIM-04026	DDR_SIGNALING	Pathogenic	0.0
SIM-04027	DDR_SIGNALING	Pathogenic	0.0
SIM-04028	DDR_SIGNALING	Pathogenic	0.0
SIM-04029	DDR_SIGNALING	Pathogenic	0.0
SIM-04030	DDR_SIGNALING	Pathogenic	0.0
SIM-04031	DDR_SIGNALING	Pathogenic	0.0
SIM-04032	DDR_SIGNALING	Pathogenic	0.0
SIM-04033	DDR_SIGNALING	Pathogenic	0.0
SIM-04034	DDR_SIGNALING	Pathogenic	0.0
SIM-04035	DDR_SIGNALING	Pathogenic	0.0
SIM-04036	DDR_SIGNALING	Pathogenic	0.0
SIM-04037	DDR_SIGNALING	Pathogenic	0.0
SIM-04038	DDR_SIGNALING	Pathogenic	0.0
SIM-04039	DDR_SIGNALING	Pathogenic	0.0
SIM-04040	DDR_SIGNALING	Pathogenic	0.0
SIM-04041	DDR_SIGNALING	Pathogenic	0.558824
SIM-04042	DDR_SIGNALING	Pathogenic	0.0
SIM-04043	DDR_SIGNALING	Pathogenic	0.0
SIM-04044	DDR_SIGNALING	Pathogenic	0.0
SIM-04045	DDR_SIGNALING	Pathogenic	0.0
SIM-04046	DDR_SIGNALING	Pathogenic	0.460674
SIM-04047	DDR_SIGNALING	Pathogenic	0.0
SIM-04048	DDR_SIGNALING	Pathogenic	0.0
SIM-04049	DDR_SIGNALING	Pathogenic	0.0
SIM-04050	DDR_SIGNALING	Pathogenic	0.0
SIM-04051	DDR_SIGNALING	Pathogenic	0.0
SIM-04052	DDR_SIGNALING	Pathogenic	0.0
SIM-04053	DDR_SIGNALING	Pathogenic	0.0
SIM-04054	DDR_SIGNALING	Pathogenic	0.0
SIM-04055	DDR_SIGNALING	Pathogenic	0.0
SIM-04056	DDR_SIGNALING	Pathogenic	0.0
SIM-04057	DDR_SIGNALING	Pathogenic	0.431373
SIM-04058	DDR_SIGNALING	Pathogenic	0.0
SIM-04059	DDR_SIGNALING	Pathogenic	0.0
SIM-04060	DDR_SIGNALING	Pathogenic	0.0
SIM-04061	DDR_SIGNALING	Pathogenic	0.0
SIM-04062	DDR_SIGNALING	Pathogenic	0.0
SIM-04063	DDR_SIGNALING	Pathogenic	0.0
SIM-04064	DDR_SIGNALING	Pathogenic	0.0
SIM-04065	DDR_SIGNALING	Pathogenic	0.0
SIM-04066	DDR_SIGNALING	Pathogenic	0.677966
SIM-04067	DDR_SIGNALING	Pathogenic	0.0
SIM-04068	DDR_SIGNALING	Pathogenic	0.0
SIM-04069	DDR_SIGNALING	Pathogenic	0.0
SIM-04070	DDR_SIGNALING	Pathogenic	0.0
SIM-04071	DDR_SIGNALING	Pathogenic	0.0
SIM-04072	DDR_SIGNALING	Pathogenic	0.0
SIM-04073	DDR_SIGNALING	Pathogenic	0.0
SIM-04074	DDR_SIGNALING	Pathogenic	0.0
SIM-04075	DDR_SIGNALING	Pathogenic	0.0
SIM-04076	DDR_SIGNALING	Pathogenic	0.0
SIM-04077	DDR_SIGNALING	Pathogenic	0.0
SIM-04078	DDR_SIGNALING	Pathogenic	0.0
SIM-04079	DDR_SIGNALING	Pathogenic	0.0
SIM-04080	DDR_SIGNALING	Pathogenic	0.0
SIM-04081	DDR_SIGNALING	Pathogenic	0.0
SIM-04082	DDR_SIGNALING	Pathogenic	0.0
SIM-04083	DDR_SIGNALING	Pathogenic	0.0
SIM-04084	DDR_SIGNALING	Pathogenic	0.0
SIM-04085	DDR_SIGNALING	Pathogenic	0.0
SIM-04086	DDR_SIGNALING	Pathogenic	0.0
SIM-04087	DDR_SIGNALING	Pathogenic	0.0
SIM-04088	DDR_SIGNALING	Pathogenic	0.0
SIM-04089	DDR_SIGNALING	Pathogenic	0.0
SIM-04090	DDR_SIGNALING	Pathogenic	0.0
SIM-04091	DDR_SIGNALING	Pathogenic	0.0
SIM-04092	DDR_SIGNALING	Pathogenic	0.0
SIM-04093	DDR_SIGNALING	Pathogenic	0.0
SIM-04094	DDR_SIGNALING	Pathogenic	0.0
SIM-04095	DDR_SIGNALING	Pathogenic	0.0
SIM-04096	DDR_SIGNALING	Pathogenic	0.0
SIM-04097	DDR_SIGNALING	Pathogenic	0.0
SIM-04098	DDR_SIGNALING	Pathogenic	0.0
SIM-04099	DDR_SIGNALING	Pathogenic	0.0
SIM-04100	DDR_SIGNALING	Pathogenic	0.0
SIM-04101	DDR_SIGNALING	Pathogenic	0.0
SIM-04102	DDR_SIGNALING	Pathogenic	0.0
SIM-04103	DDR_SIGNALING	Pathogenic	0.0
SIM-04104	DDR_SIGNALING	Pathogenic	0.0
SIM-04105	DDR_SIGNALING	Pathogenic	0.0
SIM-04106	DDR_SIGNALING	Pathogenic	0.0
SIM-04107	DDR_SIGNALING	Pathogenic	0.0
SIM-04108	DDR_SIGNALING	Pathogenic	0.0
SIM-04109	DDR_SIGNALING	Pathogenic	0.0
SIM-04110	DDR_SIGNALING	Pathogenic	0.0
SIM-04111	DDR_SIGNALING	Pathogenic	0.0
SIM-04112	DDR_SIGNALING	Pathogenic	0.0
SIM-04113	DDR_SIGNALING	Pathogenic	0.0
SIM-04114	DDR_SIGNALING	Pathogenic	0.0
SIM-04115	DDR_SIGNALING	Pathogenic	0.0
SIM-04116	DDR_SIGNALING	Pathogenic	0.0
SIM-04117	DDR_SIGNALING	Pathogenic	0.0
SIM-04118	DDR_SIGNALING	Pathogenic	0.0
SIM-04119	DDR_SIGNALING	Pathogenic	0.0
SIM-04120	DDR_SIGNALING	Pathogenic	0.0
SIM-04121	DDR_SIGNALING	Pathogenic	0.0
SIM-04122	DDR_SIGNALING	Pathogenic	0.0
SIM-04123	DDR_SIGNALING	Pathogenic	0.0
SIM-04124	DDR_SIGNALING	Pathogenic	0.0
SIM-04125	DDR_SIGNALING	Pathogenic	0.0
SIM-04126	DDR_SIGNALING	Pathogenic	0.0
SIM-04127	DDR_SIGNALING	Pathogenic	0.0
SIM-04128	DDR_SIGNALING	Pathogenic	0.0
SIM-04129	DDR_SIGNALING	Pathogenic	0.0
SIM-04130	DDR_SIGNALING	Pathogenic	0.0
SIM-04131	DDR_SIGNALING	Pathogenic	0.0
SIM-04132	DDR_SIGNALING	Pathogenic	0.0
SIM-04133	DDR_SIGNALING	Pathogenic	0.0
SIM-04134	DDR_SIGNALING	Pathogenic	0.0
SIM-04135	DDR_SIGNALING	Pathogenic	0.0
SIM-04136	DDR_SIGNALING	Pathogenic	0.0
SIM-04137	DDR_SIGNALING	Pathogenic	0.0
SIM-04138	DDR_SIGNALING	Pathogenic	0.0
SIM-04139	DDR_SIGNALING	Pathogenic	0.0
SIM-04140	DDR_SIGNALING	Pathogenic	0.0
SIM-04141	DDR_SIGNALING	Pathogenic	0.0
SIM-04142	DDR_SIGNALING	Pathogenic	0.0
SIM-04143	DDR_SIGNALING	Pathogenic	0.0
SIM-04144	DDR_SIGNALING	Pathogenic	0.0
SIM-04145	DDR_SIGNALING	Pathogenic	0.0
SIM-04146	DDR_SIGNALING	Pathogenic	1.0
SIM-04147	DDR_SIGNALING	Pathogenic	0.0
SIM-04148	DDR_SIGNALING	Pathogenic	0.0
SIM-04149	DDR_SIGNALING	Pathogenic	0.0
SIM-04150	DDR_SIGNALING	Pathogenic	0.864865
SIM-04151	DDR_SIGNALING	Pathogenic	0.0
SIM-04152	DDR_SIGNALING	Pathogenic	0.0
SIM-04153	DDR_SIGNALING	Pathogenic	0.0
SIM-04154	DDR_SIGNALING	Pathogenic	0.0
SIM-04155	DDR_SIGNALING	Pathogenic	0.758621
SIM-04156	DDR_SIGNALING	Pathogenic	0.0
SIM-04157	DDR_SIGNALING	Pathogenic	0.0
SIM-04158	DDR_SIGNALING	Pathogenic	0.647059
SIM-04159	DDR_SIGNALING	Pathogenic	0.0
SIM-04160	DDR_SIGNALING	Pathogenic	0.0
SIM-04161	DDR_SIGNALING	Pathogenic	0.0
SIM-04162	DDR_SIGNALING	Pathogenic	0.0
SIM-04163	DDR_SIGNALING	Pathogenic	0.0
SIM-04164	DDR_SIGNALING	Pathogenic	0.0
SIM-04165	DDR_SIGNALING	Pathogenic	0.0
SIM-04166	DDR_SIGNALING	Pathogenic	0.0
SIM-04167	DDR_SIGNALING	Pathogenic	0.0
SIM-04168	DDR_SIGNALING	Pathogenic	0.0
SIM-04169	DDR_SIGNALING	Pathogenic	0.0
SIM-04170	DDR_SIGNALING	Pathogenic	0.402778
SIM-04171	DDR_SIGNALING	Pathogenic	0.0
SIM-04172	DDR_SIGNALING	Pathogenic	0.0
SIM-04173	DDR_SIGNALING	Pathogenic	0.0
SIM-04174	DDR_SIGNALING	Pathogenic	0.0
SIM-04175	DDR_SIGNALING	Pathogenic	0.0
SIM-04176	DDR_SIGNALING	Pathogenic	0.0
SIM-04177	DDR_SIGNALING	Pathogenic	0.0
SIM-04178	DDR_SIGNALING	Pathogenic	0.867925
SIM-04179	DDR_SIGNALING	Pathogenic	0.0
SIM-04180	DDR_SIGNALING	Pathogenic	0.0
SIM-04181	DDR_SIGNALING	Pathogenic	0.5
SIM-04182	DDR_SIGNALING	Pathogenic	0.0
SIM-04183	DDR_SIGNALING	Pathogenic	0.0
SIM-04184	DDR_SIGNALING	Pathogenic	0.0
SIM-04185	DDR_SIGNALING	Pathogenic	0.0
SIM-04186	DDR_SIGNALING	Pathogenic	0.0
SIM-04187	DDR_SIGNALING	Pathogenic	0.0
SIM-04188	DDR_SIGNALING	Pathogenic	0.0
SIM-04189	DDR_SIGNALING	Pathogenic	0.0
SIM-04190	DDR_SIGNALING	Pathogenic	0.0
SIM-04191	DDR_SIGNALING	Pathogenic	0.615385
SIM-04192	DDR_SIGNALING	Pathogenic	0.0
SIM-04193	DDR_SIGNALING	Pathogenic	0.0
SIM-04194	DDR_SIGNALING	Pathogenic	0.0
SIM-04195	DDR_SIGNALING	Pathogenic	0.0
SIM-04196	DDR_SIGNALING	Pathogenic	0.0
SIM-04197	DDR_SIGNALING	Pathogenic	0.0
SIM-04198	DDR_SIGNALING	Pathogenic	0.0
SIM-04199	DDR_SIGNALING	Pathogenic	0.0
SIM-04200	DDR_SIGNALING	Pathogenic	0.0
SIM-04201	DDR_SIGNALING	Pathogenic	0.0
SIM-04202	DDR_SIGNALING	Pathogenic	0.0
SIM-04203	DDR_SIGNALING	Pathogenic	0.0
SIM-04204	DDR_SIGNALING	Pathogenic	0.0
SIM-04205	DDR_SIGNALING	Pathogenic	0.0
SIM-04206	DDR_SIGNALING	Pathogenic	0.0
SIM-04207	DDR_SIGNALING	Pathogenic	0.0
SIM-04208	DDR_SIGNALING	Pathogenic	0.0
SIM-04209	DDR_SIGNALING	Pathogenic	0.0
SIM-04210	DDR_SIGNALING	Pathogenic	0.0
SIM-04211	DDR_SIGNALING	Pathogenic	0.0
SIM-04212	DDR_SIGNALING	Pathogenic	0.0
SIM-04213	DDR_SIGNALING	Pathogenic	0.0
SIM-04214	DDR_SIGNALING	Pathogenic	0.0
SIM-04215	DDR_SIGNALING	Pathogenic	0.0
SIM-04216	DDR_SIGNALING	Pathogenic	0.0
SIM-04217	DDR_SIGNALING	Pathogenic	0.629032
SIM-04218	DDR_SIGNALING	Pathogenic	0.0
SIM-04219	DDR_SIGNALING	Pathogenic	0.0
SIM-04220	DDR_SIGNALING	Pathogenic	0.0
SIM-04221	DDR_SIGNALING	Pathogenic	0.0
SIM-04222	DDR_SIGNALING	Pathogenic	0.0
SIM-04223	DDR_SIGNALING	Pathogenic	0.0
SIM-04224	DDR_SIGNALING	Pathogenic	0.0
SIM-04225	DDR_SIGNALING	Pathogenic	0.0
SIM-04226	DDR_SIGNALING	Pathogenic	0.0
SIM-04227	DDR_SIGNALING	Pathogenic	0.0
SIM-04228	DDR_SIGNALING	Pathogenic	0.0
SIM-04229	DDR_SIGNALING	Pathogenic	0.0
SIM-04230	DDR_SIGNALING	Pathogenic	0.0
SIM-04231	DDR_SIGNALING	Pathogenic	0.0
SIM-04232	DDR_SIGNALING	Pathogenic	0.0
SIM-04233	DDR_SIGNALING	Pathogenic	0.0
SIM-04234	DDR_SIGNALING	Pathogenic	0.0
SIM-04235	DDR_SIGNALING	Pathogenic	0.0
SIM-04236	DDR_SIGNALING	Pathogenic	0.0
SIM-04237	DDR_SIGNALING	Pathogenic	0.0
SIM-04238	DDR_SIGNALING	Pathogenic	0.0
SIM-04239	DDR_SIGNALING	Pathogenic	0.0
SIM-04240	DDR_SIGNALING	Pathogenic	0.0
SIM-04241	DDR_SIGNALING	Pathogenic	0.0
SIM-04242	DDR_SIGNALING	Pathogenic	0.0
SIM-04243	DDR_SIGNALING	Pathogenic	0.0
SIM-04244	DDR_SIGNALING	Pathogenic	0.0
SIM-04245	DDR_SIGNALING	Pathogenic	0.6
SIM-04246	DDR_SIGNALING	Pathogenic	0.0
SIM-04247	DDR_SIGNALING	Pathogenic	0.0
SIM-04248	DDR_SIGNALING	Pathogenic	0.0
SIM-04249	DDR_SIGNALING	Pathogenic	0.0
SIM-04250	DDR_SIGNALING	Pathogenic	0.0
SIM-04251	DDR_SIGNALING	Pathogenic	0.0
SIM-04252	DDR_SIGNALING	Pathogenic	0.0
SIM-04253	DDR_SIGNALING	Pathogenic	0.0
SIM-04254	DDR_SIGNALING	Pathogenic	0.0
SIM-04255	DDR_SIGNALING	Pathogenic	0.0
SIM-04256	DDR_SIGNALING	Pathogenic	0.0
SIM-04257	DDR_SIGNALING	Pathogenic	0.0
SIM-04258	DDR_SIGNALING	Pathogenic	0.0
SIM-04259	DDR_SIGNALING	Pathogenic	0.0
SIM-04260	DDR_SIGNALING	Pathogenic	0.0
SIM-04261	DDR_SIGNALING	Pathogenic	0.0
SIM-04262	DDR_SIGNALING	Pathogenic	0.0
SIM-04263	DDR_SIGNALING	Pathogenic	0.0
SIM-04264	DDR_SIGNALING	Pathogenic	0.0
SIM-04265	DDR_SIGNALING	Pathogenic	0.0
SIM-04266	DDR_SIGNALING	Pathogenic	0.0
SIM-04267	DDR_SIGNALING	Pathogenic	0.0
SIM-04268	DDR_SIGNALING	Pathogenic	0.0
SIM-04269	DDR_SIGNALING	Pathogenic	0.0
SIM-04270	DDR_SIGNALING	Pathogenic	0.0
SIM-04271	DDR_SIGNALING	Pathogenic	0.0
SIM-04272	DDR_SIGNALING	Pathogenic	0.0
SIM-04273	DDR_SIGNALING	Pathogenic	0.0
SIM-04274	DDR_SIGNALING	Pathogenic	0.0
SIM-04275	DDR_SIGNALING	Pathogenic	0.0
SIM-04276	DDR_SIGNALING	Pathogenic	0.0
SIM-04277	DDR_SIGNALING	Pathogenic	0.0
SIM-04278	DDR_SIGNALING	Pathogenic	0.0
SIM-04279	DDR_SIGNALING	Pathogenic	0.0
SIM-04280	DDR_SIGNALING	Pathogenic	0.0
SIM-04281	DDR_SIGNALING	Pathogenic	0.0
SIM-04282	DDR_SIGNALING	Pathogenic	0.640625
SIM-04283	DDR_SIGNALING	Pathogenic	0.0
SIM-04284	DDR_SIGNALING	Pathogenic	0.0
SIM-04285	DDR_SIGNALING	Pathogenic	0.0
SIM-04286	DDR_SIGNALING	Pathogenic	0.0
SIM-04287	DDR_SIGNALING	Pathogenic	0.0
SIM-04288	DDR_SIGNALING	Pathogenic	0.0
SIM-04289	DDR_SIGNALING	Pathogenic	0.0
SIM-04290	DDR_SIGNALING	Pathogenic	0.0
SIM-04291	DDR_SIGNALING	Pathogenic	0.72
SIM-04292	DDR_SIGNALING	Pathogenic	0.814815
SIM-04293	DDR_SIGNALING	Pathogenic	0.0
SIM-04294	DDR_SIGNALING	Pathogenic	0.0
SIM-04295	DDR_SIGNALING	Pathogenic	0.0
SIM-04296	DDR_SIGNALING	Pathogenic	0.0
SIM-04297	DDR_SIGNALING	Pathogenic	0.0
SIM-04298	DDR_SIGNALING	Pathogenic	0.0
SIM-04299	DDR_SIGNALING	Pathogenic	0.0
SIM-04300	DDR_SIGNALING	Pathogenic	0.0
SIM-04301	DDR_SIGNALING	Pathogenic	0.0
SIM-04302	DDR_SIGNALING	Pathogenic	0.0
SIM-04303	DDR_SIGNALING	Pathogenic	0.0
SIM-04304	DDR_SIGNALING	Pathogenic	0.0
SIM-04305	DDR_SIGNALING	Pathogenic	0.0
SIM-04306	DDR_SIGNALING	Pathogenic	0.0
SIM-04307	DDR_SIGNALING	Pathogenic	0.0
SIM-04308	DDR_SIGNALING	Pathogenic	0.0
SIM-04309	DDR_SIGNALING	Pathogenic	0.0
SIM-04310	DDR_SIGNALING	Pathogenic	0.0
SIM-04311	DDR_SIGNALING	Pathogenic	0.0
SIM-04312	DDR_SIGNALING	Pathogenic	0.0
SIM-04313	DDR_SIGNALING	Pathogenic	0.0
SIM-04314	DDR_SIGNALING	Pathogenic	0.0
SIM-04315	DDR_SIGNALING	Pathogenic	0.0
SIM-04316	DDR_SIGNALING	Pathogenic	0.0
SIM-04317	DDR_SIGNALING	Pathogenic	0.0
SIM-04318	DDR_SIGNALING	Pathogenic	0.0
SIM-04319	DDR_SIGNALING	Pathogenic	0.0
SIM-04320	DDR_SIGNALING	Pathogenic	0.0
SIM-04321	DDR_SIGNALING	Pathogenic	0.0
SIM-04322	DDR_SIGNALING	Pathogenic	0.0
SIM-04323	DDR_SIGNALING	Pathogenic	0.0
SIM-04324	DDR_SIGNALING	Pathogenic	0.0
SIM-04325	DDR_SIGNALING	Pathogenic	0.0
SIM-04326	DDR_SIGNALING	Pathogenic	0.0
SIM-04327	DDR_SIGNALING	Pathogenic	0.0
SIM-04328	DDR_SIGNALING	Pathogenic	0.0
SIM-04329	DDR_SIGNALING	Pathogenic	0.0
SIM-04330	DDR_SIGNALING	Pathogenic	0.0
SIM-04331	DDR_SIGNALING	Pathogenic	0.0
SIM-04332	DDR_SIGNALING	Pathogenic	0.0
SIM-04333	DDR_SIGNALING	Pathogenic	0.0
SIM-04334	DDR_SIGNALING	Pathogenic	0.0
SIM-04335	DDR_SIGNALING	Pathogenic	0.92
SIM-04336	DDR_SIGNALING	Pathogenic	0.0
SIM-04337	DDR_SIGNALING	Pathogenic	0.0
SIM-04338	DDR_SIGNALING	Pathogenic	0.0
SIM-04339	DDR_SIGNALING	Pathogenic	0.0
SIM-04340	DDR_SIGNALING	Pathogenic	0.0
SIM-04341	DDR_SIGNALING	Pathogenic	0.0
SIM-04342	DDR_SIGNALING	Pathogenic	0.0
SIM-04343	DDR_SIGNALING	Pathogenic	0.0
SIM-04344	DDR_SIGNALING	Pathogenic	0.0
SIM-04345	DDR_SIGNALING	Pathogenic	0.0
SIM-04346	DDR_SIGNALING	Pathogenic	0.0
SIM-04347	DDR_SIGNALING	Pathogenic	0.0
SIM-04348	DDR_SIGNALING	Pathogenic	0.0
SIM-04349	DDR_SIGNALING	Pathogenic	0.0
SIM-04350	DDR_SIGNALING	Pathogenic	0.0
SIM-04351	DDR_SIGNALING	Pathogenic	0.0
SIM-04352	DDR_SIGNALING	Pathogenic	0.0
SIM-04353	DDR_SIGNALING	Pathogenic	0.0
SIM-04354	DDR_SIGNALING	Pathogenic	0.0
SIM-04355	DDR_SIGNALING	Pathogenic	0.0
SIM-04356	DDR_SIGNALING	Pathogenic	0.0
SIM-04357	DDR_SIGNALING	Pathogenic	0.0
SIM-04358	DDR_SIGNALING	Pathogenic	0.0
SIM-04359	DDR_SIGNALING	Pathogenic	0.0
SIM-04360	DDR_SIGNALING	Pathogenic	0.0
SIM-04361	DDR_SIGNALING	Pathogenic	0.0
SIM-04362	DDR_SIGNALING	Pathogenic	0.0
SIM-04363	DDR_SIGNALING	Pathogenic	0.0
SIM-04364	DDR_SIGNALING	Pathogenic	0.0
SIM-04365	DDR_SIGNALING	Pathogenic	0.0
SIM-04366	DDR_SIGNALING	Pathogenic	0.0
SIM-04367	DDR_SIGNALING	Pathogenic	0.0
SIM-04368	DDR_SIGNALING	Pathogenic	0.0
SIM-04369	DDR_SIGNALING	Pathogenic	0.0
SIM-04370	DDR_SIGNALING	Pathogenic	0.0
SIM-04371	DDR_SIGNALING	Pathogenic	0.0
SIM-04372	DDR_SIGNALING	Pathogenic	0.0
SIM-04373	DDR_SIGNALING	Pathogenic	0.0
SIM-04374	DDR_SIGNALING	Pathogenic	0.0
SIM-04375	DDR_SIGNALING	Pathogenic	0.0
SIM-04376	DDR_SIGNALING	Pathogenic	0.0
SIM-04377	DDR_SIGNALING	Pathogenic	0.0
SIM-04378	DDR_SIGNALING	Pathogenic	0.0
SIM-04379	DDR_SIGNALING	Pathogenic	0.0
SIM-04380	DDR_SIGNALING	Pathogenic	0.0
SIM-04381	DDR_SIGNALING	Pathogenic	0.0
SIM-04382	DDR_SIGNALING	Pathogenic	0.0
SIM-04383	DDR_SIGNALING	Pathogenic	0.0
SIM-04384	DDR_SIGNALING	Pathogenic	0.0
SIM-04385	DDR_SIGNALING	Pathogenic	0.0
SIM-04386	DDR_SIGNALING	Pathogenic	0.0
SIM-04387	DDR_SIGNALING	Pathogenic	0.0
SIM-04388	DDR_SIGNALING	Pathogenic	0.0
SIM-04389	DDR_SIGNALING	Pathogenic	0.0
SIM-04390	DDR_SIGNALING	Pathogenic	0.0
SIM-04391	DDR_SIGNALING	Pathogenic	0.0
SIM-04392	DDR_SIGNALING	Pathogenic	0.0
SIM-04393	DDR_SIGNALING	Pathogenic	0.0
SIM-04394	DDR_SIGNALING	Pathogenic	0.0
SIM-04395	DDR_SIGNALING	Pathogenic	0.0
SIM-04396	DDR_SIGNALING	Pathogenic	0.0
SIM-04397	DDR_SIGNALING	Pathogenic	0.0
SIM-04398	DDR_SIGNALING	Pathogenic	0.0
SIM-04399	DDR_SIGNALING	Pathogenic	0.0
SIM-04400	DDR_SIGNALING	Pathogenic	0.0
SIM-04401	DDR_SIGNALING	Pathogenic	0.0
SIM-04402	DDR_SIGNALING	Pathogenic	0.0
SIM-04403	DDR_SIGNALING	Pathogenic	0.0
SIM-04404	DDR_SIGNALING	Pathogenic	0.0
SIM-04405	DDR_SIGNALING	Pathogenic	0.0
SIM-04406	DDR_SIGNALING	Pathogenic	0.0
SIM-04407	DDR_SIGNALING	Pathogenic	0.0
SIM-04408	DDR_SIGNALING	Pathogenic	0.0
SIM-04409	DDR_SIGNALING	Pathogenic	0.0
SIM-04410	DDR_SIGNALING	Pathogenic	0.0
SIM-04411	DDR_SIGNALING	Pathogenic	0.0
SIM-04412	DDR_SIGNALING	Pathogenic	0.0
SIM-04413	DDR_SIGNALING	Pathogenic	0.0
SIM-04414	DDR_SIGNALING	Pathogenic	0.0
SIM-04415	DDR_SIGNALING	Pathogenic	0.0
SIM-04416	DDR_SIGNALING	Pathogenic	0.0
SIM-04417	DDR_SIGNALING	Pathogenic	0.0
SIM-04418	DDR_SIGNALING	Pathogenic	0.0
SIM-04419	DDR_SIGNALING	Pathogenic	0.0
SIM-04420	DDR_SIGNALING	Pathogenic	0.383562
SIM-04421	DDR_SIGNALING	Pathogenic	0.0
SIM-04422	DDR_SIGNALING	Pathogenic	0.0
SIM-04423	DDR_SIGNALING	Pathogenic	0.0
SIM-04424	DDR_SIGNALING	Pathogenic	0.0
SIM-04425	DDR_SIGNALING	Pathogenic	0.0
SIM-04426	DDR_SIGNALING	Pathogenic	0.0
SIM-04427	DDR_SIGNALING	Pathogenic	0.0
SIM-04428	DDR_SIGNALING	Pathogenic	0.0
SIM-04429	DDR_SIGNALING	Pathogenic	0.0
SIM-04430	DDR_SIGNALING	Pathogenic	0.0
SIM-04431	DDR_SIGNALING	Pathogenic	0.0
SIM-04432	DDR_SIGNALING	Pathogenic	0.0
SIM-04433	DDR_SIGNALING	Pathogenic	0.0
SIM-04434	DDR_SIGNALING	Pathogenic	0.0
SIM-04435	DDR_SIGNALING	Pathogenic	0.0
SIM-04436	DDR_SIGNALING	Pathogenic	0.0
SIM-04437	DDR_SIGNALING	Pathogenic	0.0
SIM-04438	DDR_SIGNALING	Pathogenic	0.0
SIM-04439	DDR_SIGNALING	Pathogenic	0.0
SIM-04440	DDR_SIGNALING	Pathogenic	0.0
SIM-04441	DDR_SIGNALING	Pathogenic	0.0
SIM-04442	DDR_SIGNALING	Pathogenic	0.0
SIM-04443	DDR_SIGNALING	Pathogenic	0.0
SIM-04444	DDR_SIGNALING	Pathogenic	0.0
SIM-04445	DDR_SIGNALING	Pathogenic	0.0
SIM-04446	DDR_SIGNALING	Pathogenic	0.0
SIM-04447	DDR_SIGNALING	Pathogenic	0.0
SIM-04448	DDR_SIGNALING	Pathogenic	0.0
SIM-04449	DDR_SIGNALING	Pathogenic	0.0
SIM-04450	DDR_SIGNALING	Pathogenic	0.0
SIM-04451	DDR_SIGNALING	Pathogenic	0.0
SIM-04452	DDR_SIGNALING	Pathogenic	0.0
SIM-04453	DDR_SIGNALING	Pathogenic	0.0
SIM-04454	DDR_SIGNALING	Pathogenic	0.0
SIM-04455	DDR_SIGNALING	Pathogenic	0.0
SIM-04456	DDR_SIGNALING	Pathogenic	0.0
SIM-04457	DDR_SIGNALING	Pathogenic	0.0
SIM-04458	DDR_SIGNALING	Pathogenic	0.0
SIM-04459	DDR_SIGNALING	Pathogenic	0.0
SIM-04460	DDR_SIGNALING	Pathogenic	0.0
SIM-04461	DDR_SIGNALING	Pathogenic	0.0
SIM-04462	DDR_SIGNALING	Pathogenic	0.0
SIM-04463	DDR_SIGNALING	Pathogenic	0.0
SIM-04464	DDR_SIGNALING	Pathogenic	0.0
SIM-04465	DDR_SIGNALING	Pathogenic	0.0
SIM-04466	DDR_SIGNALING	Pathogenic	0.0
SIM-04467	DDR_SIGNALING	Pathogenic	0.0
SIM-04468	DDR_SIGNALING	Pathogenic	0.0
SIM-04469	DDR_SIGNALING	Pathogenic	0.0
SIM-04470	DDR_SIGNALING	Pathogenic	0.0
SIM-04471	DDR_SIGNALING	Pathogenic	0.0
SIM-04472	DDR_SIGNALING	Pathogenic	0.0
SIM-04473	DDR_SIGNALING	Pathogenic	0.0
SIM-04474	DDR_SIGNALING	Pathogenic	0.0
SIM-04475	DDR_SIGNALING	Pathogenic	0.0
SIM-04476	DDR_SIGNALING	Pathogenic	0.0
SIM-04477	DDR_SIGNALING	Pathogenic	0.0
SIM-04478	DDR_SIGNALING	Pathogenic	0.0
SIM-04479	DDR_SIGNALING	Pathogenic	0.0
SIM-04480	DDR_SIGNALING	Pathogenic	0.0
SIM-04481	DDR_SIGNALING	Pathogenic	0.0
SIM-04482	DDR_SIGNALING	Pathogenic	0.0
SIM-04483	DDR_SIGNALING	Pathogenic	0.0
SIM-04484	DDR_SIGNALING	Pathogenic	0.0
SIM-04485	DDR_SIGNALING	Pathogenic	0.0
SIM-04486	DDR_SIGNALING	Pathogenic	0.0
SIM-04487	DDR_SIGNALING	Pathogenic	0.0
SIM-04488	DDR_SIGNALING	Pathogenic	0.0
SIM-04489	DDR_SIGNALING	Pathogenic	0.0
SIM-04490	DDR_SIGNALING	Pathogenic	0.0
SIM-04491	DDR_SIGNALING	Pathogenic	0.0
SIM-04492	DDR_SIGNALING	Pathogenic	0.4875
SIM-04493	DDR_SIGNALING	Pathogenic	0.0
SIM-04494	DDR_SIGNALING	Pathogenic	0.0
SIM-04495	DDR_SIGNALING	Pathogenic	0.0
SIM-04496	DDR_SIGNALING	Pathogenic	0.0
SIM-04497	DDR_SIGNALING	Pathogenic	0.0
SIM-04498	DDR_SIGNALING	Pathogenic	0.0
SIM-04499	DDR_SIGNALING	Pathogenic	0.0
SIM-04500	DDR_SIGNALING	Pathogenic	0.0
SIM-04501	DDR_SIGNALING	Pathogenic	0.0
SIM-04502	DDR_SIGNALING	Pathogenic	0.0
SIM-04503	DDR_SIGNALING	Pathogenic	0.0
SIM-04504	DDR_SIGNALING	Pathogenic	0.0
SIM-04505	DDR_SIGNALING	Pathogenic	0.0
SIM-04506	DDR_SIGNALING	Pathogenic	0.0
SIM-04507	DDR_SIGNALING	Pathogenic	0.0
SIM-04508	DDR_SIGNALING	Pathogenic	0.0
SIM-04509	DDR_SIGNALING	Pathogenic	0.0
SIM-04510	DDR_SIGNALING	Pathogenic	0.0
SIM-04511	DDR_SIGNALING	Pathogenic	0.0
SIM-04512	DDR_SIGNALING	Pathogenic	0.0
SIM-04513	DDR_SIGNALING	Pathogenic	0.0
SIM-04514	DDR_SIGNALING	Pathogenic	0.0
SIM-04515	DDR_SIGNALING	Pathogenic	0.0
SIM-04516	DDR_SIGNALING	Pathogenic	0.0
SIM-04517	DDR_SIGNALING	Pathogenic	0.0
SIM-04518	DDR_SIGNALING	Pathogenic	0.491803
SIM-04519	DDR_SIGNALING	Pathogenic	0.0
SIM-04520	DDR_SIGNALING	Pathogenic	0.0
SIM-04521	DDR_SIGNALING	Pathogenic	0.0
SIM-04522	DDR_SIGNALING	Pathogenic	0.468085
SIM-04523	DDR_SIGNALING	Pathogenic	0.0
SIM-04524	DDR_SIGNALING	Pathogenic	0.0
SIM-04525	DDR_SIGNALING	Pathogenic	0.0
SIM-04526	DDR_SIGNALING	Pathogenic	0.0
SIM-04527	DDR_SIGNALING	Pathogenic	0.0
SIM-04528	DDR_SIGNALING	Pathogenic	0.0
SIM-04529	DDR_SIGNALING	Pathogenic	0.0
SIM-04530	DDR_SIGNALING	Pathogenic	0.0
SIM-04531	DDR_SIGNALING	Pathogenic	0.0
SIM-04532	DDR_SIGNALING	Pathogenic	0.0
SIM-04533	DDR_SIGNALING	Pathogenic	0.0
SIM-04534	DDR_SIGNALING	Pathogenic	0.0
SIM-04535	DDR_SIGNALING	Pathogenic	0.0
SIM-04536	DDR_SIGNALING	Pathogenic	0.0
SIM-04537	DDR_SIGNALING	Pathogenic	0.0
SIM-04538	DDR_SIGNALING	Pathogenic	0.0
SIM-04539	DDR_SIGNALING	Pathogenic	0.0
SIM-04540	DDR_SIGNALING	Pathogenic	0.0
SIM-04541	DDR_SIGNALING	Pathogenic	0.0
SIM-04542	DDR_SIGNALING	Pathogenic	0.0
SIM-04543	DDR_SIGNALING	Pathogenic	0.0
SIM-04544	DDR_SIGNALING	Pathogenic	0.0
SIM-04545	DDR_SIGNALING	Pathogenic	0.0
SIM-04546	DDR_SIGNALING	Pathogenic	0.0
SIM-04547	DDR_SIGNALING	Pathogenic	0.0
SIM-04548	DDR_SIGNALING	Pathogenic	0.0
SIM-04549	DDR_SIGNALING	Pathogenic	0.0
SIM-04550	DDR_SIGNALING	Pathogenic	0.0
SIM-04551	DDR_SIGNALING	Pathogenic	0.0
SIM-04552	DDR_SIGNALING	Pathogenic	0.0
SIM-04553	DDR_SIGNALING	Pathogenic	0.0
SIM-04554	DDR_SIGNALING	Pathogenic	0.0
SIM-04555	DDR_SIGNALING	Pathogenic	0.0
SIM-04556	DDR_SIGNALING	Pathogenic	0.0
SIM-04557	DDR_SIGNALING	Pathogenic	0.0
SIM-04558	DDR_SIGNALING	Pathogenic	0.0
SIM-04559	DDR_SIGNALING	Pathogenic	0.0
SIM-04560	DDR_SIGNALING	Pathogenic	0.0
SIM-04561	DDR_SIGNALING	Pathogenic	0.0
SIM-04562	DDR_SIGNALING	Pathogenic	0.0
SIM-04563	DDR_SIGNALING	Pathogenic	0.0
SIM-04564	DDR_SIGNALING	Pathogenic	0.0
SIM-04565	DDR_SIGNALING	Pathogenic	0.0
SIM-04566	DDR_SIGNALING	Pathogenic	0.0
SIM-04567	DDR_SIGNALING	Pathogenic	0.0
SIM-04568	DDR_SIGNALING	Pathogenic	0.0
SIM-04569	DDR_SIGNALING	Pathogenic	0.0
SIM-04570	DDR_SIGNALING	Pathogenic	0.0
SIM-04571	DDR_SIGNALING	Pathogenic	0.0
SIM-04572	DDR_SIGNALING	Pathogenic	0.0
SIM-04573	DDR_SIGNALING	Pathogenic	0.619048
SIM-04574	DDR_SIGNALING	Pathogenic	0.0
SIM-04575	DDR_SIGNALING	Pathogenic	0.0
SIM-04576	DDR_SIGNALING	Pathogenic	0.0
SIM-04577	DDR_SIGNALING	Pathogenic	0.0
SIM-04578	DDR_SIGNALING	Pathogenic	0.0
SIM-04579	DDR_SIGNALING	Pathogenic	0.0
SIM-04580	DDR_SIGNALING	Pathogenic	0.0
SIM-04581	DDR_SIGNALING	Pathogenic	0.0
SIM-04582	DDR_SIGNALING	Pathogenic	0.0
SIM-04583	DDR_SIGNALING	Pathogenic	0.0
SIM-04584	DDR_SIGNALING	Pathogenic	0.0
SIM-04585	DDR_SIGNALING	Pathogenic	0.0
SIM-04586	DDR_SIGNALING	Pathogenic	0.0
SIM-04587	DDR_SIGNALING	Pathogenic	0.0
SIM-04588	DDR_SIGNALING	Pathogenic	0.0
SIM-04589	DDR_SIGNALING	Pathogenic	0.0
SIM-04590	DDR_SIGNALING	Pathogenic	0.0
SIM-04591	DDR_SIGNALING	Pathogenic	0.936508
SIM-04592	DDR_SIGNALING	Pathogenic	0.0
SIM-04593	DDR_SIGNALING	Pathogenic	0.0
SIM-04594	DDR_SIGNALING	Pathogenic	0.0
SIM-04595	DDR_SIGNALING	Pathogenic	0.0
SIM-04596	DDR_SIGNALING	Pathogenic	0.0
SIM-04597	DDR_SIGNALING	Pathogenic	0.0
SIM-04598	DDR_SIGNALING	Pathogenic	0.0
SIM-04599	DDR_SIGNALING	Pathogenic	0.0
SIM-04600	DDR_SIGNALING	Pathogenic	0.0
SIM-04601	DDR_SIGNALING	Pathogenic	0.0
SIM-04602	DDR_SIGNALING	Pathogenic	0.0
SIM-04603	DDR_SIGNALING	Pathogenic	0.0
SIM-04604	DDR_SIGNALING	Pathogenic	0.0
SIM-04605	DDR_SIGNALING	Pathogenic	0.0
SIM-04606	DDR_SIGNALING	Pathogenic	0.0
SIM-04607	DDR_SIGNALING	Pathogenic	0.0
SIM-04608	DDR_SIGNALING	Pathogenic	0.0
SIM-04609	DDR_SIGNALING	Pathogenic	0.0
SIM-04610	DDR_SIGNALING	Pathogenic	0.0
SIM-04611	DDR_SIGNALING	Pathogenic	0.0
SIM-04612	DDR_SIGNALING	Pathogenic	0.0
SIM-04613	DDR_SIGNALING	Pathogenic	0.0
SIM-04614	DDR_SIGNALING	Pathogenic	0.0
SIM-04615	DDR_SIGNALING	Pathogenic	0.0
SIM-04616	DDR_SIGNALING	Pathogenic	0.0
SIM-04617	DDR_SIGNALING	Pathogenic	0.0
SIM-04618	DDR_SIGNALING	Pathogenic	0.0
SIM-04619	DDR_SIGNALING	Pathogenic	0.0
SIM-04620	DDR_SIGNALING	Pathogenic	0.0
SIM-04621	DDR_SIGNALING	Pathogenic	0.0
SIM-04622	DDR_SIGNALING	Pathogenic	0.0
SIM-04623	DDR_SIGNALING	Pathogenic	0.0
SIM-04624	DDR_SIGNALING	Pathogenic	0.0
SIM-04625	DDR_SIGNALING	Pathogenic	0.0
SIM-04626	DDR_SIGNALING	Pathogenic	0.0
SIM-04627	DDR_SIGNALING	Pathogenic	0.0
SIM-04628	DDR_SIGNALING	Pathogenic	0.0
SIM-04629	DDR_SIGNALING	Pathogenic	0.0
SIM-04630	DDR_SIGNALING	Pathogenic	0.0
SIM-04631	DDR_SIGNALING	Pathogenic	0.0
SIM-04632	DDR_SIGNALING	Pathogenic	0.0
SIM-04633	DDR_SIGNALING	Pathogenic	0.0
SIM-04634	DDR_SIGNALING	Pathogenic	0.0
SIM-04635	DDR_SIGNALING	Pathogenic	0.0
SIM-04636	DDR_SIGNALING	Pathogenic	0.0
SIM-04637	DDR_SIGNALING	Pathogenic	0.0
SIM-04638	DDR_SIGNALING	Pathogenic	0.536232
SIM-04639	DDR_SIGNALING	Pathogenic	0.0
SIM-04640	DDR_SIGNALING	Pathogenic	0.0
SIM-04641	DDR_SIGNALING	Pathogenic	0.0
SIM-04642	DDR_SIGNALING	Pathogenic	0.0
SIM-04643	DDR_SIGNALING	Pathogenic	0.0
SIM-04644	DDR_SIGNALING	Pathogenic	0.0
SIM-04645	DDR_SIGNALING	Pathogenic	0.0
SIM-04646	DDR_SIGNALING	Pathogenic	0.0
SIM-04647	DDR_SIGNALING	Pathogenic	0.0
SIM-04648	DDR_SIGNALING	Pathogenic	0.0
SIM-04649	DDR_SIGNALING	Pathogenic	0.0
SIM-04650	DDR_SIGNALING	Pathogenic	0.0
SIM-04651	DDR_SIGNALING	Pathogenic	0.0
SIM-04652	DDR_SIGNALING	Pathogenic	0.0
SIM-04653	DDR_SIGNALING	Pathogenic	0.0
SIM-04654	DDR_SIGNALING	Pathogenic	0.0
SIM-04655	DDR_SIGNALING	Pathogenic	0.0
SIM-04656	DDR_SIGNALING	Pathogenic	0.0
SIM-04657	DDR_SIGNALING	Pathogenic	0.0
SIM-04658	DDR_SIGNALING	Pathogenic	0.0
SIM-04659	DDR_SIGNALING	Pathogenic	0.0
SIM-04660	DDR_SIGNALING	Pathogenic	0.0
SIM-04661	DDR_SIGNALING	Pathogenic	0.492063
SIM-04662	DDR_SIGNALING	Pathogenic	0.0
SIM-04663	DDR_SIGNALING	Pathogenic	0.0
SIM-04664	DDR_SIGNALING	Pathogenic	0.0
SIM-04665	DDR_SIGNALING	Pathogenic	0.0
SIM-04666	DDR_SIGNALING	Pathogenic	0.0
SIM-04667	DDR_SIGNALING	Pathogenic	0.0
SIM-04668	DDR_SIGNALING	Pathogenic	0.0
SIM-04669	DDR_SIGNALING	Pathogenic	0.0
SIM-04670	DDR_SIGNALING	Pathogenic	0.0
SIM-04671	DDR_SIGNALING	Pathogenic	0.0
SIM-04672	DDR_SIGNALING	Pathogenic	0.0
SIM-04673	DDR_SIGNALING	Pathogenic	0.0
SIM-04674	DDR_SIGNALING	Pathogenic	0.0
SIM-04675	DDR_SIGNALING	Pathogenic	0.0
SIM-04676	DDR_SIGNALING	Pathogenic	0.0
SIM-04677	DDR_SIGNALING	Pathogenic	0.0
SIM-04678	DDR_SIGNALING	Pathogenic	0.0
SIM-04679	DDR_SIGNALING	Pathogenic	0.0
SIM-04680	DDR_SIGNALING	Pathogenic	0.0
SIM-04681	DDR_SIGNALING	Pathogenic	0.0
SIM-04682	DDR_SIGNALING	Pathogenic	0.0
SIM-04683	DDR_SIGNALING	Pathogenic	0.0
SIM-04684	DDR_SIGNALING	Pathogenic	0.0
SIM-04685	DDR_SIGNALING	Pathogenic	0.0
SIM-04686	DDR_SIGNALING	Pathogenic	0.0
SIM-04687	DDR_SIGNALING	Pathogenic	0.0
SIM-04688	DDR_SIGNALING	Pathogenic	0.0
SIM-04689	DDR_SIGNALING	Pathogenic	0.0
SIM-04690	DDR_SIGNALING	Pathogenic	0.0
SIM-04691	DDR_SIGNALING	Pathogenic	0.0
SIM-04692	DDR_SIGNALING	Pathogenic	0.0
SIM-04693	DDR_SIGNALING	Pathogenic	0.0
SIM-04694	DDR_SIGNALING	Pathogenic	0.0
SIM-04695	DDR_SIGNALING	Pathogenic	0.0
SIM-04696	DDR_SIGNALING	Pathogenic	0.0
SIM-04697	DDR_SIGNALING	Pathogenic	0.0
SIM-04698	DDR_SIGNALING	Pathogenic	0.0
SIM-04699	DDR_SIGNALING	Pathogenic	0.0
SIM-04700	DDR_SIGNALING	Pathogenic	0.0
SIM-04701	DDR_SIGNALING	Pathogenic	0.0
SIM-04702	DDR_SIGNALING	Pathogenic	0.0
SIM-04703	DDR_SIGNALING	Pathogenic	0.0
SIM-04704	DDR_SIGNALING	Pathogenic	0.0
SIM-04705	DDR_SIGNALING	Pathogenic	0.0
SIM-04706	DDR_SIGNALING	Pathogenic	0.0
SIM-04707	DDR_SIGNALING	Pathogenic	0.0
SIM-04708	DDR_SIGNALING	Pathogenic	0.0
SIM-04709	DDR_SIGNALING	Pathogenic	0.0
SIM-04710	DDR_SIGNALING	Pathogenic	0.0
SIM-04711	DDR_SIGNALING	Pathogenic	0.0
SIM-04712	DDR_SIGNALING	Pathogenic	0.0
SIM-04713	DDR_SIGNALING	Pathogenic	0.0
SIM-04714	DDR_SIGNALING	Pathogenic	0.0
SIM-04715	DDR_SIGNALING	Pathogenic	0.0
SIM-04716	DDR_SIGNALING	Pathogenic	0.0
SIM-04717	DDR_SIGNALING	Pathogenic	0.0
SIM-04718	DDR_SIGNALING	Pathogenic	0.0
SIM-04719	DDR_SIGNALING	Pathogenic	0.0
SIM-04720	DDR_SIGNALING	Pathogenic	0.0
SIM-04721	DDR_SIGNALING	Pathogenic	0.0
SIM-04722	DDR_SIGNALING	Pathogenic	0.0
SIM-04723	DDR_SIGNALING	Pathogenic	0.0
SIM-04724	DDR_SIGNALING	Pathogenic	0.0
SIM-04725	DDR_SIGNALING	Pathogenic	0.0
SIM-04726	DDR_SIGNALING	Pathogenic	0.0
SIM-04727	DDR_SIGNALING	Pathogenic	0.0
SIM-04728	DDR_SIGNALING	Pathogenic	0.0
SIM-04729	DDR_SIGNALING	Pathogenic	0.0
SIM-04730	DDR_SIGNALING	Pathogenic	0.0
SIM-04731	DDR_SIGNALING	Pathogenic	0.0
SIM-04732	DDR_SIGNALING	Pathogenic	0.0
SIM-04733	DDR_SIGNALING	Pathogenic	0.0
SIM-04734	DDR_SIGNALING	Pathogenic	0.0
SIM-04735	DDR_SIGNALING	Pathogenic	0.0
SIM-04736	DDR_SIGNALING	Pathogenic	0.0
SIM-04737	DDR_SIGNALING	Pathogenic	0.0
SIM-04738	DDR_SIGNALING	Pathogenic	0.0
SIM-04739	DDR_SIGNALING	Pathogenic	0.0
SIM-04740	DDR_SIGNALING	Pathogenic	0.0
SIM-04741	DDR_SIGNALING	Pathogenic	0.0
SIM-04742	DDR_SIGNALING	Pathogenic	0.0
SIM-04743	DDR_SIGNALING	Pathogenic	0.775862
SIM-04744	DDR_SIGNALING	Pathogenic	0.0
SIM-04745	DDR_SIGNALING	Pathogenic	0.0
SIM-04746	DDR_SIGNALING	Pathogenic	0.0
SIM-04747	DDR_SIGNALING	Pathogenic	0.0
SIM-04748	DDR_SIGNALING	Pathogenic	0.0
SIM-04749	DDR_SIGNALING	Pathogenic	0.0
SIM-04750	DDR_SIGNALING	Pathogenic	0.0
SIM-04751	DDR_SIGNALING	Pathogenic	0.0
SIM-04752	DDR_SIGNALING	Pathogenic	0.0
SIM-04753	DDR_SIGNALING	Pathogenic	0.0
SIM-04754	DDR_SIGNALING	Pathogenic	0.0
SIM-04755	DDR_SIGNALING	Pathogenic	0.0
SIM-04756	DDR_SIGNALING	Pathogenic	0.0
SIM-04757	DDR_SIGNALING	Pathogenic	0.0
SIM-04758	DDR_SIGNALING	Pathogenic	0.0
SIM-04759	DDR_SIGNALING	Pathogenic	0.0
SIM-04760	DDR_SIGNALING	Pathogenic	0.0
SIM-04761	DDR_SIGNALING	Pathogenic	0.0
SIM-04762	DDR_SIGNALING	Pathogenic	0.0
SIM-04763	DDR_SIGNALING	Pathogenic	0.0
SIM-04764	DDR_SIGNALING	Pathogenic	0.0
SIM-04765	DDR_SIGNALING	Pathogenic	0.0
SIM-04766	DDR_SIGNALING	Pathogenic	0.0
SIM-04767	DDR_SIGNALING	Pathogenic	0.0
SIM-04768	DDR_SIGNALING	Pathogenic	0.0
SIM-04769	DDR_SIGNALING	Pathogenic	0.0
SIM-04770	DDR_SIGNALING	Pathogenic	0.0
SIM-04771	DDR_SIGNALING	Pathogenic	0.0
SIM-04772	DDR_SIGNALING	Pathogenic	0.0
SIM-04773	DDR_SIGNALING	Pathogenic	0.0
SIM-04774	DDR_SIGNALING	Pathogenic	0.0
SIM-04775	DDR_SIGNALING	Pathogenic	0.0
SIM-04776	DDR_SIGNALING	Pathogenic	0.0
SIM-04777	DDR_SIGNALING	Pathogenic	0.0
SIM-04778	DDR_SIGNALING	Pathogenic	0.0
SIM-04779	DDR_SIGNALING	Pathogenic	0.0
SIM-04780	DDR_SIGNALING	Pathogenic	0.0
SIM-04781	DDR_SIGNALING	Pathogenic	0.0
SIM-04782	DDR_SIGNALING	Pathogenic	0.0
SIM-04783	DDR_SIGNALING	Pathogenic	0.0
SIM-04784	DDR_SIGNALING	Pathogenic	0.0
SIM-04785	DDR_SIGNALING	Pathogenic	0.0
SIM-04786	DDR_SIGNALING	Pathogenic	0.776471
SIM-04787	DDR_SIGNALING	Pathogenic	0.0
SIM-04788	DDR_SIGNALING	Pathogenic	0.0
SIM-04789	DDR_SIGNALING	Pathogenic	0.0
SIM-04790	DDR_SIGNALING	Pathogenic	0.0
SIM-04791	DDR_SIGNALING	Pathogenic	0.0
SIM-04792	DDR_SIGNALING	Pathogenic	0.0
SIM-04793	DDR_SIGNALING	Pathogenic	0.0
SIM-04794	DDR_SIGNALING	Pathogenic	0.0
SIM-04795	DDR_SIGNALING	Pathogenic	0.0
SIM-04796	DDR_SIGNALING	Pathogenic	0.0
SIM-04797	DDR_SIGNALING	Pathogenic	0.0
SIM-04798	DDR_SIGNALING	Pathogenic	0.0
SIM-04799	DDR_SIGNALING	Pathogenic	0.793651
SIM-04800	DDR_SIGNALING	Pathogenic	0.0
SIM-04801	DDR_SIGNALING	Pathogenic	0.0
SIM-04802	DDR_SIGNALING	Pathogenic	0.0
SIM-04803	DDR_SIGNALING	Pathogenic	0.0
SIM-04804	DDR_SIGNALING	Pathogenic	0.0
SIM-04805	DDR_SIGNALING	Pathogenic	0.0
SIM-04806	DDR_SIGNALING	Pathogenic	0.0
SIM-04807	DDR_SIGNALING	Pathogenic	0.0
SIM-04808	DDR_SIGNALING	Pathogenic	0.0
SIM-04809	DDR_SIGNALING	Pathogenic	0.0
SIM-04810	DDR_SIGNALING	Pathogenic	0.0
SIM-04811	DDR_SIGNALING	Pathogenic	0.0
SIM-04812	DDR_SIGNALING	Pathogenic	0.0
SIM-04813	DDR_SIGNALING	Pathogenic	0.0
SIM-04814	DDR_SIGNALING	Pathogenic	0.0
SIM-04815	DDR_SIGNALING	Pathogenic	0.0
SIM-04816	DDR_SIGNALING	Pathogenic	0.0
SIM-04817	DDR_SIGNALING	Pathogenic	0.0
SIM-04818	DDR_SIGNALING	Pathogenic	0.0
SIM-04819	DDR_SIGNALING	Pathogenic	0.0
SIM-04820	DDR_SIGNALING	Pathogenic	0.0
SIM-04821	DDR_SIGNALING	Pathogenic	0.0
SIM-04822	DDR_SIGNALING	Pathogenic	0.0
SIM-04823	DDR_SIGNALING	Pathogenic	0.0
SIM-04824	DDR_SIGNALING	Pathogenic	0.0
SIM-04825	DDR_SIGNALING	Pathogenic	0.0
SIM-04826	DDR_SIGNALING	Pathogenic	0.0
SIM-04827	DDR_SIGNALING	Pathogenic	0.0
SIM-04828	DDR_SIGNALING	Pathogenic	0.0
SIM-04829	DDR_SIGNALING	Pathogenic	0.0
SIM-04830	DDR_SIGNALING	Pathogenic	0.0
SIM-04831	DDR_SIGNALING	Pathogenic	0.0
SIM-04832	DDR_SIGNALING	Pathogenic	0.0
SIM-04833	DDR_SIGNALING	Pathogenic	0.0
SIM-04834	DDR_SIGNALING	Pathogenic	0.0
SIM-04835	DDR_SIGNALING	Pathogenic	0.0
SIM-04836	DDR_SIGNALING	Pathogenic	0.0
SIM-04837	DDR_SIGNALING	Pathogenic	0.0
SIM-04838	DDR_SIGNALING	Pathogenic	0.0
SIM-04839	DDR_SIGNALING	Pathogenic	0.0
SIM-04840	DDR_SIGNALING	Pathogenic	0.0
SIM-04841	DDR_SIGNALING	Pathogenic	0.0
SIM-04842	DDR_SIGNALING	Pathogenic	0.0
SIM-04843	DDR_SIGNALING	Pathogenic	0.0
SIM-04844	DDR_SIGNALING	Pathogenic	0.0
SIM-04845	DDR_SIGNALING	Pathogenic	0.0
SIM-04846	DDR_SIGNALING	Pathogenic	0.0
SIM-04847	DDR_SIGNALING	Pathogenic	0.0
SIM-04848	DDR_SIGNALING	Pathogenic	0.0
SIM-04849	DDR_SIGNALING	Pathogenic	0.0
SIM-04850	DDR_SIGNALING	Pathogenic	0.0
SIM-04851	DDR_SIGNALING	Pathogenic	0.0
SIM-04852	DDR_SIGNALING	Pathogenic	0.0
SIM-04853	DDR_SIGNALING	Pathogenic	0.0
SIM-04854	DDR_SIGNALING	Pathogenic	0.0
SIM-04855	DDR_SIGNALING	Pathogenic	0.0
SIM-04856	DDR_SIGNALING	Pathogenic	0.0
SIM-04857	DDR_SIGNALING	Pathogenic	0.0
SIM-04858	DDR_SIGNALING	Pathogenic	0.0
SIM-04859	DDR_SIGNALING	Pathogenic	0.0
SIM-04860	DDR_SIGNALING	Pathogenic	0.0
SIM-04861	DDR_SIGNALING	Pathogenic	0.0
SIM-04862	DDR_SIGNALING	Pathogenic	0.0
SIM-04863	DDR_SIGNALING	Pathogenic	0.0
SIM-04864	DDR_SIGNALING	Pathogenic	0.0
SIM-04865	DDR_SIGNALING	Pathogenic	0.0
SIM-04866	DDR_SIGNALING	Pathogenic	0.0
SIM-04867	DDR_SIGNALING	Pathogenic	0.0
SIM-04868	DDR_SIGNALING	Pathogenic	0.0
SIM-04869	DDR_SIGNALING	Pathogenic	0.0
SIM-04870	DDR_SIGNALING	Pathogenic	0.0
SIM-04871	DDR_SIGNALING	Pathogenic	0.788732
SIM-04872	DDR_SIGNALING	Pathogenic	0.0
SIM-04873	DDR_SIGNALING	Pathogenic	0.0
SIM-04874	DDR_SIGNALING	Pathogenic	0.837209
SIM-04875	DDR_SIGNALING	Pathogenic	0.0
SIM-04876	DDR_SIGNALING	Pathogenic	0.0
SIM-04877	DDR_SIGNALING	Pathogenic	0.0
SIM-04878	DDR_SIGNALING	Pathogenic	0.0
SIM-04879	DDR_SIGNALING	Pathogenic	0.0
SIM-04880	DDR_SIGNALING	Pathogenic	0.0
SIM-04881	DDR_SIGNALING	Pathogenic	0.0
SIM-04882	DDR_SIGNALING	Pathogenic	0.0
SIM-04883	DDR_SIGNALING	Pathogenic	0.0
SIM-04884	DDR_SIGNALING	Pathogenic	0.0
SIM-04885	DDR_SIGNALING	Pathogenic	0.0
SIM-04886	DDR_SIGNALING	Pathogenic	0.0
SIM-04887	DDR_SIGNALING	Pathogenic	0.0
SIM-04888	DDR_SIGNALING	Pathogenic	0.0
SIM-04889	DDR_SIGNALING	Pathogenic	0.0
SIM-04890	DDR_SIGNALING	Pathogenic	0.0
SIM-04891	DDR_SIGNALING	Pathogenic	0.0
SIM-04892	DDR_SIGNALING	Pathogenic	0.0
SIM-04893	DDR_SIGNALING	Pathogenic	0.0
SIM-04894	DDR_SIGNALING	Pathogenic	0.0
SIM-04895	DDR_SIGNALING	Pathogenic	0.0
SIM-04896	DDR_SIGNALING	Pathogenic	0.0
SIM-04897	DDR_SIGNALING	Pathogenic	0.0
SIM-04898	DDR_SIGNALING	Pathogenic	0.0
SIM-04899	DDR_SIGNALING	Pathogenic	0.0
SIM-04900	DDR_SIGNALING	Pathogenic	0.0
SIM-04901	DDR_SIGNALING	Pathogenic	0.0
SIM-04902	DDR_SIGNALING	Pathogenic	0.0
SIM-04903	DDR_SIGNALING	Pathogenic	0.0
SIM-04904	DDR_SIGNALING	Pathogenic	0.0
SIM-04905	DDR_SIGNALING	Pathogenic	0.0
SIM-04906	DDR_SIGNALING	Pathogenic	0.0
SIM-04907	DDR_SIGNALING	Pathogenic	0.0
SIM-04908	DDR_SIGNALING	Pathogenic	0.0
SIM-04909	DDR_SIGNALING	Pathogenic	0.0
SIM-04910	DDR_SIGNALING	Pathogenic	0.0
SIM-04911	DDR_SIGNALING	Pathogenic	0.0
SIM-04912	DDR_SIGNALING	Pathogenic	0.0
SIM-04913	DDR_SIGNALING	Pathogenic	0.0
SIM-04914	DDR_SIGNALING	Pathogenic	0.0
SIM-04915	DDR_SIGNALING	Pathogenic	0.0
SIM-04916	DDR_SIGNALING	Pathogenic	0.0
SIM-04917	DDR_SIGNALING	Pathogenic	0.0
SIM-04918	DDR_SIGNALING	Pathogenic	0.0
SIM-04919	DDR_SIGNALING	Pathogenic	0.0
SIM-04920	DDR_SIGNALING	Pathogenic	0.0
SIM-04921	DDR_SIGNALING	Pathogenic	0.0
SIM-04922	DDR_SIGNALING	Pathogenic	0.0
SIM-04923	DDR_SIGNALING	Pathogenic	0.0
SIM-04924	DDR_SIGNALING	Pathogenic	0.0
SIM-04925	DDR_SIGNALING	Pathogenic	0.0
SIM-04926	DDR_SIGNALING	Pathogenic	0.0
SIM-04927	DDR_SIGNALING	Pathogenic	0.0
SIM-04928	DDR_SIGNALING	Pathogenic	0.0
SIM-04929	DDR_SIGNALING	Pathogenic	0.0
SIM-04930	DDR_SIGNALING	Pathogenic	0.0
SIM-04931	DDR_SIGNALING	Pathogenic	0.0
SIM-04932	DDR_SIGNALING	Pathogenic	0.0
SIM-04933	DDR_SIGNALING	Pathogenic	0.0
SIM-04934	DDR_SIGNALING	Pathogenic	0.0
SIM-04935	DDR_SIGNALING	Pathogenic	0.0
SIM-04936	DDR_SIGNALING	Pathogenic	0.0
SIM-04937	DDR_SIGNALING	Pathogenic	0.0
SIM-04938	DDR_SIGNALING	Pathogenic	0.0
SIM-04939	DDR_SIGNALING	Pathogenic	0.0
SIM-04940	DDR_SIGNALING	Pathogenic	0.0
SIM-04941	DDR_SIGNALING	Pathogenic	0.0
SIM-04942	DDR_SIGNALING	Pathogenic	0.0
SIM-04943	DDR_SIGNALING	Pathogenic	0.764706
SIM-04944	DDR_SIGNALING	Pathogenic	0.0
SIM-04945	DDR_SIGNALING	Pathogenic	0.0
SIM-04946	DDR_SIGNALING	Pathogenic	0.0
SIM-04947	DDR_SIGNALING	Pathogenic	0.0
SIM-04948	DDR_SIGNALING	Pathogenic	0.0
SIM-04949	DDR_SIGNALING	Pathogenic	0.0
SIM-04950	DDR_SIGNALING	Pathogenic	0.0
SIM-04951	DDR_SIGNALING	Pathogenic	0.0
SIM-04952	DDR_SIGNALING	Pathogenic	0.0
SIM-04953	DDR_SIGNALING	Pathogenic	0.0
SIM-04954	DDR_SIGNALING	Pathogenic	0.0
SIM-04955	DDR_SIGNALING	Pathogenic	0.0
SIM-04956	DDR_SIGNALING	Pathogenic	0.0
SIM-04957	DDR_SIGNALING	Pathogenic	0.0
SIM-04958	DDR_SIGNALING	Pathogenic	0.0
SIM-04959	DDR_SIGNALING	Pathogenic	0.0
SIM-04960	DDR_SIGNALING	Pathogenic	0.0
SIM-04961	DDR_SIGNALING	Pathogenic	0.0
SIM-04962	DDR_SIGNALING	Pathogenic	0.0
SIM-04963	DDR_SIGNALING	Pathogenic	0.0
SIM-04964	DDR_SIGNALING	Pathogenic	0.0
SIM-04965	DDR_SIGNALING	Pathogenic	0.0
SIM-04966	DDR_SIGNALING	Pathogenic	0.0
SIM-04967	DDR_SIGNALING	Pathogenic	0.0
SIM-04968	DDR_SIGNALING	Pathogenic	0.0
SIM-04969	DDR_SIGNALING	Pathogenic	0.0
SIM-04970	DDR_SIGNALING	Pathogenic	0.0
SIM-04971	DDR_SIGNALING	Pathogenic	0.0
SIM-04972	DDR_SIGNALING	Pathogenic	0.0
SIM-04973	DDR_SIGNALING	Pathogenic	0.0
SIM-04974	DDR_SIGNALING	Pathogenic	0.0
SIM-04975	DDR_SIGNALING	Pathogenic	0.588235
SIM-04976	DDR_SIGNALING	Pathogenic	0.0
SIM-04977	DDR_SIGNALING	Pathogenic	0.0
SIM-04978	DDR_SIGNALING	Pathogenic	0.0
SIM-04979	DDR_SIGNALING	Pathogenic	0.0
SIM-04980	DDR_SIGNALING	Pathogenic	0.0
SIM-04981	DDR_SIGNALING	Pathogenic	0.0
SIM-04982	DDR_SIGNALING	Pathogenic	0.0
SIM-04983	DDR_SIGNALING	Pathogenic	0.0
SIM-04984	DDR_SIGNALING	Pathogenic	0.0
SIM-04985	DDR_SIGNALING	Pathogenic	0.0
SIM-04986	DDR_SIGNALING	Pathogenic	0.0
SIM-04987	DDR_SIGNALING	Pathogenic	0.0
SIM-04988	DDR_SIGNALING	Pathogenic	0.0
SIM-04989	DDR_SIGNALING	Pathogenic	0.0
SIM-04990	DDR_SIGNALING	Pathogenic	0.0
SIM-04991	DDR_SIGNALING	Pathogenic	0.0
SIM-04992	DDR_SIGNALING	Pathogenic	0.0
SIM-04993	DDR_SIGNALING	Pathogenic	0.0
SIM-04994	DDR_SIGNALING	Pathogenic	0.0
SIM-04995	DDR_SIGNALING	Pathogenic	0.0
SIM-04996	DDR_SIGNALING	Pathogenic	0.0
SIM-04997	DDR_SIGNALING	Pathogenic	0.0
SIM-04998	DDR_SIGNALING	Pathogenic	0.0
SIM-04999	DDR_SIGNALING	Pathogenic	0.0
SIM-05000	DDR_SIGNALING	Pathogenic	0.0
SIM-05001	DDR_SIGNALING	Pathogenic	0.0
SIM-05002	DDR_SIGNALING	Pathogenic	0.0
SIM-05003	DDR_SIGNALING	Pathogenic	0.791667
SIM-05004	DDR_SIGNALING	Pathogenic	0.0
SIM-05005	DDR_SIGNALING	Pathogenic	0.0
SIM-05006	DDR_SIGNALING	Pathogenic	0.0
SIM-05007	DDR_SIGNALING	Pathogenic	0.0
SIM-05008	DDR_SIGNALING	Pathogenic	0.0
SIM-05009	DDR_SIGNALING	Pathogenic	0.0
SIM-05010	DDR_SIGNALING	Pathogenic	0.0
SIM-05011	DDR_SIGNALING	Pathogenic	0.0
SIM-05012	DDR_SIGNALING	Pathogenic	0.0
SIM-05013	DDR_SIGNALING	Pathogenic	0.0
SIM-05014	DDR_SIGNALING	Pathogenic	0.0
SIM-05015	DDR_SIGNALING	Pathogenic	0.0
SIM-05016	DDR_SIGNALING	Pathogenic	0.0
SIM-05017	DDR_SIGNALING	Pathogenic	0.0
SIM-05018	DDR_SIGNALING	Pathogenic	0.0
SIM-05019	DDR_SIGNALING	Pathogenic	0.0
SIM-05020	DDR_SIGNALING	Pathogenic	0.0
SIM-05021	DDR_SIGNALING	Pathogenic	0.0
SIM-05022	DDR_SIGNALING	Pathogenic	0.0
SIM-05023	DDR_SIGNALING	Pathogenic	0.0
SIM-05024	DDR_SIGNALING	Pathogenic	0.5
SIM-05025	DDR_SIGNALING	Pathogenic	0.0
SIM-05026	DDR_SIGNALING	Pathogenic	0.0
SIM-05027	DDR_SIGNALING	Pathogenic	0.0
SIM-05028	DDR_SIGNALING	Pathogenic	0.0
SIM-05029	DDR_SIGNALING	Pathogenic	0.0
SIM-05030	DDR_SIGNALING	Pathogenic	0.0
SIM-05031	DDR_SIGNALING	Pathogenic	0.0
SIM-05032	DDR_SIGNALING	Pathogenic	0.0
SIM-05033	DDR_SIGNALING	Pathogenic	0.0
SIM-05034	DDR_SIGNALING	Pathogenic	0.0
SIM-05035	DDR_SIGNALING	Pathogenic	0.0
SIM-05036	DDR_SIGNALING	Pathogenic	0.0
SIM-05037	DDR_SIGNALING	Pathogenic	0.0
SIM-05038	DDR_SIGNALING	Pathogenic	0.0
SIM-05039	DDR_SIGNALING	Pathogenic	0.0
SIM-05040	DDR_SIGNALING	Pathogenic	0.0
SIM-05041	DDR_SIGNALING	Pathogenic	0.0
SIM-05042	DDR_SIGNALING	Pathogenic	0.0
SIM-05043	DDR_SIGNALING	Pathogenic	0.0
SIM-05044	DDR_SIGNALING	Pathogenic	0.0
SIM-05045	DDR_SIGNALING	Pathogenic	0.0
SIM-05046	DDR_SIGNALING	Pathogenic	0.0
SIM-05047	DDR_SIGNALING	Pathogenic	0.0
SIM-05048	DDR_SIGNALING	Pathogenic	0.0
SIM-05049	DDR_SIGNALING	Pathogenic	0.0
SIM-05050	DDR_SIGNALING	Pathogenic	0.0
SIM-05051	DDR_SIGNALING	Pathogenic	0.0
SIM-05052	DDR_SIGNALING	Pathogenic	0.0
SIM-05053	DDR_SIGNALING	Pathogenic	0.0
SIM-05054	DDR_SIGNALING	Pathogenic	0.0
SIM-05055	DDR_SIGNALING	Pathogenic	0.0
SIM-05056	DDR_SIGNALING	Pathogenic	0.0
SIM-05057	DDR_SIGNALING	Pathogenic	0.0
SIM-05058	DDR_SIGNALING	Pathogenic	0.0
SIM-05059	DDR_SIGNALING	Pathogenic	0.0
SIM-05060	DDR_SIGNALING	Pathogenic	0.0
SIM-05061	DDR_SIGNALING	Pathogenic	0.0
SIM-05062	DDR_SIGNALING	Pathogenic	0.0
SIM-05063	DDR_SIGNALING	Pathogenic	0.0
SIM-05064	DDR_SIGNALING	Pathogenic	0.0
SIM-05065	DDR_SIGNALING	Pathogenic	0.0
SIM-05066	DDR_SIGNALING	Pathogenic	0.0
SIM-05067	DDR_SIGNALING	Pathogenic	0.0
SIM-05068	DDR_SIGNALING	Pathogenic	0.0
SIM-05069	DDR_SIGNALING	Pathogenic	0.0
SIM-05070	DDR_SIGNALING	Pathogenic	0.0
SIM-05071	DDR_SIGNALING	Pathogenic	0.0
SIM-05072	DDR_SIGNALING	Pathogenic	0.0
SIM-05073	DDR_SIGNALING	Pathogenic	0.0
SIM-05074	DDR_SIGNALING	Pathogenic	0.0
SIM-05075	DDR_SIGNALING	Pathogenic	0.0
SIM-05076	DDR_SIGNALING	Pathogenic	0.0
SIM-05077	DDR_SIGNALING	Pathogenic	0.0
SIM-05078	DDR_SIGNALING	Pathogenic	0.0
SIM-05079	DDR_SIGNALING	Pathogenic	0.0
SIM-05080	DDR_SIGNALING	Pathogenic	0.0
SIM-05081	DDR_SIGNALING	Pathogenic	0.595238
SIM-05082	DDR_SIGNALING	Pathogenic	0.0
SIM-05083	DDR_SIGNALING	Pathogenic	0.0
SIM-05084	DDR_SIGNALING	Pathogenic	0.0
SIM-05085	DDR_SIGNALING	Pathogenic	0.0
SIM-05086	DDR_SIGNALING	Pathogenic	0.0
SIM-05087	DDR_SIGNALING	Pathogenic	0.0
SIM-05088	DDR_SIGNALING	Pathogenic	0.0
SIM-05089	DDR_SIGNALING	Pathogenic	0.0
SIM-05090	DDR_SIGNALING	Pathogenic	0.0
SIM-05091	DDR_SIGNALING	Pathogenic	0.0
SIM-05092	DDR_SIGNALING	Pathogenic	0.0
SIM-05093	DDR_SIGNALING	Pathogenic	0.0
SIM-05094	DDR_SIGNALING	Pathogenic	0.0
SIM-05095	DDR_SIGNALING	Pathogenic	0.0
SIM-05096	DDR_SIGNALING	Pathogenic	0.0
SIM-05097	DDR_SIGNALING	Pathogenic	0.0
SIM-05098	DDR_SIGNALING	Pathogenic	0.0
SIM-05099	DDR_SIGNALING	Pathogenic	0.630435
SIM-05100	DDR_SIGNALING	Pathogenic	0.0
SIM-05101	DDR_SIGNALING	Pathogenic	0.0
SIM-05102	DDR_SIGNALING	Pathogenic	0.0
SIM-05103	DDR_SIGNALING	Pathogenic	0.0
SIM-05104	DDR_SIGNALING	Pathogenic	0.0
SIM-05105	DDR_SIGNALING	Pathogenic	0.0
SIM-05106	DDR_SIGNALING	Pathogenic	0.0
SIM-05107	DDR_SIGNALING	Pathogenic	0.0
SIM-05108	DDR_SIGNALING	Pathogenic	0.0
SIM-05109	DDR_SIGNALING	Pathogenic	0.0
SIM-05110	DDR_SIGNALING	Pathogenic	0.0
SIM-05111	DDR_SIGNALING	Pathogenic	0.0
SIM-05112	DDR_SIGNALING	Pathogenic	0.0
SIM-05113	DDR_SIGNALING	Pathogenic	0.0
SIM-05114	DDR_SIGNALING	Pathogenic	0.0
SIM-05115	DDR_SIGNALING	Pathogenic	0.0
SIM-05116	DDR_SIGNALING	Pathogenic	0.0
SIM-05117	DDR_SIGNALING	Pathogenic	0.0
SIM-05118	DDR_SIGNALING	Pathogenic	0.0
SIM-05119	DDR_SIGNALING	Pathogenic	0.0
SIM-05120	DDR_SIGNALING	Pathogenic	0.0
SIM-05121	DDR_SIGNALING	Pathogenic	0.0
SIM-05122	DDR_SIGNALING	Pathogenic	0.0
SIM-05123	DDR_SIGNALING	Pathogenic	0.0
SIM-05124	DDR_SIGNALING	Pathogenic	0.0
SIM-05125	DDR_SIGNALING	Pathogenic	0.0
SIM-05126	DDR_SIGNALING	Pathogenic	0.0
SIM-05127	DDR_SIGNALING	Pathogenic	0.0
SIM-05128	DDR_SIGNALING	Pathogenic	0.0
SIM-05129	DDR_SIGNALING	Pathogenic	0.0
SIM-05130	DDR_SIGNALING	Pathogenic	0.0
SIM-05131	DDR_SIGNALING	Pathogenic	0.0
SIM-05132	DDR_SIGNALING	Pathogenic	0.0
SIM-05133	DDR_SIGNALING	Pathogenic	0.0
SIM-05134	DDR_SIGNALING	Pathogenic	0.0
SIM-05135	DDR_SIGNALING	Pathogenic	0.0
SIM-05136	DDR_SIGNALING	Pathogenic	0.0
SIM-05137	DDR_SIGNALING	Pathogenic	0.0
SIM-05138	DDR_SIGNALING	Pathogenic	0.0
SIM-05139	DDR_SIGNALING	Pathogenic	0.0
SIM-05140	DDR_SIGNALING	Pathogenic	0.0
SIM-05141	DDR_SIGNALING	Pathogenic	0.0
SIM-05142	DDR_SIGNALING	Pathogenic	0.0
SIM-05143	DDR_SIGNALING	Pathogenic	0.0
SIM-05144	DDR_SIGNALING	Pathogenic	0.0
SIM-05145	DDR_SIGNALING	Pathogenic	0.0
SIM-05146	DDR_SIGNALING	Pathogenic	0.0
SIM-05147	DDR_SIGNALING	Pathogenic	0.0
SIM-05148	DDR_SIGNALING	Pathogenic	0.0
SIM-05149	DDR_SIGNALING	Pathogenic	0.0
SIM-05150	DDR_SIGNALING	Pathogenic	0.0
SIM-05151	DDR_SIGNALING	Pathogenic	0.0
SIM-05152	DDR_SIGNALING	Pathogenic	0.0
SIM-05153	DDR_SIGNALING	Pathogenic	0.0
SIM-05154	DDR_SIGNALING	Pathogenic	0.0
SIM-05155	DDR_SIGNALING	Pathogenic	0.0
SIM-05156	DDR_SIGNALING	Pathogenic	0.0
SIM-05157	DDR_SIGNALING	Pathogenic	0.0
SIM-05158	DDR_SIGNALING	Pathogenic	0.0
SIM-05159	DDR_SIGNALING	Pathogenic	0.0
SIM-05160	DDR_SIGNALING	Pathogenic	0.0
SIM-05161	DDR_SIGNALING	Pathogenic	0.0
SIM-05162	DDR_SIGNALING	Pathogenic	0.0
SIM-05163	DDR_SIGNALING	Pathogenic	0.0
SIM-05164	DDR_SIGNALING	Pathogenic	0.0
SIM-05165	DDR_SIGNALING	Pathogenic	0.0
SIM-05166	DDR_SIGNALING	Pathogenic	0.0
SIM-05167	DDR_SIGNALING	Pathogenic	0.0
SIM-05168	DDR_SIGNALING	Pathogenic	0.0
SIM-05169	DDR_SIGNALING	Pathogenic	0.0
SIM-05170	DDR_SIGNALING	Pathogenic	0.0
SIM-05171	DDR_SIGNALING	Pathogenic	0.0
SIM-05172	DDR_SIGNALING	Pathogenic	0.0
SIM-05173	DDR_SIGNALING	Pathogenic	0.0
SIM-05174	DDR_SIGNALING	Pathogenic	0.0
SIM-05175	DDR_SIGNALING	Pathogenic	0.0
SIM-05176	DDR_SIGNALING	Pathogenic	0.0
SIM-05177	DDR_SIGNALING	Pathogenic	0.0
SIM-05178	DDR_SIGNALING	Pathogenic	0.0
SIM-05179	DDR_SIGNALING	Pathogenic	0.0
SIM-05180	DDR_SIGNALING	Pathogenic	0.0
SIM-05181	DDR_SIGNALING	Pathogenic	0.619048
SIM-05182	DDR_SIGNALING	Pathogenic	0.0
SIM-05183	DDR_SIGNALING	Pathogenic	0.0
SIM-05184	DDR_SIGNALING	Pathogenic	0.0
SIM-05185	DDR_SIGNALING	Pathogenic	0.0
SIM-05186	DDR_SIGNALING	Pathogenic	0.0
SIM-05187	DDR_SIGNALING	Pathogenic	0.0
SIM-05188	DDR_SIGNALING	Pathogenic	0.0
SIM-05189	DDR_SIGNALING	Pathogenic	0.0
SIM-05190	DDR_SIGNALING	Pathogenic	0.0
SIM-05191	DDR_SIGNALING	Pathogenic	0.790323
SIM-05192	DDR_SIGNALING	Pathogenic	0.0
SIM-05193	DDR_SIGNALING	Pathogenic	0.0
SIM-05194	DDR_SIGNALING	Pathogenic	0.0
SIM-05195	DDR_SIGNALING	Pathogenic	0.0
SIM-05196	DDR_SIGNALING	Pathogenic	0.0
SIM-05197	DDR_SIGNALING	Pathogenic	0.0
SIM-05198	DDR_SIGNALING	Pathogenic	0.0
SIM-05199	DDR_SIGNALING	Pathogenic	0.0
SIM-05200	DDR_SIGNALING	Pathogenic	0.0
SIM-05201	DDR_SIGNALING	Pathogenic	0.0
SIM-05202	DDR_SIGNALING	Pathogenic	0.0
SIM-05203	DDR_SIGNALING	Pathogenic	0.0
SIM-05204	DDR_SIGNALING	Pathogenic	0.0
SIM-05205	DDR_SIGNALING	Pathogenic	0.0
SIM-05206	DDR_SIGNALING	Pathogenic	0.0
SIM-05207	DDR_SIGNALING	Pathogenic	0.0
SIM-05208	DDR_SIGNALING	Pathogenic	0.514286
SIM-05209	DDR_SIGNALING	Pathogenic	0.0
SIM-05210	DDR_SIGNALING	Pathogenic	0.0
SIM-05211	DDR_SIGNALING	Pathogenic	0.0
SIM-05212	DDR_SIGNALING	Pathogenic	0.0
SIM-05213	DDR_SIGNALING	Pathogenic	0.842105
SIM-05214	DDR_SIGNALING	Pathogenic	0.0
SIM-05215	DDR_SIGNALING	Pathogenic	0.0
SIM-05216	DDR_SIGNALING	Pathogenic	0.0
SIM-05217	DDR_SIGNALING	Pathogenic	0.0
SIM-05218	DDR_SIGNALING	Pathogenic	0.0
SIM-05219	DDR_SIGNALING	Pathogenic	0.0
SIM-05220	DDR_SIGNALING	Pathogenic	0.0
SIM-05221	DDR_SIGNALING	Pathogenic	0.0
SIM-05222	DDR_SIGNALING	Pathogenic	0.0
SIM-05223	DDR_SIGNALING	Pathogenic	0.0
SIM-05224	DDR_SIGNALING	Pathogenic	0.0
SIM-05225	DDR_SIGNALING	Pathogenic	0.0
SIM-05226	DDR_SIGNALING	Pathogenic	0.0
SIM-05227	DDR_SIGNALING	Pathogenic	0.0
SIM-05228	DDR_SIGNALING	Pathogenic	0.0
SIM-05229	DDR_SIGNALING	Pathogenic	0.0
SIM-05230	DDR_SIGNALING	Pathogenic	0.0
SIM-05231	DDR_SIGNALING	Pathogenic	0.0
SIM-05232	DDR_SIGNALING	Pathogenic	0.0
SIM-05233	DDR_SIGNALING	Pathogenic	0.0
SIM-05234	DDR_SIGNALING	Pathogenic	0.0
SIM-05235	DDR_SIGNALING	Pathogenic	0.0
SIM-05236	DDR_SIGNALING	Pathogenic	0.0
SIM-05237	DDR_SIGNALING	Pathogenic	0.0
SIM-05238	DDR_SIGNALING	Pathogenic	0.0
SIM-05239	DDR_SIGNALING	Pathogenic	0.0
SIM-05240	DDR_SIGNALING	Pathogenic	0.0
SIM-05241	DDR_SIGNALING	Pathogenic	0.0
SIM-05242	DDR_SIGNALING	Pathogenic	0.0
SIM-05243	DDR_SIGNALING	Pathogenic	0.0
SIM-05244	DDR_SIGNALING	Pathogenic	0.0
SIM-05245	DDR_SIGNALING	Pathogenic	0.0
SIM-05246	DDR_SIGNALING	Pathogenic	0.0
SIM-05247	DDR_SIGNALING	Pathogenic	0.0
SIM-05248	DDR_SIGNALING	Pathogenic	0.0
SIM-05249	DDR_SIGNALING	Pathogenic	0.0
SIM-05250	DDR_SIGNALING	Pathogenic	0.0
SIM-05251	DDR_SIGNALING	Pathogenic	0.0
SIM-05252	DDR_SIGNALING	Pathogenic	0.0
SIM-05253	DDR_SIGNALING	Pathogenic	0.0
SIM-05254	DDR_SIGNALING	Pathogenic	0.0
SIM-05255	DDR_SIGNALING	Pathogenic	0.0
SIM-05256	DDR_SIGNALING	Pathogenic	0.0
SIM-05257	DDR_SIGNALING	Pathogenic	0.0
SIM-05258	DDR_SIGNALING	Pathogenic	0.0
SIM-05259	DDR_SIGNALING	Pathogenic	0.0
SIM-05260	DDR_SIGNALING	Pathogenic	0.573333
SIM-05261	DDR_SIGNALING	Pathogenic	0.0
SIM-05262	DDR_SIGNALING	Pathogenic	0.0
SIM-05263	DDR_SIGNALING	Pathogenic	0.0
SIM-05264	DDR_SIGNALING	Pathogenic	0.0
SIM-05265	DDR_SIGNALING	Pathogenic	0.0
SIM-05266	DDR_SIGNALING	Pathogenic	0.0
SIM-05267	DDR_SIGNALING	Pathogenic	0.0
SIM-05268	DDR_SIGNALING	Pathogenic	0.0
SIM-05269	DDR_SIGNALING	Pathogenic	0.0
SIM-05270	DDR_SIGNALING	Pathogenic	0.0
SIM-05271	DDR_SIGNALING	Pathogenic	0.0
SIM-05272	DDR_SIGNALING	Pathogenic	0.0
SIM-05273	DDR_SIGNALING	Pathogenic	0.0
SIM-05274	DDR_SIGNALING	Pathogenic	0.0
SIM-05275	DDR_SIGNALING	Pathogenic	0.0
SIM-05276	DDR_SIGNALING	Pathogenic	0.0
SIM-05277	DDR_SIGNALING	Pathogenic	0.0
SIM-05278	DDR_SIGNALING	Pathogenic	0.0
SIM-05279	DDR_SIGNALING	Pathogenic	0.0
SIM-05280	DDR_SIGNALING	Pathogenic	0.0
SIM-05281	DDR_SIGNALING	Pathogenic	0.0
SIM-05282	DDR_SIGNALING	Pathogenic	0.0
SIM-05283	DDR_SIGNALING	Pathogenic	0.0
SIM-05284	DDR_SIGNALING	Pathogenic	0.0
SIM-05285	DDR_SIGNALING	Pathogenic	0.0
SIM-05286	DDR_SIGNALING	Pathogenic	0.0
SIM-05287	DDR_SIGNALING	Pathogenic	0.0
SIM-05288	DDR_SIGNALING	Pathogenic	0.813333
SIM-05289	DDR_SIGNALING	Pathogenic	0.0
SIM-05290	DDR_SIGNALING	Pathogenic	0.0
SIM-05291	DDR_SIGNALING	Pathogenic	0.0
SIM-05292	DDR_SIGNALING	Pathogenic	0.0
SIM-05293	DDR_SIGNALING	Pathogenic	0.0
SIM-05294	DDR_SIGNALING	Pathogenic	0.0
SIM-05295	DDR_SIGNALING	Pathogenic	0.0
SIM-05296	DDR_SIGNALING	Pathogenic	0.0
SIM-05297	DDR_SIGNALING	Pathogenic	0.0
SIM-05298	DDR_SIGNALING	Pathogenic	0.0
SIM-05299	DDR_SIGNALING	Pathogenic	0.0
SIM-05300	DDR_SIGNALING	Pathogenic	0.0
SIM-05301	DDR_SIGNALING	Pathogenic	0.0
SIM-05302	DDR_SIGNALING	Pathogenic	0.0
SIM-05303	DDR_SIGNALING	Pathogenic	0.0
SIM-05304	DDR_SIGNALING	Pathogenic	0.0
SIM-05305	DDR_SIGNALING	Pathogenic	0.0
SIM-05306	DDR_SIGNALING	Pathogenic	0.0
SIM-05307	DDR_SIGNALING	Pathogenic	0.0
SIM-05308	DDR_SIGNALING	Pathogenic	0.0
SIM-05309	DDR_SIGNALING	Pathogenic	0.0
SIM-05310	DDR_SIGNALING	Pathogenic	0.0
SIM-05311	DDR_SIGNALING	Pathogenic	0.0
SIM-05312	DDR_SIGNALING	Pathogenic	0.0
SIM-05313	DDR_SIGNALING	Pathogenic	0.0
SIM-05314	DDR_SIGNALING	Pathogenic	0.0
SIM-05315	DDR_SIGNALING	Pathogenic	0.0
SIM-05316	DDR_SIGNALING	Pathogenic	0.0
SIM-05317	DDR_SIGNALING	Pathogenic	0.0
SIM-05318	DDR_SIGNALING	Pathogenic	0.0
SIM-05319	DDR_SIGNALING	Pathogenic	0.0
SIM-05320	DDR_SIGNALING	Pathogenic	0.0
SIM-05321	DDR_SIGNALING	Pathogenic	0.0
SIM-05322	DDR_SIGNALING	Pathogenic	0.0
SIM-05323	DDR_SIGNALING	Pathogenic	0.0
SIM-05324	DDR_SIGNALING	Pathogenic	0.0
SIM-05325	DDR_SIGNALING	Pathogenic	0.0
SIM-05326	DDR_SIGNALING	Pathogenic	0.0
SIM-05327	DDR_SIGNALING	Pathogenic	0.0
SIM-05328	DDR_SIGNALING	Pathogenic	0.0
SIM-05329	DDR_SIGNALING	Pathogenic	0.0
SIM-05330	DDR_SIGNALING	Pathogenic	0.0
SIM-05331	DDR_SIGNALING	Pathogenic	0.0
SIM-05332	DDR_SIGNALING	Pathogenic	0.0
SIM-05333	DDR_SIGNALING	Pathogenic	0.0
SIM-05334	DDR_SIGNALING	Pathogenic	0.0
SIM-05335	DDR_SIGNALING	Pathogenic	0.0
SIM-05336	DDR_SIGNALING	Pathogenic	0.744186
SIM-05337	DDR_SIGNALING	Pathogenic	0.0
SIM-05338	DDR_SIGNALING	Pathogenic	0.0
SIM-05339	DDR_SIGNALING	Pathogenic	0.0
SIM-05340	DDR_SIGNALING	Pathogenic	0.0
SIM-05341	DDR_SIGNALING	Pathogenic	0.0
SIM-05342	DDR_SIGNALING	Pathogenic	0.0
SIM-05343	DDR_SIGNALING	Pathogenic	0.0
SIM-05344	DDR_SIGNALING	Pathogenic	0.0
SIM-05345	DDR_SIGNALING	Pathogenic	0.0
SIM-05346	DDR_SIGNALING	Pathogenic	0.0
SIM-05347	DDR_SIGNALING	Pathogenic	0.0
SIM-05348	DDR_SIGNALING	Pathogenic	0.0
SIM-05349	DDR_SIGNALING	Pathogenic	0.0
SIM-05350	DDR_SIGNALING	Pathogenic	0.0
SIM-05351	DDR_SIGNALING	Pathogenic	0.0
SIM-05352	DDR_SIGNALING	Pathogenic	0.0
SIM-05353	DDR_SIGNALING	Pathogenic	0.0
SIM-05354	DDR_SIGNALING	Pathogenic	0.0
SIM-05355	DDR_SIGNALING	Pathogenic	0.0
SIM-05356	DDR_SIGNALING	Pathogenic	0.0
SIM-05357	DDR_SIGNALING	Pathogenic	0.0
SIM-05358	DDR_SIGNALING	Pathogenic	0.0
SIM-05359	DDR_SIGNALING	Pathogenic	0.0
SIM-05360	DDR_SIGNALING	Pathogenic	0.0
SIM-05361	DDR_SIGNALING	Pathogenic	0.0
SIM-05362	DDR_SIGNALING	Pathogenic	0.0
SIM-05363	DDR_SIGNALING	Pathogenic	0.774648
SIM-05364	DDR_SIGNALING	Pathogenic	0.0
SIM-05365	DDR_SIGNALING	Pathogenic	0.515625
SIM-05366	DDR_SIGNALING	Pathogenic	0.0
SIM-05367	DDR_SIGNALING	Pathogenic	0.0
SIM-05368	DDR_SIGNALING	Pathogenic	0.0
SIM-05369	DDR_SIGNALING	Pathogenic	0.0
SIM-05370	DDR_SIGNALING	Pathogenic	0.0
SIM-05371	DDR_SIGNALING	Pathogenic	0.0
SIM-05372	DDR_SIGNALING	Pathogenic	0.0
SIM-05373	DDR_SIGNALING	Pathogenic	0.0
SIM-05374	DDR_SIGNALING	Pathogenic	0.0
SIM-05375	DDR_SIGNALING	Pathogenic	0.0
SIM-05376	DDR_SIGNALING	Pathogenic	0.0
SIM-05377	DDR_SIGNALING	Pathogenic	0.0
SIM-05378	DDR_SIGNALING	Pathogenic	0.0
SIM-05379	DDR_SIGNALING	Pathogenic	0.0
SIM-05380	DDR_SIGNALING	Pathogenic	0.0
SIM-05381	DDR_SIGNALING	Pathogenic	0.0
SIM-05382	DDR_SIGNALING	Pathogenic	0.0
SIM-05383	DDR_SIGNALING	Pathogenic	0.0
SIM-05384	DDR_SIGNALING	Pathogenic	0.0
SIM-05385	DDR_SIGNALING	Pathogenic	0.0
SIM-05386	DDR_SIGNALING	Pathogenic	0.0
SIM-05387	DDR_SIGNALING	Pathogenic	0.0
SIM-05388	DDR_SIGNALING	Pathogenic	0.0
SIM-05389	DDR_SIGNALING	Pathogenic	0.0
SIM-05390	DDR_SIGNALING	Pathogenic	0.517857
SIM-05391	DDR_SIGNALING	Pathogenic	0.0
SIM-05392	DDR_SIGNALING	Pathogenic	0.0
SIM-05393	DDR_SIGNALING	Pathogenic	0.0
SIM-05394	DDR_SIGNALING	Pathogenic	0.0
SIM-05395	DDR_SIGNALING	Pathogenic	0.0
SIM-05396	DDR_SIGNALING	Pathogenic	0.0
SIM-05397	DDR_SIGNALING	Pathogenic	0.0
SIM-05398	DDR_SIGNALING	Pathogenic	0.0
SIM-05399	DDR_SIGNALING	Pathogenic	0.0
SIM-05400	DDR_SIGNALING	Pathogenic	0.0
SIM-05401	DDR_SIGNALING	Pathogenic	0.0
SIM-05402	DDR_SIGNALING	Pathogenic	0.0
SIM-05403	DDR_SIGNALING	Pathogenic	0.0
SIM-05404	DDR_SIGNALING	Pathogenic	0.0
SIM-05405	DDR_SIGNALING	Pathogenic	0.0
SIM-05406	DDR_SIGNALING	Pathogenic	0.0
SIM-05407	DDR_SIGNALING	Pathogenic	0.0
SIM-05408	DDR_SIGNALING	Pathogenic	0.0
SIM-05409	DDR_SIGNALING	Pathogenic	0.0
SIM-05410	DDR_SIGNALING	Pathogenic	0.0
SIM-05411	DDR_SIGNALING	Pathogenic	0.0
SIM-05412	DDR_SIGNALING	Pathogenic	0.0
SIM-05413	DDR_SIGNALING	Pathogenic	0.0
SIM-05414	DDR_SIGNALING	Pathogenic	0.0
SIM-05415	DDR_SIGNALING	Pathogenic	0.0
SIM-05416	DDR_SIGNALING	Pathogenic	0.0
SIM-05417	DDR_SIGNALING	Pathogenic	0.0
SIM-05418	DDR_SIGNALING	Pathogenic	0.0
SIM-05419	DDR_SIGNALING	Pathogenic	0.0
SIM-05420	DDR_SIGNALING	Pathogenic	0.0
SIM-05421	DDR_SIGNALING	Pathogenic	0.0
SIM-05422	DDR_SIGNALING	Pathogenic	0.0
SIM-05423	DDR_SIGNALING	Pathogenic	0.0
SIM-05424	DDR_SIGNALING	Pathogenic	0.0
SIM-05425	DDR_SIGNALING	Pathogenic	0.0
SIM-05426	DDR_SIGNALING	Pathogenic	0.0
SIM-05427	DDR_SIGNALING	Pathogenic	0.0
SIM-05428	DDR_SIGNALING	Pathogenic	0.0
SIM-05429	DDR_SIGNALING	Pathogenic	0.0
SIM-05430	DDR_SIGNALING	Pathogenic	0.0
SIM-05431	DDR_SIGNALING	Pathogenic	0.0
SIM-05432	DDR_SIGNALING	Pathogenic	0.0
SIM-05433	DDR_SIGNALING	Pathogenic	0.0
SIM-05434	DDR_SIGNALING	Pathogenic	0.0
SIM-05435	DDR_SIGNALING	Pathogenic	0.0
SIM-05436	DDR_SIGNALING	Pathogenic	0.0
SIM-05437	DDR_SIGNALING	Pathogenic	0.0
SIM-05438	DDR_SIGNALING	Pathogenic	0.0
SIM-05439	DDR_SIGNALING	Pathogenic	0.0
SIM-05440	DDR_SIGNALING	Pathogenic	0.0
SIM-05441	DDR_SIGNALING	Pathogenic	0.0
SIM-05442	DDR_SIGNALING	Pathogenic	0.0
SIM-05443	DDR_SIGNALING	Pathogenic	0.0
SIM-05444	DDR_SIGNALING	Pathogenic	0.0
SIM-05445	DDR_SIGNALING	Pathogenic	0.0
SIM-05446	DDR_SIGNALING	Pathogenic	0.0
SIM-05447	DDR_SIGNALING	Pathogenic	0.0
SIM-05448	DDR_SIGNALING	Pathogenic	0.0
SIM-05449	DDR_SIGNALING	Pathogenic	0.0
SIM-05450	DDR_SIGNALING	Pathogenic	0.0
SIM-05451	DDR_SIGNALING	Pathogenic	0.0
SIM-05452	DDR_SIGNALING	Pathogenic	0.0
SIM-05453	DDR_SIGNALING	Pathogenic	0.0
SIM-05454	DDR_SIGNALING	Pathogenic	0.0
SIM-05455	DDR_SIGNALING	Pathogenic	0.0
SIM-05456	DDR_SIGNALING	Pathogenic	0.0
SIM-05457	DDR_SIGNALING	Pathogenic	0.0
SIM-05458	DDR_SIGNALING	Pathogenic	0.0
SIM-05459	DDR_SIGNALING	Pathogenic	0.0
SIM-05460	DDR_SIGNALING	Pathogenic	0.0
SIM-05461	DDR_SIGNALING	Pathogenic	0.0
SIM-05462	DDR_SIGNALING	Pathogenic	0.0
SIM-05463	DDR_SIGNALING	Pathogenic	0.0
SIM-05464	DDR_SIGNALING	Pathogenic	0.0
SIM-05465	DDR_SIGNALING	Pathogenic	0.0
SIM-05466	DDR_SIGNALING	Pathogenic	0.0
SIM-05467	DDR_SIGNALING	Pathogenic	0.0
SIM-05468	DDR_SIGNALING	Pathogenic	0.0
SIM-05469	DDR_SIGNALING	Pathogenic	0.0
SIM-05470	DDR_SIGNALING	Pathogenic	0.0
SIM-05471	DDR_SIGNALING	Pathogenic	0.0
SIM-05472	DDR_SIGNALING	Pathogenic	0.0
SIM-05473	DDR_SIGNALING	Pathogenic	0.0
SIM-05474	DDR_SIGNALING	Pathogenic	0.0
SIM-05475	DDR_SIGNALING	Pathogenic	0.0
SIM-05476	DDR_SIGNALING	Pathogenic	0.0
SIM-05477	DDR_SIGNALING	Pathogenic	0.0
SIM-05478	DDR_SIGNALING	Pathogenic	0.0
SIM-05479	DDR_SIGNALING	Pathogenic	0.0
SIM-05480	DDR_SIGNALING	Pathogenic	0.0
SIM-05481	DDR_SIGNALING	Pathogenic	0.0
SIM-05482	DDR_SIGNALING	Pathogenic	0.0
SIM-05483	DDR_SIGNALING	Pathogenic	0.0
SIM-05484	DDR_SIGNALING	Pathogenic	0.0
SIM-05485	DDR_SIGNALING	Pathogenic	0.0
SIM-05486	DDR_SIGNALING	Pathogenic	0.0
SIM-05487	DDR_SIGNALING	Pathogenic	0.0
SIM-05488	DDR_SIGNALING	Pathogenic	0.0
SIM-05489	DDR_SIGNALING	Pathogenic	0.0
SIM-05490	DDR_SIGNALING	Pathogenic	0.0
SIM-05491	DDR_SIGNALING	Pathogenic	0.0
SIM-05492	DDR_SIGNALING	Pathogenic	0.0
SIM-05493	DDR_SIGNALING	Pathogenic	0.0
SIM-05494	DDR_SIGNALING	Pathogenic	0.0
SIM-05495	DDR_SIGNALING	Pathogenic	0.0
SIM-05496	DDR_SIGNALING	Pathogenic	0.0
SIM-05497	DDR_SIGNALING	Pathogenic	0.0
SIM-05498	DDR_SIGNALING	Pathogenic	0.0
SIM-05499	DDR_SIGNALING	Pathogenic	0.0
SIM-05500	DDR_SIGNALING	Pathogenic	0.0
SIM-05501	DDR_SIGNALING	Pathogenic	0.0
SIM-05502	DDR_SIGNALING	Pathogenic	0.0
SIM-05503	DDR_SIGNALING	Pathogenic	0.0
SIM-05504	DDR_SIGNALING	Pathogenic	0.0
SIM-05505	DDR_SIGNALING	Pathogenic	0.0
SIM-05506	DDR_SIGNALING	Pathogenic	0.0
SIM-05507	DDR_SIGNALING	Pathogenic	0.0
SIM-05508	DDR_SIGNALING	Pathogenic	0.0
SIM-05509	DDR_SIGNALING	Pathogenic	0.0
SIM-05510	DDR_SIGNALING	Pathogenic	0.552239
SIM-05511	DDR_SIGNALING	Pathogenic	0.0
SIM-05512	DDR_SIGNALING	Pathogenic	0.0
SIM-05513	DDR_SIGNALING	Pathogenic	0.0
SIM-05514	DDR_SIGNALING	Pathogenic	0.0
SIM-05515	DDR_SIGNALING	Pathogenic	0.0
SIM-05516	DDR_SIGNALING	Pathogenic	0.0
SIM-05517	DDR_SIGNALING	Pathogenic	0.0
SIM-05518	DDR_SIGNALING	Pathogenic	0.0
SIM-05519	DDR_SIGNALING	Pathogenic	0.0
SIM-05520	DDR_SIGNALING	Pathogenic	0.0
SIM-05521	DDR_SIGNALING	Pathogenic	0.0
SIM-05522	DDR_SIGNALING	Pathogenic	0.0
SIM-05523	DDR_SIGNALING	Pathogenic	0.0
SIM-05524	DDR_SIGNALING	Pathogenic	0.0
SIM-05525	DDR_SIGNALING	Pathogenic	0.0
SIM-05526	DDR_SIGNALING	Pathogenic	0.0
SIM-05527	DDR_SIGNALING	Pathogenic	0.0
SIM-05528	DDR_SIGNALING	Pathogenic	0.0
SIM-05529	DDR_SIGNALING	Pathogenic	0.0
SIM-05530	DDR_SIGNALING	Pathogenic	0.0
SIM-05531	DDR_SIGNALING	Pathogenic	0.0
SIM-05532	DDR_SIGNALING	Pathogenic	0.0
SIM-05533	DDR_SIGNALING	Pathogenic	0.0
SIM-05534	DDR_SIGNALING	Pathogenic	0.0
SIM-05535	DDR_SIGNALING	Pathogenic	0.0
SIM-05536	DDR_SIGNALING	Pathogenic	0.0
SIM-05537	DDR_SIGNALING	Pathogenic	0.0
SIM-05538	DDR_SIGNALING	Pathogenic	0.0
SIM-05539	DDR_SIGNALING	Pathogenic	0.0
SIM-05540	DDR_SIGNALING	Pathogenic	0.892308
SIM-05541	DDR_SIGNALING	Pathogenic	0.0
SIM-05542	DDR_SIGNALING	Pathogenic	0.0
SIM-05543	DDR_SIGNALING	Pathogenic	0.765957
SIM-05544	DDR_SIGNALING	Pathogenic	0.0
SIM-05545	DDR_SIGNALING	Benign	0.0
SIM-05546	DDR_SIGNALING	Benign	0.0
SIM-05547	DDR_SIGNALING	Benign	0.0
SIM-05548	DDR_SIGNALING	Benign	0.0
SIM-05549	DDR_SIGNALING	Benign	0.0
SIM-05550	DDR_SIGNALING	Benign	0.0
SIM-05551	DDR_SIGNALING	Benign	0.0
SIM-05552	DDR_SIGNALING	Benign	0.0
SIM-05553	DDR_SIGNALING	Benign	0.0
SIM-05554	DDR_SIGNALING	Benign	0.0
SIM-05555	DDR_SIGNALING	Benign	0.0
SIM-05556	DDR_SIGNALING	Benign	0.0
SIM-05557	DDR_SIGNALING	Benign	0.0
SIM-05558	DDR_SIGNALING	Benign	0.0
SIM-05559	DDR_SIGNALING	Benign	0.0
SIM-05560	DDR_SIGNALING	Benign	0.0
SIM-05561	DDR_SIGNALING	Benign	0.353846
SIM-05562	DDR_SIGNALING	Benign	0.0
SIM-05563	DDR_SIGNALING	Benign	0.0
SIM-05564	DDR_SIGNALING	Benign	0.0
SIM-05565	DDR_SIGNALING	Benign	0.0
SIM-05566	DDR_SIGNALING	Benign	0.0
SIM-05567	DDR_SIGNALING	Benign	0.0
SIM-05568	DDR_SIGNALING	Benign	0.0
SIM-05569	DDR_SIGNALING	Benign	0.0
SIM-05570	DDR_SIGNALING	Benign	0.0
SIM-05571	DDR_SIGNALING	Benign	0.0
SIM-05572	DDR_SIGNALING	Benign	0.0
SIM-05573	DDR_SIGNALING	Benign	0.0
SIM-05574	DDR_SIGNALING	Benign	0.0
SIM-05575	DDR_SIGNALING	Benign	0.0
SIM-05576	DDR_SIGNALING	Benign	0.0
SIM-05577	DDR_SIGNALING	Benign	0.0
SIM-05578	DDR_SIGNALING	Benign	0.0
SIM-05579	DDR_SIGNALING	Benign	0.0
SIM-05580	DDR_SIGNALING	Benign	0.0
SIM-05581	DDR_SIGNALING	Benign	0.0
SIM-05582	DDR_SIGNALING	Benign	0.0
SIM-05583	DDR_SIGNALING	Benign	0.0
SIM-05584	DDR_SIGNALING	Benign	0.625
SIM-05585	DDR_SIGNALING	Benign	0.0
SIM-05586	DDR_SIGNALING	Benign	0.0
SIM-05587	DDR_SIGNALING	Benign	0.0
SIM-05588	DDR_SIGNALING	Benign	0.0
SIM-05589	DDR_SIGNALING	Benign	0.0
SIM-05590	DDR_SIGNALING	Benign	0.0
SIM-05591	DDR_SIGNALING	Benign	0.0
SIM-05592	DDR_SIGNALING	Benign	0.0
SIM-05593	DDR_SIGNALING	Benign	0.0
SIM-05594	DDR_SIGNALING	Benign	0.0
SIM-05595	DDR_SIGNALING	Benign	0.0
SIM-05596	DDR_SIGNALING	Benign	0.0
SIM-05597	DDR_SIGNALING	Benign	0.828947
SIM-05598	DDR_SIGNALING	Benign	0.0
SIM-05599	DDR_SIGNALING	Benign	0.0
SIM-05600	DDR_SIGNALING	Benign	0.0
SIM-05601	DDR_SIGNALING	Benign	0.0
SIM-05602	DDR_SIGNALING	Benign	0.0
SIM-05603	DDR_SIGNALING	Benign	0.0
SIM-05604	DDR_SIGNALING	Benign	0.0
SIM-05605	DDR_SIGNALING	Benign	0.0
SIM-05606	DDR_SIGNALING	Benign	0.0
SIM-05607	DDR_SIGNALING	Benign	0.0
SIM-05608	DDR_SIGNALING	Benign	0.0
SIM-05609	DDR_SIGNALING	Benign	0.0
SIM-05610	DDR_SIGNALING	Benign	0.0
SIM-05611	DDR_SIGNALING	Benign	0.0
SIM-05612	DDR_SIGNALING	Benign	0.0
SIM-05613	DDR_SIGNALING	Benign	0.0
SIM-05614	DDR_SIGNALING	Benign	0.0
SIM-05615	DDR_SIGNALING	Benign	0.0
SIM-05616	DDR_SIGNALING	Benign	0.0
SIM-05617	DDR_SIGNALING	Benign	0.0
SIM-05618	DDR_SIGNALING	Benign	0.0
SIM-05619	DDR_SIGNALING	Benign	0.0
SIM-05620	DDR_SIGNALING	Benign	0.0
SIM-05621	DDR_SIGNALING	Benign	0.0
SIM-05622	DDR_SIGNALING	Benign	0.0
SIM-05623	DDR_SIGNALING	Benign	0.614286
SIM-05624	DDR_SIGNALING	Benign	0.0
SIM-05625	DDR_SIGNALING	Benign	0.797101
SIM-05626	DDR_SIGNALING	Benign	0.0
SIM-05627	DDR_SIGNALING	Benign	0.0
SIM-05628	DDR_SIGNALING	Benign	0.0
SIM-05629	DDR_SIGNALING	Benign	0.0
SIM-05630	DDR_SIGNALING	Benign	0.0
SIM-05631	DDR_SIGNALING	Benign	0.0
SIM-05632	DDR_SIGNALING	Benign	0.0
SIM-05633	DDR_SIGNALING	Benign	0.0
SIM-05634	DDR_SIGNALING	Benign	0.0
SIM-05635	DDR_SIGNALING	Benign	0.0
SIM-05636	DDR_SIGNALING	Benign	0.0
SIM-05637	DDR_SIGNALING	Benign	0.0
SIM-05638	DDR_SIGNALING	Benign	0.0
SIM-05639	DDR_SIGNALING	Benign	0.0
SIM-05640	DDR_SIGNALING	Benign	0.0
SIM-05641	DDR_SIGNALING	Benign	0.0
SIM-05642	DDR_SIGNALING	Benign	0.0
SIM-05643	DDR_SIGNALING	Benign	0.0
SIM-05644	DDR_SIGNALING	Benign	0.0
SIM-05645	DDR_SIGNALING	Benign	0.0
SIM-05646	DDR_SIGNALING	Benign	0.0
SIM-05647	DDR_SIGNALING	Benign	0.0
SIM-05648	DDR_SIGNALING	Benign	0.0
SIM-05649	DDR_SIGNALING	Benign	0.0
SIM-05650	DDR_SIGNALING	Benign	0.0
SIM-05651	DDR_SIGNALING	Benign	0.0
SIM-05652	DDR_SIGNALING	Benign	0.0
SIM-05653	DDR_SIGNALING	Benign	0.711864
SIM-05654	DDR_SIGNALING	Benign	0.0
SIM-05655	DDR_SIGNALING	Benign	0.0
SIM-05656	DDR_SIGNALING	Benign	0.0
SIM-05657	DDR_SIGNALING	Benign	0.0
SIM-05658	DDR_SIGNALING	Benign	0.0
SIM-05659	DDR_SIGNALING	Benign	0.0
SIM-05660	DDR_SIGNALING	Benign	0.0
SIM-05661	DDR_SIGNALING	Benign	0.0
SIM-05662	DDR_SIGNALING	Benign	0.0
SIM-05663	DDR_SIGNALING	Benign	0.0
SIM-05664	DDR_SIGNALING	Benign	0.0
SIM-05665	DDR_SIGNALING	Benign	0.0
SIM-05666	DDR_SIGNALING	Benign	0.0
SIM-05667	DDR_SIGNALING	Benign	0.0
SIM-05668	DDR_SIGNALING	Benign	0.0
SIM-05669	DDR_SIGNALING	Benign	0.0
SIM-05670	DDR_SIGNALING	Benign	0.0
SIM-05671	DDR_SIGNALING	Benign	0.0
SIM-05672	DDR_SIGNALING	Benign	0.0
SIM-05673	DDR_SIGNALING	Benign	0.0
SIM-05674	DDR_SIGNALING	Benign	0.0
SIM-05675	DDR_SIGNALING	Benign	0.0
SIM-05676	DDR_SIGNALING	Benign	0.0
SIM-05677	DDR_SIGNALING	Benign	0.0
SIM-05678	DDR_SIGNALING	Benign	0.0
SIM-05679	DDR_SIGNALING	Benign	0.0
SIM-05680	DDR_SIGNALING	Benign	0.0
SIM-05681	DDR_SIGNALING	Benign	0.0
SIM-05682	DDR_SIGNALING	Benign	0.0
SIM-05683	DDR_SIGNALING	Benign	0.0
SIM-05684	DDR_SIGNALING	Benign	0.0
SIM-05685	DDR_SIGNALING	Benign	0.0
SIM-05686	DDR_SIGNALING	Benign	0.0
SIM-05687	DDR_SIGNALING	Benign	0.0
SIM-05688	DDR_SIGNALING	Benign	0.907407
SIM-05689	DDR_SIGNALING	Benign	0.0
SIM-05690	DDR_SIGNALING	Benign	0.0
SIM-05691	DDR_SIGNALING	Benign	0.0
SIM-05692	DDR_SIGNALING	Benign	0.0
SIM-05693	DDR_SIGNALING	Benign	0.0
SIM-05694	DDR_SIGNALING	Benign	0.0
SIM-05695	DDR_SIGNALING	Benign	0.619048
SIM-05696	DDR_SIGNALING	Benign	0.0
SIM-05697	DDR_SIGNALING	Benign	0.0
SIM-05698	DDR_SIGNALING	Benign	0.0
SIM-05699	DDR_SIGNALING	Benign	0.0
SIM-05700	DDR_SIGNALING	Benign	0.0
SIM-05701	DDR_SIGNALING	Benign	0.0
SIM-05702	DDR_SIGNALING	Benign	0.0
SIM-05703	DDR_SIGNALING	Benign	0.0
SIM-05704	DDR_SIGNALING	Benign	0.0
SIM-05705	DDR_SIGNALING	Benign	0.0
SIM-05706	DDR_SIGNALING	Benign	0.0
SIM-05707	DDR_SIGNALING	Benign	0.0
SIM-05708	DDR_SIGNALING	Benign	0.0
SIM-05709	DDR_SIGNALING	Benign	0.0
SIM-05710	DDR_SIGNALING	Benign	0.774194
SIM-05711	DDR_SIGNALING	Benign	0.0
SIM-05712	DDR_SIGNALING	Benign	0.0
SIM-05713	DDR_SIGNALING	Benign	0.0
SIM-05714	DDR_SIGNALING	Benign	0.0
SIM-05715	DDR_SIGNALING	Benign	0.0
SIM-05716	DDR_SIGNALING	Benign	0.0
SIM-05717	DDR_SIGNALING	Benign	0.0
SIM-05718	DDR_SIGNALING	Benign	0.0
SIM-05719	DDR_SIGNALING	Benign	0.0
SIM-05720	DDR_SIGNALING	Benign	0.0
SIM-05721	DDR_SIGNALING	Benign	0.0
SIM-05722	DDR_SIGNALING	Benign	0.0
SIM-05723	DDR_SIGNALING	Benign	0.0
SIM-05724	DDR_SIGNALING	Benign	0.0
SIM-05725	DDR_SIGNALING	Benign	0.0
SIM-05726	DDR_SIGNALING	Benign	0.0
SIM-05727	DDR_SIGNALING	Benign	0.931507
SIM-05728	DDR_SIGNALING	Benign	0.0
SIM-05729	DDR_SIGNALING	Benign	0.0
SIM-05730	DDR_SIGNALING	Benign	0.0
SIM-05731	DDR_SIGNALING	Benign	0.0
SIM-05732	DDR_SIGNALING	Benign	0.0
SIM-05733	DDR_SIGNALING	Benign	0.0
SIM-05734	DDR_SIGNALING	Benign	0.0
SIM-05735	DDR_SIGNALING	Benign	0.0
SIM-05736	DDR_SIGNALING	Benign	0.0
SIM-05737	DDR_SIGNALING	Benign	0.0
SIM-05738	DDR_SIGNALING	Benign	0.0
SIM-05739	DDR_SIGNALING	Benign	0.0
SIM-05740	DDR_SIGNALING	Benign	0.0
SIM-05741	DDR_SIGNALING	Benign	0.0
SIM-05742	DDR_SIGNALING	Benign	0.0
SIM-05743	DDR_SIGNALING	Benign	0.0
SIM-05744	DDR_SIGNALING	Benign	0.0
SIM-05745	DDR_SIGNALING	Benign	0.0
SIM-05746	DDR_SIGNALING	Benign	0.0
SIM-05747	DDR_SIGNALING	Benign	0.0
SIM-05748	DDR_SIGNALING	Benign	0.0
SIM-05749	DDR_SIGNALING	Benign	0.0
SIM-05750	DDR_SIGNALING	Benign	0.0
SIM-05751	DDR_SIGNALING	Benign	0.0
SIM-05752	DDR_SIGNALING	Benign	0.0
SIM-05753	DDR_SIGNALING	Benign	0.0
SIM-05754	DDR_SIGNALING	Benign	0.0
SIM-05755	DDR_SIGNALING	Benign	0.0
SIM-05756	DDR_SIGNALING	Benign	0.0
SIM-05757	DDR_SIGNALING	Benign	0.0
SIM-05758	DDR_SIGNALING	Benign	0.0
SIM-05759	DDR_SIGNALING	Benign	0.0
SIM-05760	DDR_SIGNALING	Benign	0.0
SIM-05761	DDR_SIGNALING	Benign	0.0
SIM-05762	DDR_SIGNALING	Benign	0.0
SIM-05763	DDR_SIGNALING	Benign	0.0
SIM-05764	DDR_SIGNALING	Benign	0.0
SIM-05765	DDR_SIGNALING	Benign	0.0
SIM-05766	DDR_SIGNALING	Benign	0.0
SIM-05767	DDR_SIGNALING	Benign	0.0
SIM-05768	DDR_SIGNALING	Benign	0.0
SIM-05769	DDR_SIGNALING	Benign	0.0
SIM-05770	DDR_SIGNALING	Benign	0.0
SIM-05771	DDR_SIGNALING	Benign	0.0
SIM-05772	DDR_SIGNALING	Benign	0.0
SIM-05773	DDR_SIGNALING	Benign	0.0
SIM-05774	DDR_SIGNALING	Benign	0.0
SIM-05775	DDR_SIGNALING	Benign	0.0
SIM-05776	DDR_SIGNALING	Benign	0.0
SIM-05777	DDR_SIGNALING	Benign	0.0
SIM-05778	DDR_SIGNALING	Benign	0.0
SIM-05779	DDR_SIGNALING	Benign	0.0
SIM-05780	DDR_SIGNALING	Benign	0.0
SIM-05781	DDR_SIGNALING	Benign	0.0
SIM-05782	DDR_SIGNALING	Benign	0.0
SIM-05783	DDR_SIGNALING	Benign	0.0
SIM-05784	DDR_SIGNALING	Benign	0.0
SIM-05785	DDR_SIGNALING	Benign	0.0
SIM-05786	DDR_SIGNALING	Benign	0.754902
SIM-05787	DDR_SIGNALING	Benign	0.0
SIM-05788	DDR_SIGNALING	Benign	0.0
SIM-05789	DDR_SIGNALING	Benign	0.0
SIM-05790	DDR_SIGNALING	Benign	0.0
SIM-05791	DDR_SIGNALING	Benign	0.0
SIM-05792	DDR_SIGNALING	Benign	0.0
SIM-05793	DDR_SIGNALING	Benign	0.0
SIM-05794	DDR_SIGNALING	Benign	0.0
SIM-05795	DDR_SIGNALING	Benign	0.0
SIM-05796	DDR_SIGNALING	Benign	0.0
SIM-05797	DDR_SIGNALING	Benign	0.0
SIM-05798	DDR_SIGNALING	Benign	0.0
SIM-05799	DDR_SIGNALING	Benign	0.0
SIM-05800	DDR_SIGNALING	Benign	0.0
SIM-05801	DDR_SIGNALING	Benign	0.0
SIM-05802	DDR_SIGNALING	Benign	0.0
SIM-05803	DDR_SIGNALING	Benign	0.0
SIM-05804	DDR_SIGNALING	Benign	0.0
SIM-05805	DDR_SIGNALING	Benign	0.0
SIM-05806	DDR_SIGNALING	Benign	0.0
SIM-05807	DDR_SIGNALING	Benign	0.0
SIM-05808	DDR_SIGNALING	Benign	0.0
SIM-05809	DDR_SIGNALING	Benign	0.0
SIM-05810	DDR_SIGNALING	Benign	0.0
SIM-05811	DDR_SIGNALING	Benign	0.0
SIM-05812	DDR_SIGNALING	Benign	0.0
SIM-05813	DDR_SIGNALING	Benign	0.0
SIM-05814	DDR_SIGNALING	Benign	0.0
SIM-05815	DDR_SIGNALING	Benign	0.0
SIM-05816	DDR_SIGNALING	Benign	0.0
SIM-05817	DDR_SIGNALING	Benign	0.0
SIM-05818	DDR_SIGNALING	Benign	0.0
SIM-05819	DDR_SIGNALING	Benign	0.0
SIM-05820	DDR_SIGNALING	Benign	0.0
SIM-05821	DDR_SIGNALING	Benign	0.0
SIM-05822	DDR_SIGNALING	Benign	0.0
SIM-05823	DDR_SIGNALING	Benign	0.0
SIM-05824	DDR_SIGNALING	Benign	0.0
SIM-05825	DDR_SIGNALING	Benign	0.0
SIM-05826	DDR_SIGNALING	Benign	0.0
SIM-05827	DDR_SIGNALING	Benign	0.0
SIM-05828	DDR_SIGNALING	Benign	0.0
SIM-05829	DDR_SIGNALING	Benign	0.0
SIM-05830	DDR_SIGNALING	Benign	0.0
SIM-05831	DDR_SIGNALING	Benign	0.0
SIM-05832	DDR_SIGNALING	Benign	0.0
SIM-05833	DDR_SIGNALING	Benign	0.0
SIM-05834	DDR_SIGNALING	Benign	0.0
SIM-05835	DDR_SIGNALING	Benign	0.0
SIM-05836	DDR_SIGNALING	Benign	0.0
SIM-05837	DDR_SIGNALING	Benign	0.0
SIM-05838	DDR_SIGNALING	Benign	0.0
SIM-05839	DDR_SIGNALING	Benign	0.830189
SIM-05840	DDR_SIGNALING	Benign	0.552239
SIM-05841	DDR_SIGNALING	Benign	0.0
SIM-05842	DDR_SIGNALING	Benign	0.0
SIM-05843	DDR_SIGNALING	Benign	0.0
SIM-05844	DDR_SIGNALING	Benign	0.0
SIM-05845	DDR_SIGNALING	Benign	0.680556
SIM-05846	DDR_SIGNALING	Benign	0.0
SIM-05847	DDR_SIGNALING	Benign	0.0
SIM-05848	DDR_SIGNALING	Benign	0.0
SIM-05849	DDR_SIGNALING	Benign	0.0
SIM-05850	DDR_SIGNALING	Benign	0.0
SIM-05851	DDR_SIGNALING	Benign	0.0
SIM-05852	DDR_SIGNALING	Benign	0.0
SIM-05853	DDR_SIGNALING	Benign	0.0
SIM-05854	DDR_SIGNALING	Benign	0.0
SIM-05855	DDR_SIGNALING	Benign	0.0
SIM-05856	DDR_SIGNALING	Benign	0.0
SIM-05857	DDR_SIGNALING	Benign	0.0
SIM-05858	DDR_SIGNALING	Benign	0.0
SIM-05859	DDR_SIGNALING	Benign	0.0
SIM-05860	DDR_SIGNALING	Benign	0.0
SIM-05861	DDR_SIGNALING	Benign	0.0
SIM-05862	DDR_SIGNALING	Benign	0.0
SIM-05863	DDR_SIGNALING	Benign	0.0
SIM-05864	DDR_SIGNALING	Benign	0.0
SIM-05865	DDR_SIGNALING	Benign	0.0
SIM-05866	DDR_SIGNALING	Benign	0.0
SIM-05867	DDR_SIGNALING	Benign	0.0
SIM-05868	DDR_SIGNALING	Benign	0.0
SIM-05869	DDR_SIGNALING	Benign	0.0
SIM-05870	DDR_SIGNALING	Benign	0.0
SIM-05871	DDR_SIGNALING	Benign	0.0
SIM-05872	DDR_SIGNALING	Benign	0.0
SIM-05873	DDR_SIGNALING	Benign	0.0
SIM-05874	DDR_SIGNALING	Benign	0.0
SIM-05875	DDR_SIGNALING	Benign	0.0
SIM-05876	DDR_SIGNALING	Benign	0.0
SIM-05877	DDR_SIGNALING	Benign	0.0
SIM-05878	DDR_SIGNALING	Benign	0.0
SIM-05879	DDR_SIGNALING	Benign	0.0
SIM-05880	DDR_SIGNALING	Benign	0.0
SIM-05881	DDR_SIGNALING	Benign	0.0
SIM-05882	DDR_SIGNALING	Benign	0.0
SIM-05883	DDR_SIGNALING	Benign	0.0
SIM-05884	DDR_SIGNALING	Benign	0.0
SIM-05885	DDR_SIGNALING	Benign	0.0
SIM-05886	DDR_SIGNALING	Benign	0.0
SIM-05887	DDR_SIGNALING	Benign	0.0
SIM-05888	DDR_SIGNALING	Benign	0.0
SIM-05889	DDR_SIGNALING	Benign	0.0
SIM-05890	DDR_SIGNALING	Benign	0.0
SIM-05891	DDR_SIGNALING	Benign	0.0
SIM-05892	DDR_SIGNALING	Benign	0.0
SIM-05893	DDR_SIGNALING	Benign	0.0
SIM-05894	DDR_SIGNALING	Benign	0.0
SIM-05895	DDR_SIGNALING	Benign	0.0
SIM-05896	DDR_SIGNALING	Benign	0.0
SIM-05897	DDR_SIGNALING	Benign	0.0
SIM-05898	DDR_SIGNALING	Benign	0.0
SIM-05899	DDR_SIGNALING	Benign	0.0
SIM-05900	DDR_SIGNALING	Benign	0.0
SIM-05901	DDR_SIGNALING	Benign	0.0
SIM-05902	DDR_SIGNALING	Benign	0.0
SIM-05903	DDR_SIGNALING	Benign	0.0
SIM-05904	DDR_SIGNALING	Benign	0.0
SIM-05905	DDR_SIGNALING	Benign	0.0
SIM-05906	DDR_SIGNALING	Benign	0.0
SIM-05907	DDR_SIGNALING	Benign	0.0
SIM-05908	DDR_SIGNALING	Benign	0.802469
SIM-05909	DDR_SIGNALING	Benign	0.0
SIM-05910	DDR_SIGNALING	Benign	0.0
SIM-05911	DDR_SIGNALING	Benign	0.6
SIM-05912	DDR_SIGNALING	Benign	0.0
SIM-05913	DDR_SIGNALING	Benign	0.0
SIM-05914	DDR_SIGNALING	Benign	0.0
SIM-05915	DDR_SIGNALING	Benign	0.0
SIM-05916	DDR_SIGNALING	Benign	0.0
SIM-05917	DDR_SIGNALING	Benign	0.0
SIM-05918	DDR_SIGNALING	Benign	0.0
SIM-05919	DDR_SIGNALING	Benign	0.0
SIM-05920	DDR_SIGNALING	Benign	0.0
SIM-05921	DDR_SIGNALING	Benign	0.0
SIM-05922	DDR_SIGNALING	Benign	0.0
SIM-05923	DDR_SIGNALING	Benign	0.0
SIM-05924	DDR_SIGNALING	Benign	0.0
SIM-05925	DDR_SIGNALING	Benign	0.0
SIM-05926	DDR_SIGNALING	Benign	0.0
SIM-05927	DDR_SIGNALING	Benign	0.0
SIM-05928	DDR_SIGNALING	Benign	0.0
SIM-05929	DDR_SIGNALING	Benign	0.0
SIM-05930	DDR_SIGNALING	Benign	0.0
SIM-05931	DDR_SIGNALING	Benign	0.0
SIM-05932	DDR_SIGNALING	Benign	0.0
SIM-05933	DDR_SIGNALING	Benign	0.0
SIM-05934	DDR_SIGNALING	Benign	0.0
SIM-05935	DDR_SIGNALING	Benign	0.0
SIM-05936	DDR_SIGNALING	Benign	0.0
SIM-05937	DDR_SIGNALING	Benign	0.0
SIM-05938	DDR_SIGNALING	Benign	0.0
SIM-05939	DDR_SIGNALING	Benign	0.0
SIM-05940	DDR_SIGNALING	Benign	0.0
SIM-05941	DDR_SIGNALING	Benign	0.0
SIM-05942	DDR_SIGNALING	Benign	0.0
SIM-05943	DDR_SIGNALING	Benign	0.0
SIM-05944	DDR_SIGNALING	Benign	0.0
SIM-05945	DDR_SIGNALING	Benign	0.0
SIM-05946	DDR_SIGNALING	Benign	0.0
SIM-05947	DDR_SIGNALING	Benign	0.0
SIM-05948	DDR_SIGNALING	Benign	0.0
SIM-05949	DDR_SIGNALING	Benign	0.0
SIM-05950	DDR_SIGNALING	Benign	0.0
SIM-05951	DDR_SIGNALING	Benign	0.0
SIM-05952	DDR_SIGNALING	Benign	0.0
SIM-05953	DDR_SIGNALING	Benign	0.0
SIM-05954	DDR_SIGNALING	Benign	0.0
SIM-05955	DDR_SIGNALING	Benign	0.0
SIM-05956	DDR_SIGNALING	Benign	0.0
SIM-05957	DDR_SIGNALING	Benign	0.0
SIM-05958	DDR_SIGNALING	Benign	0.0
SIM-05959	DDR_SIGNALING	Benign	0.0
SIM-05960	DDR_SIGNALING	Benign	0.0
SIM-05961	DDR_SIGNALING	Benign	0.0
SIM-05962	DDR_SIGNALING	Benign	0.372549
SIM-05963	DDR_SIGNALING	Benign	0.0
SIM-05964	DDR_SIGNALING	Benign	0.0
SIM-05965	DDR_SIGNALING	Benign	0.765625
SIM-05966	DDR_SIGNALING	Benign	0.0
SIM-05967	DDR_SIGNALING	Benign	0.0
SIM-05968	DDR_SIGNALING	Benign	0.0
SIM-05969	DDR_SIGNALING	Benign	0.0
SIM-05970	DDR_SIGNALING	Benign	0.0
SIM-05971	DDR_SIGNALING	Benign	0.0
SIM-05972	DDR_SIGNALING	Benign	0.0
SIM-05973	DDR_SIGNALING	Benign	0.0
SIM-05974	DDR_SIGNALING	Benign	0.0
SIM-05975	DDR_SIGNALING	Benign	0.0
SIM-05976	DDR_SIGNALING	Benign	0.0
SIM-05977	DDR_SIGNALING	Benign	0.0
SIM-05978	DDR_SIGNALING	Benign	0.0
SIM-05979	DDR_SIGNALING	Benign	0.0
SIM-05980	DDR_SIGNALING	Benign	0.0
SIM-05981	DDR_SIGNALING	Benign	0.0
SIM-05982	DDR_SIGNALING	Benign	0.0
SIM-05983	DDR_SIGNALING	Benign	0.0
SIM-05984	DDR_SIGNALING	Benign	0.0
SIM-05985	DDR_SIGNALING	Benign	0.0
SIM-05986	DDR_SIGNALING	Benign	0.0
SIM-05987	DDR_SIGNALING	Benign	0.0
SIM-05988	DDR_SIGNALING	Benign	0.0
SIM-05989	DDR_SIGNALING	Benign	0.0
SIM-05990	DDR_SIGNALING	Benign	0.0
SIM-05991	DDR_SIGNALING	Benign	0.0
SIM-05992	DDR_SIGNALING	Benign	0.0
SIM-05993	DDR_SIGNALING	Benign	0.0
SIM-05994	DDR_SIGNALING	Benign	0.0
SIM-05995	DDR_SIGNALING	Benign	0.0
SIM-05996	DDR_SIGNALING	Benign	0.0
SIM-05997	DDR_SIGNALING	Benign	0.0
SIM-05998	DDR_SIGNALING	Benign	0.0
SIM-05999	DDR_SIGNALING	Benign	0.0
SIM-06000	DDR_SIGNALING	Benign	0.0
SIM-06001	DDR_SIGNALING	Benign	0.0
SIM-06002	DDR_SIGNALING	Benign	0.0
SIM-06003	DDR_SIGNALING	Benign	0.0
SIM-06004	DDR_SIGNALING	Benign	0.0
SIM-06005	DDR_SIGNALING	Benign	0.0
SIM-06006	DDR_SIGNALING	Benign	0.0
SIM-06007	DDR_SIGNALING	Benign	0.0
SIM-06008	DDR_SIGNALING	Benign	0.0
SIM-06009	DDR_SIGNALING	Benign	0.0
SIM-06010	DDR_SIGNALING	Benign	0.0
SIM-06011	DDR_SIGNALING	Benign	0.0
SIM-06012	DDR_SIGNALING	Benign	0.0
SIM-06013	DDR_SIGNALING	Benign	0.0
SIM-06014	DDR_SIGNALING	Benign	0.0
SIM-06015	DDR_SIGNALING	Benign	0.0
SIM-06016	DDR_SIGNALING	Benign	0.0
SIM-06017	DDR_SIGNALING	Benign	0.851064
SIM-06018	DDR_SIGNALING	Benign	0.0
SIM-06019	DDR_SIGNALING	Benign	0.0
SIM-06020	DDR_SIGNALING	Benign	0.0
SIM-06021	DDR_SIGNALING	Benign	0.0
SIM-06022	DDR_SIGNALING	Benign	0.0
SIM-06023	DDR_SIGNALING	Benign	0.0
SIM-06024	DDR_SIGNALING	Benign	0.0
SIM-06025	DDR_SIGNALING	Benign	0.0
SIM-06026	DDR_SIGNALING	Benign	0.0
SIM-06027	DDR_SIGNALING	Benign	0.0
SIM-06028	DDR_SIGNALING	Benign	0.0
SIM-06029	DDR_SIGNALING	Benign	0.0
SIM-06030	DDR_SIGNALING	Benign	0.0
SIM-06031	DDR_SIGNALING	Benign	0.0
SIM-06032	DDR_SIGNALING	Benign	0.0
SIM-06033	DDR_SIGNALING	Benign	0.0
SIM-06034	DDR_SIGNALING	Benign	0.0
SIM-06035	DDR_SIGNALING	Benign	0.0
SIM-06036	DDR_SIGNALING	Benign	0.0
SIM-06037	DDR_SIGNALING	Benign	0.0
SIM-06038	DDR_SIGNALING	Benign	0.0
SIM-06039	DDR_SIGNALING	Benign	0.0
SIM-06040	DDR_SIGNALING	Benign	0.0
SIM-06041	DDR_SIGNALING	Benign	0.0
SIM-06042	DDR_SIGNALING	Benign	0.0
SIM-06043	DDR_SIGNALING	Benign	0.0
SIM-06044	DDR_SIGNALING	Benign	0.0
SIM-06045	DDR_SIGNALING	Benign	0.0
SIM-06046	DDR_SIGNALING	Benign	0.0
SIM-06047	DDR_SIGNALING	Benign	0.0
SIM-06048	DDR_SIGNALING	Benign	0.0
SIM-06049	DDR_SIGNALING	Benign	0.0
SIM-06050	DDR_SIGNALING	Benign	0.0
SIM-06051	DDR_SIGNALING	Benign	0.0
SIM-06052	DDR_SIGNALING	Benign	0.0
SIM-06053	DDR_SIGNALING	Benign	0.827586
SIM-06054	DDR_SIGNALING	Benign	0.0
SIM-06055	DDR_SIGNALING	Benign	0.80597
SIM-06056	DDR_SIGNALING	Benign	0.0
SIM-06057	DDR_SIGNALING	Benign	0.0
SIM-06058	DDR_SIGNALING	Benign	0.0
SIM-06059	DDR_SIGNALING	Benign	0.0
SIM-06060	DDR_SIGNALING	Benign	0.0
SIM-06061	DDR_SIGNALING	Benign	0.0
SIM-06062	DDR_SIGNALING	Benign	0.0
SIM-06063	DDR_SIGNALING	Benign	0.0
SIM-06064	DDR_SIGNALING	Benign	0.0
SIM-06065	DDR_SIGNALING	Benign	0.0
SIM-06066	DDR_SIGNALING	Benign	0.0
SIM-06067	DDR_SIGNALING	Benign	0.0
SIM-06068	DDR_SIGNALING	Benign	0.0
SIM-06069	DDR_SIGNALING	Benign	0.0
SIM-06070	DDR_SIGNALING	Benign	0.0
SIM-06071	DDR_SIGNALING	Benign	0.0
SIM-06072	DDR_SIGNALING	Benign	0.0
SIM-06073	DDR_SIGNALING	Benign	0.733333
SIM-06074	DDR_SIGNALING	Benign	0.0
SIM-06075	DDR_SIGNALING	Benign	0.0
SIM-06076	DDR_SIGNALING	Benign	0.0
SIM-06077	DDR_SIGNALING	Benign	0.0
SIM-06078	DDR_SIGNALING	Benign	0.0
SIM-06079	DDR_SIGNALING	Benign	0.0
SIM-06080	DDR_SIGNALING	Benign	0.0
SIM-06081	DDR_SIGNALING	Benign	0.0
SIM-06082	DDR_SIGNALING	Benign	0.0
SIM-06083	DDR_SIGNALING	Benign	0.0
SIM-06084	DDR_SIGNALING	Benign	0.0
SIM-06085	DDR_SIGNALING	Benign	0.0
SIM-06086	DDR_SIGNALING	Benign	0.0
SIM-06087	DDR_SIGNALING	Benign	0.0
SIM-06088	DDR_SIGNALING	Benign	0.0
SIM-06089	DDR_SIGNALING	Benign	0.0
SIM-06090	DDR_SIGNALING	Benign	0.0
SIM-06091	DDR_SIGNALING	Benign	0.0
SIM-06092	DDR_SIGNALING	Benign	0.0
SIM-06093	DDR_SIGNALING	Benign	0.0
SIM-06094	DDR_SIGNALING	Benign	0.0
SIM-06095	DDR_SIGNALING	Benign	0.0
SIM-06096	DDR_SIGNALING	Benign	0.0
SIM-06097	DDR_SIGNALING	Benign	0.0
SIM-06098	DDR_SIGNALING	Benign	0.0
SIM-06099	DDR_SIGNALING	Benign	0.0
SIM-06100	DDR_SIGNALING	Benign	0.0
SIM-06101	DDR_SIGNALING	Benign	0.0
SIM-06102	DDR_SIGNALING	Benign	0.0
SIM-06103	DDR_SIGNALING	Benign	0.0
SIM-06104	DDR_SIGNALING	Benign	0.0
SIM-06105	DDR_SIGNALING	Benign	0.0
SIM-06106	DDR_SIGNALING	Benign	0.0
SIM-06107	DDR_SIGNALING	Benign	0.0
SIM-06108	DDR_SIGNALING	Benign	0.0
SIM-06109	DDR_SIGNALING	Benign	0.0
SIM-06110	DDR_SIGNALING	Benign	0.0
SIM-06111	DDR_SIGNALING	Benign	0.0
SIM-06112	DDR_SIGNALING	Benign	0.0
SIM-06113	DDR_SIGNALING	Benign	0.0
SIM-06114	DDR_SIGNALING	Benign	0.0
SIM-06115	DDR_SIGNALING	Benign	0.0
SIM-06116	DDR_SIGNALING	Benign	0.0
SIM-06117	DDR_SIGNALING	Benign	0.511905
SIM-06118	DDR_SIGNALING	Benign	0.0
SIM-06119	DDR_SIGNALING	Benign	0.0
SIM-06120	DDR_SIGNALING	Benign	0.0
SIM-06121	DDR_SIGNALING	Benign	0.0
SIM-06122	DDR_SIGNALING	Benign	0.0
SIM-06123	DDR_SIGNALING	Benign	0.0
SIM-06124	DDR_SIGNALING	Benign	0.0
SIM-06125	DDR_SIGNALING	Benign	0.0
SIM-06126	DDR_SIGNALING	Benign	0.0
SIM-06127	DDR_SIGNALING	Benign	0.0
SIM-06128	DDR_SIGNALING	Benign	0.0
SIM-06129	DDR_SIGNALING	Benign	0.0
SIM-06130	DDR_SIGNALING	Benign	0.0
SIM-06131	DDR_SIGNALING	Benign	0.0
SIM-06132	DDR_SIGNALING	Benign	0.0
SIM-06133	DDR_SIGNALING	Benign	0.0
SIM-06134	DDR_SIGNALING	Benign	0.0
SIM-06135	DDR_SIGNALING	Benign	0.0
SIM-06136	DDR_SIGNALING	Benign	0.869565
SIM-06137	DDR_SIGNALING	Benign	0.0
SIM-06138	DDR_SIGNALING	Benign	0.0
SIM-06139	DDR_SIGNALING	Benign	0.0
SIM-06140	DDR_SIGNALING	Benign	0.0
SIM-06141	DDR_SIGNALING	Benign	0.0
SIM-06142	DDR_SIGNALING	Benign	0.0
SIM-06143	DDR_SIGNALING	Benign	0.0
SIM-06144	DDR_SIGNALING	Benign	0.0
SIM-06145	DDR_SIGNALING	Benign	0.0
SIM-06146	DDR_SIGNALING	Benign	0.0
SIM-06147	DDR_SIGNALING	Benign	0.0
SIM-06148	DDR_SIGNALING	Benign	0.0
SIM-06149	DDR_SIGNALING	Benign	0.0
SIM-06150	DDR_SIGNALING	Benign	0.0
SIM-06151	DDR_SIGNALING	Benign	0.0
SIM-06152	DDR_SIGNALING	Benign	0.0
SIM-06153	DDR_SIGNALING	Benign	0.0
SIM-06154	DDR_SIGNALING	Benign	0.0
SIM-06155	DDR_SIGNALING	Benign	0.0
SIM-06156	DDR_SIGNALING	Benign	0.0
SIM-06157	DDR_SIGNALING	Benign	0.0
SIM-06158	DDR_SIGNALING	Benign	0.0
SIM-06159	DDR_SIGNALING	Benign	0.0
SIM-06160	DDR_SIGNALING	Benign	0.0
SIM-06161	DDR_SIGNALING	Benign	0.0
SIM-06162	DDR_SIGNALING	Benign	0.0
SIM-06163	DDR_SIGNALING	Benign	0.0
SIM-06164	DDR_SIGNALING	Benign	0.0
SIM-06165	DDR_SIGNALING	Benign	0.0
SIM-06166	DDR_SIGNALING	Benign	0.0
SIM-06167	DDR_SIGNALING	Benign	0.0
SIM-06168	DDR_SIGNALING	Benign	0.0
SIM-06169	DDR_SIGNALING	Benign	0.0
SIM-06170	DDR_SIGNALING	Benign	0.0
SIM-06171	DDR_SIGNALING	Benign	0.0
SIM-06172	DDR_SIGNALING	Benign	0.0
SIM-06173	DDR_SIGNALING	Benign	0.0
SIM-06174	DDR_SIGNALING	Benign	0.0
SIM-06175	DDR_SIGNALING	Benign	0.0
SIM-06176	DDR_SIGNALING	Benign	0.630435
SIM-06177	DDR_SIGNALING	Benign	0.0
SIM-06178	DDR_SIGNALING	Benign	0.0
SIM-06179	DDR_SIGNALING	Benign	0.0
SIM-06180	DDR_SIGNALING	Benign	0.0
SIM-06181	DDR_SIGNALING	Benign	0.0
SIM-06182	DDR_SIGNALING	Benign	0.0
SIM-06183	DDR_SIGNALING	Benign	1.0
SIM-06184	DDR_SIGNALING	Benign	0.0
SIM-06185	DDR_SIGNALING	Benign	0.0
SIM-06186	DDR_SIGNALING	Benign	0.0
SIM-06187	DDR_SIGNALING	Benign	0.0
SIM-06188	DDR_SIGNALING	Benign	0.0
SIM-06189	DDR_SIGNALING	Benign	0.850746
SIM-06190	DDR_SIGNALING	Benign	0.0
SIM-06191	DDR_SIGNALING	Benign	0.0
SIM-06192	DDR_SIGNALING	Benign	0.0
SIM-06193	DDR_SIGNALING	Benign	0.0
SIM-06194	DDR_SIGNALING	Benign	0.0
SIM-06195	DDR_SIGNALING	Benign	0.0
SIM-06196	DDR_SIGNALING	Benign	0.0
SIM-06197	DDR_SIGNALING	Benign	0.0
SIM-06198	DDR_SIGNALING	Benign	0.839286
SIM-06199	DDR_SIGNALING	Benign	0.0
SIM-06200	DDR_SIGNALING	Benign	0.0
SIM-06201	DDR_SIGNALING	Benign	0.0
SIM-06202	DDR_SIGNALING	Benign	0.0
SIM-06203	DDR_SIGNALING	Benign	0.0
SIM-06204	DDR_SIGNALING	Benign	0.661765
SIM-06205	DDR_SIGNALING	Benign	0.0
SIM-06206	DDR_SIGNALING	Benign	0.0
SIM-06207	DDR_SIGNALING	Benign	0.0
SIM-06208	DDR_SIGNALING	Benign	0.0
SIM-06209	DDR_SIGNALING	Benign	0.0
SIM-06210	DDR_SIGNALING	Benign	0.0
SIM-06211	DDR_SIGNALING	Benign	0.0
SIM-06212	DDR_SIGNALING	Benign	0.0
SIM-06213	DDR_SIGNALING	Benign	0.0
SIM-06214	DDR_SIGNALING	Benign	0.0
SIM-06215	DDR_SIGNALING	Benign	0.0
SIM-06216	DDR_SIGNALING	Benign	0.0
SIM-06217	DDR_SIGNALING	Benign	0.0
SIM-06218	DDR_SIGNALING	Benign	0.0
SIM-06219	DDR_SIGNALING	Benign	0.0
SIM-06220	DDR_SIGNALING	Benign	0.0
SIM-06221	DDR_SIGNALING	Benign	0.0
SIM-06222	DDR_SIGNALING	Benign	0.0
SIM-06223	DDR_SIGNALING	Benign	0.0
SIM-06224	DDR_SIGNALING	Benign	0.0
SIM-06225	DDR_SIGNALING	Benign	0.0
SIM-06226	DDR_SIGNALING	Benign	0.0
SIM-06227	DDR_SIGNALING	Benign	0.792453
SIM-06228	DDR_SIGNALING	Benign	0.0
SIM-06229	DDR_SIGNALING	Benign	0.0
SIM-06230	DDR_SIGNALING	Benign	0.0
SIM-06231	DDR_SIGNALING	Benign	0.0
SIM-06232	DDR_SIGNALING	Benign	0.0
SIM-06233	DDR_SIGNALING	Benign	0.0
SIM-06234	DDR_SIGNALING	Benign	0.0
SIM-06235	DDR_SIGNALING	Benign	0.0
SIM-06236	DDR_SIGNALING	Benign	0.0
SIM-06237	DDR_SIGNALING	Benign	0.0
SIM-06238	DDR_SIGNALING	Benign	0.0
SIM-06239	DDR_SIGNALING	Benign	0.0
SIM-06240	DDR_SIGNALING	Benign	0.0
SIM-06241	DDR_SIGNALING	Benign	0.0
SIM-06242	DDR_SIGNALING	Benign	0.0
SIM-06243	DDR_SIGNALING	Benign	0.0
SIM-06244	DDR_SIGNALING	Benign	0.520833
SIM-06245	DDR_SIGNALING	Benign	0.730159
SIM-06246	DDR_SIGNALING	Benign	0.0
SIM-06247	DDR_SIGNALING	Benign	0.0
SIM-06248	DDR_SIGNALING	Benign	0.0
SIM-06249	DDR_SIGNALING	Benign	0.0
SIM-06250	DDR_SIGNALING	Benign	0.0
SIM-06251	DDR_SIGNALING	Benign	0.77193
SIM-06252	DDR_SIGNALING	Benign	0.0
SIM-06253	DDR_SIGNALING	Benign	0.0
SIM-06254	DDR_SIGNALING	Benign	0.0
SIM-06255	DDR_SIGNALING	Benign	0.0
SIM-06256	DDR_SIGNALING	Benign	0.0
SIM-06257	DDR_SIGNALING	Benign	0.0
SIM-06258	DDR_SIGNALING	Benign	0.0
SIM-06259	DDR_SIGNALING	Benign	0.0
SIM-06260	DDR_SIGNALING	Benign	0.0
SIM-06261	DDR_SIGNALING	Benign	0.0
SIM-06262	DDR_SIGNALING	Benign	0.0
SIM-06263	DDR_SIGNALING	Benign	0.0
SIM-06264	DDR_SIGNALING	Benign	0.0
SIM-06265	DDR_SIGNALING	Benign	0.0
SIM-06266	DDR_SIGNALING	Benign	0.0
SIM-06267	DDR_SIGNALING	Benign	0.0
SIM-06268	DDR_SIGNALING	Benign	0.0
SIM-06269	DDR_SIGNALING	Benign	0.0
SIM-06270	DDR_SIGNALING	Benign	0.0
SIM-06271	DDR_SIGNALING	Benign	0.0
SIM-06272	DDR_SIGNALING	Benign	0.0
SIM-06273	DDR_SIGNALING	Benign	0.0
SIM-06274	DDR_SIGNALING	Benign	0.0
SIM-06275	DDR_SIGNALING	Benign	0.0
SIM-06276	DDR_SIGNALING	Benign	0.0
SIM-06277	DDR_SIGNALING	Benign	0.0
SIM-06278	DDR_SIGNALING	Benign	0.0
SIM-06279	DDR_SIGNALING	Benign	0.0
SIM-06280	DDR_SIGNALING	Benign	0.0
SIM-06281	DDR_SIGNALING	Benign	0.0
SIM-06282	DDR_SIGNALING	Benign	0.0
SIM-06283	DDR_SIGNALING	Benign	0.0
SIM-06284	DDR_SIGNALING	Benign	0.649123
SIM-06285	DDR_SIGNALING	Benign	0.0
SIM-06286	DDR_SIGNALING	Benign	0.0
SIM-06287	DDR_SIGNALING	Benign	0.0
SIM-06288	DDR_SIGNALING	Benign	0.0
SIM-06289	DDR_SIGNALING	Benign	0.0
SIM-06290	DDR_SIGNALING	Benign	0.0
SIM-06291	DDR_SIGNALING	Benign	0.0
SIM-06292	DDR_SIGNALING	Benign	0.0
SIM-06293	DDR_SIGNALING	Benign	0.0
SIM-06294	DDR_SIGNALING	Benign	0.0
SIM-06295	DDR_SIGNALING	Benign	0.0
SIM-06296	DDR_SIGNALING	Benign	0.0
SIM-06297	DDR_SIGNALING	Benign	0.0
SIM-06298	DDR_SIGNALING	Benign	0.0
SIM-06299	DDR_SIGNALING	Benign	0.0
SIM-06300	DDR_SIGNALING	Benign	0.0
SIM-06301	DDR_SIGNALING	Benign	0.0
SIM-06302	DDR_SIGNALING	Benign	0.0
SIM-06303	DDR_SIGNALING	Benign	0.0
SIM-06304	DDR_SIGNALING	Benign	0.0
SIM-06305	DDR_SIGNALING	Benign	0.0
SIM-06306	DDR_SIGNALING	Benign	0.0
SIM-06307	DDR_SIGNALING	Benign	0.0
SIM-06308	DDR_SIGNALING	Benign	0.0
SIM-06309	DDR_SIGNALING	Benign	0.0
SIM-06310	DDR_SIGNALING	Benign	0.0
SIM-06311	DDR_SIGNALING	Benign	0.0
SIM-06312	DDR_SIGNALING	Benign	0.0
SIM-06313	DDR_SIGNALING	Benign	0.0
SIM-06314	DDR_SIGNALING	Benign	0.0
SIM-06315	DDR_SIGNALING	Benign	0.0
SIM-06316	DDR_SIGNALING	Benign	0.0
SIM-06317	DDR_SIGNALING	Benign	0.0
SIM-06318	DDR_SIGNALING	Benign	0.0
SIM-06319	DDR_SIGNALING	Benign	0.353846
SIM-06320	DDR_SIGNALING	Benign	0.0
SIM-06321	DDR_SIGNALING	Benign	0.0
SIM-06322	DDR_SIGNALING	Benign	0.0
SIM-06323	DDR_SIGNALING	Benign	0.0
SIM-06324	DDR_SIGNALING	Benign	0.0
SIM-06325	DDR_SIGNALING	Benign	0.0
SIM-06326	DDR_SIGNALING	Benign	0.0
SIM-06327	DDR_SIGNALING	Benign	0.0
SIM-06328	DDR_SIGNALING	Benign	0.0
SIM-06329	DDR_SIGNALING	Benign	0.0
SIM-06330	DDR_SIGNALING	Benign	0.0
SIM-06331	DDR_SIGNALING	Benign	0.0
SIM-06332	DDR_SIGNALING	Benign	0.0
SIM-06333	DDR_SIGNALING	Benign	0.0
SIM-06334	DDR_SIGNALING	Benign	0.0
SIM-06335	DDR_SIGNALING	Benign	0.0
SIM-06336	DDR_SIGNALING	Benign	0.0
SIM-06337	DDR_SIGNALING	Benign	0.0
SIM-06338	DDR_SIGNALING	Benign	0.0
SIM-06339	DDR_SIGNALING	Benign	0.0
SIM-06340	DDR_SIGNALING	Benign	0.0
SIM-06341	DDR_SIGNALING	Benign	0.0
SIM-06342	DDR_SIGNALING	Benign	0.0
SIM-06343	DDR_SIGNALING	Benign	0.0
SIM-06344	DDR_SIGNALING	Benign	0.0
SIM-06345	DDR_SIGNALING	Benign	0.0
SIM-06346	DDR_SIGNALING	Benign	0.0
SIM-06347	DDR_SIGNALING	Benign	0.0
SIM-06348	DDR_SIGNALING	Benign	0.0
SIM-06349	DDR_SIGNALING	Benign	0.547945
SIM-06350	DDR_SIGNALING	Benign	0.0
SIM-06351	DDR_SIGNALING	Benign	0.8
SIM-06352	DDR_SIGNALING	Benign	0.0
SIM-06353	DDR_SIGNALING	Benign	0.0
SIM-06354	DDR_SIGNALING	Benign	0.0
SIM-06355	DDR_SIGNALING	Benign	0.0
SIM-06356	DDR_SIGNALING	Benign	0.0
SIM-06357	DDR_SIGNALING	Benign	0.0
SIM-06358	DDR_SIGNALING	Benign	0.0
SIM-06359	DDR_SIGNALING	Benign	0.0
SIM-06360	DDR_SIGNALING	Benign	0.0
SIM-06361	DDR_SIGNALING	Benign	0.0
SIM-06362	DDR_SIGNALING	Benign	0.0
SIM-06363	DDR_SIGNALING	Benign	0.0
SIM-06364	DDR_SIGNALING	Benign	0.0
SIM-06365	DDR_SIGNALING	Benign	0.0
SIM-06366	DDR_SIGNALING	Benign	0.0
SIM-06367	DDR_SIGNALING	Benign	0.0
SIM-06368	DDR_SIGNALING	Benign	0.0
SIM-06369	DDR_SIGNALING	Benign	0.0
SIM-06370	DDR_SIGNALING	Benign	0.0
SIM-06371	DDR_SIGNALING	Benign	0.728571
SIM-06372	DDR_SIGNALING	Benign	0.0
SIM-06373	DDR_SIGNALING	Benign	0.0
SIM-06374	DDR_SIGNALING	Benign	0.0
SIM-06375	DDR_SIGNALING	Benign	0.0
SIM-06376	DDR_SIGNALING	Benign	0.0
SIM-06377	DDR_SIGNALING	Benign	0.0
SIM-06378	DDR_SIGNALING	Benign	0.0
SIM-06379	DDR_SIGNALING	Benign	0.0
SIM-06380	DDR_SIGNALING	Benign	0.0
SIM-06381	DDR_SIGNALING	Benign	0.0
SIM-06382	DDR_SIGNALING	Benign	0.0
SIM-06383	DDR_SIGNALING	Benign	0.0
SIM-06384	DDR_SIGNALING	Benign	0.0
SIM-06385	DDR_SIGNALING	Benign	0.0
SIM-06386	DDR_SIGNALING	Benign	0.0
SIM-06387	DDR_SIGNALING	Benign	0.0
SIM-06388	DDR_SIGNALING	Benign	0.0
SIM-06389	DDR_SIGNALING	Benign	0.0
SIM-06390	DDR_SIGNALING	Benign	0.0
SIM-06391	DDR_SIGNALING	Benign	0.0
SIM-06392	DDR_SIGNALING	Benign	0.0
SIM-06393	DDR_SIGNALING	Benign	0.0
SIM-06394	DDR_SIGNALING	Benign	0.0
SIM-06395	DDR_SIGNALING	Benign	0.55102
SIM-06396	DDR_SIGNALING	Benign	0.0
SIM-06397	DDR_SIGNALING	Benign	0.0
SIM-06398	DDR_SIGNALING	Benign	0.0
SIM-06399	DDR_SIGNALING	Benign	0.0
SIM-06400	DDR_SIGNALING	Benign	0.0
SIM-06401	DDR_SIGNALING	Benign	0.0
SIM-06402	DDR_SIGNALING	Benign	0.0
SIM-06403	DDR_SIGNALING	Benign	0.0
SIM-06404	DDR_SIGNALING	Benign	0.0
SIM-06405	DDR_SIGNALING	Benign	0.0
SIM-06406	DDR_SIGNALING	Benign	0.0
SIM-06407	DDR_SIGNALING	Benign	0.0
SIM-06408	DDR_SIGNALING	Benign	0.0
SIM-06409	DDR_SIGNALING	Benign	0.0
SIM-06410	DDR_SIGNALING	Benign	0.0
SIM-06411	DDR_SIGNALING	Benign	0.0
SIM-06412	DDR_SIGNALING	Benign	0.0
SIM-06413	DDR_SIGNALING	Benign	0.0
SIM-06414	DDR_SIGNALING	Benign	0.0
SIM-06415	DDR_SIGNALING	Benign	0.0
SIM-06416	DDR_SIGNALING	Benign	0.0
SIM-06417	DDR_SIGNALING	Benign	0.0
SIM-06418	DDR_SIGNALING	Benign	0.0
SIM-06419	DDR_SIGNALING	Benign	0.852941
SIM-06420	DDR_SIGNALING	Benign	0.0
SIM-06421	DDR_SIGNALING	Benign	0.0
SIM-06422	DDR_SIGNALING	Benign	0.0
SIM-06423	DDR_SIGNALING	Benign	0.0
SIM-06424	DDR_SIGNALING	Benign	0.0
SIM-06425	DDR_SIGNALING	Benign	0.0
SIM-06426	DDR_SIGNALING	Benign	0.0
SIM-06427	DDR_SIGNALING	Benign	0.0
SIM-06428	DDR_SIGNALING	Benign	0.0
SIM-06429	DDR_SIGNALING	Benign	0.0
SIM-06430	DDR_SIGNALING	Benign	0.0
SIM-06431	DDR_SIGNALING	Benign	0.0
SIM-06432	DDR_SIGNALING	Benign	0.0
SIM-06433	DDR_SIGNALING	Benign	0.0
SIM-06434	DDR_SIGNALING	Benign	0.0
SIM-06435	DDR_SIGNALING	Benign	0.0
SIM-06436	DDR_SIGNALING	Benign	0.0
SIM-06437	DDR_SIGNALING	Benign	0.0
SIM-06438	DDR_SIGNALING	Benign	0.0
SIM-06439	DDR_SIGNALING	Benign	0.0
SIM-06440	DDR_SIGNALING	Benign	0.0
SIM-06441	DDR_SIGNALING	Benign	0.0
SIM-06442	DDR_SIGNALING	Benign	0.0
SIM-06443	DDR_SIGNALING	Benign	0.0
SIM-06444	DDR_SIGNALING	Benign	0.0
SIM-06445	DDR_SIGNALING	Benign	0.0
SIM-06446	DDR_SIGNALING	Benign	0.0
SIM-06447	DDR_SIGNALING	Benign	0.0
SIM-06448	DDR_SIGNALING	Benign	0.0
SIM-06449	DDR_SIGNALING	Benign	0.0
SIM-06450	DDR_SIGNALING	Benign	0.0
SIM-06451	DDR_SIGNALING	Benign	0.0
SIM-06452	DDR_SIGNALING	Benign	0.0
SIM-06453	DDR_SIGNALING	Benign	0.0
SIM-06454	DDR_SIGNALING	Benign	0.0
SIM-06455	DDR_SIGNALING	Benign	0.0
SIM-06456	DDR_SIGNALING	Benign	0.0
SIM-06457	DDR_SIGNALING	Benign	0.0
SIM-06458	DDR_SIGNALING	Benign	0.0
SIM-06459	DDR_SIGNALING	Benign	0.680851
SIM-06460	DDR_SIGNALING	Benign	0.0
SIM-06461	DDR_SIGNALING	Benign	0.0
SIM-06462	DDR_SIGNALING	Benign	0.0
SIM-06463	DDR_SIGNALING	Benign	0.0
SIM-06464	DDR_SIGNALING	Benign	0.0
SIM-06465	DDR_SIGNALING	Benign	0.0
SIM-06466	DDR_SIGNALING	Benign	0.0
SIM-06467	DDR_SIGNALING	Benign	0.0
SIM-06468	DDR_SIGNALING	Benign	0.0
SIM-06469	DDR_SIGNALING	Benign	0.0
SIM-06470	DDR_SIGNALING	Benign	0.0
SIM-06471	DDR_SIGNALING	Benign	0.0
SIM-06472	DDR_SIGNALING	Benign	0.0
SIM-06473	DDR_SIGNALING	Benign	0.0
SIM-06474	DDR_SIGNALING	Benign	0.0
SIM-06475	DDR_SIGNALING	Benign	0.0
SIM-06476	DDR_SIGNALING	Benign	0.0
SIM-06477	DDR_SIGNALING	Benign	0.0
SIM-06478	DDR_SIGNALING	Benign	0.0
SIM-06479	DDR_SIGNALING	Benign	0.0
SIM-06480	DDR_SIGNALING	Benign	0.0
SIM-06481	DDR_SIGNALING	Benign	0.0
SIM-06482	DDR_SIGNALING	Benign	0.0
SIM-06483	DDR_SIGNALING	Benign	0.0
SIM-06484	DDR_SIGNALING	Benign	0.0
SIM-06485	DDR_SIGNALING	Benign	0.0
SIM-06486	DDR_SIGNALING	Benign	0.0
SIM-06487	DDR_SIGNALING	Benign	0.0
SIM-06488	DDR_SIGNALING	Benign	0.0
SIM-06489	DDR_SIGNALING	Benign	0.0
SIM-06490	DDR_SIGNALING	Benign	0.0
SIM-06491	DDR_SIGNALING	Benign	0.0
SIM-06492	DDR_SIGNALING	Benign	0.0
SIM-06493	DDR_SIGNALING	Benign	0.0
SIM-06494	DDR_SIGNALING	Benign	0.0
SIM-06495	DDR_SIGNALING	Benign	0.57971
SIM-06496	DDR_SIGNALING	Benign	0.0
SIM-06497	DDR_SIGNALING	Benign	0.0
SIM-06498	DDR_SIGNALING	Benign	0.0
SIM-06499	DDR_SIGNALING	Benign	0.0
SIM-06500	DDR_SIGNALING	Benign	0.0
SIM-06501	DDR_SIGNALING	Benign	0.0
SIM-06502	DDR_SIGNALING	Benign	0.0
SIM-06503	DDR_SIGNALING	Benign	0.0
SIM-06504	DDR_SIGNALING	Benign	0.0
SIM-06505	DDR_SIGNALING	Benign	0.0
SIM-06506	DDR_SIGNALING	Benign	0.0
SIM-06507	DDR_SIGNALING	Benign	0.0
SIM-06508	DDR_SIGNALING	Benign	0.0
SIM-06509	DDR_SIGNALING	Benign	0.0
SIM-06510	DDR_SIGNALING	Benign	0.0
SIM-06511	DDR_SIGNALING	Benign	0.0
SIM-06512	DDR_SIGNALING	Benign	0.0
SIM-06513	DDR_SIGNALING	Benign	0.0
SIM-06514	DDR_SIGNALING	Benign	0.0
SIM-06515	DDR_SIGNALING	Benign	0.0
SIM-06516	DDR_SIGNALING	Benign	0.0
SIM-06517	DDR_SIGNALING	Benign	0.814815
SIM-06518	DDR_SIGNALING	Benign	0.0
SIM-06519	DDR_SIGNALING	Benign	0.0
SIM-06520	DDR_SIGNALING	Benign	0.0
SIM-06521	DDR_SIGNALING	Benign	0.0
SIM-06522	DDR_SIGNALING	Benign	0.0
SIM-06523	DDR_SIGNALING	Benign	0.0
SIM-06524	DDR_SIGNALING	Benign	0.0
SIM-06525	DDR_SIGNALING	Benign	0.0
SIM-06526	DDR_SIGNALING	Benign	0.0
SIM-06527	DDR_SIGNALING	Benign	0.0
SIM-06528	DDR_SIGNALING	Benign	0.0
SIM-06529	DDR_SIGNALING	Benign	0.0
SIM-06530	DDR_SIGNALING	Benign	0.0
SIM-06531	DDR_SIGNALING	Benign	0.0
SIM-06532	DDR_SIGNALING	Benign	0.0
SIM-06533	DDR_SIGNALING	Benign	0.0
SIM-06534	DDR_SIGNALING	Benign	0.0
SIM-06535	DDR_SIGNALING	Benign	0.0
SIM-06536	DDR_SIGNALING	Benign	0.0
SIM-06537	DDR_SIGNALING	Benign	0.0
SIM-06538	DDR_SIGNALING	Benign	0.0
SIM-06539	DDR_SIGNALING	Benign	0.0
SIM-06540	DDR_SIGNALING	Benign	0.0
SIM-06541	DDR_SIGNALING	Benign	0.0
SIM-06542	DDR_SIGNALING	Benign	0.0
SIM-06543	DDR_SIGNALING	Benign	0.0
SIM-06544	DDR_SIGNALING	Benign	0.0
SIM-06545	DDR_SIGNALING	Benign	0.0
SIM-06546	DDR_SIGNALING	Benign	0.0
SIM-06547	DDR_SIGNALING	Benign	0.0
SIM-06548	DDR_SIGNALING	Benign	0.0
SIM-06549	DDR_SIGNALING	Benign	0.0
SIM-06550	DDR_SIGNALING	Benign	0.0
SIM-06551	DDR_SIGNALING	Benign	0.0
SIM-06552	DDR_SIGNALING	Benign	0.0
SIM-06553	DDR_SIGNALING	Benign	0.0
SIM-06554	DDR_SIGNALING	Benign	0.0
SIM-06555	DDR_SIGNALING	Benign	0.0
SIM-06556	DDR_SIGNALING	Benign	0.0
SIM-06557	DDR_SIGNALING	Benign	0.0
SIM-06558	DDR_SIGNALING	Benign	0.0
SIM-06559	DDR_SIGNALING	Benign	0.76
SIM-06560	DDR_SIGNALING	Benign	0.0
SIM-06561	DDR_SIGNALING	Benign	0.0
SIM-06562	DDR_SIGNALING	Benign	0.0
SIM-06563	DDR_SIGNALING	Benign	0.0
SIM-06564	DDR_SIGNALING	Benign	0.574074
SIM-06565	DDR_SIGNALING	Benign	0.0
SIM-06566	DDR_SIGNALING	Benign	0.0
SIM-06567	DDR_SIGNALING	Benign	0.0
SIM-06568	DDR_SIGNALING	Benign	0.0
SIM-06569	DDR_SIGNALING	Benign	0.0
SIM-06570	DDR_SIGNALING	Benign	0.0
SIM-06571	DDR_SIGNALING	Benign	0.0
SIM-06572	DDR_SIGNALING	Benign	0.0
SIM-06573	DDR_SIGNALING	Benign	0.0
SIM-06574	DDR_SIGNALING	Benign	0.0
SIM-06575	DDR_SIGNALING	Benign	0.0
SIM-06576	DDR_SIGNALING	Benign	0.0
SIM-06577	DDR_SIGNALING	Benign	0.0
SIM-06578	DDR_SIGNALING	Benign	0.0
SIM-06579	DDR_SIGNALING	Benign	0.0
SIM-06580	DDR_SIGNALING	Benign	0.0
SIM-06581	DDR_SIGNALING	Benign	0.956522
SIM-06582	DDR_SIGNALING	Benign	0.0
SIM-06583	DDR_SIGNALING	Benign	0.871429
SIM-06584	DDR_SIGNALING	Benign	0.0
SIM-06585	DDR_SIGNALING	Benign	0.0
SIM-06586	DDR_SIGNALING	Benign	0.0
SIM-06587	DDR_SIGNALING	Benign	0.0
SIM-06588	DDR_SIGNALING	Benign	0.0
SIM-06589	DDR_SIGNALING	Benign	0.0
SIM-06590	DDR_SIGNALING	Benign	0.0
SIM-06591	DDR_SIGNALING	Benign	0.0
SIM-06592	DDR_SIGNALING	Benign	0.0
SIM-06593	DDR_SIGNALING	Benign	0.0
SIM-06594	DDR_SIGNALING	Benign	0.0
SIM-06595	DDR_SIGNALING	Benign	0.0
SIM-06596	DDR_SIGNALING	Benign	0.0
SIM-06597	DDR_SIGNALING	Benign	0.0
SIM-06598	DDR_SIGNALING	Benign	0.0
SIM-06599	DDR_SIGNALING	Benign	0.0
SIM-06600	DDR_SIGNALING	Benign	0.0
SIM-06601	DDR_SIGNALING	Benign	0.0
SIM-06602	DDR_SIGNALING	Benign	0.0
SIM-06603	DDR_SIGNALING	Benign	0.0
SIM-06604	DDR_SIGNALING	Benign	0.0
SIM-06605	DDR_SIGNALING	Benign	0.0
SIM-06606	DDR_SIGNALING	Benign	0.0
SIM-06607	DDR_SIGNALING	Benign	0.0
SIM-06608	DDR_SIGNALING	Benign	0.0
SIM-06609	DDR_SIGNALING	Benign	0.0
SIM-06610	DDR_SIGNALING	Benign	0.0
SIM-06611	DDR_SIGNALING	Benign	0.0
SIM-06612	DDR_SIGNALING	Benign	0.0
SIM-06613	DDR_SIGNALING	Benign	0.0
SIM-06614	DDR_SIGNALING	Benign	0.0
SIM-06615	DDR_SIGNALING	Benign	0.0
SIM-06616	DDR_SIGNALING	Benign	0.0
SIM-06617	DDR_SIGNALING	Benign	0.0
SIM-06618	DDR_SIGNALING	Benign	0.0
SIM-06619	DDR_SIGNALING	Benign	0.0
SIM-06620	DDR_SIGNALING	Benign	0.0
SIM-06621	DDR_SIGNALING	Benign	0.0
SIM-06622	DDR_SIGNALING	Benign	0.0
SIM-06623	DDR_SIGNALING	Benign	0.0
SIM-06624	DDR_SIGNALING	Benign	0.0
SIM-06625	DDR_SIGNALING	Benign	0.0
SIM-06626	DDR_SIGNALING	Benign	0.0
SIM-06627	DDR_SIGNALING	Benign	0.820896
SIM-06628	DDR_SIGNALING	Benign	0.0
SIM-06629	DDR_SIGNALING	Benign	0.0
SIM-06630	DDR_SIGNALING	Benign	0.0
SIM-06631	DDR_SIGNALING	Benign	0.0
SIM-06632	DDR_SIGNALING	Benign	0.0
SIM-06633	DDR_SIGNALING	Benign	0.0
SIM-06634	DDR_SIGNALING	Benign	0.0
SIM-06635	DDR_SIGNALING	Benign	0.0
SIM-06636	DDR_SIGNALING	Benign	0.0
SIM-06637	DDR_SIGNALING	Benign	0.0
SIM-06638	DDR_SIGNALING	Benign	0.0
SIM-06639	DDR_SIGNALING	Benign	0.0
SIM-06640	DDR_SIGNALING	Benign	0.0
SIM-06641	DDR_SIGNALING	Benign	0.0
SIM-06642	DDR_SIGNALING	Benign	0.0
SIM-06643	DDR_SIGNALING	Benign	0.0
SIM-06644	DDR_SIGNALING	Benign	0.0
SIM-06645	DDR_SIGNALING	Benign	0.0
SIM-06646	DDR_SIGNALING	Benign	0.0
SIM-06647	DDR_SIGNALING	Benign	0.0
SIM-06648	DDR_SIGNALING	Benign	0.0
SIM-06649	DDR_SIGNALING	Benign	0.0
SIM-06650	DDR_SIGNALING	Benign	0.0
SIM-06651	DDR_SIGNALING	Benign	0.0
SIM-06652	DDR_SIGNALING	Benign	0.0
SIM-06653	DDR_SIGNALING	Benign	0.0
SIM-06654	DDR_SIGNALING	Benign	0.0
SIM-06655	DDR_SIGNALING	Benign	0.0
SIM-06656	DDR_SIGNALING	Benign	0.0
SIM-06657	DDR_SIGNALING	Benign	0.0
SIM-06658	DDR_SIGNALING	Benign	0.0
SIM-06659	DDR_SIGNALING	Benign	0.0
SIM-06660	DDR_SIGNALING	Benign	0.0
SIM-06661	DDR_SIGNALING	Benign	0.0
SIM-06662	DDR_SIGNALING	Benign	0.0
SIM-06663	DDR_SIGNALING	Benign	0.0
SIM-06664	DDR_SIGNALING	Benign	0.0
SIM-06665	DDR_SIGNALING	Benign	0.0
SIM-06666	DDR_SIGNALING	Benign	0.0
SIM-06667	DDR_SIGNALING	Benign	0.0
SIM-06668	DDR_SIGNALING	Benign	0.0
SIM-06669	DDR_SIGNALING	Benign	0.0
SIM-06670	DDR_SIGNALING	Benign	0.0
SIM-06671	DDR_SIGNALING	Benign	0.0
SIM-06672	DDR_SIGNALING	Benign	0.0
SIM-06673	DDR_SIGNALING	Benign	0.0
SIM-06674	DDR_SIGNALING	Benign	0.0
SIM-06675	DDR_SIGNALING	Benign	0.0
SIM-06676	DDR_SIGNALING	Benign	0.0
SIM-06677	DDR_SIGNALING	Benign	0.737705
SIM-06678	DDR_SIGNALING	Benign	0.0
SIM-06679	DDR_SIGNALING	Benign	0.0
SIM-06680	DDR_SIGNALING	Benign	0.0
SIM-06681	DDR_SIGNALING	Benign	0.0
SIM-06682	DDR_SIGNALING	Benign	0.0
SIM-06683	DDR_SIGNALING	Benign	0.0
SIM-06684	DDR_SIGNALING	Benign	0.0
SIM-06685	DDR_SIGNALING	Benign	0.0
SIM-06686	DDR_SIGNALING	Benign	0.0
SIM-06687	DDR_SIGNALING	Benign	0.0
SIM-06688	DDR_SIGNALING	Benign	0.0
SIM-06689	DDR_SIGNALING	Benign	0.0
SIM-06690	DDR_SIGNALING	Benign	0.0
SIM-06691	DDR_SIGNALING	Benign	0.0
SIM-06692	DDR_SIGNALING	Benign	0.0
SIM-06693	DDR_SIGNALING	Benign	0.0
SIM-06694	DDR_SIGNALING	Benign	0.0
SIM-06695	DDR_SIGNALING	Benign	0.0
SIM-06696	DDR_SIGNALING	Benign	0.0
SIM-06697	DDR_SIGNALING	Benign	0.0
SIM-06698	DDR_SIGNALING	Benign	0.0
SIM-06699	DDR_SIGNALING	Benign	0.0
SIM-06700	DDR_SIGNALING	Benign	0.0
SIM-06701	DDR_SIGNALING	Benign	0.0
SIM-06702	DDR_SIGNALING	Benign	0.0
SIM-06703	DDR_SIGNALING	Benign	0.0
SIM-06704	DDR_SIGNALING	Benign	0.0
SIM-06705	DDR_SIGNALING	Benign	0.0
SIM-06706	DDR_SIGNALING	Benign	0.0
SIM-06707	DDR_SIGNALING	Benign	0.0
SIM-06708	DDR_SIGNALING	Benign	0.0
SIM-06709	DDR_SIGNALING	Benign	0.0
SIM-06710	DDR_SIGNALING	Benign	0.0
SIM-06711	DDR_SIGNALING	Benign	0.0
SIM-06712	DDR_SIGNALING	Benign	0.0
SIM-06713	DDR_SIGNALING	Benign	0.0
SIM-06714	DDR_SIGNALING	Benign	0.0
SIM-06715	DDR_SIGNALING	Benign	0.5
SIM-06716	DDR_SIGNALING	Benign	0.0
SIM-06717	DDR_SIGNALING	Benign	0.0
SIM-06718	DDR_SIGNALING	Benign	0.0
SIM-06719	DDR_SIGNALING	Benign	0.0
SIM-06720	DDR_SIGNALING	Benign	0.0
SIM-06721	DDR_SIGNALING	Benign	0.0
SIM-06722	DDR_SIGNALING	Benign	0.0
SIM-06723	DDR_SIGNALING	Benign	0.0
SIM-06724	DDR_SIGNALING	Benign	0.0
SIM-06725	DDR_SIGNALING	Benign	0.0
SIM-06726	DDR_SIGNALING	Benign	0.0
SIM-06727	DDR_SIGNALING	Benign	0.0
SIM-06728	DDR_SIGNALING	Benign	0.0
SIM-06729	DDR_SIGNALING	Benign	0.0
SIM-06730	DDR_SIGNALING	Benign	0.0
SIM-06731	DDR_SIGNALING	Benign	0.0
SIM-06732	DDR_SIGNALING	Benign	0.0
SIM-06733	DDR_SIGNALING	Benign	0.0
SIM-06734	DDR_SIGNALING	Benign	0.0
SIM-06735	DDR_SIGNALING	Benign	0.0
SIM-06736	DDR_SIGNALING	Benign	0.0
SIM-06737	DDR_SIGNALING	Benign	0.0
SIM-06738	DDR_SIGNALING	Benign	0.0
SIM-06739	DDR_SIGNALING	Benign	0.0
SIM-06740	DDR_SIGNALING	Benign	0.0
SIM-06741	DDR_SIGNALING	Benign	0.0
SIM-06742	DDR_SIGNALING	Benign	0.0
SIM-06743	DDR_SIGNALING	Benign	0.0
SIM-06744	DDR_SIGNALING	Benign	0.0
SIM-06745	DDR_SIGNALING	Benign	0.0
SIM-06746	DDR_SIGNALING	Benign	0.0
SIM-06747	DDR_SIGNALING	Benign	0.0
SIM-06748	DDR_SIGNALING	Benign	0.0
SIM-06749	DDR_SIGNALING	Benign	0.0
SIM-06750	DDR_SIGNALING	Benign	0.0
SIM-06751	DDR_SIGNALING	Benign	0.0
SIM-06752	DDR_SIGNALING	Benign	0.0
SIM-06753	DDR_SIGNALING	Benign	0.0
SIM-06754	DDR_SIGNALING	Benign	0.0
SIM-06755	DDR_SIGNALING	Benign	0.0
SIM-06756	DDR_SIGNALING	Benign	0.0
SIM-06757	DDR_SIGNALING	Benign	0.0
SIM-06758	DDR_SIGNALING	Benign	0.0
SIM-06759	DDR_SIGNALING	Benign	0.0
SIM-06760	DDR_SIGNALING	Benign	0.0
SIM-06761	DDR_SIGNALING	Benign	0.0
SIM-06762	DDR_SIGNALING	Benign	0.0
SIM-06763	DDR_SIGNALING	Benign	0.0
SIM-06764	DDR_SIGNALING	Benign	0.0
SIM-06765	DDR_SIGNALING	Benign	0.0
SIM-06766	DDR_SIGNALING	Benign	0.0
SIM-06767	DDR_SIGNALING	Benign	0.0
SIM-06768	DDR_SIGNALING	Benign	0.0
SIM-06769	DDR_SIGNALING	Benign	0.0
SIM-06770	DDR_SIGNALING	Benign	0.0
SIM-06771	DDR_SIGNALING	Benign	0.0
SIM-06772	DDR_SIGNALING	Benign	0.0
SIM-06773	DDR_SIGNALING	Benign	0.0
SIM-06774	DDR_SIGNALING	Benign	0.0
SIM-06775	DDR_SIGNALING	Benign	0.0
SIM-06776	DDR_SIGNALING	Benign	0.0
SIM-06777	DDR_SIGNALING	Benign	0.0
SIM-06778	DDR_SIGNALING	Benign	0.0
SIM-06779	DDR_SIGNALING	Benign	0.0
SIM-06780	DDR_SIGNALING	Benign	0.0
SIM-06781	DDR_SIGNALING	Benign	0.0
SIM-06782	DDR_SIGNALING	Benign	0.0
SIM-06783	DDR_SIGNALING	Benign	0.0
SIM-06784	DDR_SIGNALING	Benign	0.0
SIM-06785	DDR_SIGNALING	Benign	0.0
SIM-06786	DDR_SIGNALING	Benign	0.0
SIM-06787	DDR_SIGNALING	Benign	0.0
SIM-06788	DDR_SIGNALING	Benign	0.0
SIM-06789	DDR_SIGNALING	Benign	0.0
SIM-06790	DDR_SIGNALING	Benign	0.0
SIM-06791	DDR_SIGNALING	Benign	0.0
SIM-06792	DDR_SIGNALING	Benign	0.0
SIM-06793	DDR_SIGNALING	Benign	0.741935
SIM-06794	DDR_SIGNALING	Benign	0.0
SIM-06795	DDR_SIGNALING	Benign	0.0
SIM-06796	DDR_SIGNALING	Benign	0.0
SIM-06797	DDR_SIGNALING	Benign	0.0
SIM-06798	DDR_SIGNALING	Benign	0.0
SIM-06799	DDR_SIGNALING	Benign	0.0
SIM-06800	DDR_SIGNALING	Benign	0.0
SIM-06801	DDR_SIGNALING	Benign	0.0
SIM-06802	DDR_SIGNALING	Benign	0.0
SIM-06803	DDR_SIGNALING	Benign	0.0
SIM-06804	DDR_SIGNALING	Benign	0.0
SIM-06805	DDR_SIGNALING	Benign	0.0
SIM-06806	DDR_SIGNALING	Benign	0.0
SIM-06807	DDR_SIGNALING	Benign	0.0
SIM-06808	DDR_SIGNALING	Benign	0.0
SIM-06809	DDR_SIGNALING	Benign	0.0
SIM-06810	DDR_SIGNALING	Benign	0.0
SIM-06811	DDR_SIGNALING	Benign	0.0
SIM-06812	DDR_SIGNALING	Benign	0.0
SIM-06813	DDR_SIGNALING	Benign	0.0
SIM-06814	DDR_SIGNALING	Benign	0.0
SIM-06815	DDR_SIGNALING	Benign	0.0
SIM-06816	DDR_SIGNALING	Benign	0.0
SIM-06817	DDR_SIGNALING	Benign	0.0
SIM-06818	DDR_SIGNALING	Benign	0.0
SIM-06819	DDR_SIGNALING	Benign	0.0
SIM-06820	DDR_SIGNALING	Benign	0.0
SIM-06821	DDR_SIGNALING	Benign	0.0
SIM-06822	DDR_SIGNALING	Benign	0.0
SIM-06823	DDR_SIGNALING	Benign	0.0
SIM-06824	DDR_SIGNALING	Benign	0.0
SIM-06825	DDR_SIGNALING	Benign	0.0
SIM-06826	DDR_SIGNALING	Benign	0.0
SIM-06827	DDR_SIGNALING	Benign	0.0
SIM-06828	DDR_SIGNALING	Benign	0.0
SIM-06829	DDR_SIGNALING	Benign	0.0
SIM-06830	DDR_SIGNALING	Benign	0.0
SIM-06831	DDR_SIGNALING	Benign	0.0
SIM-06832	DDR_SIGNALING	Benign	0.0
SIM-06833	DDR_SIGNALING	Benign	0.0
SIM-06834	DDR_SIGNALING	Benign	0.762712
SIM-06835	DDR_SIGNALING	Benign	0.0
SIM-06836	DDR_SIGNALING	Benign	0.0
SIM-06837	DDR_SIGNALING	Benign	0.0
SIM-06838	DDR_SIGNALING	Benign	0.0
SIM-06839	DDR_SIGNALING	Benign	0.0
SIM-06840	DDR_SIGNALING	Benign	0.0
SIM-06841	DDR_SIGNALING	Benign	0.0
SIM-06842	DDR_SIGNALING	Benign	0.0
SIM-06843	DDR_SIGNALING	Benign	0.0
SIM-06844	DDR_SIGNALING	Benign	0.0
SIM-06845	DDR_SIGNALING	Benign	0.0
SIM-06846	DDR_SIGNALING	Benign	0.0
SIM-06847	DDR_SIGNALING	Benign	0.0
SIM-06848	DDR_SIGNALING	Benign	0.0
SIM-06849	DDR_SIGNALING	Benign	0.0
SIM-06850	DDR_SIGNALING	Benign	0.0
SIM-06851	DDR_SIGNALING	Benign	0.0
SIM-06852	DDR_SIGNALING	Benign	0.611111
SIM-06853	DDR_SIGNALING	Benign	0.0
SIM-06854	DDR_SIGNALING	Benign	0.0
SIM-06855	DDR_SIGNALING	Benign	0.0
SIM-06856	DDR_SIGNALING	Benign	0.0
SIM-06857	DDR_SIGNALING	Benign	0.0
SIM-06858	DDR_SIGNALING	Benign	0.0
SIM-06859	DDR_SIGNALING	Benign	0.0
SIM-06860	DDR_SIGNALING	Benign	0.0
SIM-06861	DDR_SIGNALING	Benign	0.0
SIM-06862	DDR_SIGNALING	Benign	0.0
SIM-06863	DDR_SIGNALING	Benign	0.0
SIM-06864	DDR_SIGNALING	Benign	0.0
SIM-06865	DDR_SIGNALING	Benign	0.0
SIM-06866	DDR_SIGNALING	Benign	0.0
SIM-06867	DDR_SIGNALING	Benign	0.0
SIM-06868	DDR_SIGNALING	Benign	0.0
SIM-06869	DDR_SIGNALING	Benign	0.0
SIM-06870	DDR_SIGNALING	Benign	0.0
SIM-06871	DDR_SIGNALING	Benign	0.0
SIM-06872	DDR_SIGNALING	Benign	0.0
SIM-06873	DDR_SIGNALING	Benign	0.0
SIM-06874	DDR_SIGNALING	Benign	0.0
SIM-06875	DDR_SIGNALING	Benign	0.84127
SIM-06876	DDR_SIGNALING	Benign	0.0
SIM-06877	DDR_SIGNALING	Benign	0.0
SIM-06878	DDR_SIGNALING	Benign	0.0
SIM-06879	DDR_SIGNALING	Benign	0.0
SIM-06880	DDR_SIGNALING	Benign	0.0
SIM-06881	DDR_SIGNALING	Benign	0.0
SIM-06882	DDR_SIGNALING	Benign	0.0
SIM-06883	DDR_SIGNALING	Benign	0.491803
SIM-06884	DDR_SIGNALING	Benign	0.0
SIM-06885	DDR_SIGNALING	Benign	0.0
SIM-06886	DDR_SIGNALING	Benign	0.0
SIM-06887	DDR_SIGNALING	Benign	0.0
SIM-06888	DDR_SIGNALING	Benign	0.0
SIM-06889	DDR_SIGNALING	Benign	0.0
SIM-06890	DDR_SIGNALING	Benign	0.0
SIM-06891	DDR_SIGNALING	Benign	0.0
SIM-06892	DDR_SIGNALING	Benign	0.0
SIM-06893	DDR_SIGNALING	Benign	0.0
SIM-06894	DDR_SIGNALING	Benign	0.0
SIM-06895	DDR_SIGNALING	Benign	0.0
SIM-06896	DDR_SIGNALING	Benign	0.0
SIM-06897	DDR_SIGNALING	Benign	0.673469
SIM-06898	DDR_SIGNALING	Benign	0.0
SIM-06899	DDR_SIGNALING	Benign	0.0
SIM-06900	DDR_SIGNALING	Benign	0.0
SIM-06901	DDR_SIGNALING	Benign	0.7
SIM-06902	DDR_SIGNALING	Benign	0.0
SIM-06903	DDR_SIGNALING	Benign	0.0
SIM-06904	DDR_SIGNALING	Benign	0.0
SIM-06905	DDR_SIGNALING	Benign	0.0
SIM-06906	DDR_SIGNALING	Benign	0.0
SIM-06907	DDR_SIGNALING	Benign	0.0
SIM-06908	DDR_SIGNALING	Benign	0.0
SIM-06909	DDR_SIGNALING	Benign	0.0
SIM-06910	DDR_SIGNALING	Benign	0.0
SIM-06911	DDR_SIGNALING	Benign	0.0
SIM-06912	DDR_SIGNALING	Benign	0.0
SIM-06913	DDR_SIGNALING	Benign	0.0
SIM-06914	DDR_SIGNALING	Benign	0.0
SIM-06915	DDR_SIGNALING	Benign	0.0
SIM-06916	DDR_SIGNALING	Benign	0.0
SIM-06917	DDR_SIGNALING	Benign	0.0
SIM-06918	DDR_SIGNALING	Benign	0.0
SIM-06919	DDR_SIGNALING	Benign	0.0
SIM-06920	DDR_SIGNALING	Benign	0.0
SIM-06921	DDR_SIGNALING	Benign	0.0
SIM-06922	DDR_SIGNALING	Benign	0.0
SIM-06923	DDR_SIGNALING	Benign	0.0
SIM-06924	DDR_SIGNALING	Benign	0.0
SIM-06925	DDR_SIGNALING	Benign	0.0
SIM-06926	DDR_SIGNALING	Benign	0.0
SIM-06927	DDR_SIGNALING	Benign	0.0
SIM-06928	DDR_SIGNALING	Benign	0.0
SIM-06929	DDR_SIGNALING	Benign	0.0
SIM-06930	DDR_SIGNALING	Benign	0.0
SIM-06931	DDR_SIGNALING	Benign	0.0
SIM-06932	DDR_SIGNALING	Benign	0.0
SIM-06933	DDR_SIGNALING	Benign	0.0
SIM-06934	DDR_SIGNALING	Benign	0.0
SIM-06935	DDR_SIGNALING	Benign	0.0
SIM-06936	DDR_SIGNALING	Benign	0.0
SIM-06937	DDR_SIGNALING	Benign	0.0
SIM-06938	DDR_SIGNALING	Benign	0.0
SIM-06939	DDR_SIGNALING	Benign	0.0
SIM-06940	DDR_SIGNALING	Benign	0.0
SIM-06941	DDR_SIGNALING	Benign	0.0
SIM-06942	DDR_SIGNALING	Benign	0.0
SIM-06943	DDR_SIGNALING	Benign	0.0
SIM-06944	DDR_SIGNALING	Benign	0.0
SIM-06945	DDR_SIGNALING	Benign	0.0
SIM-06946	DDR_SIGNALING	Benign	0.0
SIM-06947	DDR_SIGNALING	Benign	0.0
SIM-06948	DDR_SIGNALING	Benign	0.0
SIM-06949	DDR_SIGNALING	Benign	0.0
SIM-06950	DDR_SIGNALING	Benign	0.0
SIM-06951	DDR_SIGNALING	Benign	0.0
SIM-06952	DDR_SIGNALING	Benign	0.0
SIM-06953	DDR_SIGNALING	Benign	0.0
SIM-06954	DDR_SIGNALING	Benign	0.0
SIM-06955	DDR_SIGNALING	Benign	0.0
SIM-06956	DDR_SIGNALING	Benign	0.0
SIM-06957	DDR_SIGNALING	Benign	0.7
SIM-06958	DDR_SIGNALING	Benign	0.0
SIM-06959	DDR_SIGNALING	Benign	0.0
SIM-06960	DDR_SIGNALING	Benign	0.0
SIM-06961	DDR_SIGNALING	Benign	0.0
SIM-06962	DDR_SIGNALING	Benign	0.0
SIM-06963	DDR_SIGNALING	Benign	0.0
SIM-06964	DDR_SIGNALING	Benign	0.0
SIM-06965	DDR_SIGNALING	Benign	0.0
SIM-06966	DDR_SIGNALING	Benign	0.0
SIM-06967	DDR_SIGNALING	Benign	0.0
SIM-06968	DDR_SIGNALING	Benign	0.0
SIM-06969	DDR_SIGNALING	Benign	0.0
SIM-06970	DDR_SIGNALING	Benign	0.0
SIM-06971	DDR_SIGNALING	Benign	0.0
SIM-06972	DDR_SIGNALING	Benign	0.0
SIM-06973	DDR_SIGNALING	Benign	0.0
SIM-06974	DDR_SIGNALING	Benign	0.0
SIM-06975	DDR_SIGNALING	Benign	0.0
SIM-06976	DDR_SIGNALING	Benign	0.0
SIM-06977	DDR_SIGNALING	Benign	0.0
SIM-06978	DDR_SIGNALING	Benign	0.0
SIM-06979	DDR_SIGNALING	Benign	0.0
SIM-06980	DDR_SIGNALING	Benign	0.0
SIM-06981	DDR_SIGNALING	Benign	0.0
SIM-06982	DDR_SIGNALING	Benign	0.0
SIM-06983	DDR_SIGNALING	Benign	0.0
SIM-06984	DDR_SIGNALING	Benign	0.0
SIM-06985	DDR_SIGNALING	Benign	0.0
SIM-06986	DDR_SIGNALING	Benign	0.0
SIM-06987	DDR_SIGNALING	Benign	0.0
SIM-06988	DDR_SIGNALING	Benign	0.0
SIM-06989	DDR_SIGNALING	Benign	0.0
SIM-06990	DDR_SIGNALING	Benign	0.0
SIM-06991	DDR_SIGNALING	Benign	0.0
SIM-06992	DDR_SIGNALING	Benign	0.0
SIM-06993	DDR_SIGNALING	Benign	0.0
SIM-06994	DDR_SIGNALING	Benign	0.853933
SIM-06995	DDR_SIGNALING	Benign	0.0
SIM-06996	DDR_SIGNALING	Benign	0.0
SIM-06997	DDR_SIGNALING	Benign	0.0
SIM-06998	DDR_SIGNALING	Benign	0.0
SIM-06999	DDR_SIGNALING	Benign	0.0
SIM-07000	DDR_SIGNALING	Benign	0.0
SIM-07001	DDR_SIGNALING	Benign	0.0
SIM-07002	DDR_SIGNALING	Benign	0.0
SIM-07003	DDR_SIGNALING	Benign	0.0
SIM-07004	DDR_SIGNALING	Benign	0.0
SIM-07005	DDR_SIGNALING	Benign	0.0
SIM-07006	DDR_SIGNALING	Benign	0.0
SIM-07007	DDR_SIGNALING	Benign	0.0
SIM-07008	DDR_SIGNALING	Benign	0.0
SIM-07009	DDR_SIGNALING	Benign	0.0
SIM-07010	DDR_SIGNALING	Benign	0.0
SIM-07011	DDR_SIGNALING	Benign	0.0
SIM-07012	DDR_SIGNALING	Benign	0.0
SIM-07013	DDR_SIGNALING	Benign	0.0
SIM-07014	DDR_SIGNALING	Benign	0.0
SIM-07015	DDR_SIGNALING	Benign	0.0
SIM-07016	DDR_SIGNALING	Benign	0.0
SIM-07017	DDR_SIGNALING	Benign	0.0
SIM-07018	DDR_SIGNALING	Benign	0.0
SIM-07019	DDR_SIGNALING	Benign	0.0
SIM-07020	DDR_SIGNALING	Benign	0.0
SIM-07021	DDR_SIGNALING	Benign	0.534247
SIM-07022	DDR_SIGNALING	Benign	0.0
SIM-07023	DDR_SIGNALING	Benign	0.0
SIM-07024	DDR_SIGNALING	Benign	0.0
SIM-07025	DDR_SIGNALING	Benign	0.0
SIM-07026	DDR_SIGNALING	Benign	0.0
SIM-07027	DDR_SIGNALING	Benign	0.0
SIM-07028	DDR_SIGNALING	Benign	0.0
SIM-07029	DDR_SIGNALING	Benign	0.0
SIM-07030	DDR_SIGNALING	Benign	0.0
SIM-07031	DDR_SIGNALING	Benign	0.0
SIM-07032	DDR_SIGNALING	Benign	0.0
SIM-07033	DDR_SIGNALING	Benign	0.0
SIM-07034	DDR_SIGNALING	Benign	0.0
SIM-07035	DDR_SIGNALING	Benign	0.705882
SIM-07036	DDR_SIGNALING	Benign	0.0
SIM-07037	DDR_SIGNALING	Benign	0.0
SIM-07038	DDR_SIGNALING	Benign	0.0
SIM-07039	DDR_SIGNALING	Benign	0.0
SIM-07040	DDR_SIGNALING	Benign	0.0
SIM-07041	DDR_SIGNALING	Benign	0.0
SIM-07042	DDR_SIGNALING	Benign	0.795455
SIM-07043	DDR_SIGNALING	Benign	0.0
SIM-07044	DDR_SIGNALING	Benign	0.0
SIM-07045	DDR_SIGNALING	Benign	0.0
SIM-07046	DDR_SIGNALING	Benign	0.0
SIM-07047	DDR_SIGNALING	Benign	0.0
SIM-07048	DDR_SIGNALING	Benign	0.0
SIM-07049	DDR_SIGNALING	Benign	0.0
SIM-07050	DDR_SIGNALING	Benign	0.0
SIM-07051	DDR_SIGNALING	Benign	0.0
SIM-07052	DDR_SIGNALING	Benign	0.0
SIM-07053	DDR_SIGNALING	Benign	0.0
SIM-07054	DDR_SIGNALING	Benign	0.0
SIM-07055	DDR_SIGNALING	Benign	0.0
SIM-07056	DDR_SIGNALING	Benign	0.0
SIM-07057	DDR_SIGNALING	Benign	0.0
SIM-07058	DDR_SIGNALING	Benign	0.0
SIM-07059	DDR_SIGNALING	Benign	0.0
SIM-07060	DDR_SIGNALING	Benign	0.979167
SIM-07061	DDR_SIGNALING	Benign	0.0
SIM-07062	DDR_SIGNALING	Benign	0.0
SIM-07063	DDR_SIGNALING	Benign	0.0
SIM-07064	DDR_SIGNALING	Benign	0.0
SIM-07065	DDR_SIGNALING	Benign	0.0
SIM-07066	DDR_SIGNALING	Benign	0.0
SIM-07067	DDR_SIGNALING	Benign	0.0
SIM-07068	DDR_SIGNALING	Benign	0.0
SIM-07069	DDR_SIGNALING	Benign	0.0
SIM-07070	DDR_SIGNALING	Benign	0.0
SIM-07071	DDR_SIGNALING	Benign	0.0
SIM-07072	DDR_SIGNALING	Benign	0.0
SIM-07073	DDR_SIGNALING	Benign	0.0
SIM-07074	DDR_SIGNALING	Benign	0.0
SIM-07075	DDR_SIGNALING	Benign	0.0
SIM-07076	DDR_SIGNALING	Benign	0.0
SIM-07077	DDR_SIGNALING	Benign	0.0
SIM-07078	DDR_SIGNALING	Benign	0.0
SIM-07079	DDR_SIGNALING	Benign	0.0
SIM-07080	DDR_SIGNALING	Benign	0.0
SIM-07081	DDR_SIGNALING	Benign	0.0
SIM-07082	DDR_SIGNALING	Benign	0.0
SIM-07083	DDR_SIGNALING	Benign	0.0
SIM-07084	DDR_SIGNALING	Benign	0.0
SIM-07085	DDR_SIGNALING	Benign	0.0
SIM-07086	DDR_SIGNALING	Benign	0.0
SIM-07087	DDR_SIGNALING	Benign	0.0
SIM-07088	DDR_SIGNALING	Benign	0.0
SIM-07089	DDR_SIGNALING	Benign	0.0
SIM-07090	DDR_SIGNALING	Benign	0.0
SIM-07091	DDR_SIGNALING	Benign	0.0
SIM-07092	DDR_SIGNALING	Benign	0.0
SIM-07093	DDR_SIGNALING	Benign	0.0
SIM-07094	DDR_SIGNALING	Benign	0.0
SIM-07095	DDR_SIGNALING	Benign	0.0
SIM-07096	DDR_SIGNALING	Benign	0.0
SIM-07097	DDR_SIGNALING	Benign	0.0
SIM-07098	DDR_SIGNALING	Benign	0.0
SIM-07099	DDR_SIGNALING	Benign	0.0
SIM-07100	DDR_SIGNALING	Benign	0.0
SIM-07101	DDR_SIGNALING	Benign	0.0
SIM-07102	DDR_SIGNALING	Benign	0.0
SIM-07103	DDR_SIGNALING	Benign	0.0
SIM-07104	DDR_SIGNALING	Benign	0.0
SIM-07105	DDR_SIGNALING	Benign	0.0
SIM-07106	DDR_SIGNALING	Benign	0.0
SIM-07107	DDR_SIGNALING	Benign	0.0
SIM-07108	DDR_SIGNALING	Benign	0.0
SIM-07109	DDR_SIGNALING	Benign	0.0
SIM-07110	DDR_SIGNALING	Benign	0.0
SIM-07111	DDR_SIGNALING	Benign	0.0
SIM-07112	DDR_SIGNALING	Benign	0.0
SIM-07113	DDR_SIGNALING	Benign	0.0
SIM-07114	DDR_SIGNALING	Benign	0.0
SIM-07115	DDR_SIGNALING	Benign	0.0
SIM-07116	DDR_SIGNALING	Benign	0.0
SIM-07117	DDR_SIGNALING	Benign	0.0
SIM-07118	DDR_SIGNALING	Benign	0.0
SIM-07119	DDR_SIGNALING	Benign	0.0
SIM-07120	DDR_SIGNALING	Benign	0.0
SIM-07121	DDR_SIGNALING	Benign	0.0
SIM-07122	DDR_SIGNALING	Benign	0.0
SIM-07123	DDR_SIGNALING	Benign	0.0
SIM-07124	DDR_SIGNALING	Benign	0.537037
SIM-07125	DDR_SIGNALING	Benign	0.0
SIM-07126	DDR_SIGNALING	Benign	0.0
SIM-07127	DDR_SIGNALING	Benign	0.0
SIM-07128	DDR_SIGNALING	Benign	0.0
SIM-07129	DDR_SIGNALING	Benign	0.538462
SIM-07130	DDR_SIGNALING	Benign	0.52381
SIM-07131	DDR_SIGNALING	Benign	0.0
SIM-07132	DDR_SIGNALING	Benign	0.0
SIM-07133	DDR_SIGNALING	Benign	0.0
SIM-07134	DDR_SIGNALING	Benign	0.0
SIM-07135	DDR_SIGNALING	Benign	0.0
SIM-07136	DDR_SIGNALING	Benign	0.0
SIM-07137	DDR_SIGNALING	Benign	0.0
SIM-07138	DDR_SIGNALING	Benign	0.0
SIM-07139	DDR_SIGNALING	Benign	0.0
SIM-07140	DDR_SIGNALING	Benign	0.0
SIM-07141	DDR_SIGNALING	Benign	0.0
SIM-07142	DDR_SIGNALING	Benign	0.0
SIM-07143	DDR_SIGNALING	Benign	0.0
SIM-07144	DDR_SIGNALING	Benign	0.0
SIM-07145	DDR_SIGNALING	Benign	0.0
SIM-07146	DDR_SIGNALING	Benign	0.0
SIM-07147	DDR_SIGNALING	Benign	0.0
SIM-07148	DDR_SIGNALING	Benign	0.0
SIM-07149	DDR_SIGNALING	Benign	0.770833
SIM-07150	DDR_SIGNALING	Benign	0.0
SIM-07151	DDR_SIGNALING	Benign	0.0
SIM-07152	DDR_SIGNALING	Benign	0.0
SIM-07153	DDR_SIGNALING	Benign	0.0
SIM-07154	DDR_SIGNALING	Benign	0.0
SIM-07155	DDR_SIGNALING	Benign	0.0
SIM-07156	DDR_SIGNALING	Benign	0.0
SIM-07157	DDR_SIGNALING	Benign	0.0
SIM-07158	DDR_SIGNALING	Benign	0.0
SIM-07159	DDR_SIGNALING	Benign	0.0
SIM-07160	DDR_SIGNALING	Benign	0.0
SIM-07161	DDR_SIGNALING	Benign	0.0
SIM-07162	DDR_SIGNALING	Benign	0.0
SIM-07163	DDR_SIGNALING	Benign	0.0
SIM-07164	DDR_SIGNALING	Benign	0.0
SIM-07165	DDR_SIGNALING	Benign	0.0
SIM-07166	DDR_SIGNALING	Benign	0.0
SIM-07167	DDR_SIGNALING	Benign	0.0
SIM-07168	DDR_SIGNALING	Benign	0.0
SIM-07169	DDR_SIGNALING	Benign	0.0
SIM-07170	DDR_SIGNALING	Benign	0.0
SIM-07171	DDR_SIGNALING	Benign	0.0
SIM-07172	DDR_SIGNALING	Benign	0.0
SIM-07173	DDR_SIGNALING	Benign	0.0
SIM-07174	DDR_SIGNALING	Benign	0.671053
SIM-07175	DDR_SIGNALING	Benign	0.0
SIM-07176	DDR_SIGNALING	Benign	0.0
SIM-07177	DDR_SIGNALING	Benign	0.0
SIM-07178	DDR_SIGNALING	Benign	0.0
SIM-07179	DDR_SIGNALING	Benign	0.0
SIM-07180	DDR_SIGNALING	Benign	0.0
SIM-07181	DDR_SIGNALING	Benign	0.0
SIM-07182	DDR_SIGNALING	Benign	0.0
SIM-07183	DDR_SIGNALING	Benign	0.0
SIM-07184	DDR_SIGNALING	Benign	0.74
SIM-07185	DDR_SIGNALING	Benign	0.0
SIM-07186	DDR_SIGNALING	Benign	0.0
SIM-07187	DDR_SIGNALING	Benign	0.0
SIM-07188	DDR_SIGNALING	Benign	0.0
SIM-07189	DDR_SIGNALING	Benign	0.0
SIM-07190	DDR_SIGNALING	Benign	0.0
SIM-07191	DDR_SIGNALING	Benign	0.0
SIM-07192	DDR_SIGNALING	Benign	0.0
SIM-07193	DDR_SIGNALING	Benign	0.0
SIM-07194	DDR_SIGNALING	Benign	0.0
SIM-07195	DDR_SIGNALING	Benign	0.0
SIM-07196	DDR_SIGNALING	Benign	0.0
SIM-07197	DDR_SIGNALING	Benign	0.0
SIM-07198	DDR_SIGNALING	Benign	0.0
SIM-07199	DDR_SIGNALING	Benign	0.830189
SIM-07200	DDR_SIGNALING	Benign	0.0
SIM-07201	DDR_SIGNALING	Benign	0.0
SIM-07202	DDR_SIGNALING	Benign	0.0
SIM-07203	DDR_SIGNALING	Benign	0.0
SIM-07204	DDR_SIGNALING	Benign	0.0
SIM-07205	DDR_SIGNALING	Benign	0.0
SIM-07206	DDR_SIGNALING	Benign	0.0
SIM-07207	DDR_SIGNALING	Benign	0.0
SIM-07208	DDR_SIGNALING	Benign	0.0
SIM-07209	DDR_SIGNALING	Benign	0.0
SIM-07210	DDR_SIGNALING	Benign	0.0
SIM-07211	DDR_SIGNALING	Benign	0.0
SIM-07212	DDR_SIGNALING	Benign	0.0
SIM-07213	DDR_SIGNALING	Benign	0.653846
SIM-07214	DDR_SIGNALING	Benign	0.0
SIM-07215	DDR_SIGNALING	Benign	0.0
SIM-07216	DDR_SIGNALING	Benign	0.0
SIM-07217	DDR_SIGNALING	Benign	0.573333
SIM-07218	DDR_SIGNALING	Benign	0.0
SIM-07219	DDR_SIGNALING	Benign	0.0
SIM-07220	DDR_SIGNALING	Benign	0.0
SIM-07221	DDR_SIGNALING	Benign	0.0
SIM-07222	DDR_SIGNALING	Benign	0.0
SIM-07223	DDR_SIGNALING	Benign	0.0
SIM-07224	DDR_SIGNALING	Benign	0.0
SIM-07225	DDR_SIGNALING	Benign	0.0
SIM-07226	DDR_SIGNALING	Benign	0.0
SIM-07227	DDR_SIGNALING	Benign	0.0
SIM-07228	DDR_SIGNALING	Benign	0.0
SIM-07229	DDR_SIGNALING	Benign	0.0
SIM-07230	DDR_SIGNALING	Benign	0.0
SIM-07231	DDR_SIGNALING	Benign	0.0
SIM-07232	DDR_SIGNALING	Benign	0.0
SIM-07233	DDR_SIGNALING	Benign	0.0
SIM-07234	DDR_SIGNALING	Benign	0.0
SIM-07235	DDR_SIGNALING	Benign	0.0
SIM-07236	DDR_SIGNALING	Benign	0.0
SIM-07237	DDR_SIGNALING	Benign	0.0
SIM-07238	DDR_SIGNALING	Benign	0.0
SIM-07239	DDR_SIGNALING	Benign	0.0
SIM-07240	DDR_SIGNALING	Benign	0.0
SIM-07241	DDR_SIGNALING	Benign	0.767442
SIM-07242	DDR_SIGNALING	Benign	0.649123
SIM-07243	DDR_SIGNALING	Benign	0.75
SIM-07244	DDR_SIGNALING	Benign	0.824561
SIM-07245	DDR_SIGNALING	Benign	0.0
SIM-07246	DDR_SIGNALING	Benign	0.0
SIM-07247	DDR_SIGNALING	Benign	0.0
SIM-07248	DDR_SIGNALING	Benign	0.0
SIM-07249	DDR_SIGNALING	Benign	0.0
SIM-07250	DDR_SIGNALING	Benign	0.0
SIM-07251	DDR_SIGNALING	Benign	0.0
SIM-07252	DDR_SIGNALING	Benign	0.0
SIM-07253	DDR_SIGNALING	Benign	0.0
SIM-07254	DDR_SIGNALING	Benign	0.0
SIM-07255	DDR_SIGNALING	Benign	0.0
SIM-07256	DDR_SIGNALING	Benign	0.0
SIM-07257	DDR_SIGNALING	Benign	0.0
SIM-07258	DDR_SIGNALING	Benign	0.0
SIM-07259	DDR_SIGNALING	Benign	0.0
SIM-07260	DDR_SIGNALING	Benign	0.0
SIM-07261	DDR_SIGNALING	Benign	0.0
SIM-07262	DDR_SIGNALING	Benign	0.0
SIM-07263	DDR_SIGNALING	Benign	0.0
SIM-07264	DDR_SIGNALING	Benign	0.0
SIM-07265	DDR_SIGNALING	Benign	0.0
SIM-07266	DDR_SIGNALING	Benign	0.0
SIM-07267	DDR_SIGNALING	Benign	0.0
SIM-07268	DDR_SIGNALING	Benign	0.0
SIM-07269	DDR_SIGNALING	Benign	0.0
SIM-07270	DDR_SIGNALING	Benign	0.0
SIM-07271	DDR_SIGNALING	Benign	0.0
SIM-07272	DDR_SIGNALING	Benign	0.531646
SIM-07273	DDR_SIGNALING	Benign	0.0
SIM-07274	DDR_SIGNALING	Benign	0.0
SIM-07275	DDR_SIGNALING	Benign	0.0
SIM-07276	DDR_SIGNALING	Benign	0.0
SIM-07277	DDR_SIGNALING	Benign	0.0
SIM-07278	DDR_SIGNALING	Benign	0.0
SIM-07279	DDR_SIGNALING	Benign	0.0
SIM-07280	DDR_SIGNALING	Benign	0.0
SIM-07281	DDR_SIGNALING	Benign	0.0
SIM-07282	DDR_SIGNALING	Benign	0.607143
SIM-07283	DDR_SIGNALING	Benign	0.0
SIM-07284	DDR_SIGNALING	Benign	0.0
SIM-07285	DDR_SIGNALING	Benign	0.0
SIM-07286	DDR_SIGNALING	Benign	0.0
SIM-07287	DDR_SIGNALING	Benign	0.0
SIM-07288	DDR_SIGNALING	Benign	0.0
SIM-07289	DDR_SIGNALING	Benign	0.0
SIM-07290	DDR_SIGNALING	Benign	0.0
SIM-07291	DDR_SIGNALING	Benign	0.0
SIM-07292	DDR_SIGNALING	Benign	0.0
SIM-07293	DDR_SIGNALING	Benign	0.0
SIM-07294	DDR_SIGNALING	Benign	0.959184
SIM-07295	DDR_SIGNALING	Benign	0.0
SIM-07296	DDR_SIGNALING	Benign	0.0
SIM-07297	DDR_SIGNALING	Benign	0.0
SIM-07298	DDR_SIGNALING	Benign	0.0
SIM-07299	DDR_SIGNALING	Benign	0.0
SIM-07300	DDR_SIGNALING	Benign	0.0
SIM-07301	DDR_SIGNALING	Benign	0.0
SIM-07302	DDR_SIGNALING	Benign	0.0
SIM-07303	DDR_SIGNALING	Benign	0.0
SIM-07304	DDR_SIGNALING	Benign	0.0
SIM-07305	DDR_SIGNALING	Benign	0.0
SIM-07306	DDR_SIGNALING	Benign	0.0
SIM-07307	DDR_SIGNALING	Benign	0.0
SIM-07308	DDR_SIGNALING	Benign	0.0
SIM-07309	DDR_SIGNALING	Benign	0.0
SIM-07310	DDR_SIGNALING	Benign	0.0
SIM-07311	DDR_SIGNALING	Benign	0.0
SIM-07312	DDR_SIGNALING	Benign	0.0
SIM-07313	DDR_SIGNALING	Benign	0.0
SIM-07314	DDR_SIGNALING	Benign	0.0
SIM-07315	DDR_SIGNALING	Benign	0.0
SIM-07316	DDR_SIGNALING	Benign	0.0
SIM-07317	DDR_SIGNALING	Benign	0.0
SIM-07318	DDR_SIGNALING	Benign	0.0
SIM-07319	DDR_SIGNALING	Benign	0.0
SIM-07320	DDR_SIGNALING	Benign	0.0
SIM-07321	DDR_SIGNALING	Benign	0.0
SIM-07322	DDR_SIGNALING	Benign	0.0
SIM-07323	DDR_SIGNALING	Benign	0.0
SIM-07324	DDR_SIGNALING	Benign	0.0
SIM-07325	DDR_SIGNALING	Benign	0.0
SIM-07326	DDR_SIGNALING	Benign	0.0
SIM-07327	DDR_SIGNALING	Benign	0.0
SIM-07328	DDR_SIGNALING	Benign	0.0
SIM-07329	DDR_SIGNALING	Benign	0.0
SIM-07330	DDR_SIGNALING	Benign	0.0
SIM-07331	DDR_SIGNALING	Benign	0.0
SIM-07332	DDR_SIGNALING	Benign	0.0
SIM-07333	DDR_SIGNALING	Benign	0.0
SIM-07334	DDR_SIGNALING	Benign	0.0
SIM-07335	DDR_SIGNALING	Benign	0.0
SIM-07336	DDR_SIGNALING	Benign	0.0
SIM-07337	DDR_SIGNALING	Benign	0.0
SIM-07338	DDR_SIGNALING	Benign	0.0
SIM-07339	DDR_SIGNALING	Benign	0.0
SIM-07340	DDR_SIGNALING	Benign	0.0
SIM-07341	DDR_SIGNALING	Benign	0.0
SIM-07342	DDR_SIGNALING	Benign	0.0
SIM-07343	DDR_SIGNALING	Benign	0.0
SIM-07344	DDR_SIGNALING	Benign	0.0
SIM-07345	DDR_SIGNALING	Benign	0.0
SIM-07346	DDR_SIGNALING	Benign	0.0
SIM-07347	DDR_SIGNALING	Benign	0.0
SIM-07348	DDR_SIGNALING	Benign	0.0
SIM-07349	DDR_SIGNALING	Benign	0.0
SIM-07350	DDR_SIGNALING	Benign	0.0
SIM-07351	DDR_SIGNALING	Benign	0.0
SIM-07352	DDR_SIGNALING	Benign	0.0
SIM-07353	DDR_SIGNALING	Benign	0.0
SIM-07354	DDR_SIGNALING	Benign	0.0
SIM-07355	DDR_SIGNALING	Benign	0.0
SIM-07356	DDR_SIGNALING	Benign	0.0
SIM-07357	DDR_SIGNALING	Benign	0.0
SIM-07358	DDR_SIGNALING	Benign	0.0
SIM-07359	DDR_SIGNALING	Benign	0.0
SIM-07360	DDR_SIGNALING	Benign	0.0
SIM-07361	DDR_SIGNALING	Benign	0.0
SIM-07362	DDR_SIGNALING	Benign	0.0
SIM-07363	DDR_SIGNALING	Benign	0.0
SIM-07364	DDR_SIGNALING	Benign	0.0
SIM-07365	DDR_SIGNALING	Benign	0.0
SIM-07366	DDR_SIGNALING	Benign	0.771084
SIM-07367	DDR_SIGNALING	Benign	0.0
SIM-07368	DDR_SIGNALING	Benign	0.0
SIM-07369	DDR_SIGNALING	Benign	0.0
SIM-07370	DDR_SIGNALING	Benign	0.0
SIM-07371	DDR_SIGNALING	Benign	0.0
SIM-07372	DDR_SIGNALING	Benign	0.0
SIM-07373	DDR_SIGNALING	Benign	0.0
SIM-07374	DDR_SIGNALING	Benign	0.0
SIM-07375	DDR_SIGNALING	Benign	0.0
SIM-07376	DDR_SIGNALING	Benign	0.0
SIM-07377	DDR_SIGNALING	Benign	0.0
SIM-07378	DDR_SIGNALING	Benign	0.0
SIM-07379	DDR_SIGNALING	Benign	0.0
SIM-07380	DDR_SIGNALING	Benign	0.0
SIM-07381	DDR_SIGNALING	Benign	0.0
SIM-07382	DDR_SIGNALING	Benign	0.0
SIM-07383	DDR_SIGNALING	Benign	0.0
SIM-07384	DDR_SIGNALING	Benign	0.0
SIM-07385	DDR_SIGNALING	Benign	0.0
SIM-07386	DDR_SIGNALING	Benign	0.0
SIM-07387	DDR_SIGNALING	Benign	0.890625
SIM-07388	DDR_SIGNALING	Benign	0.0
SIM-07389	DDR_SIGNALING	Benign	0.0
SIM-07390	DDR_SIGNALING	Benign	0.0
SIM-07391	DDR_SIGNALING	Benign	0.0
SIM-07392	DDR_SIGNALING	Benign	0.0
