sample_id	true_class	gene_group	gene	z_latent	hidden_direction
SIM-00001	Pathogenic	CORE_HR	RAD51D	1.050584	WT_LOST
SIM-00002	Pathogenic	CORE_HR	PALB2	2.062038	WT_LOST
SIM-00003	Pathogenic	CORE_HR	RAD54L	1.094931	WT_LOST
SIM-00004	Pathogenic	CORE_HR	RAD51D	0.5713	NOT_WT_LOST
SIM-00005	Pathogenic	CORE_HR	RAD54L	0.343656	NOT_WT_LOST
SIM-00006	Pathogenic	CORE_HR	RAD54L	0.599595	NOT_WT_LOST
SIM-00007	Pathogenic	CORE_HR	BRIP1	2.011216	WT_LOST
SIM-00008	Pathogenic	CORE_HR	BRCA1	0.780777	WT_LOST
SIM-00009	Pathogenic	CORE_HR	BARD1	0.099695	NOT_WT_LOST
SIM-00010	Pathogenic	CORE_HR	PALB2	1.103055	NOT_WT_LOST
SIM-00011	Pathogenic	CORE_HR	BARD1	1.435548	WT_LOST
SIM-00012	Pathogenic	CORE_HR	BRCA1	1.162773	WT_LOST
SIM-00013	Pathogenic	CORE_HR	PALB2	3.943911	WT_LOST
SIM-00014	Pathogenic	CORE_HR	BRCA2	1.183706	WT_LOST
SIM-00015	Pathogenic	CORE_HR	RAD51B	1.572913	WT_LOST
SIM-00016	Pathogenic	CORE_HR	BRCA2	1.454718	WT_LOST
SIM-00017	Pathogenic	CORE_HR	RAD51B	1.885105	WT_LOST
SIM-00018	Pathogenic	CORE_HR	RAD54L	1.244742	WT_LOST
SIM-00019	Pathogenic	CORE_HR	BRCA1	0.921657	WT_LOST
SIM-00020	Pathogenic	CORE_HR	RAD51C	2.45449	WT_LOST
SIM-00021	Pathogenic	CORE_HR	RAD51D	0.658227	WT_LOST
SIM-00022	Pathogenic	CORE_HR	RAD51C	1.794627	WT_LOST
SIM-00023	Pathogenic	CORE_HR	BARD1	0.378289	WT_LOST
SIM-00024	Pathogenic	CORE_HR	BRCA1	1.242229	WT_LOST
SIM-00025	Pathogenic	CORE_HR	BARD1	1.996887	WT_LOST
SIM-00026	Pathogenic	CORE_HR	BRCA2	1.168008	NOT_WT_LOST
SIM-00027	Pathogenic	CORE_HR	RAD54L	1.8001	WT_LOST
SIM-00028	Pathogenic	CORE_HR	PALB2	1.459349	NOT_WT_LOST
SIM-00029	Pathogenic	CORE_HR	BRCA2	3.123567	WT_LOST
SIM-00030	Pathogenic	CORE_HR	BRCA1	-0.419113	NOT_WT_LOST
SIM-00031	Pathogenic	CORE_HR	BRIP1	1.324718	WT_LOST
SIM-00032	Pathogenic	CORE_HR	RAD51C	2.746289	WT_LOST
SIM-00033	Pathogenic	CORE_HR	RAD51B	2.261676	WT_LOST
SIM-00034	Pathogenic	CORE_HR	RAD51C	2.118504	WT_LOST
SIM-00035	Pathogenic	CORE_HR	RAD51C	-0.425507	WT_LOST
SIM-00036	Pathogenic	CORE_HR	BARD1	2.344483	WT_LOST
SIM-00037	Pathogenic	CORE_HR	BRIP1	1.595661	NOT_WT_LOST
SIM-00038	Pathogenic	CORE_HR	BRCA1	0.375091	NOT_WT_LOST
SIM-00039	Pathogenic	CORE_HR	RAD51C	1.64822	WT_LOST
SIM-00040	Pathogenic	CORE_HR	BRIP1	2.413886	WT_LOST
SIM-00041	Pathogenic	CORE_HR	BRIP1	2.160822	WT_LOST
SIM-00042	Pathogenic	CORE_HR	BRCA1	0.593693	WT_LOST
SIM-00043	Pathogenic	CORE_HR	PALB2	0.780757	WT_LOST
SIM-00044	Pathogenic	CORE_HR	PALB2	3.098827	WT_LOST
SIM-00045	Pathogenic	CORE_HR	BRCA2	2.399084	WT_LOST
SIM-00046	Pathogenic	CORE_HR	PALB2	2.612443	WT_LOST
SIM-00047	Pathogenic	CORE_HR	RAD51D	1.595502	WT_LOST
SIM-00048	Pathogenic	CORE_HR	BRCA2	1.576133	WT_LOST
SIM-00049	Pathogenic	CORE_HR	BRCA2	2.739064	WT_LOST
SIM-00050	Pathogenic	CORE_HR	RAD54L	0.904985	NOT_WT_LOST
SIM-00051	Pathogenic	CORE_HR	BRIP1	1.039821	WT_LOST
SIM-00052	Pathogenic	CORE_HR	RAD51D	2.042856	WT_LOST
SIM-00053	Pathogenic	CORE_HR	RAD51B	-1.122884	NOT_WT_LOST
SIM-00054	Pathogenic	CORE_HR	PALB2	2.820572	WT_LOST
SIM-00055	Pathogenic	CORE_HR	BRIP1	1.899332	WT_LOST
SIM-00056	Pathogenic	CORE_HR	RAD51D	1.414289	NOT_WT_LOST
SIM-00057	Pathogenic	CORE_HR	BRIP1	1.771133	WT_LOST
SIM-00058	Pathogenic	CORE_HR	RAD54L	0.836105	NOT_WT_LOST
SIM-00059	Pathogenic	CORE_HR	RAD51D	1.138705	WT_LOST
SIM-00060	Pathogenic	CORE_HR	RAD51C	2.169028	WT_LOST
SIM-00061	Pathogenic	CORE_HR	BRCA2	1.921974	WT_LOST
SIM-00062	Pathogenic	CORE_HR	BRIP1	1.228654	WT_LOST
SIM-00063	Pathogenic	CORE_HR	RAD51D	1.952198	WT_LOST
SIM-00064	Pathogenic	CORE_HR	PALB2	1.111592	NOT_WT_LOST
SIM-00065	Pathogenic	CORE_HR	RAD54L	1.162359	WT_LOST
SIM-00066	Pathogenic	CORE_HR	RAD51B	1.994438	WT_LOST
SIM-00067	Pathogenic	CORE_HR	PALB2	2.135931	WT_LOST
SIM-00068	Pathogenic	CORE_HR	PALB2	0.452151	WT_LOST
SIM-00069	Pathogenic	CORE_HR	PALB2	1.537178	NOT_WT_LOST
SIM-00070	Pathogenic	CORE_HR	BRIP1	0.277217	NOT_WT_LOST
SIM-00071	Pathogenic	CORE_HR	RAD51D	2.234949	WT_LOST
SIM-00072	Pathogenic	CORE_HR	RAD51C	1.679247	WT_LOST
SIM-00073	Pathogenic	CORE_HR	RAD54L	0.735578	NOT_WT_LOST
SIM-00074	Pathogenic	CORE_HR	RAD54L	2.159923	WT_LOST
SIM-00075	Pathogenic	CORE_HR	RAD54L	0.392136	WT_LOST
SIM-00076	Pathogenic	CORE_HR	PALB2	0.442067	NOT_WT_LOST
SIM-00077	Pathogenic	CORE_HR	BARD1	0.503895	NOT_WT_LOST
SIM-00078	Pathogenic	CORE_HR	PALB2	2.479547	WT_LOST
SIM-00079	Pathogenic	CORE_HR	BRCA2	1.566974	WT_LOST
SIM-00080	Pathogenic	CORE_HR	BRCA2	3.303161	WT_LOST
SIM-00081	Pathogenic	CORE_HR	BRIP1	2.816142	WT_LOST
SIM-00082	Pathogenic	CORE_HR	RAD51C	0.555934	NOT_WT_LOST
SIM-00083	Pathogenic	CORE_HR	BRCA1	0.356944	NOT_WT_LOST
SIM-00084	Pathogenic	CORE_HR	BRCA1	2.825414	WT_LOST
SIM-00085	Pathogenic	CORE_HR	RAD54L	-0.149647	NOT_WT_LOST
SIM-00086	Pathogenic	CORE_HR	RAD51D	3.865233	WT_LOST
SIM-00087	Pathogenic	CORE_HR	BARD1	1.678398	WT_LOST
SIM-00088	Pathogenic	CORE_HR	RAD51C	2.15796	WT_LOST
SIM-00089	Pathogenic	CORE_HR	BRCA2	1.772361	WT_LOST
SIM-00090	Pathogenic	CORE_HR	RAD51C	2.816575	WT_LOST
SIM-00091	Pathogenic	CORE_HR	PALB2	2.355053	WT_LOST
SIM-00092	Pathogenic	CORE_HR	RAD51C	1.7204	WT_LOST
SIM-00093	Pathogenic	CORE_HR	RAD51C	2.469133	WT_LOST
SIM-00094	Pathogenic	CORE_HR	BARD1	0.573466	NOT_WT_LOST
SIM-00095	Pathogenic	CORE_HR	RAD51C	3.04389	WT_LOST
SIM-00096	Pathogenic	CORE_HR	BARD1	-0.684104	NOT_WT_LOST
SIM-00097	Pathogenic	CORE_HR	RAD54L	1.107589	WT_LOST
SIM-00098	Pathogenic	CORE_HR	BRCA2	1.689764	WT_LOST
SIM-00099	Pathogenic	CORE_HR	RAD51C	1.875929	WT_LOST
SIM-00100	Pathogenic	CORE_HR	BRCA2	2.63457	WT_LOST
SIM-00101	Pathogenic	CORE_HR	PALB2	2.697176	WT_LOST
SIM-00102	Pathogenic	CORE_HR	BRIP1	1.886048	WT_LOST
SIM-00103	Pathogenic	CORE_HR	RAD51C	0.484588	NOT_WT_LOST
SIM-00104	Pathogenic	CORE_HR	RAD51B	2.352802	WT_LOST
SIM-00105	Pathogenic	CORE_HR	RAD51D	3.53949	WT_LOST
SIM-00106	Pathogenic	CORE_HR	RAD54L	-0.779177	NOT_WT_LOST
SIM-00107	Pathogenic	CORE_HR	PALB2	1.579928	WT_LOST
SIM-00108	Pathogenic	CORE_HR	BARD1	2.221794	WT_LOST
SIM-00109	Pathogenic	CORE_HR	RAD54L	1.855079	WT_LOST
SIM-00110	Pathogenic	CORE_HR	RAD51B	2.913485	WT_LOST
SIM-00111	Pathogenic	CORE_HR	RAD51C	1.804764	WT_LOST
SIM-00112	Pathogenic	CORE_HR	BRCA2	2.419392	WT_LOST
SIM-00113	Pathogenic	CORE_HR	RAD51D	3.275447	WT_LOST
SIM-00114	Pathogenic	CORE_HR	BRCA2	1.198932	WT_LOST
SIM-00115	Pathogenic	CORE_HR	RAD54L	-0.274367	NOT_WT_LOST
SIM-00116	Pathogenic	CORE_HR	RAD51B	2.480696	WT_LOST
SIM-00117	Pathogenic	CORE_HR	RAD54L	2.035104	WT_LOST
SIM-00118	Pathogenic	CORE_HR	PALB2	3.350567	WT_LOST
SIM-00119	Pathogenic	CORE_HR	RAD51B	0.388993	WT_LOST
SIM-00120	Pathogenic	CORE_HR	BRCA2	2.300998	WT_LOST
SIM-00121	Pathogenic	CORE_HR	PALB2	2.562527	WT_LOST
SIM-00122	Pathogenic	CORE_HR	BRIP1	0.553487	WT_LOST
SIM-00123	Pathogenic	CORE_HR	BRIP1	1.472996	WT_LOST
SIM-00124	Pathogenic	CORE_HR	BRIP1	1.976531	WT_LOST
SIM-00125	Pathogenic	CORE_HR	PALB2	1.713647	NOT_WT_LOST
SIM-00126	Pathogenic	CORE_HR	RAD51D	0.893865	WT_LOST
SIM-00127	Pathogenic	CORE_HR	BRCA1	1.454633	WT_LOST
SIM-00128	Pathogenic	CORE_HR	BRCA1	0.96551	WT_LOST
SIM-00129	Pathogenic	CORE_HR	PALB2	0.71134	NOT_WT_LOST
SIM-00130	Pathogenic	CORE_HR	RAD51D	2.015949	WT_LOST
SIM-00131	Pathogenic	CORE_HR	RAD51D	0.775537	NOT_WT_LOST
SIM-00132	Pathogenic	CORE_HR	RAD51B	2.118763	WT_LOST
SIM-00133	Pathogenic	CORE_HR	RAD51D	0.039769	NOT_WT_LOST
SIM-00134	Pathogenic	CORE_HR	RAD51B	2.54402	WT_LOST
SIM-00135	Pathogenic	CORE_HR	RAD51B	0.217365	WT_LOST
SIM-00136	Pathogenic	CORE_HR	BRCA1	0.839761	WT_LOST
SIM-00137	Pathogenic	CORE_HR	RAD51C	2.740477	WT_LOST
SIM-00138	Pathogenic	CORE_HR	RAD51C	2.674675	WT_LOST
SIM-00139	Pathogenic	CORE_HR	BARD1	1.221638	WT_LOST
SIM-00140	Pathogenic	CORE_HR	BRIP1	-0.089466	NOT_WT_LOST
SIM-00141	Pathogenic	CORE_HR	BRIP1	2.412703	WT_LOST
SIM-00142	Pathogenic	CORE_HR	BARD1	0.074582	WT_LOST
SIM-00143	Pathogenic	CORE_HR	RAD54L	0.164359	NOT_WT_LOST
SIM-00144	Pathogenic	CORE_HR	BARD1	1.248149	WT_LOST
SIM-00145	Pathogenic	CORE_HR	RAD51B	1.518001	WT_LOST
SIM-00146	Pathogenic	CORE_HR	PALB2	2.601607	WT_LOST
SIM-00147	Pathogenic	CORE_HR	RAD54L	2.284181	WT_LOST
SIM-00148	Pathogenic	CORE_HR	RAD54L	1.412679	WT_LOST
SIM-00149	Pathogenic	CORE_HR	BRIP1	-0.097355	WT_LOST
SIM-00150	Pathogenic	CORE_HR	RAD51C	1.581201	WT_LOST
SIM-00151	Pathogenic	CORE_HR	RAD54L	0.83963	WT_LOST
SIM-00152	Pathogenic	CORE_HR	RAD51B	2.572477	WT_LOST
SIM-00153	Pathogenic	CORE_HR	RAD51D	1.467226	WT_LOST
SIM-00154	Pathogenic	CORE_HR	PALB2	2.32299	WT_LOST
SIM-00155	Pathogenic	CORE_HR	BRCA1	2.160099	WT_LOST
SIM-00156	Pathogenic	CORE_HR	BRIP1	1.023198	WT_LOST
SIM-00157	Pathogenic	CORE_HR	RAD51C	0.41421	WT_LOST
SIM-00158	Pathogenic	CORE_HR	RAD51D	0.619464	NOT_WT_LOST
SIM-00159	Pathogenic	CORE_HR	RAD51D	2.702317	WT_LOST
SIM-00160	Pathogenic	CORE_HR	BRCA2	2.544422	WT_LOST
SIM-00161	Pathogenic	CORE_HR	BRCA2	0.797738	NOT_WT_LOST
SIM-00162	Pathogenic	CORE_HR	BRCA1	2.496567	WT_LOST
SIM-00163	Pathogenic	CORE_HR	BRIP1	0.542372	WT_LOST
SIM-00164	Pathogenic	CORE_HR	RAD51B	1.983814	WT_LOST
SIM-00165	Pathogenic	CORE_HR	RAD51D	1.513253	WT_LOST
SIM-00166	Pathogenic	CORE_HR	PALB2	1.171137	WT_LOST
SIM-00167	Pathogenic	CORE_HR	BARD1	1.456805	WT_LOST
SIM-00168	Pathogenic	CORE_HR	BRCA2	0.194638	NOT_WT_LOST
SIM-00169	Pathogenic	CORE_HR	RAD51D	2.534542	WT_LOST
SIM-00170	Pathogenic	CORE_HR	RAD54L	2.561056	WT_LOST
SIM-00171	Pathogenic	CORE_HR	BRCA1	1.281026	WT_LOST
SIM-00172	Pathogenic	CORE_HR	PALB2	2.305252	WT_LOST
SIM-00173	Pathogenic	CORE_HR	BRCA1	1.228088	WT_LOST
SIM-00174	Pathogenic	CORE_HR	BARD1	1.752984	WT_LOST
SIM-00175	Pathogenic	CORE_HR	BRIP1	0.97787	WT_LOST
SIM-00176	Pathogenic	CORE_HR	PALB2	1.803694	WT_LOST
SIM-00177	Pathogenic	CORE_HR	BRCA1	0.212556	NOT_WT_LOST
SIM-00178	Pathogenic	CORE_HR	BARD1	1.541587	WT_LOST
SIM-00179	Pathogenic	CORE_HR	RAD54L	2.454744	WT_LOST
SIM-00180	Pathogenic	CORE_HR	RAD51D	-0.026758	WT_LOST
SIM-00181	Pathogenic	CORE_HR	RAD51D	2.704953	WT_LOST
SIM-00182	Pathogenic	CORE_HR	BRIP1	2.436999	WT_LOST
SIM-00183	Pathogenic	CORE_HR	PALB2	-0.502892	NOT_WT_LOST
SIM-00184	Pathogenic	CORE_HR	BRIP1	2.548577	WT_LOST
SIM-00185	Pathogenic	CORE_HR	BRIP1	2.219074	WT_LOST
SIM-00186	Pathogenic	CORE_HR	RAD54L	0.563217	WT_LOST
SIM-00187	Pathogenic	CORE_HR	BARD1	0.511417	WT_LOST
SIM-00188	Pathogenic	CORE_HR	RAD51C	0.53137	NOT_WT_LOST
SIM-00189	Pathogenic	CORE_HR	BRIP1	2.402061	WT_LOST
SIM-00190	Pathogenic	CORE_HR	RAD54L	0.759139	WT_LOST
SIM-00191	Pathogenic	CORE_HR	BRCA1	0.798967	WT_LOST
SIM-00192	Pathogenic	CORE_HR	RAD54L	1.489479	WT_LOST
SIM-00193	Pathogenic	CORE_HR	PALB2	0.72627	WT_LOST
SIM-00194	Pathogenic	CORE_HR	BRCA2	0.13739	NOT_WT_LOST
SIM-00195	Pathogenic	CORE_HR	RAD51C	1.553032	WT_LOST
SIM-00196	Pathogenic	CORE_HR	RAD51C	2.064839	WT_LOST
SIM-00197	Pathogenic	CORE_HR	BRIP1	1.069369	WT_LOST
SIM-00198	Pathogenic	CORE_HR	PALB2	2.758397	WT_LOST
SIM-00199	Pathogenic	CORE_HR	PALB2	3.711862	WT_LOST
SIM-00200	Pathogenic	CORE_HR	RAD51D	1.00827	WT_LOST
SIM-00201	Pathogenic	CORE_HR	RAD51B	2.201318	WT_LOST
SIM-00202	Pathogenic	CORE_HR	BRCA2	1.862693	WT_LOST
SIM-00203	Pathogenic	CORE_HR	BRIP1	0.696348	NOT_WT_LOST
SIM-00204	Pathogenic	CORE_HR	BARD1	2.863002	WT_LOST
SIM-00205	Pathogenic	CORE_HR	BARD1	1.07915	WT_LOST
SIM-00206	Pathogenic	CORE_HR	PALB2	0.77846	NOT_WT_LOST
SIM-00207	Pathogenic	CORE_HR	BRIP1	1.383999	WT_LOST
SIM-00208	Pathogenic	CORE_HR	BRCA1	1.001387	NOT_WT_LOST
SIM-00209	Pathogenic	CORE_HR	BARD1	-0.160436	WT_LOST
SIM-00210	Pathogenic	CORE_HR	BRCA1	1.759088	WT_LOST
SIM-00211	Pathogenic	CORE_HR	BARD1	1.432272	WT_LOST
SIM-00212	Pathogenic	CORE_HR	RAD54L	1.024565	NOT_WT_LOST
SIM-00213	Pathogenic	CORE_HR	RAD51C	2.293762	WT_LOST
SIM-00214	Pathogenic	CORE_HR	BRIP1	2.854834	WT_LOST
SIM-00215	Pathogenic	CORE_HR	BRCA2	2.801473	WT_LOST
SIM-00216	Pathogenic	CORE_HR	RAD51C	0.975072	WT_LOST
SIM-00217	Pathogenic	CORE_HR	RAD51B	1.730798	WT_LOST
SIM-00218	Pathogenic	CORE_HR	RAD51D	1.560894	WT_LOST
SIM-00219	Pathogenic	CORE_HR	RAD51C	1.327605	WT_LOST
SIM-00220	Pathogenic	CORE_HR	PALB2	-0.652489	NOT_WT_LOST
SIM-00221	Pathogenic	CORE_HR	RAD51C	2.685296	WT_LOST
SIM-00222	Pathogenic	CORE_HR	RAD51D	0.970381	WT_LOST
SIM-00223	Pathogenic	CORE_HR	BRCA2	0.543821	WT_LOST
SIM-00224	Pathogenic	CORE_HR	BRCA1	1.688611	WT_LOST
SIM-00225	Pathogenic	CORE_HR	BRCA2	2.320715	WT_LOST
SIM-00226	Pathogenic	CORE_HR	BRCA1	-0.482625	NOT_WT_LOST
SIM-00227	Pathogenic	CORE_HR	RAD51C	1.749467	WT_LOST
SIM-00228	Pathogenic	CORE_HR	RAD51C	1.398241	WT_LOST
SIM-00229	Pathogenic	CORE_HR	BARD1	1.114989	WT_LOST
SIM-00230	Pathogenic	CORE_HR	BRIP1	1.452128	WT_LOST
SIM-00231	Pathogenic	CORE_HR	BARD1	2.331935	WT_LOST
SIM-00232	Pathogenic	CORE_HR	RAD54L	-0.165265	NOT_WT_LOST
SIM-00233	Pathogenic	CORE_HR	RAD51D	2.776574	WT_LOST
SIM-00234	Pathogenic	CORE_HR	RAD51B	2.571066	WT_LOST
SIM-00235	Pathogenic	CORE_HR	RAD51B	0.341378	WT_LOST
SIM-00236	Pathogenic	CORE_HR	BRCA1	1.839931	WT_LOST
SIM-00237	Pathogenic	CORE_HR	RAD54L	1.458921	WT_LOST
SIM-00238	Pathogenic	CORE_HR	RAD51C	1.569316	WT_LOST
SIM-00239	Pathogenic	CORE_HR	PALB2	3.44917	NOT_WT_LOST
SIM-00240	Pathogenic	CORE_HR	BRIP1	0.296693	NOT_WT_LOST
SIM-00241	Pathogenic	CORE_HR	BARD1	2.325704	WT_LOST
SIM-00242	Pathogenic	CORE_HR	BRIP1	1.517229	WT_LOST
SIM-00243	Pathogenic	CORE_HR	BRIP1	2.648358	WT_LOST
SIM-00244	Pathogenic	CORE_HR	BRIP1	2.571161	WT_LOST
SIM-00245	Pathogenic	CORE_HR	BRIP1	0.82981	NOT_WT_LOST
SIM-00246	Pathogenic	CORE_HR	BRIP1	0.372011	NOT_WT_LOST
SIM-00247	Pathogenic	CORE_HR	BRCA1	1.944335	WT_LOST
SIM-00248	Pathogenic	CORE_HR	RAD54L	2.123066	WT_LOST
SIM-00249	Pathogenic	CORE_HR	RAD51B	1.696839	WT_LOST
SIM-00250	Pathogenic	CORE_HR	RAD51B	1.99204	WT_LOST
SIM-00251	Pathogenic	CORE_HR	BARD1	1.468355	WT_LOST
SIM-00252	Pathogenic	CORE_HR	BRCA2	1.614505	WT_LOST
SIM-00253	Pathogenic	CORE_HR	BRCA2	0.746839	NOT_WT_LOST
SIM-00254	Pathogenic	CORE_HR	BRCA2	2.066965	WT_LOST
SIM-00255	Pathogenic	CORE_HR	RAD51D	1.943886	WT_LOST
SIM-00256	Pathogenic	CORE_HR	RAD51B	-1.530813	NOT_WT_LOST
SIM-00257	Pathogenic	CORE_HR	BRCA1	1.172082	WT_LOST
SIM-00258	Pathogenic	CORE_HR	BRIP1	-0.044208	NOT_WT_LOST
SIM-00259	Pathogenic	CORE_HR	RAD51B	1.860804	WT_LOST
SIM-00260	Pathogenic	CORE_HR	RAD51D	1.264786	WT_LOST
SIM-00261	Pathogenic	CORE_HR	BRIP1	1.370046	WT_LOST
SIM-00262	Pathogenic	CORE_HR	RAD54L	2.564925	WT_LOST
SIM-00263	Pathogenic	CORE_HR	BRCA2	2.977153	WT_LOST
SIM-00264	Pathogenic	CORE_HR	RAD51D	1.796275	WT_LOST
SIM-00265	Pathogenic	CORE_HR	BRCA1	2.163351	NOT_WT_LOST
SIM-00266	Pathogenic	CORE_HR	BARD1	-0.22916	WT_LOST
SIM-00267	Pathogenic	CORE_HR	BRCA1	1.033575	WT_LOST
SIM-00268	Pathogenic	CORE_HR	PALB2	0.103487	NOT_WT_LOST
SIM-00269	Pathogenic	CORE_HR	BRIP1	0.527151	WT_LOST
SIM-00270	Pathogenic	CORE_HR	PALB2	2.838929	WT_LOST
SIM-00271	Pathogenic	CORE_HR	BARD1	1.181871	WT_LOST
SIM-00272	Pathogenic	CORE_HR	BRCA2	2.135619	WT_LOST
SIM-00273	Pathogenic	CORE_HR	BRCA1	1.119161	NOT_WT_LOST
SIM-00274	Pathogenic	CORE_HR	BRCA1	2.602847	WT_LOST
SIM-00275	Pathogenic	CORE_HR	BRIP1	0.594138	WT_LOST
SIM-00276	Pathogenic	CORE_HR	BRCA1	2.070722	WT_LOST
SIM-00277	Pathogenic	CORE_HR	BARD1	1.957405	WT_LOST
SIM-00278	Pathogenic	CORE_HR	PALB2	2.335302	WT_LOST
SIM-00279	Pathogenic	CORE_HR	RAD51D	-0.801691	NOT_WT_LOST
SIM-00280	Pathogenic	CORE_HR	RAD51D	2.528355	WT_LOST
SIM-00281	Pathogenic	CORE_HR	BRCA1	2.110087	WT_LOST
SIM-00282	Pathogenic	CORE_HR	BRIP1	1.004217	WT_LOST
SIM-00283	Pathogenic	CORE_HR	RAD54L	3.102714	WT_LOST
SIM-00284	Pathogenic	CORE_HR	BRCA2	1.7618	WT_LOST
SIM-00285	Pathogenic	CORE_HR	RAD51C	2.854864	WT_LOST
SIM-00286	Pathogenic	CORE_HR	BRCA1	-0.096842	NOT_WT_LOST
SIM-00287	Pathogenic	CORE_HR	BRCA2	2.320126	WT_LOST
SIM-00288	Pathogenic	CORE_HR	RAD51B	2.475383	WT_LOST
SIM-00289	Pathogenic	CORE_HR	RAD51C	2.78442	WT_LOST
SIM-00290	Pathogenic	CORE_HR	BRCA1	0.372227	NOT_WT_LOST
SIM-00291	Pathogenic	CORE_HR	RAD51B	0.372691	WT_LOST
SIM-00292	Pathogenic	CORE_HR	RAD51B	-1.22997	NOT_WT_LOST
SIM-00293	Pathogenic	CORE_HR	RAD54L	2.708054	WT_LOST
SIM-00294	Pathogenic	CORE_HR	BRCA2	1.464033	WT_LOST
SIM-00295	Pathogenic	CORE_HR	BRCA2	2.974062	WT_LOST
SIM-00296	Pathogenic	CORE_HR	RAD51D	2.068317	WT_LOST
SIM-00297	Pathogenic	CORE_HR	BRIP1	3.282103	WT_LOST
SIM-00298	Pathogenic	CORE_HR	RAD51C	1.245496	WT_LOST
SIM-00299	Pathogenic	CORE_HR	BRCA1	-0.554787	NOT_WT_LOST
SIM-00300	Pathogenic	CORE_HR	RAD51B	3.985211	WT_LOST
SIM-00301	Pathogenic	CORE_HR	BRCA2	2.194187	WT_LOST
SIM-00302	Pathogenic	CORE_HR	PALB2	1.109548	WT_LOST
SIM-00303	Pathogenic	CORE_HR	RAD51C	3.022734	WT_LOST
SIM-00304	Pathogenic	CORE_HR	RAD51D	2.375482	WT_LOST
SIM-00305	Pathogenic	CORE_HR	RAD54L	3.33658	WT_LOST
SIM-00306	Pathogenic	CORE_HR	BRCA1	1.159032	NOT_WT_LOST
SIM-00307	Pathogenic	CORE_HR	RAD54L	0.548047	WT_LOST
SIM-00308	Pathogenic	CORE_HR	RAD51D	1.199856	WT_LOST
SIM-00309	Pathogenic	CORE_HR	RAD51C	1.692004	WT_LOST
SIM-00310	Pathogenic	CORE_HR	RAD51C	2.547498	WT_LOST
SIM-00311	Pathogenic	CORE_HR	RAD51C	1.667536	WT_LOST
SIM-00312	Pathogenic	CORE_HR	RAD51C	1.725526	WT_LOST
SIM-00313	Pathogenic	CORE_HR	RAD54L	1.233741	NOT_WT_LOST
SIM-00314	Pathogenic	CORE_HR	RAD51D	2.656393	WT_LOST
SIM-00315	Pathogenic	CORE_HR	BARD1	0.957141	NOT_WT_LOST
SIM-00316	Pathogenic	CORE_HR	BRCA2	0.117164	NOT_WT_LOST
SIM-00317	Pathogenic	CORE_HR	BRIP1	1.596342	NOT_WT_LOST
SIM-00318	Pathogenic	CORE_HR	PALB2	0.06399	WT_LOST
SIM-00319	Pathogenic	CORE_HR	BRCA1	2.79441	WT_LOST
SIM-00320	Pathogenic	CORE_HR	BRCA2	2.252854	WT_LOST
SIM-00321	Pathogenic	CORE_HR	BARD1	1.068732	WT_LOST
SIM-00322	Pathogenic	CORE_HR	BRCA2	1.192179	WT_LOST
SIM-00323	Pathogenic	CORE_HR	RAD54L	0.599439	WT_LOST
SIM-00324	Pathogenic	CORE_HR	BRIP1	1.684778	WT_LOST
SIM-00325	Pathogenic	CORE_HR	RAD51D	2.996016	WT_LOST
SIM-00326	Pathogenic	CORE_HR	PALB2	1.129003	WT_LOST
SIM-00327	Pathogenic	CORE_HR	RAD54L	0.876079	WT_LOST
SIM-00328	Pathogenic	CORE_HR	BRIP1	1.743228	WT_LOST
SIM-00329	Pathogenic	CORE_HR	RAD51D	2.709998	WT_LOST
SIM-00330	Pathogenic	CORE_HR	RAD51C	3.512938	WT_LOST
SIM-00331	Pathogenic	CORE_HR	BRIP1	2.240676	WT_LOST
SIM-00332	Pathogenic	CORE_HR	BRCA1	-0.00206	NOT_WT_LOST
SIM-00333	Pathogenic	CORE_HR	RAD51D	1.636982	WT_LOST
SIM-00334	Pathogenic	CORE_HR	BRCA2	0.270594	NOT_WT_LOST
SIM-00335	Pathogenic	CORE_HR	BRCA2	1.977452	WT_LOST
SIM-00336	Pathogenic	CORE_HR	RAD51D	-0.062746	NOT_WT_LOST
SIM-00337	Pathogenic	CORE_HR	RAD51B	2.640839	WT_LOST
SIM-00338	Pathogenic	CORE_HR	RAD51B	0.812376	NOT_WT_LOST
SIM-00339	Pathogenic	CORE_HR	BRIP1	0.445648	WT_LOST
SIM-00340	Pathogenic	CORE_HR	BARD1	-0.077629	NOT_WT_LOST
SIM-00341	Pathogenic	CORE_HR	BRIP1	0.468882	NOT_WT_LOST
SIM-00342	Pathogenic	CORE_HR	RAD51B	2.141546	WT_LOST
SIM-00343	Pathogenic	CORE_HR	BARD1	1.233706	WT_LOST
SIM-00344	Pathogenic	CORE_HR	BRCA2	-0.304023	NOT_WT_LOST
SIM-00345	Pathogenic	CORE_HR	RAD51B	-0.553552	NOT_WT_LOST
SIM-00346	Pathogenic	CORE_HR	RAD54L	1.582753	WT_LOST
SIM-00347	Pathogenic	CORE_HR	RAD51C	1.485764	WT_LOST
SIM-00348	Pathogenic	CORE_HR	BRIP1	1.386802	WT_LOST
SIM-00349	Pathogenic	CORE_HR	RAD51D	2.469823	WT_LOST
SIM-00350	Pathogenic	CORE_HR	BRCA1	0.559512	WT_LOST
SIM-00351	Pathogenic	CORE_HR	RAD51B	0.849417	WT_LOST
SIM-00352	Pathogenic	CORE_HR	BRCA1	1.283541	WT_LOST
SIM-00353	Pathogenic	CORE_HR	PALB2	2.596516	WT_LOST
SIM-00354	Pathogenic	CORE_HR	RAD51D	1.43499	WT_LOST
SIM-00355	Pathogenic	CORE_HR	RAD51D	-0.221698	NOT_WT_LOST
SIM-00356	Pathogenic	CORE_HR	PALB2	2.400408	WT_LOST
SIM-00357	Pathogenic	CORE_HR	RAD54L	1.002109	WT_LOST
SIM-00358	Pathogenic	CORE_HR	BRCA2	0.905192	WT_LOST
SIM-00359	Pathogenic	CORE_HR	RAD51D	0.610412	WT_LOST
SIM-00360	Pathogenic	CORE_HR	RAD51D	1.976429	WT_LOST
SIM-00361	Pathogenic	CORE_HR	RAD51D	0.578389	WT_LOST
SIM-00362	Pathogenic	CORE_HR	PALB2	1.462846	WT_LOST
SIM-00363	Pathogenic	CORE_HR	BRCA2	0.595236	NOT_WT_LOST
SIM-00364	Pathogenic	CORE_HR	RAD54L	0.232118	WT_LOST
SIM-00365	Pathogenic	CORE_HR	RAD51C	2.282395	WT_LOST
SIM-00366	Pathogenic	CORE_HR	BARD1	3.049617	WT_LOST
SIM-00367	Pathogenic	CORE_HR	RAD51D	2.290861	WT_LOST
SIM-00368	Pathogenic	CORE_HR	BRCA1	1.286319	WT_LOST
SIM-00369	Pathogenic	CORE_HR	RAD51D	3.823677	WT_LOST
SIM-00370	Pathogenic	CORE_HR	PALB2	3.343399	WT_LOST
SIM-00371	Pathogenic	CORE_HR	RAD51B	1.594751	WT_LOST
SIM-00372	Pathogenic	CORE_HR	RAD51C	0.665619	WT_LOST
SIM-00373	Pathogenic	CORE_HR	BRCA1	2.286914	WT_LOST
SIM-00374	Pathogenic	CORE_HR	RAD51C	2.215744	WT_LOST
SIM-00375	Pathogenic	CORE_HR	RAD54L	3.240228	WT_LOST
SIM-00376	Pathogenic	CORE_HR	BRIP1	2.290079	WT_LOST
SIM-00377	Pathogenic	CORE_HR	BRIP1	2.101352	WT_LOST
SIM-00378	Pathogenic	CORE_HR	RAD54L	2.043227	WT_LOST
SIM-00379	Pathogenic	CORE_HR	RAD51D	2.802629	WT_LOST
SIM-00380	Pathogenic	CORE_HR	PALB2	2.008313	WT_LOST
SIM-00381	Pathogenic	CORE_HR	RAD54L	1.353047	NOT_WT_LOST
SIM-00382	Pathogenic	CORE_HR	BARD1	1.2563	WT_LOST
SIM-00383	Pathogenic	CORE_HR	RAD51D	1.197325	NOT_WT_LOST
SIM-00384	Pathogenic	CORE_HR	RAD54L	2.80596	WT_LOST
SIM-00385	Pathogenic	CORE_HR	RAD51D	2.340495	WT_LOST
SIM-00386	Pathogenic	CORE_HR	RAD51D	0.771782	NOT_WT_LOST
SIM-00387	Pathogenic	CORE_HR	BARD1	0.633673	NOT_WT_LOST
SIM-00388	Pathogenic	CORE_HR	BRIP1	2.039666	WT_LOST
SIM-00389	Pathogenic	CORE_HR	PALB2	1.709281	WT_LOST
SIM-00390	Pathogenic	CORE_HR	RAD54L	1.825912	WT_LOST
SIM-00391	Pathogenic	CORE_HR	BRCA2	-0.11558	NOT_WT_LOST
SIM-00392	Pathogenic	CORE_HR	RAD51B	1.194215	WT_LOST
SIM-00393	Pathogenic	CORE_HR	BRCA2	1.865315	WT_LOST
SIM-00394	Pathogenic	CORE_HR	BRCA2	1.366654	WT_LOST
SIM-00395	Pathogenic	CORE_HR	BARD1	1.379245	WT_LOST
SIM-00396	Pathogenic	CORE_HR	RAD54L	1.778557	WT_LOST
SIM-00397	Pathogenic	CORE_HR	BRIP1	2.131163	WT_LOST
SIM-00398	Pathogenic	CORE_HR	BRCA1	1.11168	WT_LOST
SIM-00399	Pathogenic	CORE_HR	BARD1	0.510529	NOT_WT_LOST
SIM-00400	Pathogenic	CORE_HR	BRCA2	3.101038	WT_LOST
SIM-00401	Pathogenic	CORE_HR	BRCA2	1.983679	WT_LOST
SIM-00402	Pathogenic	CORE_HR	BRIP1	-0.460014	NOT_WT_LOST
SIM-00403	Pathogenic	CORE_HR	RAD54L	0.710258	NOT_WT_LOST
SIM-00404	Pathogenic	CORE_HR	RAD51B	1.671834	WT_LOST
SIM-00405	Pathogenic	CORE_HR	RAD54L	2.793381	WT_LOST
SIM-00406	Pathogenic	CORE_HR	BARD1	1.830685	WT_LOST
SIM-00407	Pathogenic	CORE_HR	RAD51C	0.11238	NOT_WT_LOST
SIM-00408	Pathogenic	CORE_HR	BARD1	1.526746	WT_LOST
SIM-00409	Pathogenic	CORE_HR	BARD1	2.578043	WT_LOST
SIM-00410	Pathogenic	CORE_HR	BRCA1	1.903088	WT_LOST
SIM-00411	Pathogenic	CORE_HR	RAD51B	0.69658	NOT_WT_LOST
SIM-00412	Pathogenic	CORE_HR	RAD51D	2.522567	WT_LOST
SIM-00413	Pathogenic	CORE_HR	RAD51B	1.029298	NOT_WT_LOST
SIM-00414	Pathogenic	CORE_HR	BRIP1	1.829488	WT_LOST
SIM-00415	Pathogenic	CORE_HR	BRCA2	-0.198448	NOT_WT_LOST
SIM-00416	Pathogenic	CORE_HR	BRCA1	1.032965	WT_LOST
SIM-00417	Pathogenic	CORE_HR	BRCA2	1.909895	WT_LOST
SIM-00418	Pathogenic	CORE_HR	BRIP1	1.927246	WT_LOST
SIM-00419	Pathogenic	CORE_HR	BARD1	1.72641	WT_LOST
SIM-00420	Pathogenic	CORE_HR	PALB2	1.769879	WT_LOST
SIM-00421	Pathogenic	CORE_HR	RAD54L	2.033054	WT_LOST
SIM-00422	Pathogenic	CORE_HR	BRCA1	2.971795	WT_LOST
SIM-00423	Pathogenic	CORE_HR	PALB2	3.082559	WT_LOST
SIM-00424	Pathogenic	CORE_HR	RAD51D	0.889569	NOT_WT_LOST
SIM-00425	Pathogenic	CORE_HR	RAD54L	0.706535	WT_LOST
SIM-00426	Pathogenic	CORE_HR	BARD1	1.225934	WT_LOST
SIM-00427	Pathogenic	CORE_HR	BARD1	1.177182	NOT_WT_LOST
SIM-00428	Pathogenic	CORE_HR	BRCA1	0.816643	WT_LOST
SIM-00429	Pathogenic	CORE_HR	RAD51B	0.19421	NOT_WT_LOST
SIM-00430	Pathogenic	CORE_HR	RAD51D	-0.147659	NOT_WT_LOST
SIM-00431	Pathogenic	CORE_HR	RAD51D	2.217874	WT_LOST
SIM-00432	Pathogenic	CORE_HR	RAD51B	0.856856	WT_LOST
SIM-00433	Pathogenic	CORE_HR	RAD51D	1.172695	NOT_WT_LOST
SIM-00434	Pathogenic	CORE_HR	BRCA1	1.509236	WT_LOST
SIM-00435	Pathogenic	CORE_HR	BARD1	1.185833	WT_LOST
SIM-00436	Pathogenic	CORE_HR	BARD1	1.84566	WT_LOST
SIM-00437	Pathogenic	CORE_HR	BRCA2	0.252591	WT_LOST
SIM-00438	Pathogenic	CORE_HR	RAD51B	2.772124	WT_LOST
SIM-00439	Pathogenic	CORE_HR	BRIP1	-0.193667	NOT_WT_LOST
SIM-00440	Pathogenic	CORE_HR	BRCA2	2.491222	WT_LOST
SIM-00441	Pathogenic	CORE_HR	PALB2	3.714666	WT_LOST
SIM-00442	Pathogenic	CORE_HR	BRIP1	0.195643	WT_LOST
SIM-00443	Pathogenic	CORE_HR	BRCA1	2.588807	WT_LOST
SIM-00444	Pathogenic	CORE_HR	BARD1	0.563403	NOT_WT_LOST
SIM-00445	Pathogenic	CORE_HR	RAD51C	2.370105	WT_LOST
SIM-00446	Pathogenic	CORE_HR	RAD54L	1.107191	WT_LOST
SIM-00447	Pathogenic	CORE_HR	BRCA2	1.283153	NOT_WT_LOST
SIM-00448	Pathogenic	CORE_HR	RAD51B	2.916736	WT_LOST
SIM-00449	Pathogenic	CORE_HR	PALB2	2.283052	WT_LOST
SIM-00450	Pathogenic	CORE_HR	BRCA1	0.492032	NOT_WT_LOST
SIM-00451	Pathogenic	CORE_HR	BRCA2	0.99028	NOT_WT_LOST
SIM-00452	Pathogenic	CORE_HR	RAD51B	0.420056	WT_LOST
SIM-00453	Pathogenic	CORE_HR	PALB2	0.174716	NOT_WT_LOST
SIM-00454	Pathogenic	CORE_HR	RAD51D	0.70158	WT_LOST
SIM-00455	Pathogenic	CORE_HR	RAD51B	1.967602	WT_LOST
SIM-00456	Pathogenic	CORE_HR	BRIP1	1.677244	WT_LOST
SIM-00457	Pathogenic	CORE_HR	BRIP1	0.42471	NOT_WT_LOST
SIM-00458	Pathogenic	CORE_HR	RAD54L	1.185713	WT_LOST
SIM-00459	Pathogenic	CORE_HR	BARD1	2.776997	WT_LOST
SIM-00460	Pathogenic	CORE_HR	BRCA2	0.834305	WT_LOST
SIM-00461	Pathogenic	CORE_HR	BRCA1	0.934981	WT_LOST
SIM-00462	Pathogenic	CORE_HR	RAD54L	3.117099	WT_LOST
SIM-00463	Pathogenic	CORE_HR	RAD51B	1.615752	NOT_WT_LOST
SIM-00464	Pathogenic	CORE_HR	PALB2	3.179005	WT_LOST
SIM-00465	Pathogenic	CORE_HR	PALB2	1.691744	WT_LOST
SIM-00466	Pathogenic	CORE_HR	RAD51D	2.968725	WT_LOST
SIM-00467	Pathogenic	CORE_HR	RAD51C	1.777701	NOT_WT_LOST
SIM-00468	Pathogenic	CORE_HR	PALB2	1.152457	NOT_WT_LOST
SIM-00469	Pathogenic	CORE_HR	RAD51B	0.863754	WT_LOST
SIM-00470	Pathogenic	CORE_HR	PALB2	1.426558	WT_LOST
SIM-00471	Pathogenic	CORE_HR	BRIP1	3.592943	WT_LOST
SIM-00472	Pathogenic	CORE_HR	BARD1	0.271922	NOT_WT_LOST
SIM-00473	Pathogenic	CORE_HR	RAD51C	0.812847	WT_LOST
SIM-00474	Pathogenic	CORE_HR	RAD54L	3.063591	WT_LOST
SIM-00475	Pathogenic	CORE_HR	PALB2	0.919209	WT_LOST
SIM-00476	Pathogenic	CORE_HR	BRCA2	2.536651	WT_LOST
SIM-00477	Pathogenic	CORE_HR	BARD1	2.866898	WT_LOST
SIM-00478	Pathogenic	CORE_HR	RAD51B	0.181219	NOT_WT_LOST
SIM-00479	Pathogenic	CORE_HR	BARD1	0.758076	WT_LOST
SIM-00480	Pathogenic	CORE_HR	BRIP1	1.94661	WT_LOST
SIM-00481	Pathogenic	CORE_HR	BRIP1	1.299407	WT_LOST
SIM-00482	Pathogenic	CORE_HR	BRIP1	0.674328	WT_LOST
SIM-00483	Pathogenic	CORE_HR	BARD1	0.999014	WT_LOST
SIM-00484	Pathogenic	CORE_HR	BRCA2	1.416349	WT_LOST
SIM-00485	Pathogenic	CORE_HR	BRIP1	1.676518	WT_LOST
SIM-00486	Pathogenic	CORE_HR	BRIP1	-0.169158	NOT_WT_LOST
SIM-00487	Pathogenic	CORE_HR	RAD51B	1.318583	NOT_WT_LOST
SIM-00488	Pathogenic	CORE_HR	RAD51B	2.107641	WT_LOST
SIM-00489	Pathogenic	CORE_HR	BRIP1	0.048682	NOT_WT_LOST
SIM-00490	Pathogenic	CORE_HR	RAD51D	0.514178	WT_LOST
SIM-00491	Pathogenic	CORE_HR	RAD51D	3.484926	WT_LOST
SIM-00492	Pathogenic	CORE_HR	RAD51C	1.538697	WT_LOST
SIM-00493	Pathogenic	CORE_HR	BRCA2	3.24391	WT_LOST
SIM-00494	Pathogenic	CORE_HR	BARD1	2.248976	WT_LOST
SIM-00495	Pathogenic	CORE_HR	BARD1	1.846722	NOT_WT_LOST
SIM-00496	Pathogenic	CORE_HR	BRCA2	1.061271	WT_LOST
SIM-00497	Pathogenic	CORE_HR	BRCA1	2.501126	WT_LOST
SIM-00498	Pathogenic	CORE_HR	BARD1	3.236977	WT_LOST
SIM-00499	Pathogenic	CORE_HR	RAD51B	2.035932	WT_LOST
SIM-00500	Pathogenic	CORE_HR	RAD54L	2.458448	WT_LOST
SIM-00501	Pathogenic	CORE_HR	BRIP1	3.576763	WT_LOST
SIM-00502	Pathogenic	CORE_HR	RAD54L	1.41208	WT_LOST
SIM-00503	Pathogenic	CORE_HR	PALB2	0.516305	NOT_WT_LOST
SIM-00504	Pathogenic	CORE_HR	RAD54L	-0.349419	NOT_WT_LOST
SIM-00505	Pathogenic	CORE_HR	RAD51B	2.110438	WT_LOST
SIM-00506	Pathogenic	CORE_HR	RAD51D	0.628344	WT_LOST
SIM-00507	Pathogenic	CORE_HR	BARD1	1.736479	WT_LOST
SIM-00508	Pathogenic	CORE_HR	RAD51C	1.44724	WT_LOST
SIM-00509	Pathogenic	CORE_HR	BARD1	4.042073	WT_LOST
SIM-00510	Pathogenic	CORE_HR	BARD1	2.286068	WT_LOST
SIM-00511	Pathogenic	CORE_HR	RAD54L	2.214057	WT_LOST
SIM-00512	Pathogenic	CORE_HR	BRCA1	1.666021	WT_LOST
SIM-00513	Pathogenic	CORE_HR	RAD51C	2.392249	WT_LOST
SIM-00514	Pathogenic	CORE_HR	RAD51B	1.850195	WT_LOST
SIM-00515	Pathogenic	CORE_HR	BARD1	2.576249	WT_LOST
SIM-00516	Pathogenic	CORE_HR	BRIP1	1.79658	WT_LOST
SIM-00517	Pathogenic	CORE_HR	RAD51C	0.876904	NOT_WT_LOST
SIM-00518	Pathogenic	CORE_HR	PALB2	2.605677	NOT_WT_LOST
SIM-00519	Pathogenic	CORE_HR	RAD51C	2.228121	WT_LOST
SIM-00520	Pathogenic	CORE_HR	PALB2	2.434556	WT_LOST
SIM-00521	Pathogenic	CORE_HR	RAD51C	3.355595	WT_LOST
SIM-00522	Pathogenic	CORE_HR	BRCA2	2.5123	WT_LOST
SIM-00523	Pathogenic	CORE_HR	BRCA2	2.194683	WT_LOST
SIM-00524	Pathogenic	CORE_HR	RAD54L	2.807569	WT_LOST
SIM-00525	Pathogenic	CORE_HR	BRCA1	0.116972	NOT_WT_LOST
SIM-00526	Pathogenic	CORE_HR	PALB2	1.308273	WT_LOST
SIM-00527	Pathogenic	CORE_HR	BRCA2	0.582213	WT_LOST
SIM-00528	Pathogenic	CORE_HR	RAD51C	1.164731	NOT_WT_LOST
SIM-00529	Pathogenic	CORE_HR	RAD51D	2.214345	WT_LOST
SIM-00530	Pathogenic	CORE_HR	BARD1	3.463033	WT_LOST
SIM-00531	Pathogenic	CORE_HR	BRCA1	0.704992	WT_LOST
SIM-00532	Pathogenic	CORE_HR	BRIP1	1.381704	WT_LOST
SIM-00533	Pathogenic	CORE_HR	RAD51D	1.306987	WT_LOST
SIM-00534	Pathogenic	CORE_HR	BRIP1	2.773733	WT_LOST
SIM-00535	Pathogenic	CORE_HR	RAD51C	1.958201	WT_LOST
SIM-00536	Pathogenic	CORE_HR	PALB2	2.726267	WT_LOST
SIM-00537	Pathogenic	CORE_HR	RAD51C	1.217845	WT_LOST
SIM-00538	Pathogenic	CORE_HR	PALB2	1.956378	WT_LOST
SIM-00539	Pathogenic	CORE_HR	RAD54L	1.413798	WT_LOST
SIM-00540	Pathogenic	CORE_HR	PALB2	3.040121	WT_LOST
SIM-00541	Pathogenic	CORE_HR	BRIP1	2.142454	WT_LOST
SIM-00542	Pathogenic	CORE_HR	BRIP1	0.774191	NOT_WT_LOST
SIM-00543	Pathogenic	CORE_HR	BRCA2	1.668512	WT_LOST
SIM-00544	Pathogenic	CORE_HR	BRCA2	1.281188	WT_LOST
SIM-00545	Pathogenic	CORE_HR	BRCA2	0.663327	WT_LOST
SIM-00546	Pathogenic	CORE_HR	BRIP1	3.403039	WT_LOST
SIM-00547	Pathogenic	CORE_HR	RAD51C	2.984865	WT_LOST
SIM-00548	Pathogenic	CORE_HR	BRIP1	2.015855	WT_LOST
SIM-00549	Pathogenic	CORE_HR	PALB2	2.127514	WT_LOST
SIM-00550	Pathogenic	CORE_HR	RAD51D	2.887693	WT_LOST
SIM-00551	Pathogenic	CORE_HR	BRCA2	2.629694	WT_LOST
SIM-00552	Pathogenic	CORE_HR	RAD54L	-0.18683	WT_LOST
SIM-00553	Pathogenic	CORE_HR	BRCA1	1.475477	WT_LOST
SIM-00554	Pathogenic	CORE_HR	BARD1	1.353833	WT_LOST
SIM-00555	Pathogenic	CORE_HR	RAD51B	1.375884	WT_LOST
SIM-00556	Pathogenic	CORE_HR	PALB2	1.2765	WT_LOST
SIM-00557	Pathogenic	CORE_HR	RAD51C	0.600795	WT_LOST
SIM-00558	Pathogenic	CORE_HR	BRCA1	2.772976	WT_LOST
SIM-00559	Pathogenic	CORE_HR	BRCA2	0.6075	NOT_WT_LOST
SIM-00560	Pathogenic	CORE_HR	RAD54L	1.402414	WT_LOST
SIM-00561	Pathogenic	CORE_HR	RAD51B	3.449213	WT_LOST
SIM-00562	Pathogenic	CORE_HR	BARD1	2.077052	WT_LOST
SIM-00563	Pathogenic	CORE_HR	RAD51C	1.966492	WT_LOST
SIM-00564	Pathogenic	CORE_HR	BRCA2	2.007666	NOT_WT_LOST
SIM-00565	Pathogenic	CORE_HR	BRCA2	1.029201	WT_LOST
SIM-00566	Pathogenic	CORE_HR	RAD51D	3.527906	WT_LOST
SIM-00567	Pathogenic	CORE_HR	BARD1	1.822328	WT_LOST
SIM-00568	Pathogenic	CORE_HR	RAD54L	1.044557	WT_LOST
SIM-00569	Pathogenic	CORE_HR	BARD1	1.551285	WT_LOST
SIM-00570	Pathogenic	CORE_HR	RAD54L	1.699556	WT_LOST
SIM-00571	Pathogenic	CORE_HR	BRCA1	2.181604	WT_LOST
SIM-00572	Pathogenic	CORE_HR	RAD51B	1.335397	WT_LOST
SIM-00573	Pathogenic	CORE_HR	RAD51D	1.224618	WT_LOST
SIM-00574	Pathogenic	CORE_HR	BRCA2	2.828838	WT_LOST
SIM-00575	Pathogenic	CORE_HR	RAD51B	3.200761	WT_LOST
SIM-00576	Pathogenic	CORE_HR	BRIP1	3.02033	WT_LOST
SIM-00577	Pathogenic	CORE_HR	BRCA1	0.420252	WT_LOST
SIM-00578	Pathogenic	CORE_HR	RAD51D	1.449812	WT_LOST
SIM-00579	Pathogenic	CORE_HR	PALB2	0.431062	NOT_WT_LOST
SIM-00580	Pathogenic	CORE_HR	BRCA1	0.921262	WT_LOST
SIM-00581	Pathogenic	CORE_HR	BRIP1	2.02076	WT_LOST
SIM-00582	Pathogenic	CORE_HR	BARD1	-0.447729	NOT_WT_LOST
SIM-00583	Pathogenic	CORE_HR	RAD54L	1.713847	WT_LOST
SIM-00584	Pathogenic	CORE_HR	RAD51C	1.493405	WT_LOST
SIM-00585	Pathogenic	CORE_HR	RAD54L	1.279996	WT_LOST
SIM-00586	Pathogenic	CORE_HR	PALB2	3.434606	WT_LOST
SIM-00587	Pathogenic	CORE_HR	RAD51B	0.064153	WT_LOST
SIM-00588	Pathogenic	CORE_HR	BRIP1	0.331921	NOT_WT_LOST
SIM-00589	Pathogenic	CORE_HR	RAD51D	0.598584	NOT_WT_LOST
SIM-00590	Pathogenic	CORE_HR	BRCA2	0.163987	NOT_WT_LOST
SIM-00591	Pathogenic	CORE_HR	BRIP1	1.538179	WT_LOST
SIM-00592	Pathogenic	CORE_HR	RAD51D	2.801138	WT_LOST
SIM-00593	Pathogenic	CORE_HR	BRCA1	1.563938	WT_LOST
SIM-00594	Pathogenic	CORE_HR	BRCA2	0.515729	NOT_WT_LOST
SIM-00595	Pathogenic	CORE_HR	BRIP1	1.172134	WT_LOST
SIM-00596	Pathogenic	CORE_HR	BRIP1	1.826222	WT_LOST
SIM-00597	Pathogenic	CORE_HR	BRCA2	0.531515	WT_LOST
SIM-00598	Pathogenic	CORE_HR	RAD51D	3.009785	WT_LOST
SIM-00599	Pathogenic	CORE_HR	RAD51B	0.803608	WT_LOST
SIM-00600	Pathogenic	CORE_HR	RAD51D	2.340598	WT_LOST
SIM-00601	Pathogenic	CORE_HR	RAD54L	3.322943	WT_LOST
SIM-00602	Pathogenic	CORE_HR	BRIP1	2.131551	WT_LOST
SIM-00603	Pathogenic	CORE_HR	RAD54L	1.990956	WT_LOST
SIM-00604	Pathogenic	CORE_HR	RAD51B	2.162314	NOT_WT_LOST
SIM-00605	Pathogenic	CORE_HR	RAD51C	0.659095	NOT_WT_LOST
SIM-00606	Pathogenic	CORE_HR	BARD1	2.10021	NOT_WT_LOST
SIM-00607	Pathogenic	CORE_HR	RAD51B	1.186803	NOT_WT_LOST
SIM-00608	Pathogenic	CORE_HR	BRIP1	0.794634	WT_LOST
SIM-00609	Pathogenic	CORE_HR	BRCA2	1.809744	NOT_EVALUABLE
SIM-00610	Pathogenic	CORE_HR	RAD54L	0.487361	NOT_EVALUABLE
SIM-00611	Pathogenic	CORE_HR	RAD51D	-0.238913	NOT_EVALUABLE
SIM-00612	Pathogenic	CORE_HR	BRCA2	1.502464	NOT_EVALUABLE
SIM-00613	Pathogenic	CORE_HR	RAD51D	1.524055	NOT_EVALUABLE
SIM-00614	Pathogenic	CORE_HR	BRCA2	1.320792	NOT_EVALUABLE
SIM-00615	Pathogenic	CORE_HR	RAD51C	1.352682	NOT_EVALUABLE
SIM-00616	Pathogenic	CORE_HR	RAD51D	1.8842	NOT_EVALUABLE
SIM-00617	Pathogenic	CORE_HR	BRIP1	1.480017	WT_LOST
SIM-00618	Pathogenic	CORE_HR	RAD51D	1.851865	WT_LOST
SIM-00619	Pathogenic	CORE_HR	RAD54L	2.202097	WT_LOST
SIM-00620	Pathogenic	CORE_HR	BRCA2	1.848797	WT_LOST
SIM-00621	Pathogenic	CORE_HR	BRCA1	2.022521	WT_LOST
SIM-00622	Pathogenic	CORE_HR	PALB2	1.828128	WT_LOST
SIM-00623	Pathogenic	CORE_HR	BRIP1	2.176254	WT_LOST
SIM-00624	Pathogenic	CORE_HR	BRCA1	1.207118	WT_LOST
SIM-00625	Pathogenic	CORE_HR	BARD1	0.400974	WT_LOST
SIM-00626	Pathogenic	CORE_HR	BRIP1	-0.512644	WT_LOST
SIM-00627	Pathogenic	CORE_HR	BRIP1	1.604235	WT_LOST
SIM-00628	Pathogenic	CORE_HR	PALB2	1.322125	WT_LOST
SIM-00629	Pathogenic	CORE_HR	RAD54L	1.000412	NOT_WT_LOST
SIM-00630	Pathogenic	CORE_HR	PALB2	1.971945	WT_LOST
SIM-00631	Pathogenic	CORE_HR	RAD51D	2.322876	WT_LOST
SIM-00632	Pathogenic	CORE_HR	RAD54L	1.510529	WT_LOST
SIM-00633	Pathogenic	CORE_HR	RAD51B	1.80993	WT_LOST
SIM-00634	Pathogenic	CORE_HR	RAD54L	1.284793	NOT_WT_LOST
SIM-00635	Pathogenic	CORE_HR	PALB2	1.750692	WT_LOST
SIM-00636	Pathogenic	CORE_HR	BARD1	0.468112	NOT_WT_LOST
SIM-00637	Pathogenic	CORE_HR	PALB2	1.297154	WT_LOST
SIM-00638	Pathogenic	CORE_HR	RAD54L	1.416753	WT_LOST
SIM-00639	Pathogenic	CORE_HR	BARD1	2.323181	WT_LOST
SIM-00640	Pathogenic	CORE_HR	BRIP1	2.230642	NOT_WT_LOST
SIM-00641	Pathogenic	CORE_HR	BRCA1	2.330281	WT_LOST
SIM-00642	Pathogenic	CORE_HR	RAD54L	0.743014	NOT_WT_LOST
SIM-00643	Pathogenic	CORE_HR	RAD51B	1.56656	WT_LOST
SIM-00644	Pathogenic	CORE_HR	BRCA1	0.847064	NOT_WT_LOST
SIM-00645	Pathogenic	CORE_HR	RAD51D	1.253093	WT_LOST
SIM-00646	Pathogenic	CORE_HR	BRCA1	1.327375	NOT_WT_LOST
SIM-00647	Pathogenic	CORE_HR	RAD54L	2.33667	WT_LOST
SIM-00648	Pathogenic	CORE_HR	BARD1	2.466344	WT_LOST
SIM-00649	Pathogenic	CORE_HR	RAD51B	1.20046	WT_LOST
SIM-00650	Pathogenic	CORE_HR	PALB2	1.038889	NOT_WT_LOST
SIM-00651	Pathogenic	CORE_HR	RAD51C	3.308721	WT_LOST
SIM-00652	Pathogenic	CORE_HR	RAD51B	0.659729	WT_LOST
SIM-00653	Pathogenic	CORE_HR	PALB2	2.395074	WT_LOST
SIM-00654	Pathogenic	CORE_HR	RAD51D	1.47816	WT_LOST
SIM-00655	Pathogenic	CORE_HR	RAD54L	1.015035	WT_LOST
SIM-00656	Pathogenic	CORE_HR	RAD51B	-0.227757	NOT_WT_LOST
SIM-00657	Pathogenic	CORE_HR	BRCA1	1.169215	WT_LOST
SIM-00658	Pathogenic	CORE_HR	BRCA1	2.025346	WT_LOST
SIM-00659	Pathogenic	CORE_HR	BRIP1	1.801243	WT_LOST
SIM-00660	Pathogenic	CORE_HR	BRIP1	2.12283	WT_LOST
SIM-00661	Pathogenic	CORE_HR	RAD51D	0.808211	WT_LOST
SIM-00662	Pathogenic	CORE_HR	BRCA1	0.399527	NOT_WT_LOST
SIM-00663	Pathogenic	CORE_HR	RAD54L	2.628448	NOT_WT_LOST
SIM-00664	Pathogenic	CORE_HR	BRCA1	3.019368	WT_LOST
SIM-00665	Pathogenic	CORE_HR	BRIP1	1.584937	WT_LOST
SIM-00666	Pathogenic	CORE_HR	BRCA2	2.764152	WT_LOST
SIM-00667	Pathogenic	CORE_HR	RAD51C	0.569498	NOT_WT_LOST
SIM-00668	Pathogenic	CORE_HR	RAD51C	3.097519	WT_LOST
SIM-00669	Pathogenic	CORE_HR	PALB2	1.921527	WT_LOST
SIM-00670	Pathogenic	CORE_HR	PALB2	1.264609	NOT_WT_LOST
SIM-00671	Pathogenic	CORE_HR	BRIP1	0.489964	WT_LOST
SIM-00672	Pathogenic	CORE_HR	RAD51B	1.208021	WT_LOST
SIM-00673	Pathogenic	CORE_HR	BARD1	0.849914	NOT_WT_LOST
SIM-00674	Pathogenic	CORE_HR	BARD1	2.131219	WT_LOST
SIM-00675	Pathogenic	CORE_HR	PALB2	3.013974	WT_LOST
SIM-00676	Pathogenic	CORE_HR	BARD1	0.621218	NOT_WT_LOST
SIM-00677	Pathogenic	CORE_HR	BRIP1	0.514536	NOT_WT_LOST
SIM-00678	Pathogenic	CORE_HR	BRCA1	1.635403	WT_LOST
SIM-00679	Pathogenic	CORE_HR	BRCA2	1.594145	WT_LOST
SIM-00680	Pathogenic	CORE_HR	BRCA2	2.546259	WT_LOST
SIM-00681	Pathogenic	CORE_HR	BRCA1	0.212532	WT_LOST
SIM-00682	Pathogenic	CORE_HR	BRIP1	-0.674377	WT_LOST
SIM-00683	Pathogenic	CORE_HR	RAD54L	1.837822	WT_LOST
SIM-00684	Pathogenic	CORE_HR	BARD1	1.710982	WT_LOST
SIM-00685	Pathogenic	CORE_HR	RAD51C	2.50308	NOT_WT_LOST
SIM-00686	Pathogenic	CORE_HR	BRCA1	0.619648	NOT_WT_LOST
SIM-00687	Pathogenic	CORE_HR	BRCA1	2.906924	WT_LOST
SIM-00688	Pathogenic	CORE_HR	BARD1	1.080134	WT_LOST
SIM-00689	Pathogenic	CORE_HR	RAD54L	-0.219612	NOT_WT_LOST
SIM-00690	Pathogenic	CORE_HR	RAD51C	0.858073	WT_LOST
SIM-00691	Pathogenic	CORE_HR	RAD51B	0.51806	WT_LOST
SIM-00692	Pathogenic	CORE_HR	BRCA1	1.637944	WT_LOST
SIM-00693	Pathogenic	CORE_HR	BRIP1	2.022086	WT_LOST
SIM-00694	Pathogenic	CORE_HR	BARD1	1.122404	WT_LOST
SIM-00695	Pathogenic	CORE_HR	BRIP1	2.158998	WT_LOST
SIM-00696	Pathogenic	CORE_HR	BRCA2	3.138905	WT_LOST
SIM-00697	Pathogenic	CORE_HR	BRIP1	2.459506	WT_LOST
SIM-00698	Pathogenic	CORE_HR	BRCA1	1.720593	WT_LOST
SIM-00699	Pathogenic	CORE_HR	BRCA2	2.603992	WT_LOST
SIM-00700	Pathogenic	CORE_HR	BRCA2	2.779553	WT_LOST
SIM-00701	Pathogenic	CORE_HR	RAD51B	0.107086	WT_LOST
SIM-00702	Pathogenic	CORE_HR	RAD51D	0.597606	WT_LOST
SIM-00703	Pathogenic	CORE_HR	BARD1	2.721463	WT_LOST
SIM-00704	Pathogenic	CORE_HR	PALB2	2.677238	WT_LOST
SIM-00705	Pathogenic	CORE_HR	RAD51C	1.92625	WT_LOST
SIM-00706	Pathogenic	CORE_HR	RAD51C	3.240628	WT_LOST
SIM-00707	Pathogenic	CORE_HR	RAD51C	0.8703	WT_LOST
SIM-00708	Pathogenic	CORE_HR	RAD51D	1.504238	WT_LOST
SIM-00709	Pathogenic	CORE_HR	RAD51D	0.596085	WT_LOST
SIM-00710	Pathogenic	CORE_HR	BRIP1	2.712166	WT_LOST
SIM-00711	Pathogenic	CORE_HR	BRIP1	1.726215	WT_LOST
SIM-00712	Pathogenic	CORE_HR	BARD1	2.912036	WT_LOST
SIM-00713	Pathogenic	CORE_HR	PALB2	2.940088	WT_LOST
SIM-00714	Pathogenic	CORE_HR	BRIP1	2.040697	WT_LOST
SIM-00715	Pathogenic	CORE_HR	RAD51D	1.843634	WT_LOST
SIM-00716	Pathogenic	CORE_HR	PALB2	1.740925	WT_LOST
SIM-00717	Pathogenic	CORE_HR	BARD1	2.77559	WT_LOST
SIM-00718	Pathogenic	CORE_HR	PALB2	2.832832	WT_LOST
SIM-00719	Pathogenic	CORE_HR	BRCA1	2.072844	WT_LOST
SIM-00720	Pathogenic	CORE_HR	RAD54L	1.883334	WT_LOST
SIM-00721	Pathogenic	CORE_HR	RAD51B	2.081902	WT_LOST
SIM-00722	Pathogenic	CORE_HR	RAD51C	1.367096	WT_LOST
SIM-00723	Pathogenic	CORE_HR	RAD51B	1.629535	WT_LOST
SIM-00724	Pathogenic	CORE_HR	BRCA1	1.817047	WT_LOST
SIM-00725	Pathogenic	CORE_HR	RAD51D	2.375593	WT_LOST
SIM-00726	Pathogenic	CORE_HR	BARD1	1.280187	WT_LOST
SIM-00727	Pathogenic	CORE_HR	BRCA2	1.307687	WT_LOST
SIM-00728	Pathogenic	CORE_HR	RAD54L	-0.332258	NOT_WT_LOST
SIM-00729	Pathogenic	CORE_HR	BRIP1	1.701843	WT_LOST
SIM-00730	Pathogenic	CORE_HR	BRCA1	0.909643	WT_LOST
SIM-00731	Pathogenic	CORE_HR	RAD51D	0.668536	WT_LOST
SIM-00732	Pathogenic	CORE_HR	BRCA2	1.743301	WT_LOST
SIM-00733	Pathogenic	CORE_HR	RAD51D	3.528258	WT_LOST
SIM-00734	Pathogenic	CORE_HR	RAD51C	0.303245	NOT_WT_LOST
SIM-00735	Pathogenic	CORE_HR	BRIP1	1.934094	WT_LOST
SIM-00736	Pathogenic	CORE_HR	BRCA1	0.636562	WT_LOST
SIM-00737	Pathogenic	CORE_HR	BRCA1	2.005515	WT_LOST
SIM-00738	Pathogenic	CORE_HR	RAD51D	-0.424987	NOT_WT_LOST
SIM-00739	Pathogenic	CORE_HR	RAD51D	-0.270972	WT_LOST
SIM-00740	Pathogenic	CORE_HR	BRCA2	1.040035	WT_LOST
SIM-00741	Pathogenic	CORE_HR	RAD54L	0.429663	NOT_WT_LOST
SIM-00742	Pathogenic	CORE_HR	RAD51B	0.925192	WT_LOST
SIM-00743	Pathogenic	CORE_HR	RAD54L	0.583468	WT_LOST
SIM-00744	Pathogenic	CORE_HR	RAD54L	2.681891	WT_LOST
SIM-00745	Pathogenic	CORE_HR	BRIP1	1.737979	WT_LOST
SIM-00746	Pathogenic	CORE_HR	BRIP1	2.260921	WT_LOST
SIM-00747	Pathogenic	CORE_HR	BARD1	1.348501	WT_LOST
SIM-00748	Pathogenic	CORE_HR	BRCA2	-0.136952	NOT_WT_LOST
SIM-00749	Pathogenic	CORE_HR	BRCA1	0.716851	WT_LOST
SIM-00750	Pathogenic	CORE_HR	RAD51C	2.129249	WT_LOST
SIM-00751	Pathogenic	CORE_HR	RAD51C	2.421094	WT_LOST
SIM-00752	Pathogenic	CORE_HR	RAD54L	2.548213	WT_LOST
SIM-00753	Pathogenic	CORE_HR	RAD54L	2.962321	WT_LOST
SIM-00754	Pathogenic	CORE_HR	BRCA1	1.123432	WT_LOST
SIM-00755	Pathogenic	CORE_HR	RAD51C	0.515473	NOT_WT_LOST
SIM-00756	Pathogenic	CORE_HR	RAD54L	2.458767	WT_LOST
SIM-00757	Pathogenic	CORE_HR	BRCA2	2.420228	WT_LOST
SIM-00758	Pathogenic	CORE_HR	RAD54L	2.742856	WT_LOST
SIM-00759	Pathogenic	CORE_HR	RAD51B	-0.053709	NOT_WT_LOST
SIM-00760	Pathogenic	CORE_HR	RAD51C	0.98712	NOT_WT_LOST
SIM-00761	Pathogenic	CORE_HR	RAD54L	2.162609	WT_LOST
SIM-00762	Pathogenic	CORE_HR	BRCA1	0.737347	WT_LOST
SIM-00763	Pathogenic	CORE_HR	RAD54L	3.983922	WT_LOST
SIM-00764	Pathogenic	CORE_HR	RAD51C	1.774482	WT_LOST
SIM-00765	Pathogenic	CORE_HR	BARD1	0.828595	WT_LOST
SIM-00766	Pathogenic	CORE_HR	BRCA1	0.677418	WT_LOST
SIM-00767	Pathogenic	CORE_HR	RAD54L	3.53591	WT_LOST
SIM-00768	Pathogenic	CORE_HR	RAD54L	0.677853	NOT_WT_LOST
SIM-00769	Pathogenic	CORE_HR	BRCA1	2.418745	WT_LOST
SIM-00770	Pathogenic	CORE_HR	RAD54L	1.613652	WT_LOST
SIM-00771	Pathogenic	CORE_HR	BARD1	1.962481	WT_LOST
SIM-00772	Pathogenic	CORE_HR	RAD51C	2.26854	WT_LOST
SIM-00773	Pathogenic	CORE_HR	RAD51C	2.806943	WT_LOST
SIM-00774	Pathogenic	CORE_HR	PALB2	2.850079	WT_LOST
SIM-00775	Pathogenic	CORE_HR	RAD54L	1.868051	NOT_WT_LOST
SIM-00776	Pathogenic	CORE_HR	BRIP1	2.062463	WT_LOST
SIM-00777	Pathogenic	CORE_HR	RAD51B	2.339681	WT_LOST
SIM-00778	Pathogenic	CORE_HR	RAD51C	0.64905	WT_LOST
SIM-00779	Pathogenic	CORE_HR	BRCA1	1.301114	WT_LOST
SIM-00780	Pathogenic	CORE_HR	BRIP1	-0.597065	NOT_WT_LOST
SIM-00781	Pathogenic	CORE_HR	BRCA1	2.262356	WT_LOST
SIM-00782	Pathogenic	CORE_HR	RAD51D	0.851431	WT_LOST
SIM-00783	Pathogenic	CORE_HR	RAD51C	0.609049	NOT_WT_LOST
SIM-00784	Pathogenic	CORE_HR	PALB2	1.258316	WT_LOST
SIM-00785	Pathogenic	CORE_HR	RAD54L	3.339485	WT_LOST
SIM-00786	Pathogenic	CORE_HR	RAD51D	2.497294	WT_LOST
SIM-00787	Pathogenic	CORE_HR	BRCA1	1.042794	WT_LOST
SIM-00788	Pathogenic	CORE_HR	RAD51B	1.132088	NOT_WT_LOST
SIM-00789	Pathogenic	CORE_HR	RAD54L	2.491768	NOT_WT_LOST
SIM-00790	Pathogenic	CORE_HR	BRCA2	2.19497	WT_LOST
SIM-00791	Pathogenic	CORE_HR	BARD1	1.983682	WT_LOST
SIM-00792	Pathogenic	CORE_HR	RAD51B	2.759646	WT_LOST
SIM-00793	Pathogenic	CORE_HR	PALB2	0.021911	NOT_WT_LOST
SIM-00794	Pathogenic	CORE_HR	BRCA2	2.114218	WT_LOST
SIM-00795	Pathogenic	CORE_HR	PALB2	0.211789	WT_LOST
SIM-00796	Pathogenic	CORE_HR	BRCA1	1.337045	WT_LOST
SIM-00797	Pathogenic	CORE_HR	BRCA1	1.469578	WT_LOST
SIM-00798	Pathogenic	CORE_HR	PALB2	2.111902	WT_LOST
SIM-00799	Pathogenic	CORE_HR	PALB2	2.574999	WT_LOST
SIM-00800	Pathogenic	CORE_HR	RAD51B	0.568214	WT_LOST
SIM-00801	Pathogenic	CORE_HR	BRCA2	0.495094	WT_LOST
SIM-00802	Pathogenic	CORE_HR	RAD51D	1.879891	WT_LOST
SIM-00803	Pathogenic	CORE_HR	RAD51D	2.21682	WT_LOST
SIM-00804	Pathogenic	CORE_HR	BARD1	0.574025	NOT_WT_LOST
SIM-00805	Pathogenic	CORE_HR	PALB2	2.308077	WT_LOST
SIM-00806	Pathogenic	CORE_HR	RAD51D	0.247905	NOT_WT_LOST
SIM-00807	Pathogenic	CORE_HR	BARD1	2.060257	WT_LOST
SIM-00808	Pathogenic	CORE_HR	BRIP1	0.317622	WT_LOST
SIM-00809	Pathogenic	CORE_HR	BRCA2	0.749907	WT_LOST
SIM-00810	Pathogenic	CORE_HR	BRIP1	2.263124	WT_LOST
SIM-00811	Pathogenic	CORE_HR	BRCA1	0.049426	WT_LOST
SIM-00812	Pathogenic	CORE_HR	RAD51D	1.621967	WT_LOST
SIM-00813	Pathogenic	CORE_HR	RAD51C	2.95442	WT_LOST
SIM-00814	Pathogenic	CORE_HR	RAD51C	0.87439	WT_LOST
SIM-00815	Pathogenic	CORE_HR	BRCA2	1.770547	WT_LOST
SIM-00816	Pathogenic	CORE_HR	BRIP1	0.896822	NOT_WT_LOST
SIM-00817	Pathogenic	CORE_HR	BRCA2	1.122821	WT_LOST
SIM-00818	Pathogenic	CORE_HR	RAD51D	2.397689	WT_LOST
SIM-00819	Pathogenic	CORE_HR	RAD51D	0.008599	NOT_WT_LOST
SIM-00820	Pathogenic	CORE_HR	RAD51B	-0.508415	NOT_WT_LOST
SIM-00821	Pathogenic	CORE_HR	RAD51C	1.435864	WT_LOST
SIM-00822	Pathogenic	CORE_HR	BARD1	2.619921	WT_LOST
SIM-00823	Pathogenic	CORE_HR	BRCA1	3.181834	WT_LOST
SIM-00824	Pathogenic	CORE_HR	RAD51B	2.342499	WT_LOST
SIM-00825	Pathogenic	CORE_HR	BARD1	1.084337	WT_LOST
SIM-00826	Pathogenic	CORE_HR	RAD51B	1.789136	WT_LOST
SIM-00827	Pathogenic	CORE_HR	BARD1	0.149345	NOT_WT_LOST
SIM-00828	Pathogenic	CORE_HR	BRIP1	2.405029	WT_LOST
SIM-00829	Pathogenic	CORE_HR	BRCA1	2.23667	WT_LOST
SIM-00830	Pathogenic	CORE_HR	BRIP1	3.748928	WT_LOST
SIM-00831	Pathogenic	CORE_HR	PALB2	1.828239	WT_LOST
SIM-00832	Pathogenic	CORE_HR	BRCA1	1.577928	WT_LOST
SIM-00833	Pathogenic	CORE_HR	BARD1	1.762168	WT_LOST
SIM-00834	Pathogenic	CORE_HR	RAD51B	1.985836	WT_LOST
SIM-00835	Pathogenic	CORE_HR	RAD51C	2.207004	WT_LOST
SIM-00836	Pathogenic	CORE_HR	RAD51B	2.453989	WT_LOST
SIM-00837	Pathogenic	CORE_HR	RAD51B	1.097011	WT_LOST
SIM-00838	Pathogenic	CORE_HR	RAD54L	0.36212	WT_LOST
SIM-00839	Pathogenic	CORE_HR	BARD1	1.427368	WT_LOST
SIM-00840	Pathogenic	CORE_HR	RAD51B	2.145713	WT_LOST
SIM-00841	Pathogenic	CORE_HR	BARD1	0.807117	NOT_WT_LOST
SIM-00842	Pathogenic	CORE_HR	RAD54L	0.530689	WT_LOST
SIM-00843	Pathogenic	CORE_HR	RAD51B	1.748937	WT_LOST
SIM-00844	Pathogenic	CORE_HR	RAD54L	-0.68428	NOT_WT_LOST
SIM-00845	Pathogenic	CORE_HR	RAD54L	-0.360677	NOT_WT_LOST
SIM-00846	Pathogenic	CORE_HR	PALB2	1.660197	WT_LOST
SIM-00847	Pathogenic	CORE_HR	PALB2	1.806581	WT_LOST
SIM-00848	Pathogenic	CORE_HR	RAD54L	3.283732	WT_LOST
SIM-00849	Pathogenic	CORE_HR	RAD54L	1.093685	WT_LOST
SIM-00850	Pathogenic	CORE_HR	RAD51D	2.442653	WT_LOST
SIM-00851	Pathogenic	CORE_HR	BRIP1	2.04301	WT_LOST
SIM-00852	Pathogenic	CORE_HR	RAD51D	1.344453	WT_LOST
SIM-00853	Pathogenic	CORE_HR	BARD1	2.657462	WT_LOST
SIM-00854	Pathogenic	CORE_HR	RAD51C	2.078217	WT_LOST
SIM-00855	Pathogenic	CORE_HR	RAD51C	1.890706	WT_LOST
SIM-00856	Pathogenic	CORE_HR	PALB2	0.10366	NOT_WT_LOST
SIM-00857	Pathogenic	CORE_HR	RAD54L	0.751171	WT_LOST
SIM-00858	Pathogenic	CORE_HR	PALB2	1.219798	WT_LOST
SIM-00859	Pathogenic	CORE_HR	RAD51B	0.945444	WT_LOST
SIM-00860	Pathogenic	CORE_HR	RAD51B	1.441543	WT_LOST
SIM-00861	Pathogenic	CORE_HR	RAD54L	1.770549	WT_LOST
SIM-00862	Pathogenic	CORE_HR	RAD54L	0.248695	WT_LOST
SIM-00863	Pathogenic	CORE_HR	BRCA2	2.35272	WT_LOST
SIM-00864	Pathogenic	CORE_HR	RAD54L	1.633169	WT_LOST
SIM-00865	Pathogenic	CORE_HR	RAD51D	3.085596	WT_LOST
SIM-00866	Pathogenic	CORE_HR	RAD51D	1.286544	NOT_WT_LOST
SIM-00867	Pathogenic	CORE_HR	RAD51D	0.530752	WT_LOST
SIM-00868	Pathogenic	CORE_HR	BRCA1	1.874126	WT_LOST
SIM-00869	Pathogenic	CORE_HR	PALB2	0.267265	WT_LOST
SIM-00870	Pathogenic	CORE_HR	RAD54L	0.952031	WT_LOST
SIM-00871	Pathogenic	CORE_HR	PALB2	0.960468	WT_LOST
SIM-00872	Pathogenic	CORE_HR	BARD1	1.128846	WT_LOST
SIM-00873	Pathogenic	CORE_HR	RAD51C	0.632013	WT_LOST
SIM-00874	Pathogenic	CORE_HR	BRIP1	1.319879	NOT_WT_LOST
SIM-00875	Pathogenic	CORE_HR	RAD51D	0.74876	NOT_WT_LOST
SIM-00876	Pathogenic	CORE_HR	BARD1	0.922331	NOT_WT_LOST
SIM-00877	Pathogenic	CORE_HR	BRCA2	1.546259	WT_LOST
SIM-00878	Pathogenic	CORE_HR	BRCA1	0.830549	NOT_WT_LOST
SIM-00879	Pathogenic	CORE_HR	PALB2	0.848078	WT_LOST
SIM-00880	Pathogenic	CORE_HR	PALB2	1.540203	NOT_WT_LOST
SIM-00881	Pathogenic	CORE_HR	BRCA2	1.801006	WT_LOST
SIM-00882	Pathogenic	CORE_HR	RAD51C	0.804609	WT_LOST
SIM-00883	Pathogenic	CORE_HR	BRCA2	0.111258	NOT_WT_LOST
SIM-00884	Pathogenic	CORE_HR	PALB2	0.950212	WT_LOST
SIM-00885	Pathogenic	CORE_HR	RAD51C	0.439543	WT_LOST
SIM-00886	Pathogenic	CORE_HR	BARD1	3.330616	WT_LOST
SIM-00887	Pathogenic	CORE_HR	RAD51B	0.625332	NOT_WT_LOST
SIM-00888	Pathogenic	CORE_HR	RAD54L	0.443026	WT_LOST
SIM-00889	Pathogenic	CORE_HR	BRCA1	2.077705	WT_LOST
SIM-00890	Pathogenic	CORE_HR	BRIP1	0.80615	WT_LOST
SIM-00891	Pathogenic	CORE_HR	RAD54L	0.814524	WT_LOST
SIM-00892	Pathogenic	CORE_HR	RAD54L	1.132081	NOT_WT_LOST
SIM-00893	Pathogenic	CORE_HR	RAD54L	1.775865	WT_LOST
SIM-00894	Pathogenic	CORE_HR	BRCA1	0.060756	WT_LOST
SIM-00895	Pathogenic	CORE_HR	BRIP1	-0.213076	WT_LOST
SIM-00896	Pathogenic	CORE_HR	PALB2	0.028325	NOT_WT_LOST
SIM-00897	Pathogenic	CORE_HR	RAD54L	0.981061	WT_LOST
SIM-00898	Pathogenic	CORE_HR	BARD1	1.570861	WT_LOST
SIM-00899	Pathogenic	CORE_HR	BRCA1	1.010006	WT_LOST
SIM-00900	Pathogenic	CORE_HR	RAD51C	2.70234	WT_LOST
SIM-00901	Pathogenic	CORE_HR	BRCA1	0.325787	NOT_WT_LOST
SIM-00902	Pathogenic	CORE_HR	PALB2	3.260672	WT_LOST
SIM-00903	Pathogenic	CORE_HR	BRCA2	0.482337	WT_LOST
SIM-00904	Pathogenic	CORE_HR	BRCA1	1.229621	NOT_WT_LOST
SIM-00905	Pathogenic	CORE_HR	BRCA1	1.876456	WT_LOST
SIM-00906	Pathogenic	CORE_HR	RAD51C	1.800012	WT_LOST
SIM-00907	Pathogenic	CORE_HR	RAD51D	2.79414	WT_LOST
SIM-00908	Pathogenic	CORE_HR	RAD51D	1.302785	WT_LOST
SIM-00909	Pathogenic	CORE_HR	BARD1	1.881725	NOT_WT_LOST
SIM-00910	Pathogenic	CORE_HR	BRIP1	-0.080339	WT_LOST
SIM-00911	Pathogenic	CORE_HR	BRCA2	2.448097	WT_LOST
SIM-00912	Pathogenic	CORE_HR	BRCA2	2.385509	WT_LOST
SIM-00913	Pathogenic	CORE_HR	RAD51D	1.717801	WT_LOST
SIM-00914	Pathogenic	CORE_HR	RAD51C	2.328643	WT_LOST
SIM-00915	Pathogenic	CORE_HR	BARD1	2.076426	WT_LOST
SIM-00916	Pathogenic	CORE_HR	PALB2	2.218854	WT_LOST
SIM-00917	Pathogenic	CORE_HR	RAD51B	1.003715	WT_LOST
SIM-00918	Pathogenic	CORE_HR	RAD51C	0.812066	WT_LOST
SIM-00919	Pathogenic	CORE_HR	BARD1	0.480367	WT_LOST
SIM-00920	Pathogenic	CORE_HR	RAD54L	1.615859	WT_LOST
SIM-00921	Pathogenic	CORE_HR	BRCA1	0.658056	WT_LOST
SIM-00922	Pathogenic	CORE_HR	RAD51C	1.866045	WT_LOST
SIM-00923	Pathogenic	CORE_HR	RAD51C	2.13588	WT_LOST
SIM-00924	Pathogenic	CORE_HR	BRCA2	0.592921	WT_LOST
SIM-00925	Pathogenic	CORE_HR	BARD1	2.367686	WT_LOST
SIM-00926	Pathogenic	CORE_HR	BRCA1	1.389667	NOT_WT_LOST
SIM-00927	Pathogenic	CORE_HR	BRIP1	1.303745	WT_LOST
SIM-00928	Pathogenic	CORE_HR	BRCA2	1.031996	WT_LOST
SIM-00929	Pathogenic	CORE_HR	BRCA1	-0.146728	WT_LOST
SIM-00930	Pathogenic	CORE_HR	RAD51B	0.538313	WT_LOST
SIM-00931	Pathogenic	CORE_HR	BRIP1	-1.283351	NOT_WT_LOST
SIM-00932	Pathogenic	CORE_HR	BRCA2	1.156504	NOT_WT_LOST
SIM-00933	Pathogenic	CORE_HR	BRCA1	1.859152	WT_LOST
SIM-00934	Pathogenic	CORE_HR	RAD51D	1.718975	WT_LOST
SIM-00935	Pathogenic	CORE_HR	RAD51D	1.912374	WT_LOST
SIM-00936	Pathogenic	CORE_HR	BARD1	1.650211	WT_LOST
SIM-00937	Pathogenic	CORE_HR	RAD54L	1.837623	WT_LOST
SIM-00938	Pathogenic	CORE_HR	RAD51D	0.962691	NOT_WT_LOST
SIM-00939	Pathogenic	CORE_HR	BRCA1	1.232962	NOT_WT_LOST
SIM-00940	Pathogenic	CORE_HR	BRCA1	1.789481	WT_LOST
SIM-00941	Pathogenic	CORE_HR	BRIP1	1.878389	WT_LOST
SIM-00942	Pathogenic	CORE_HR	BRCA1	1.244074	WT_LOST
SIM-00943	Pathogenic	CORE_HR	RAD51B	2.67285	WT_LOST
SIM-00944	Pathogenic	CORE_HR	RAD51D	3.247451	WT_LOST
SIM-00945	Pathogenic	CORE_HR	RAD51B	1.877569	WT_LOST
SIM-00946	Pathogenic	CORE_HR	BRCA1	0.795526	WT_LOST
SIM-00947	Pathogenic	CORE_HR	RAD51C	0.759883	WT_LOST
SIM-00948	Pathogenic	CORE_HR	RAD54L	2.309397	WT_LOST
SIM-00949	Pathogenic	CORE_HR	BARD1	0.424616	WT_LOST
SIM-00950	Pathogenic	CORE_HR	BARD1	0.342225	WT_LOST
SIM-00951	Pathogenic	CORE_HR	RAD51D	1.139429	WT_LOST
SIM-00952	Pathogenic	CORE_HR	BRCA2	1.294476	WT_LOST
SIM-00953	Pathogenic	CORE_HR	BRCA2	1.993386	WT_LOST
SIM-00954	Pathogenic	CORE_HR	RAD51B	2.617782	WT_LOST
SIM-00955	Pathogenic	CORE_HR	RAD51C	1.185401	WT_LOST
SIM-00956	Pathogenic	CORE_HR	PALB2	1.287002	WT_LOST
SIM-00957	Pathogenic	CORE_HR	PALB2	2.259367	WT_LOST
SIM-00958	Pathogenic	CORE_HR	BARD1	3.746191	WT_LOST
SIM-00959	Pathogenic	CORE_HR	RAD51B	1.644373	WT_LOST
SIM-00960	Pathogenic	CORE_HR	BRCA1	-0.541808	WT_LOST
SIM-00961	Pathogenic	CORE_HR	BRCA2	2.947732	WT_LOST
SIM-00962	Pathogenic	CORE_HR	RAD51C	2.686105	WT_LOST
SIM-00963	Pathogenic	CORE_HR	RAD51C	3.599468	WT_LOST
SIM-00964	Pathogenic	CORE_HR	BRCA1	1.127218	WT_LOST
SIM-00965	Pathogenic	CORE_HR	BARD1	1.267787	WT_LOST
SIM-00966	Pathogenic	CORE_HR	BRIP1	0.706494	WT_LOST
SIM-00967	Pathogenic	CORE_HR	RAD54L	0.086582	WT_LOST
SIM-00968	Pathogenic	CORE_HR	BRCA2	2.00568	WT_LOST
SIM-00969	Pathogenic	CORE_HR	RAD51B	1.116779	WT_LOST
SIM-00970	Pathogenic	CORE_HR	RAD51B	2.764059	WT_LOST
SIM-00971	Pathogenic	CORE_HR	BARD1	0.120159	NOT_WT_LOST
SIM-00972	Pathogenic	CORE_HR	RAD51D	2.4492	WT_LOST
SIM-00973	Pathogenic	CORE_HR	RAD51D	1.220128	WT_LOST
SIM-00974	Pathogenic	CORE_HR	BARD1	1.322664	WT_LOST
SIM-00975	Pathogenic	CORE_HR	BARD1	1.844475	WT_LOST
SIM-00976	Pathogenic	CORE_HR	PALB2	1.613565	WT_LOST
SIM-00977	Pathogenic	CORE_HR	RAD51D	3.897099	WT_LOST
SIM-00978	Pathogenic	CORE_HR	RAD51C	2.132953	WT_LOST
SIM-00979	Pathogenic	CORE_HR	RAD51D	1.917304	WT_LOST
SIM-00980	Pathogenic	CORE_HR	BRIP1	3.127554	WT_LOST
SIM-00981	Pathogenic	CORE_HR	RAD51D	1.662375	WT_LOST
SIM-00982	Pathogenic	CORE_HR	RAD54L	1.988677	WT_LOST
SIM-00983	Pathogenic	CORE_HR	BRCA1	2.004652	WT_LOST
SIM-00984	Pathogenic	CORE_HR	BRCA1	0.931186	WT_LOST
SIM-00985	Pathogenic	CORE_HR	BARD1	2.147287	NOT_WT_LOST
SIM-00986	Pathogenic	CORE_HR	RAD51C	0.829849	WT_LOST
SIM-00987	Pathogenic	CORE_HR	RAD51C	1.222216	WT_LOST
SIM-00988	Pathogenic	CORE_HR	BRCA1	2.063867	WT_LOST
SIM-00989	Pathogenic	CORE_HR	BRCA1	-0.170573	NOT_WT_LOST
SIM-00990	Pathogenic	CORE_HR	BRIP1	1.654359	WT_LOST
SIM-00991	Pathogenic	CORE_HR	BARD1	1.81211	WT_LOST
SIM-00992	Pathogenic	CORE_HR	RAD51B	0.362975	NOT_WT_LOST
SIM-00993	Pathogenic	CORE_HR	BRCA2	2.27031	WT_LOST
SIM-00994	Pathogenic	CORE_HR	RAD51D	2.509451	WT_LOST
SIM-00995	Pathogenic	CORE_HR	BRIP1	1.941245	WT_LOST
SIM-00996	Pathogenic	CORE_HR	BRIP1	1.496996	WT_LOST
SIM-00997	Pathogenic	CORE_HR	RAD51D	1.485304	WT_LOST
SIM-00998	Pathogenic	CORE_HR	RAD54L	1.312204	WT_LOST
SIM-00999	Pathogenic	CORE_HR	RAD51D	0.258743	NOT_WT_LOST
SIM-01000	Pathogenic	CORE_HR	RAD51C	2.108434	WT_LOST
SIM-01001	Pathogenic	CORE_HR	RAD51D	0.676353	WT_LOST
SIM-01002	Pathogenic	CORE_HR	BRCA1	2.536577	WT_LOST
SIM-01003	Pathogenic	CORE_HR	RAD51D	1.010556	WT_LOST
SIM-01004	Pathogenic	CORE_HR	BRIP1	1.351615	WT_LOST
SIM-01005	Pathogenic	CORE_HR	RAD51D	0.570225	WT_LOST
SIM-01006	Pathogenic	CORE_HR	BRCA1	0.385651	NOT_WT_LOST
SIM-01007	Pathogenic	CORE_HR	RAD54L	1.824964	WT_LOST
SIM-01008	Pathogenic	CORE_HR	PALB2	1.773474	WT_LOST
SIM-01009	Pathogenic	CORE_HR	PALB2	2.382364	WT_LOST
SIM-01010	Pathogenic	CORE_HR	RAD51D	-0.445215	WT_LOST
SIM-01011	Pathogenic	CORE_HR	BRCA1	-0.620538	NOT_WT_LOST
SIM-01012	Pathogenic	CORE_HR	BRIP1	3.32932	WT_LOST
SIM-01013	Pathogenic	CORE_HR	RAD51D	2.429856	WT_LOST
SIM-01014	Pathogenic	CORE_HR	PALB2	1.885165	WT_LOST
SIM-01015	Pathogenic	CORE_HR	BRCA2	-0.132008	NOT_WT_LOST
SIM-01016	Pathogenic	CORE_HR	BRIP1	1.511087	NOT_WT_LOST
SIM-01017	Pathogenic	CORE_HR	RAD51D	-1.166989	NOT_WT_LOST
SIM-01018	Pathogenic	CORE_HR	RAD51B	0.752557	NOT_WT_LOST
SIM-01019	Pathogenic	CORE_HR	RAD51D	0.77349	NOT_WT_LOST
SIM-01020	Pathogenic	CORE_HR	BRCA1	2.444828	WT_LOST
SIM-01021	Pathogenic	CORE_HR	RAD51D	1.726839	NOT_WT_LOST
SIM-01022	Pathogenic	CORE_HR	PALB2	1.370726	WT_LOST
SIM-01023	Pathogenic	CORE_HR	RAD54L	1.207961	NOT_WT_LOST
SIM-01024	Pathogenic	CORE_HR	PALB2	1.346337	WT_LOST
SIM-01025	Pathogenic	CORE_HR	BRIP1	3.150162	WT_LOST
SIM-01026	Pathogenic	CORE_HR	BRIP1	1.406308	WT_LOST
SIM-01027	Pathogenic	CORE_HR	BRIP1	0.220161	NOT_WT_LOST
SIM-01028	Pathogenic	CORE_HR	RAD54L	1.947903	WT_LOST
SIM-01029	Pathogenic	CORE_HR	BRCA2	0.522951	WT_LOST
SIM-01030	Pathogenic	CORE_HR	PALB2	2.590914	WT_LOST
SIM-01031	Pathogenic	CORE_HR	RAD51B	1.228531	WT_LOST
SIM-01032	Pathogenic	CORE_HR	RAD51D	2.406982	WT_LOST
SIM-01033	Pathogenic	CORE_HR	BRCA2	-0.531299	NOT_WT_LOST
SIM-01034	Pathogenic	CORE_HR	BARD1	1.677692	WT_LOST
SIM-01035	Pathogenic	CORE_HR	RAD54L	2.067152	WT_LOST
SIM-01036	Pathogenic	CORE_HR	BARD1	2.665579	WT_LOST
SIM-01037	Pathogenic	CORE_HR	RAD51B	0.991908	NOT_WT_LOST
SIM-01038	Pathogenic	CORE_HR	RAD51D	1.084901	WT_LOST
SIM-01039	Pathogenic	CORE_HR	PALB2	1.972249	WT_LOST
SIM-01040	Pathogenic	CORE_HR	BRCA1	2.57547	WT_LOST
SIM-01041	Pathogenic	CORE_HR	BRIP1	1.613901	WT_LOST
SIM-01042	Pathogenic	CORE_HR	PALB2	-0.292331	NOT_WT_LOST
SIM-01043	Pathogenic	CORE_HR	RAD51C	0.909064	WT_LOST
SIM-01044	Pathogenic	CORE_HR	RAD54L	-0.435583	NOT_WT_LOST
SIM-01045	Pathogenic	CORE_HR	RAD51D	1.663991	WT_LOST
SIM-01046	Pathogenic	CORE_HR	RAD51D	2.288408	WT_LOST
SIM-01047	Pathogenic	CORE_HR	BRCA1	2.202115	WT_LOST
SIM-01048	Pathogenic	CORE_HR	BRIP1	1.650323	WT_LOST
SIM-01049	Pathogenic	CORE_HR	RAD54L	2.4863	WT_LOST
SIM-01050	Pathogenic	CORE_HR	RAD51B	1.14469	WT_LOST
SIM-01051	Pathogenic	CORE_HR	RAD54L	0.788844	WT_LOST
SIM-01052	Pathogenic	CORE_HR	BRCA2	2.349479	WT_LOST
SIM-01053	Pathogenic	CORE_HR	PALB2	1.864701	WT_LOST
SIM-01054	Pathogenic	CORE_HR	RAD51B	1.206886	NOT_WT_LOST
SIM-01055	Pathogenic	CORE_HR	RAD54L	1.978631	WT_LOST
SIM-01056	Pathogenic	CORE_HR	PALB2	0.99094	WT_LOST
SIM-01057	Pathogenic	CORE_HR	BRIP1	1.069005	NOT_WT_LOST
SIM-01058	Pathogenic	CORE_HR	RAD51B	-0.423097	NOT_WT_LOST
SIM-01059	Pathogenic	CORE_HR	BRIP1	2.436642	WT_LOST
SIM-01060	Pathogenic	CORE_HR	BRCA2	1.826742	WT_LOST
SIM-01061	Pathogenic	CORE_HR	BARD1	4.736474	WT_LOST
SIM-01062	Pathogenic	CORE_HR	RAD51B	2.672858	WT_LOST
SIM-01063	Pathogenic	CORE_HR	BARD1	1.850987	WT_LOST
SIM-01064	Pathogenic	CORE_HR	RAD51D	2.531416	WT_LOST
SIM-01065	Pathogenic	CORE_HR	BRCA2	3.759628	WT_LOST
SIM-01066	Pathogenic	CORE_HR	BARD1	1.274175	WT_LOST
SIM-01067	Pathogenic	CORE_HR	RAD51C	1.15826	WT_LOST
SIM-01068	Pathogenic	CORE_HR	RAD51C	-0.063679	NOT_WT_LOST
SIM-01069	Pathogenic	CORE_HR	BRCA2	0.512304	WT_LOST
SIM-01070	Pathogenic	CORE_HR	RAD54L	3.265582	WT_LOST
SIM-01071	Pathogenic	CORE_HR	BRCA2	2.834489	WT_LOST
SIM-01072	Pathogenic	CORE_HR	RAD51C	2.333641	WT_LOST
SIM-01073	Pathogenic	CORE_HR	BRCA1	1.787289	WT_LOST
SIM-01074	Pathogenic	CORE_HR	RAD54L	1.695451	WT_LOST
SIM-01075	Pathogenic	CORE_HR	BRCA1	0.852766	WT_LOST
SIM-01076	Pathogenic	CORE_HR	BARD1	2.761949	WT_LOST
SIM-01077	Pathogenic	CORE_HR	RAD54L	3.095467	WT_LOST
SIM-01078	Pathogenic	CORE_HR	BRCA2	-1.504385	NOT_WT_LOST
SIM-01079	Pathogenic	CORE_HR	RAD54L	2.33279	WT_LOST
SIM-01080	Pathogenic	CORE_HR	PALB2	1.697479	WT_LOST
SIM-01081	Pathogenic	CORE_HR	BRIP1	2.450109	WT_LOST
SIM-01082	Pathogenic	CORE_HR	RAD51C	-0.265664	WT_LOST
SIM-01083	Pathogenic	CORE_HR	RAD51D	-0.263931	NOT_WT_LOST
SIM-01084	Pathogenic	CORE_HR	RAD54L	1.828779	WT_LOST
SIM-01085	Pathogenic	CORE_HR	BARD1	2.844235	WT_LOST
SIM-01086	Pathogenic	CORE_HR	BRCA2	0.603265	NOT_WT_LOST
SIM-01087	Pathogenic	CORE_HR	RAD51C	2.160515	WT_LOST
SIM-01088	Pathogenic	CORE_HR	BRCA2	1.381593	WT_LOST
SIM-01089	Pathogenic	CORE_HR	RAD51C	0.351602	NOT_WT_LOST
SIM-01090	Pathogenic	CORE_HR	RAD54L	2.319142	WT_LOST
SIM-01091	Pathogenic	CORE_HR	BRCA1	1.06995	NOT_WT_LOST
SIM-01092	Pathogenic	CORE_HR	RAD54L	1.570681	WT_LOST
SIM-01093	Pathogenic	CORE_HR	RAD54L	1.641588	WT_LOST
SIM-01094	Pathogenic	CORE_HR	BARD1	0.859429	WT_LOST
SIM-01095	Pathogenic	CORE_HR	RAD51B	0.110993	NOT_WT_LOST
SIM-01096	Pathogenic	CORE_HR	BRIP1	1.475376	WT_LOST
SIM-01097	Pathogenic	CORE_HR	RAD51D	3.775222	WT_LOST
SIM-01098	Pathogenic	CORE_HR	BRCA1	0.365399	NOT_WT_LOST
SIM-01099	Pathogenic	CORE_HR	RAD51B	0.8115	NOT_WT_LOST
SIM-01100	Pathogenic	CORE_HR	BARD1	2.784056	WT_LOST
SIM-01101	Pathogenic	CORE_HR	RAD51C	1.0697	WT_LOST
SIM-01102	Pathogenic	CORE_HR	PALB2	1.766944	WT_LOST
SIM-01103	Pathogenic	CORE_HR	RAD51B	2.172862	WT_LOST
SIM-01104	Pathogenic	CORE_HR	RAD51B	2.578956	WT_LOST
SIM-01105	Pathogenic	CORE_HR	BARD1	0.751432	WT_LOST
SIM-01106	Pathogenic	CORE_HR	RAD51D	0.881087	WT_LOST
SIM-01107	Pathogenic	CORE_HR	PALB2	-0.239078	NOT_WT_LOST
SIM-01108	Pathogenic	CORE_HR	BRIP1	1.863234	WT_LOST
SIM-01109	Pathogenic	CORE_HR	RAD54L	1.56084	NOT_WT_LOST
SIM-01110	Pathogenic	CORE_HR	RAD54L	-0.389516	NOT_WT_LOST
SIM-01111	Pathogenic	CORE_HR	BRCA1	1.462105	NOT_WT_LOST
SIM-01112	Pathogenic	CORE_HR	PALB2	1.105884	NOT_WT_LOST
SIM-01113	Pathogenic	CORE_HR	BRCA1	3.215614	WT_LOST
SIM-01114	Pathogenic	CORE_HR	BRIP1	2.671832	WT_LOST
SIM-01115	Pathogenic	CORE_HR	BRCA2	1.332147	WT_LOST
SIM-01116	Pathogenic	CORE_HR	PALB2	0.427444	NOT_WT_LOST
SIM-01117	Pathogenic	CORE_HR	RAD51B	1.529633	WT_LOST
SIM-01118	Pathogenic	CORE_HR	BRCA2	2.838182	WT_LOST
SIM-01119	Pathogenic	CORE_HR	BRCA2	0.542848	WT_LOST
SIM-01120	Pathogenic	CORE_HR	RAD54L	0.589211	WT_LOST
SIM-01121	Pathogenic	CORE_HR	PALB2	0.521628	WT_LOST
SIM-01122	Pathogenic	CORE_HR	PALB2	3.225793	WT_LOST
SIM-01123	Pathogenic	CORE_HR	BRCA2	2.216014	WT_LOST
SIM-01124	Pathogenic	CORE_HR	RAD51D	2.042318	WT_LOST
SIM-01125	Pathogenic	CORE_HR	RAD51B	1.849608	WT_LOST
SIM-01126	Pathogenic	CORE_HR	RAD51B	1.898425	WT_LOST
SIM-01127	Pathogenic	CORE_HR	BRCA1	3.093454	WT_LOST
SIM-01128	Pathogenic	CORE_HR	RAD51D	0.761348	WT_LOST
SIM-01129	Pathogenic	CORE_HR	BRCA1	0.628252	NOT_WT_LOST
SIM-01130	Pathogenic	CORE_HR	BRCA2	0.581947	NOT_WT_LOST
SIM-01131	Pathogenic	CORE_HR	RAD51D	0.616706	NOT_WT_LOST
SIM-01132	Pathogenic	CORE_HR	PALB2	-0.211321	WT_LOST
SIM-01133	Pathogenic	CORE_HR	RAD51C	2.549842	WT_LOST
SIM-01134	Pathogenic	CORE_HR	PALB2	1.172936	NOT_WT_LOST
SIM-01135	Pathogenic	CORE_HR	RAD51B	1.678942	WT_LOST
SIM-01136	Pathogenic	CORE_HR	PALB2	0.451709	NOT_WT_LOST
SIM-01137	Pathogenic	CORE_HR	BRCA1	1.946821	WT_LOST
SIM-01138	Pathogenic	CORE_HR	BRCA1	2.118552	WT_LOST
SIM-01139	Pathogenic	CORE_HR	BRCA2	1.213042	NOT_WT_LOST
SIM-01140	Pathogenic	CORE_HR	BRCA1	2.239706	WT_LOST
SIM-01141	Pathogenic	CORE_HR	RAD51B	0.269763	NOT_WT_LOST
SIM-01142	Pathogenic	CORE_HR	RAD51D	0.309323	NOT_WT_LOST
SIM-01143	Pathogenic	CORE_HR	BRIP1	2.306319	WT_LOST
SIM-01144	Pathogenic	CORE_HR	BRCA1	0.212819	NOT_WT_LOST
SIM-01145	Pathogenic	CORE_HR	PALB2	2.98023	WT_LOST
SIM-01146	Pathogenic	CORE_HR	RAD54L	1.976869	WT_LOST
SIM-01147	Pathogenic	CORE_HR	RAD51D	0.884691	NOT_WT_LOST
SIM-01148	Pathogenic	CORE_HR	RAD51B	2.027264	WT_LOST
SIM-01149	Pathogenic	CORE_HR	RAD51C	1.844859	WT_LOST
SIM-01150	Pathogenic	CORE_HR	BRCA1	0.71968	WT_LOST
SIM-01151	Pathogenic	CORE_HR	BRCA1	1.80107	WT_LOST
SIM-01152	Pathogenic	CORE_HR	RAD54L	1.469705	WT_LOST
SIM-01153	Pathogenic	CORE_HR	BRCA2	2.096342	WT_LOST
SIM-01154	Pathogenic	CORE_HR	BRIP1	0.723118	NOT_WT_LOST
SIM-01155	Pathogenic	CORE_HR	BRCA2	1.906898	WT_LOST
SIM-01156	Pathogenic	CORE_HR	RAD51D	1.75405	WT_LOST
SIM-01157	Pathogenic	CORE_HR	RAD51C	0.994939	WT_LOST
SIM-01158	Pathogenic	CORE_HR	RAD51D	1.032175	WT_LOST
SIM-01159	Pathogenic	CORE_HR	BARD1	2.834436	WT_LOST
SIM-01160	Pathogenic	CORE_HR	RAD51D	2.461732	WT_LOST
SIM-01161	Pathogenic	CORE_HR	PALB2	2.253441	WT_LOST
SIM-01162	Pathogenic	CORE_HR	BRCA1	1.134461	WT_LOST
SIM-01163	Pathogenic	CORE_HR	RAD51D	1.883184	WT_LOST
SIM-01164	Pathogenic	CORE_HR	PALB2	1.620519	WT_LOST
SIM-01165	Pathogenic	CORE_HR	RAD51C	1.533881	WT_LOST
SIM-01166	Pathogenic	CORE_HR	BARD1	1.846975	WT_LOST
SIM-01167	Pathogenic	CORE_HR	PALB2	0.709591	NOT_WT_LOST
SIM-01168	Pathogenic	CORE_HR	RAD54L	1.626584	WT_LOST
SIM-01169	Pathogenic	CORE_HR	RAD51D	0.949398	NOT_WT_LOST
SIM-01170	Pathogenic	CORE_HR	RAD51B	1.8907	WT_LOST
SIM-01171	Pathogenic	CORE_HR	BRCA1	1.777256	WT_LOST
SIM-01172	Pathogenic	CORE_HR	RAD51D	2.21879	WT_LOST
SIM-01173	Pathogenic	CORE_HR	BRCA1	2.240512	WT_LOST
SIM-01174	Pathogenic	CORE_HR	BRCA1	2.329446	WT_LOST
SIM-01175	Pathogenic	CORE_HR	BARD1	0.288293	WT_LOST
SIM-01176	Pathogenic	CORE_HR	RAD51C	2.041073	WT_LOST
SIM-01177	Pathogenic	CORE_HR	BARD1	2.930795	WT_LOST
SIM-01178	Pathogenic	CORE_HR	RAD51B	2.058805	NOT_WT_LOST
SIM-01179	Pathogenic	CORE_HR	BARD1	2.287063	WT_LOST
SIM-01180	Pathogenic	CORE_HR	RAD54L	2.082815	WT_LOST
SIM-01181	Pathogenic	CORE_HR	RAD51B	-1.276818	NOT_WT_LOST
SIM-01182	Pathogenic	CORE_HR	RAD51B	-0.203649	WT_LOST
SIM-01183	Pathogenic	CORE_HR	RAD51B	0.330191	NOT_WT_LOST
SIM-01184	Pathogenic	CORE_HR	BRIP1	2.272188	WT_LOST
SIM-01185	Pathogenic	CORE_HR	BRIP1	2.91685	WT_LOST
SIM-01186	Pathogenic	CORE_HR	RAD51B	0.146161	NOT_WT_LOST
SIM-01187	Pathogenic	CORE_HR	RAD51D	3.165039	WT_LOST
SIM-01188	Pathogenic	CORE_HR	PALB2	3.274216	WT_LOST
SIM-01189	Pathogenic	CORE_HR	BRCA1	1.27404	WT_LOST
SIM-01190	Pathogenic	CORE_HR	RAD54L	2.075117	NOT_WT_LOST
SIM-01191	Pathogenic	CORE_HR	BARD1	1.462861	NOT_WT_LOST
SIM-01192	Pathogenic	CORE_HR	BRIP1	0.326784	WT_LOST
SIM-01193	Pathogenic	CORE_HR	RAD51B	3.75565	WT_LOST
SIM-01194	Pathogenic	CORE_HR	RAD51B	3.21765	WT_LOST
SIM-01195	Pathogenic	CORE_HR	BRIP1	1.526676	WT_LOST
SIM-01196	Pathogenic	CORE_HR	PALB2	2.096401	WT_LOST
SIM-01197	Pathogenic	CORE_HR	PALB2	-0.83434	NOT_WT_LOST
SIM-01198	Pathogenic	CORE_HR	RAD51D	0.993843	WT_LOST
SIM-01199	Pathogenic	CORE_HR	BARD1	1.980443	WT_LOST
SIM-01200	Pathogenic	CORE_HR	RAD51D	2.012862	WT_LOST
SIM-01201	Pathogenic	CORE_HR	BARD1	1.971121	WT_LOST
SIM-01202	Pathogenic	CORE_HR	RAD51D	1.339196	WT_LOST
SIM-01203	Pathogenic	CORE_HR	BARD1	1.747366	WT_LOST
SIM-01204	Pathogenic	CORE_HR	BARD1	2.358901	WT_LOST
SIM-01205	Pathogenic	CORE_HR	RAD51B	1.456783	WT_LOST
SIM-01206	Pathogenic	CORE_HR	RAD51C	2.173882	WT_LOST
SIM-01207	Pathogenic	CORE_HR	RAD51D	1.817495	WT_LOST
SIM-01208	Pathogenic	CORE_HR	BARD1	1.948509	WT_LOST
SIM-01209	Pathogenic	CORE_HR	RAD51C	1.411994	WT_LOST
SIM-01210	Pathogenic	CORE_HR	RAD51D	0.876117	WT_LOST
SIM-01211	Pathogenic	CORE_HR	BARD1	2.739589	WT_LOST
SIM-01212	Pathogenic	CORE_HR	RAD51D	0.707218	WT_LOST
SIM-01213	Pathogenic	CORE_HR	BARD1	0.833328	WT_LOST
SIM-01214	Pathogenic	CORE_HR	BRCA1	3.45347	WT_LOST
SIM-01215	Pathogenic	CORE_HR	BARD1	0.997826	NOT_WT_LOST
SIM-01216	Pathogenic	CORE_HR	PALB2	2.056407	WT_LOST
SIM-01217	Pathogenic	CORE_HR	RAD51D	-0.188976	WT_LOST
SIM-01218	Pathogenic	CORE_HR	RAD51B	2.00134	WT_LOST
SIM-01219	Pathogenic	CORE_HR	PALB2	0.550918	NOT_WT_LOST
SIM-01220	Pathogenic	CORE_HR	RAD54L	2.454509	WT_LOST
SIM-01221	Pathogenic	CORE_HR	RAD51C	2.816444	WT_LOST
SIM-01222	Pathogenic	CORE_HR	RAD51D	2.742394	NOT_WT_LOST
SIM-01223	Pathogenic	CORE_HR	RAD51B	0.937295	NOT_WT_LOST
SIM-01224	Pathogenic	CORE_HR	RAD51D	2.879015	NOT_WT_LOST
SIM-01225	Pathogenic	CORE_HR	RAD51C	0.493548	NOT_EVALUABLE
SIM-01226	Pathogenic	CORE_HR	PALB2	1.430451	NOT_EVALUABLE
SIM-01227	Pathogenic	CORE_HR	PALB2	0.369218	NOT_EVALUABLE
SIM-01228	Pathogenic	CORE_HR	BARD1	0.420004	NOT_EVALUABLE
SIM-01229	Pathogenic	CORE_HR	PALB2	-0.152833	NOT_EVALUABLE
SIM-01230	Pathogenic	CORE_HR	BARD1	0.863918	NOT_EVALUABLE
SIM-01231	Pathogenic	CORE_HR	RAD51B	0.891314	NOT_EVALUABLE
SIM-01232	Pathogenic	CORE_HR	BRCA2	-0.442724	NOT_EVALUABLE
SIM-01233	Pathogenic	CORE_HR	BRCA2	1.455131	NOT_WT_LOST
SIM-01234	Pathogenic	CORE_HR	BRCA2	1.91974	WT_LOST
SIM-01235	Pathogenic	CORE_HR	BARD1	1.180094	WT_LOST
SIM-01236	Pathogenic	CORE_HR	BRCA1	1.899417	WT_LOST
SIM-01237	Pathogenic	CORE_HR	BRIP1	-0.031419	WT_LOST
SIM-01238	Pathogenic	CORE_HR	RAD51B	2.412971	WT_LOST
SIM-01239	Pathogenic	CORE_HR	RAD51C	1.92296	WT_LOST
SIM-01240	Pathogenic	CORE_HR	RAD51D	3.342878	WT_LOST
SIM-01241	Pathogenic	CORE_HR	RAD51C	0.920879	WT_LOST
SIM-01242	Pathogenic	CORE_HR	RAD51B	2.732919	WT_LOST
SIM-01243	Pathogenic	CORE_HR	RAD51B	2.614573	WT_LOST
SIM-01244	Pathogenic	CORE_HR	RAD51B	2.305993	WT_LOST
SIM-01245	Pathogenic	CORE_HR	BRCA2	2.263667	WT_LOST
SIM-01246	Pathogenic	CORE_HR	BRIP1	3.360901	WT_LOST
SIM-01247	Pathogenic	CORE_HR	RAD51C	2.925273	WT_LOST
SIM-01248	Pathogenic	CORE_HR	BRIP1	2.081262	WT_LOST
SIM-01249	Pathogenic	CORE_HR	BRCA2	0.700396	WT_LOST
SIM-01250	Pathogenic	CORE_HR	BRCA1	3.531517	WT_LOST
SIM-01251	Pathogenic	CORE_HR	RAD54L	1.03688	WT_LOST
SIM-01252	Pathogenic	CORE_HR	BARD1	1.831436	WT_LOST
SIM-01253	Pathogenic	CORE_HR	BRCA2	1.469449	WT_LOST
SIM-01254	Pathogenic	CORE_HR	BRIP1	1.24962	WT_LOST
SIM-01255	Pathogenic	CORE_HR	BRCA2	1.487863	WT_LOST
SIM-01256	Pathogenic	CORE_HR	RAD54L	1.88214	WT_LOST
SIM-01257	Pathogenic	CORE_HR	BRCA1	2.667844	WT_LOST
SIM-01258	Pathogenic	CORE_HR	RAD51C	0.825617	NOT_WT_LOST
SIM-01259	Pathogenic	CORE_HR	RAD51B	-0.716281	NOT_WT_LOST
SIM-01260	Pathogenic	CORE_HR	BRCA2	0.360353	NOT_WT_LOST
SIM-01261	Pathogenic	CORE_HR	RAD51D	1.400083	WT_LOST
SIM-01262	Pathogenic	CORE_HR	BARD1	3.640996	WT_LOST
SIM-01263	Pathogenic	CORE_HR	BARD1	1.446745	WT_LOST
SIM-01264	Pathogenic	CORE_HR	RAD51B	1.431879	WT_LOST
SIM-01265	Pathogenic	CORE_HR	RAD54L	0.705409	WT_LOST
SIM-01266	Pathogenic	CORE_HR	BRCA2	0.283296	NOT_WT_LOST
SIM-01267	Pathogenic	CORE_HR	RAD51C	1.124121	WT_LOST
SIM-01268	Pathogenic	CORE_HR	BARD1	3.002196	WT_LOST
SIM-01269	Pathogenic	CORE_HR	RAD54L	1.036336	WT_LOST
SIM-01270	Pathogenic	CORE_HR	BARD1	3.777312	WT_LOST
SIM-01271	Pathogenic	CORE_HR	BRCA2	2.155367	WT_LOST
SIM-01272	Pathogenic	CORE_HR	RAD54L	1.690321	WT_LOST
SIM-01273	Pathogenic	CORE_HR	RAD54L	2.321839	WT_LOST
SIM-01274	Pathogenic	CORE_HR	RAD54L	1.889867	WT_LOST
SIM-01275	Pathogenic	CORE_HR	RAD51C	-0.303775	NOT_WT_LOST
SIM-01276	Pathogenic	CORE_HR	RAD54L	-0.157068	NOT_WT_LOST
SIM-01277	Pathogenic	CORE_HR	BARD1	1.980364	WT_LOST
SIM-01278	Pathogenic	CORE_HR	RAD54L	2.175329	WT_LOST
SIM-01279	Pathogenic	CORE_HR	BRIP1	0.829051	WT_LOST
SIM-01280	Pathogenic	CORE_HR	BRCA2	3.198671	WT_LOST
SIM-01281	Pathogenic	CORE_HR	BRCA1	0.851949	WT_LOST
SIM-01282	Pathogenic	CORE_HR	BARD1	2.37629	WT_LOST
SIM-01283	Pathogenic	CORE_HR	RAD51D	-0.213477	NOT_WT_LOST
SIM-01284	Pathogenic	CORE_HR	RAD54L	1.922044	WT_LOST
SIM-01285	Pathogenic	CORE_HR	RAD51D	0.370407	WT_LOST
SIM-01286	Pathogenic	CORE_HR	BRIP1	1.291013	WT_LOST
SIM-01287	Pathogenic	CORE_HR	RAD51C	-0.44032	WT_LOST
SIM-01288	Pathogenic	CORE_HR	RAD51D	2.037897	NOT_WT_LOST
SIM-01289	Pathogenic	CORE_HR	BRCA2	1.442466	WT_LOST
SIM-01290	Pathogenic	CORE_HR	BRCA1	0.07997	NOT_WT_LOST
SIM-01291	Pathogenic	CORE_HR	RAD54L	1.325078	WT_LOST
SIM-01292	Pathogenic	CORE_HR	PALB2	0.756707	WT_LOST
SIM-01293	Pathogenic	CORE_HR	BRCA1	1.284255	WT_LOST
SIM-01294	Pathogenic	CORE_HR	RAD51D	3.547377	WT_LOST
SIM-01295	Pathogenic	CORE_HR	RAD54L	1.081219	NOT_WT_LOST
SIM-01296	Pathogenic	CORE_HR	RAD51C	2.1284	NOT_WT_LOST
SIM-01297	Pathogenic	CORE_HR	RAD51C	0.848838	WT_LOST
SIM-01298	Pathogenic	CORE_HR	PALB2	0.595772	WT_LOST
SIM-01299	Pathogenic	CORE_HR	BRCA2	0.991285	WT_LOST
SIM-01300	Pathogenic	CORE_HR	BRCA2	0.625987	WT_LOST
SIM-01301	Pathogenic	CORE_HR	BARD1	1.205173	NOT_WT_LOST
SIM-01302	Pathogenic	CORE_HR	BRCA2	2.371628	WT_LOST
SIM-01303	Pathogenic	CORE_HR	RAD54L	3.896345	WT_LOST
SIM-01304	Pathogenic	CORE_HR	RAD51D	0.316359	WT_LOST
SIM-01305	Pathogenic	CORE_HR	RAD54L	1.571024	NOT_WT_LOST
SIM-01306	Pathogenic	CORE_HR	PALB2	2.188772	WT_LOST
SIM-01307	Pathogenic	CORE_HR	RAD54L	1.39724	WT_LOST
SIM-01308	Pathogenic	CORE_HR	RAD54L	0.263158	WT_LOST
SIM-01309	Pathogenic	CORE_HR	RAD51C	1.497327	WT_LOST
SIM-01310	Pathogenic	CORE_HR	BARD1	-0.183814	NOT_WT_LOST
SIM-01311	Pathogenic	CORE_HR	RAD54L	1.686952	WT_LOST
SIM-01312	Pathogenic	CORE_HR	BARD1	0.485747	NOT_WT_LOST
SIM-01313	Pathogenic	CORE_HR	BARD1	1.685793	WT_LOST
SIM-01314	Pathogenic	CORE_HR	BARD1	1.706071	WT_LOST
SIM-01315	Pathogenic	CORE_HR	PALB2	3.343699	WT_LOST
SIM-01316	Pathogenic	CORE_HR	BRIP1	1.906716	WT_LOST
SIM-01317	Pathogenic	CORE_HR	PALB2	-0.670177	NOT_WT_LOST
SIM-01318	Pathogenic	CORE_HR	BRIP1	-1.281641	NOT_WT_LOST
SIM-01319	Pathogenic	CORE_HR	BRCA2	3.227051	WT_LOST
SIM-01320	Pathogenic	CORE_HR	BARD1	0.186695	WT_LOST
SIM-01321	Pathogenic	CORE_HR	RAD51B	1.705043	WT_LOST
SIM-01322	Pathogenic	CORE_HR	RAD51B	-0.162718	NOT_WT_LOST
SIM-01323	Pathogenic	CORE_HR	RAD51D	2.381472	WT_LOST
SIM-01324	Pathogenic	CORE_HR	RAD51D	2.490508	WT_LOST
SIM-01325	Pathogenic	CORE_HR	RAD54L	3.542479	WT_LOST
SIM-01326	Pathogenic	CORE_HR	RAD54L	0.597064	WT_LOST
SIM-01327	Pathogenic	CORE_HR	RAD54L	1.569959	WT_LOST
SIM-01328	Pathogenic	CORE_HR	RAD51D	0.602392	WT_LOST
SIM-01329	Pathogenic	CORE_HR	PALB2	1.37085	WT_LOST
SIM-01330	Pathogenic	CORE_HR	BARD1	2.709346	WT_LOST
SIM-01331	Pathogenic	CORE_HR	RAD51D	1.988238	WT_LOST
SIM-01332	Pathogenic	CORE_HR	RAD54L	3.092079	WT_LOST
SIM-01333	Pathogenic	CORE_HR	BARD1	-0.644006	NOT_WT_LOST
SIM-01334	Pathogenic	CORE_HR	BRCA2	4.596901	WT_LOST
SIM-01335	Pathogenic	CORE_HR	BARD1	3.395412	WT_LOST
SIM-01336	Pathogenic	CORE_HR	RAD51B	1.954837	WT_LOST
SIM-01337	Pathogenic	CORE_HR	BRCA2	0.653412	WT_LOST
SIM-01338	Pathogenic	CORE_HR	RAD54L	1.280948	WT_LOST
SIM-01339	Pathogenic	CORE_HR	RAD51B	0.651279	WT_LOST
SIM-01340	Pathogenic	CORE_HR	BRIP1	2.382213	WT_LOST
SIM-01341	Pathogenic	CORE_HR	BRCA2	1.809033	WT_LOST
SIM-01342	Pathogenic	CORE_HR	RAD51D	1.327505	WT_LOST
SIM-01343	Pathogenic	CORE_HR	BARD1	1.044609	WT_LOST
SIM-01344	Pathogenic	CORE_HR	BRCA2	2.087291	WT_LOST
SIM-01345	Pathogenic	CORE_HR	RAD51B	0.825601	WT_LOST
SIM-01346	Pathogenic	CORE_HR	RAD54L	0.672477	WT_LOST
SIM-01347	Pathogenic	CORE_HR	BRCA1	-0.100599	NOT_WT_LOST
SIM-01348	Pathogenic	CORE_HR	RAD51D	0.655186	WT_LOST
SIM-01349	Pathogenic	CORE_HR	BRCA1	2.736138	WT_LOST
SIM-01350	Pathogenic	CORE_HR	BRIP1	0.583496	WT_LOST
SIM-01351	Pathogenic	CORE_HR	BRCA1	-0.943918	NOT_WT_LOST
SIM-01352	Pathogenic	CORE_HR	BARD1	1.558563	NOT_WT_LOST
SIM-01353	Pathogenic	CORE_HR	RAD51B	1.301415	WT_LOST
SIM-01354	Pathogenic	CORE_HR	BRIP1	1.793	WT_LOST
SIM-01355	Pathogenic	CORE_HR	BRCA2	1.751254	WT_LOST
SIM-01356	Pathogenic	CORE_HR	BRIP1	1.071348	WT_LOST
SIM-01357	Pathogenic	CORE_HR	RAD54L	2.86709	WT_LOST
SIM-01358	Pathogenic	CORE_HR	BRCA2	1.919451	WT_LOST
SIM-01359	Pathogenic	CORE_HR	RAD51D	2.286317	WT_LOST
SIM-01360	Pathogenic	CORE_HR	RAD51C	-0.358504	WT_LOST
SIM-01361	Pathogenic	CORE_HR	RAD51C	1.77909	WT_LOST
SIM-01362	Pathogenic	CORE_HR	RAD51B	0.511562	WT_LOST
SIM-01363	Pathogenic	CORE_HR	BARD1	-0.055267	NOT_WT_LOST
SIM-01364	Pathogenic	CORE_HR	BRCA2	0.062049	WT_LOST
SIM-01365	Pathogenic	CORE_HR	BARD1	2.568679	WT_LOST
SIM-01366	Pathogenic	CORE_HR	RAD54L	1.454424	WT_LOST
SIM-01367	Pathogenic	CORE_HR	PALB2	1.533426	WT_LOST
SIM-01368	Pathogenic	CORE_HR	PALB2	2.056011	WT_LOST
SIM-01369	Pathogenic	CORE_HR	BRIP1	1.787292	WT_LOST
SIM-01370	Pathogenic	CORE_HR	BARD1	3.367965	WT_LOST
SIM-01371	Pathogenic	CORE_HR	BRCA2	1.543877	WT_LOST
SIM-01372	Pathogenic	CORE_HR	RAD51D	2.576524	WT_LOST
SIM-01373	Pathogenic	CORE_HR	BRIP1	1.651263	WT_LOST
SIM-01374	Pathogenic	CORE_HR	RAD51B	2.445187	WT_LOST
SIM-01375	Pathogenic	CORE_HR	RAD51D	1.346768	WT_LOST
SIM-01376	Pathogenic	CORE_HR	RAD51D	4.735238	WT_LOST
SIM-01377	Pathogenic	CORE_HR	BRCA1	-0.009984	WT_LOST
SIM-01378	Pathogenic	CORE_HR	RAD51C	2.264381	WT_LOST
SIM-01379	Pathogenic	CORE_HR	RAD54L	1.775076	WT_LOST
SIM-01380	Pathogenic	CORE_HR	BRIP1	1.423267	WT_LOST
SIM-01381	Pathogenic	CORE_HR	PALB2	2.943053	WT_LOST
SIM-01382	Pathogenic	CORE_HR	BRIP1	1.284648	WT_LOST
SIM-01383	Pathogenic	CORE_HR	BRIP1	2.491584	WT_LOST
SIM-01384	Pathogenic	CORE_HR	PALB2	2.168833	WT_LOST
SIM-01385	Pathogenic	CORE_HR	RAD51C	2.213813	WT_LOST
SIM-01386	Pathogenic	CORE_HR	BRCA2	1.322446	WT_LOST
SIM-01387	Pathogenic	CORE_HR	BRCA2	1.929259	WT_LOST
SIM-01388	Pathogenic	CORE_HR	RAD51C	1.003251	WT_LOST
SIM-01389	Pathogenic	CORE_HR	BRCA1	0.432193	WT_LOST
SIM-01390	Pathogenic	CORE_HR	BRCA2	1.346925	WT_LOST
SIM-01391	Pathogenic	CORE_HR	BRCA1	0.543421	WT_LOST
SIM-01392	Pathogenic	CORE_HR	BRIP1	0.718849	WT_LOST
SIM-01393	Pathogenic	CORE_HR	RAD51C	2.887337	WT_LOST
SIM-01394	Pathogenic	CORE_HR	BARD1	3.161649	WT_LOST
SIM-01395	Pathogenic	CORE_HR	BRIP1	0.783667	WT_LOST
SIM-01396	Pathogenic	CORE_HR	BRIP1	2.324801	WT_LOST
SIM-01397	Pathogenic	CORE_HR	BARD1	0.506295	NOT_WT_LOST
SIM-01398	Pathogenic	CORE_HR	RAD54L	0.341852	NOT_WT_LOST
SIM-01399	Pathogenic	CORE_HR	BRCA1	2.024256	WT_LOST
SIM-01400	Pathogenic	CORE_HR	RAD51C	0.827971	NOT_WT_LOST
SIM-01401	Pathogenic	CORE_HR	BRCA1	1.336739	WT_LOST
SIM-01402	Pathogenic	CORE_HR	RAD51B	1.509758	WT_LOST
SIM-01403	Pathogenic	CORE_HR	RAD51B	0.823959	WT_LOST
SIM-01404	Pathogenic	CORE_HR	RAD51D	2.457469	WT_LOST
SIM-01405	Pathogenic	CORE_HR	BARD1	0.06438	WT_LOST
SIM-01406	Pathogenic	CORE_HR	BARD1	0.970173	NOT_WT_LOST
SIM-01407	Pathogenic	CORE_HR	BRCA2	1.799565	WT_LOST
SIM-01408	Pathogenic	CORE_HR	RAD51C	0.533989	NOT_WT_LOST
SIM-01409	Pathogenic	CORE_HR	BRIP1	0.741903	WT_LOST
SIM-01410	Pathogenic	CORE_HR	PALB2	1.061992	NOT_WT_LOST
SIM-01411	Pathogenic	CORE_HR	RAD51B	2.383084	WT_LOST
SIM-01412	Pathogenic	CORE_HR	BARD1	1.120968	WT_LOST
SIM-01413	Pathogenic	CORE_HR	RAD51D	-0.149399	NOT_WT_LOST
SIM-01414	Pathogenic	CORE_HR	RAD54L	2.93299	WT_LOST
SIM-01415	Pathogenic	CORE_HR	RAD51B	2.261355	NOT_WT_LOST
SIM-01416	Pathogenic	CORE_HR	BRIP1	0.42582	WT_LOST
SIM-01417	Pathogenic	CORE_HR	RAD51C	1.040538	WT_LOST
SIM-01418	Pathogenic	CORE_HR	RAD54L	0.673586	WT_LOST
SIM-01419	Pathogenic	CORE_HR	BRCA2	2.066708	WT_LOST
SIM-01420	Pathogenic	CORE_HR	BRIP1	0.12777	NOT_WT_LOST
SIM-01421	Pathogenic	CORE_HR	BRCA1	0.562649	WT_LOST
SIM-01422	Pathogenic	CORE_HR	RAD54L	2.336247	WT_LOST
SIM-01423	Pathogenic	CORE_HR	RAD51D	1.744319	WT_LOST
SIM-01424	Pathogenic	CORE_HR	RAD54L	1.592144	WT_LOST
SIM-01425	Pathogenic	CORE_HR	BARD1	2.751843	WT_LOST
SIM-01426	Pathogenic	CORE_HR	RAD51C	2.286952	NOT_WT_LOST
SIM-01427	Pathogenic	CORE_HR	BRIP1	2.96249	WT_LOST
SIM-01428	Pathogenic	CORE_HR	PALB2	0.498825	NOT_WT_LOST
SIM-01429	Pathogenic	CORE_HR	RAD51B	2.765449	WT_LOST
SIM-01430	Pathogenic	CORE_HR	BRCA1	0.393317	WT_LOST
SIM-01431	Pathogenic	CORE_HR	BRCA2	0.811055	WT_LOST
SIM-01432	Pathogenic	CORE_HR	RAD51D	1.596807	WT_LOST
SIM-01433	Pathogenic	CORE_HR	BRCA2	0.599224	WT_LOST
SIM-01434	Pathogenic	CORE_HR	RAD51C	1.740374	WT_LOST
SIM-01435	Pathogenic	CORE_HR	BRCA1	2.329711	WT_LOST
SIM-01436	Pathogenic	CORE_HR	PALB2	0.757482	WT_LOST
SIM-01437	Pathogenic	CORE_HR	BRIP1	2.107313	WT_LOST
SIM-01438	Pathogenic	CORE_HR	RAD51B	1.332206	WT_LOST
SIM-01439	Pathogenic	CORE_HR	BRCA1	1.557927	WT_LOST
SIM-01440	Pathogenic	CORE_HR	RAD51B	2.529727	WT_LOST
SIM-01441	Pathogenic	CORE_HR	BARD1	2.675165	WT_LOST
SIM-01442	Pathogenic	CORE_HR	PALB2	2.190915	WT_LOST
SIM-01443	Pathogenic	CORE_HR	PALB2	-0.975798	NOT_WT_LOST
SIM-01444	Pathogenic	CORE_HR	BRCA1	1.152396	WT_LOST
SIM-01445	Pathogenic	CORE_HR	RAD51C	1.229085	WT_LOST
SIM-01446	Pathogenic	CORE_HR	BRCA2	-0.27934	WT_LOST
SIM-01447	Pathogenic	CORE_HR	RAD54L	1.3241	WT_LOST
SIM-01448	Pathogenic	CORE_HR	BARD1	1.90664	WT_LOST
SIM-01449	Pathogenic	CORE_HR	PALB2	0.649114	WT_LOST
SIM-01450	Pathogenic	CORE_HR	RAD51B	1.501504	WT_LOST
SIM-01451	Pathogenic	CORE_HR	BRCA2	0.871417	WT_LOST
SIM-01452	Pathogenic	CORE_HR	BRCA1	3.671492	WT_LOST
SIM-01453	Pathogenic	CORE_HR	BRCA2	0.707526	WT_LOST
SIM-01454	Pathogenic	CORE_HR	BRIP1	1.171504	NOT_WT_LOST
SIM-01455	Pathogenic	CORE_HR	RAD51B	1.045607	NOT_WT_LOST
SIM-01456	Pathogenic	CORE_HR	PALB2	1.925109	WT_LOST
SIM-01457	Pathogenic	CORE_HR	RAD51D	2.932596	WT_LOST
SIM-01458	Pathogenic	CORE_HR	RAD54L	1.111712	WT_LOST
SIM-01459	Pathogenic	CORE_HR	BARD1	1.100611	WT_LOST
SIM-01460	Pathogenic	CORE_HR	PALB2	2.479086	WT_LOST
SIM-01461	Pathogenic	CORE_HR	BRCA2	0.709929	WT_LOST
SIM-01462	Pathogenic	CORE_HR	PALB2	1.237002	NOT_WT_LOST
SIM-01463	Pathogenic	CORE_HR	RAD51D	1.295252	WT_LOST
SIM-01464	Pathogenic	CORE_HR	BRCA2	1.51948	WT_LOST
SIM-01465	Pathogenic	CORE_HR	RAD51C	1.093581	WT_LOST
SIM-01466	Pathogenic	CORE_HR	RAD51D	1.493381	WT_LOST
SIM-01467	Pathogenic	CORE_HR	BRIP1	0.403149	WT_LOST
SIM-01468	Pathogenic	CORE_HR	RAD54L	0.956637	WT_LOST
SIM-01469	Pathogenic	CORE_HR	PALB2	-1.289498	NOT_WT_LOST
SIM-01470	Pathogenic	CORE_HR	PALB2	0.23071	NOT_WT_LOST
SIM-01471	Pathogenic	CORE_HR	RAD51B	2.368521	WT_LOST
SIM-01472	Pathogenic	CORE_HR	RAD51D	2.417368	WT_LOST
SIM-01473	Pathogenic	CORE_HR	RAD54L	2.400577	WT_LOST
SIM-01474	Pathogenic	CORE_HR	BARD1	2.189646	WT_LOST
SIM-01475	Pathogenic	CORE_HR	RAD51D	2.315113	WT_LOST
SIM-01476	Pathogenic	CORE_HR	RAD51C	3.329905	WT_LOST
SIM-01477	Pathogenic	CORE_HR	RAD51C	1.934196	WT_LOST
SIM-01478	Pathogenic	CORE_HR	RAD54L	1.346297	WT_LOST
SIM-01479	Pathogenic	CORE_HR	RAD51D	1.168436	WT_LOST
SIM-01480	Pathogenic	CORE_HR	BARD1	0.522372	WT_LOST
SIM-01481	Pathogenic	CORE_HR	BRIP1	1.802549	WT_LOST
SIM-01482	Pathogenic	CORE_HR	BRCA2	3.330085	WT_LOST
SIM-01483	Pathogenic	CORE_HR	BARD1	2.022856	NOT_WT_LOST
SIM-01484	Pathogenic	CORE_HR	RAD54L	1.177094	NOT_WT_LOST
SIM-01485	Pathogenic	CORE_HR	RAD51B	2.148011	WT_LOST
SIM-01486	Pathogenic	CORE_HR	BRCA2	1.492841	WT_LOST
SIM-01487	Pathogenic	CORE_HR	BRIP1	1.895273	WT_LOST
SIM-01488	Pathogenic	CORE_HR	BRCA1	2.902569	WT_LOST
SIM-01489	Pathogenic	CORE_HR	BRCA2	1.478105	WT_LOST
SIM-01490	Pathogenic	CORE_HR	BRIP1	3.426295	WT_LOST
SIM-01491	Pathogenic	CORE_HR	RAD54L	2.333876	WT_LOST
SIM-01492	Pathogenic	CORE_HR	RAD51D	1.477404	WT_LOST
SIM-01493	Pathogenic	CORE_HR	RAD54L	2.608833	WT_LOST
SIM-01494	Pathogenic	CORE_HR	BARD1	2.110296	WT_LOST
SIM-01495	Pathogenic	CORE_HR	RAD51B	2.834981	WT_LOST
SIM-01496	Pathogenic	CORE_HR	BARD1	-0.340729	WT_LOST
SIM-01497	Pathogenic	CORE_HR	RAD51C	-1.193329	NOT_WT_LOST
SIM-01498	Pathogenic	CORE_HR	BRCA2	0.838805	NOT_WT_LOST
SIM-01499	Pathogenic	CORE_HR	BRCA2	2.459793	WT_LOST
SIM-01500	Pathogenic	CORE_HR	RAD51D	2.044891	WT_LOST
SIM-01501	Pathogenic	CORE_HR	BRIP1	1.216645	NOT_WT_LOST
SIM-01502	Pathogenic	CORE_HR	BARD1	2.029657	WT_LOST
SIM-01503	Pathogenic	CORE_HR	BRCA1	1.179924	NOT_WT_LOST
SIM-01504	Pathogenic	CORE_HR	BRCA1	-0.14734	WT_LOST
SIM-01505	Pathogenic	CORE_HR	RAD51D	-0.785943	WT_LOST
SIM-01506	Pathogenic	CORE_HR	BRIP1	0.520114	NOT_WT_LOST
SIM-01507	Pathogenic	CORE_HR	BRCA1	1.56213	WT_LOST
SIM-01508	Pathogenic	CORE_HR	RAD51C	0.52776	NOT_WT_LOST
SIM-01509	Pathogenic	CORE_HR	RAD54L	0.533826	NOT_WT_LOST
SIM-01510	Pathogenic	CORE_HR	RAD54L	2.58787	WT_LOST
SIM-01511	Pathogenic	CORE_HR	BARD1	1.986581	WT_LOST
SIM-01512	Pathogenic	CORE_HR	RAD51C	0.885518	WT_LOST
SIM-01513	Pathogenic	CORE_HR	BARD1	-1.690105	NOT_WT_LOST
SIM-01514	Pathogenic	CORE_HR	RAD51B	2.886842	WT_LOST
SIM-01515	Pathogenic	CORE_HR	RAD51D	-1.016673	NOT_WT_LOST
SIM-01516	Pathogenic	CORE_HR	RAD54L	1.93355	WT_LOST
SIM-01517	Pathogenic	CORE_HR	BRCA2	1.682269	NOT_WT_LOST
SIM-01518	Pathogenic	CORE_HR	PALB2	0.992468	NOT_WT_LOST
SIM-01519	Pathogenic	CORE_HR	RAD51B	2.119585	WT_LOST
SIM-01520	Pathogenic	CORE_HR	BARD1	0.579736	WT_LOST
SIM-01521	Pathogenic	CORE_HR	RAD54L	0.794401	NOT_WT_LOST
SIM-01522	Pathogenic	CORE_HR	RAD51D	-0.068743	NOT_WT_LOST
SIM-01523	Pathogenic	CORE_HR	RAD51D	0.768281	NOT_WT_LOST
SIM-01524	Pathogenic	CORE_HR	PALB2	2.493253	WT_LOST
SIM-01525	Pathogenic	CORE_HR	BRIP1	1.927642	WT_LOST
SIM-01526	Pathogenic	CORE_HR	BRCA1	1.94942	WT_LOST
SIM-01527	Pathogenic	CORE_HR	BRIP1	0.854847	WT_LOST
SIM-01528	Pathogenic	CORE_HR	RAD51D	0.592923	WT_LOST
SIM-01529	Pathogenic	CORE_HR	PALB2	1.400436	WT_LOST
SIM-01530	Pathogenic	CORE_HR	BARD1	2.923439	WT_LOST
SIM-01531	Pathogenic	CORE_HR	BRIP1	1.765137	WT_LOST
SIM-01532	Pathogenic	CORE_HR	BRCA2	2.782323	WT_LOST
SIM-01533	Pathogenic	CORE_HR	BRIP1	1.680867	WT_LOST
SIM-01534	Pathogenic	CORE_HR	BARD1	0.252628	WT_LOST
SIM-01535	Pathogenic	CORE_HR	RAD54L	0.424934	WT_LOST
SIM-01536	Pathogenic	CORE_HR	BARD1	3.712778	WT_LOST
SIM-01537	Pathogenic	CORE_HR	RAD51C	1.634463	WT_LOST
SIM-01538	Pathogenic	CORE_HR	RAD51B	2.458321	WT_LOST
SIM-01539	Pathogenic	CORE_HR	RAD51C	-0.033624	NOT_WT_LOST
SIM-01540	Pathogenic	CORE_HR	BARD1	2.940957	WT_LOST
SIM-01541	Pathogenic	CORE_HR	BARD1	1.137709	WT_LOST
SIM-01542	Pathogenic	CORE_HR	BARD1	0.781307	NOT_WT_LOST
SIM-01543	Pathogenic	CORE_HR	BARD1	1.457349	WT_LOST
SIM-01544	Pathogenic	CORE_HR	BRCA2	2.108709	WT_LOST
SIM-01545	Pathogenic	CORE_HR	BARD1	0.494311	WT_LOST
SIM-01546	Pathogenic	CORE_HR	BRCA2	1.445179	NOT_WT_LOST
SIM-01547	Pathogenic	CORE_HR	BRCA1	2.628641	WT_LOST
SIM-01548	Pathogenic	CORE_HR	RAD51C	1.975907	WT_LOST
SIM-01549	Pathogenic	CORE_HR	PALB2	0.687398	NOT_WT_LOST
SIM-01550	Pathogenic	CORE_HR	BRCA2	1.222455	WT_LOST
SIM-01551	Pathogenic	CORE_HR	RAD51B	1.618913	WT_LOST
SIM-01552	Pathogenic	CORE_HR	RAD51C	1.136124	WT_LOST
SIM-01553	Pathogenic	CORE_HR	RAD51C	2.005124	WT_LOST
SIM-01554	Pathogenic	CORE_HR	PALB2	2.045906	WT_LOST
SIM-01555	Pathogenic	CORE_HR	BRCA1	2.279207	WT_LOST
SIM-01556	Pathogenic	CORE_HR	BRCA1	0.642885	NOT_WT_LOST
SIM-01557	Pathogenic	CORE_HR	PALB2	2.632937	WT_LOST
SIM-01558	Pathogenic	CORE_HR	BARD1	0.743504	NOT_WT_LOST
SIM-01559	Pathogenic	CORE_HR	RAD51B	1.187425	WT_LOST
SIM-01560	Pathogenic	CORE_HR	RAD51B	0.263813	WT_LOST
SIM-01561	Pathogenic	CORE_HR	BRCA1	-0.365695	NOT_WT_LOST
SIM-01562	Pathogenic	CORE_HR	BRIP1	1.310753	WT_LOST
SIM-01563	Pathogenic	CORE_HR	BRCA2	1.186898	NOT_WT_LOST
SIM-01564	Pathogenic	CORE_HR	BRIP1	1.017233	WT_LOST
SIM-01565	Pathogenic	CORE_HR	BRCA2	1.810253	WT_LOST
SIM-01566	Pathogenic	CORE_HR	RAD54L	1.409104	WT_LOST
SIM-01567	Pathogenic	CORE_HR	BARD1	4.454435	WT_LOST
SIM-01568	Pathogenic	CORE_HR	RAD51D	0.92848	WT_LOST
SIM-01569	Pathogenic	CORE_HR	BRIP1	1.399608	WT_LOST
SIM-01570	Pathogenic	CORE_HR	PALB2	1.187915	WT_LOST
SIM-01571	Pathogenic	CORE_HR	RAD51B	1.695972	WT_LOST
SIM-01572	Pathogenic	CORE_HR	BRCA1	0.799817	WT_LOST
SIM-01573	Pathogenic	CORE_HR	BRCA2	1.564067	WT_LOST
SIM-01574	Pathogenic	CORE_HR	RAD51B	2.000389	WT_LOST
SIM-01575	Pathogenic	CORE_HR	RAD54L	0.939826	WT_LOST
SIM-01576	Pathogenic	CORE_HR	BRCA1	0.230427	WT_LOST
SIM-01577	Pathogenic	CORE_HR	RAD51B	0.69154	WT_LOST
SIM-01578	Pathogenic	CORE_HR	RAD51D	1.112231	WT_LOST
SIM-01579	Pathogenic	CORE_HR	BRCA1	1.211409	WT_LOST
SIM-01580	Pathogenic	CORE_HR	BRIP1	1.071869	NOT_WT_LOST
SIM-01581	Pathogenic	CORE_HR	BRIP1	2.465441	WT_LOST
SIM-01582	Pathogenic	CORE_HR	RAD51D	0.837602	WT_LOST
SIM-01583	Pathogenic	CORE_HR	RAD54L	2.224441	WT_LOST
SIM-01584	Pathogenic	CORE_HR	BRCA1	2.39038	WT_LOST
SIM-01585	Pathogenic	CORE_HR	BRCA1	0.929399	NOT_WT_LOST
SIM-01586	Pathogenic	CORE_HR	BARD1	1.116422	NOT_WT_LOST
SIM-01587	Pathogenic	CORE_HR	BRIP1	4.020834	WT_LOST
SIM-01588	Pathogenic	CORE_HR	RAD54L	1.325496	WT_LOST
SIM-01589	Pathogenic	CORE_HR	PALB2	1.977277	WT_LOST
SIM-01590	Pathogenic	CORE_HR	BRIP1	1.135817	WT_LOST
SIM-01591	Pathogenic	CORE_HR	BRCA2	1.829751	WT_LOST
SIM-01592	Pathogenic	CORE_HR	RAD51C	0.949924	WT_LOST
SIM-01593	Pathogenic	CORE_HR	BRCA2	1.058047	WT_LOST
SIM-01594	Pathogenic	CORE_HR	RAD51B	0.473196	WT_LOST
SIM-01595	Pathogenic	CORE_HR	RAD54L	1.204318	WT_LOST
SIM-01596	Pathogenic	CORE_HR	BRCA2	2.335711	WT_LOST
SIM-01597	Pathogenic	CORE_HR	BRCA1	0.856468	NOT_WT_LOST
SIM-01598	Pathogenic	CORE_HR	BRCA2	0.434248	WT_LOST
SIM-01599	Pathogenic	CORE_HR	BRCA1	0.467103	NOT_WT_LOST
SIM-01600	Pathogenic	CORE_HR	RAD54L	1.755973	WT_LOST
SIM-01601	Pathogenic	CORE_HR	PALB2	1.044627	NOT_WT_LOST
SIM-01602	Pathogenic	CORE_HR	BRCA1	0.699979	WT_LOST
SIM-01603	Pathogenic	CORE_HR	RAD54L	-1.121644	NOT_WT_LOST
SIM-01604	Pathogenic	CORE_HR	RAD51C	2.058013	WT_LOST
SIM-01605	Pathogenic	CORE_HR	BRIP1	3.056897	WT_LOST
SIM-01606	Pathogenic	CORE_HR	BRCA2	3.112605	WT_LOST
SIM-01607	Pathogenic	CORE_HR	RAD51D	1.969073	WT_LOST
SIM-01608	Pathogenic	CORE_HR	RAD51D	0.083044	WT_LOST
SIM-01609	Pathogenic	CORE_HR	PALB2	1.596118	WT_LOST
SIM-01610	Pathogenic	CORE_HR	BARD1	0.812421	WT_LOST
SIM-01611	Pathogenic	CORE_HR	RAD51D	0.673441	NOT_WT_LOST
SIM-01612	Pathogenic	CORE_HR	BRCA2	1.839115	WT_LOST
SIM-01613	Pathogenic	CORE_HR	BRCA2	0.949143	WT_LOST
SIM-01614	Pathogenic	CORE_HR	PALB2	1.812532	WT_LOST
SIM-01615	Pathogenic	CORE_HR	RAD51D	1.328589	WT_LOST
SIM-01616	Pathogenic	CORE_HR	RAD51C	1.338486	NOT_WT_LOST
SIM-01617	Pathogenic	CORE_HR	BARD1	1.206282	WT_LOST
SIM-01618	Pathogenic	CORE_HR	BARD1	1.718902	WT_LOST
SIM-01619	Pathogenic	CORE_HR	RAD51B	0.90809	WT_LOST
SIM-01620	Pathogenic	CORE_HR	RAD51C	-0.98659	NOT_WT_LOST
SIM-01621	Pathogenic	CORE_HR	BRCA2	2.006052	WT_LOST
SIM-01622	Pathogenic	CORE_HR	PALB2	1.087018	WT_LOST
SIM-01623	Pathogenic	CORE_HR	RAD54L	1.347101	WT_LOST
SIM-01624	Pathogenic	CORE_HR	BRCA2	1.354993	WT_LOST
SIM-01625	Pathogenic	CORE_HR	RAD54L	0.451472	WT_LOST
SIM-01626	Pathogenic	CORE_HR	BRIP1	2.291476	WT_LOST
SIM-01627	Pathogenic	CORE_HR	BRCA2	0.334344	WT_LOST
SIM-01628	Pathogenic	CORE_HR	RAD54L	2.357623	WT_LOST
SIM-01629	Pathogenic	CORE_HR	BARD1	0.12057	WT_LOST
SIM-01630	Pathogenic	CORE_HR	PALB2	1.41401	WT_LOST
SIM-01631	Pathogenic	CORE_HR	RAD54L	-0.223079	NOT_WT_LOST
SIM-01632	Pathogenic	CORE_HR	PALB2	1.065535	NOT_WT_LOST
SIM-01633	Pathogenic	CORE_HR	RAD51B	1.10507	WT_LOST
SIM-01634	Pathogenic	CORE_HR	BARD1	3.684287	WT_LOST
SIM-01635	Pathogenic	CORE_HR	RAD51B	0.871673	WT_LOST
SIM-01636	Pathogenic	CORE_HR	RAD51B	-0.527815	NOT_WT_LOST
SIM-01637	Pathogenic	CORE_HR	BRCA2	0.629536	NOT_WT_LOST
SIM-01638	Pathogenic	CORE_HR	BRIP1	2.200172	WT_LOST
SIM-01639	Pathogenic	CORE_HR	RAD54L	-0.100035	NOT_WT_LOST
SIM-01640	Pathogenic	CORE_HR	PALB2	2.812783	WT_LOST
SIM-01641	Pathogenic	CORE_HR	PALB2	1.55638	WT_LOST
SIM-01642	Pathogenic	CORE_HR	RAD51C	2.247412	WT_LOST
SIM-01643	Pathogenic	CORE_HR	BARD1	0.779337	NOT_WT_LOST
SIM-01644	Pathogenic	CORE_HR	RAD51B	2.894859	WT_LOST
SIM-01645	Pathogenic	CORE_HR	PALB2	0.67422	WT_LOST
SIM-01646	Pathogenic	CORE_HR	RAD51D	2.10242	WT_LOST
SIM-01647	Pathogenic	CORE_HR	RAD51D	0.357351	WT_LOST
SIM-01648	Pathogenic	CORE_HR	BRCA1	0.554199	WT_LOST
SIM-01649	Pathogenic	CORE_HR	BRCA2	0.344942	WT_LOST
SIM-01650	Pathogenic	CORE_HR	BRIP1	0.769992	WT_LOST
SIM-01651	Pathogenic	CORE_HR	BRCA1	3.238841	WT_LOST
SIM-01652	Pathogenic	CORE_HR	RAD54L	-0.434013	WT_LOST
SIM-01653	Pathogenic	CORE_HR	BRCA2	1.574047	WT_LOST
SIM-01654	Pathogenic	CORE_HR	RAD51C	1.143039	WT_LOST
SIM-01655	Pathogenic	CORE_HR	PALB2	0.759473	WT_LOST
SIM-01656	Pathogenic	CORE_HR	BRCA1	2.483569	WT_LOST
SIM-01657	Pathogenic	CORE_HR	RAD51C	1.332962	WT_LOST
SIM-01658	Pathogenic	CORE_HR	BRCA1	1.909941	WT_LOST
SIM-01659	Pathogenic	CORE_HR	RAD51C	1.602624	NOT_WT_LOST
SIM-01660	Pathogenic	CORE_HR	RAD51C	2.201981	WT_LOST
SIM-01661	Pathogenic	CORE_HR	RAD54L	0.603762	NOT_WT_LOST
SIM-01662	Pathogenic	CORE_HR	BARD1	2.119833	WT_LOST
SIM-01663	Pathogenic	CORE_HR	RAD51B	2.38578	WT_LOST
SIM-01664	Pathogenic	CORE_HR	BRIP1	2.96635	WT_LOST
SIM-01665	Pathogenic	CORE_HR	RAD51D	1.920218	WT_LOST
SIM-01666	Pathogenic	CORE_HR	RAD54L	4.053085	WT_LOST
SIM-01667	Pathogenic	CORE_HR	BRIP1	0.892549	WT_LOST
SIM-01668	Pathogenic	CORE_HR	BRIP1	-0.273839	WT_LOST
SIM-01669	Pathogenic	CORE_HR	RAD51D	2.472297	WT_LOST
SIM-01670	Pathogenic	CORE_HR	RAD54L	0.37435	WT_LOST
SIM-01671	Pathogenic	CORE_HR	BRCA1	1.23192	WT_LOST
SIM-01672	Pathogenic	CORE_HR	BRIP1	0.369491	WT_LOST
SIM-01673	Pathogenic	CORE_HR	RAD51D	1.990578	WT_LOST
SIM-01674	Pathogenic	CORE_HR	RAD51D	1.576595	WT_LOST
SIM-01675	Pathogenic	CORE_HR	BARD1	0.236077	WT_LOST
SIM-01676	Pathogenic	CORE_HR	RAD54L	0.185466	WT_LOST
SIM-01677	Pathogenic	CORE_HR	RAD51C	1.064661	WT_LOST
SIM-01678	Pathogenic	CORE_HR	BARD1	1.193801	WT_LOST
SIM-01679	Pathogenic	CORE_HR	BRCA1	1.268165	WT_LOST
SIM-01680	Pathogenic	CORE_HR	RAD51D	-0.52273	NOT_WT_LOST
SIM-01681	Pathogenic	CORE_HR	RAD54L	1.204538	WT_LOST
SIM-01682	Pathogenic	CORE_HR	PALB2	0.795854	WT_LOST
SIM-01683	Pathogenic	CORE_HR	RAD51B	0.996892	WT_LOST
SIM-01684	Pathogenic	CORE_HR	BRCA2	2.481944	WT_LOST
SIM-01685	Pathogenic	CORE_HR	RAD54L	0.788644	WT_LOST
SIM-01686	Pathogenic	CORE_HR	RAD51D	2.206802	WT_LOST
SIM-01687	Pathogenic	CORE_HR	RAD51C	0.636209	WT_LOST
SIM-01688	Pathogenic	CORE_HR	BRCA1	3.154671	WT_LOST
SIM-01689	Pathogenic	CORE_HR	BRCA2	-0.287656	NOT_WT_LOST
SIM-01690	Pathogenic	CORE_HR	PALB2	-0.041313	WT_LOST
SIM-01691	Pathogenic	CORE_HR	BARD1	2.231451	WT_LOST
SIM-01692	Pathogenic	CORE_HR	RAD51B	0.55194	NOT_WT_LOST
SIM-01693	Pathogenic	CORE_HR	RAD54L	1.319675	NOT_WT_LOST
SIM-01694	Pathogenic	CORE_HR	BRCA1	0.922323	WT_LOST
SIM-01695	Pathogenic	CORE_HR	BRCA2	-0.61578	NOT_WT_LOST
SIM-01696	Pathogenic	CORE_HR	RAD51C	2.611288	WT_LOST
SIM-01697	Pathogenic	CORE_HR	RAD51D	0.680769	WT_LOST
SIM-01698	Pathogenic	CORE_HR	RAD51C	0.97753	WT_LOST
SIM-01699	Pathogenic	CORE_HR	RAD51B	2.463633	WT_LOST
SIM-01700	Pathogenic	CORE_HR	BARD1	2.024709	WT_LOST
SIM-01701	Pathogenic	CORE_HR	BRCA2	2.212633	WT_LOST
SIM-01702	Pathogenic	CORE_HR	BRCA1	0.547741	WT_LOST
SIM-01703	Pathogenic	CORE_HR	RAD51C	1.62721	WT_LOST
SIM-01704	Pathogenic	CORE_HR	RAD54L	1.663927	WT_LOST
SIM-01705	Pathogenic	CORE_HR	RAD54L	0.782623	NOT_WT_LOST
SIM-01706	Pathogenic	CORE_HR	RAD54L	2.038732	WT_LOST
SIM-01707	Pathogenic	CORE_HR	BRCA1	2.167866	WT_LOST
SIM-01708	Pathogenic	CORE_HR	BRIP1	-0.03936	NOT_WT_LOST
SIM-01709	Pathogenic	CORE_HR	RAD51D	1.847349	WT_LOST
SIM-01710	Pathogenic	CORE_HR	PALB2	-0.333423	NOT_WT_LOST
SIM-01711	Pathogenic	CORE_HR	BRCA1	2.088287	WT_LOST
SIM-01712	Pathogenic	CORE_HR	BARD1	2.395773	WT_LOST
SIM-01713	Pathogenic	CORE_HR	PALB2	0.285229	WT_LOST
SIM-01714	Pathogenic	CORE_HR	BRCA1	0.299664	WT_LOST
SIM-01715	Pathogenic	CORE_HR	BRCA2	1.834604	WT_LOST
SIM-01716	Pathogenic	CORE_HR	RAD51C	1.266792	WT_LOST
SIM-01717	Pathogenic	CORE_HR	BRIP1	1.795337	WT_LOST
SIM-01718	Pathogenic	CORE_HR	PALB2	1.850627	WT_LOST
SIM-01719	Pathogenic	CORE_HR	BARD1	1.89277	WT_LOST
SIM-01720	Pathogenic	CORE_HR	BRCA1	1.014815	NOT_WT_LOST
SIM-01721	Pathogenic	CORE_HR	BARD1	0.192121	NOT_WT_LOST
SIM-01722	Pathogenic	CORE_HR	BRCA1	1.786063	NOT_WT_LOST
SIM-01723	Pathogenic	CORE_HR	RAD51B	1.44898	WT_LOST
SIM-01724	Pathogenic	CORE_HR	BARD1	2.919483	WT_LOST
SIM-01725	Pathogenic	CORE_HR	RAD51C	1.764043	WT_LOST
SIM-01726	Pathogenic	CORE_HR	RAD51D	-0.088193	NOT_WT_LOST
SIM-01727	Pathogenic	CORE_HR	RAD51D	1.693654	WT_LOST
SIM-01728	Pathogenic	CORE_HR	RAD54L	1.693608	WT_LOST
SIM-01729	Pathogenic	CORE_HR	RAD51D	-0.521845	NOT_WT_LOST
SIM-01730	Pathogenic	CORE_HR	RAD51D	2.261665	WT_LOST
SIM-01731	Pathogenic	CORE_HR	RAD51B	0.589048	NOT_WT_LOST
SIM-01732	Pathogenic	CORE_HR	RAD54L	0.507866	NOT_WT_LOST
SIM-01733	Pathogenic	CORE_HR	PALB2	0.704317	NOT_WT_LOST
SIM-01734	Pathogenic	CORE_HR	BRCA2	0.773507	WT_LOST
SIM-01735	Pathogenic	CORE_HR	RAD54L	2.134756	WT_LOST
SIM-01736	Pathogenic	CORE_HR	BARD1	1.596295	WT_LOST
SIM-01737	Pathogenic	CORE_HR	PALB2	0.491485	NOT_WT_LOST
SIM-01738	Pathogenic	CORE_HR	RAD51D	0.295582	WT_LOST
SIM-01739	Pathogenic	CORE_HR	PALB2	0.202772	NOT_WT_LOST
SIM-01740	Pathogenic	CORE_HR	PALB2	0.904724	NOT_WT_LOST
SIM-01741	Pathogenic	CORE_HR	PALB2	1.448982	WT_LOST
SIM-01742	Pathogenic	CORE_HR	BRIP1	0.484868	NOT_WT_LOST
SIM-01743	Pathogenic	CORE_HR	BARD1	2.278074	WT_LOST
SIM-01744	Pathogenic	CORE_HR	RAD51D	2.046231	WT_LOST
SIM-01745	Pathogenic	CORE_HR	BRIP1	2.125621	WT_LOST
SIM-01746	Pathogenic	CORE_HR	PALB2	2.309616	WT_LOST
SIM-01747	Pathogenic	CORE_HR	RAD51C	2.291146	WT_LOST
SIM-01748	Pathogenic	CORE_HR	BARD1	1.835904	NOT_WT_LOST
SIM-01749	Pathogenic	CORE_HR	RAD54L	1.334977	NOT_WT_LOST
SIM-01750	Pathogenic	CORE_HR	BRCA1	0.772856	WT_LOST
SIM-01751	Pathogenic	CORE_HR	BRIP1	2.518632	WT_LOST
SIM-01752	Pathogenic	CORE_HR	RAD51B	-0.678378	NOT_WT_LOST
SIM-01753	Pathogenic	CORE_HR	RAD51D	2.387045	WT_LOST
SIM-01754	Pathogenic	CORE_HR	RAD54L	1.760537	WT_LOST
SIM-01755	Pathogenic	CORE_HR	BRCA1	3.039478	WT_LOST
SIM-01756	Pathogenic	CORE_HR	BRIP1	0.362935	WT_LOST
SIM-01757	Pathogenic	CORE_HR	RAD54L	2.131575	WT_LOST
SIM-01758	Pathogenic	CORE_HR	BRCA2	2.550387	WT_LOST
SIM-01759	Pathogenic	CORE_HR	BRIP1	2.868914	WT_LOST
SIM-01760	Pathogenic	CORE_HR	BRCA2	0.46336	NOT_WT_LOST
SIM-01761	Pathogenic	CORE_HR	BARD1	1.726164	WT_LOST
SIM-01762	Pathogenic	CORE_HR	BARD1	1.079805	WT_LOST
SIM-01763	Pathogenic	CORE_HR	RAD51B	-0.613652	WT_LOST
SIM-01764	Pathogenic	CORE_HR	RAD51C	1.094825	WT_LOST
SIM-01765	Pathogenic	CORE_HR	PALB2	1.983694	NOT_WT_LOST
SIM-01766	Pathogenic	CORE_HR	BARD1	2.117913	WT_LOST
SIM-01767	Pathogenic	CORE_HR	RAD51D	3.637761	WT_LOST
SIM-01768	Pathogenic	CORE_HR	BRIP1	1.579036	WT_LOST
SIM-01769	Pathogenic	CORE_HR	RAD54L	2.081163	WT_LOST
SIM-01770	Pathogenic	CORE_HR	BRCA1	1.955695	WT_LOST
SIM-01771	Pathogenic	CORE_HR	BRCA1	1.857272	WT_LOST
SIM-01772	Pathogenic	CORE_HR	BRCA2	0.650879	NOT_WT_LOST
SIM-01773	Pathogenic	CORE_HR	RAD54L	1.822997	WT_LOST
SIM-01774	Pathogenic	CORE_HR	BRCA1	0.781593	NOT_WT_LOST
SIM-01775	Pathogenic	CORE_HR	BRCA1	1.175007	NOT_WT_LOST
SIM-01776	Pathogenic	CORE_HR	RAD51D	2.28945	WT_LOST
SIM-01777	Pathogenic	CORE_HR	RAD51B	1.405605	WT_LOST
SIM-01778	Pathogenic	CORE_HR	RAD51D	1.064164	WT_LOST
SIM-01779	Pathogenic	CORE_HR	BRCA2	0.712761	WT_LOST
SIM-01780	Pathogenic	CORE_HR	BARD1	2.135007	WT_LOST
SIM-01781	Pathogenic	CORE_HR	RAD51C	1.260476	WT_LOST
SIM-01782	Pathogenic	CORE_HR	BARD1	2.492554	WT_LOST
SIM-01783	Pathogenic	CORE_HR	RAD51C	4.406555	WT_LOST
SIM-01784	Pathogenic	CORE_HR	BRCA2	0.805121	WT_LOST
SIM-01785	Pathogenic	CORE_HR	BARD1	0.160302	NOT_WT_LOST
SIM-01786	Pathogenic	CORE_HR	BRCA2	2.206297	WT_LOST
SIM-01787	Pathogenic	CORE_HR	RAD51D	0.458142	NOT_WT_LOST
SIM-01788	Pathogenic	CORE_HR	BARD1	1.103353	WT_LOST
SIM-01789	Pathogenic	CORE_HR	BRIP1	1.934605	WT_LOST
SIM-01790	Pathogenic	CORE_HR	RAD51B	1.022608	WT_LOST
SIM-01791	Pathogenic	CORE_HR	RAD51B	0.870179	NOT_WT_LOST
SIM-01792	Pathogenic	CORE_HR	RAD51D	2.719772	WT_LOST
SIM-01793	Pathogenic	CORE_HR	BRIP1	1.271359	WT_LOST
SIM-01794	Pathogenic	CORE_HR	BRCA1	0.58968	WT_LOST
SIM-01795	Pathogenic	CORE_HR	RAD51D	0.69189	WT_LOST
SIM-01796	Pathogenic	CORE_HR	BRCA1	1.759656	WT_LOST
SIM-01797	Pathogenic	CORE_HR	RAD51B	0.240815	WT_LOST
SIM-01798	Pathogenic	CORE_HR	RAD51D	2.475321	WT_LOST
SIM-01799	Pathogenic	CORE_HR	BRIP1	2.978952	WT_LOST
SIM-01800	Pathogenic	CORE_HR	RAD51D	1.434721	WT_LOST
SIM-01801	Pathogenic	CORE_HR	BRCA2	0.625809	WT_LOST
SIM-01802	Pathogenic	CORE_HR	RAD54L	1.436501	NOT_WT_LOST
SIM-01803	Pathogenic	CORE_HR	BRCA2	2.993815	WT_LOST
SIM-01804	Pathogenic	CORE_HR	RAD54L	2.338704	WT_LOST
SIM-01805	Pathogenic	CORE_HR	BRIP1	1.508945	WT_LOST
SIM-01806	Pathogenic	CORE_HR	PALB2	2.579472	WT_LOST
SIM-01807	Pathogenic	CORE_HR	RAD51C	1.675243	WT_LOST
SIM-01808	Pathogenic	CORE_HR	PALB2	0.799145	WT_LOST
SIM-01809	Pathogenic	CORE_HR	RAD51C	1.228173	WT_LOST
SIM-01810	Pathogenic	CORE_HR	RAD51C	3.50848	WT_LOST
SIM-01811	Pathogenic	CORE_HR	RAD51B	1.706694	WT_LOST
SIM-01812	Pathogenic	CORE_HR	RAD51C	3.30472	WT_LOST
SIM-01813	Pathogenic	CORE_HR	RAD54L	1.527011	WT_LOST
SIM-01814	Pathogenic	CORE_HR	RAD51B	1.742243	WT_LOST
SIM-01815	Pathogenic	CORE_HR	RAD51C	2.308991	WT_LOST
SIM-01816	Pathogenic	CORE_HR	BARD1	1.972185	WT_LOST
SIM-01817	Pathogenic	CORE_HR	RAD51D	2.472325	WT_LOST
SIM-01818	Pathogenic	CORE_HR	BRCA1	1.679219	WT_LOST
SIM-01819	Pathogenic	CORE_HR	BARD1	0.38567	WT_LOST
SIM-01820	Pathogenic	CORE_HR	BRCA1	1.887882	WT_LOST
SIM-01821	Pathogenic	CORE_HR	RAD51D	1.033827	NOT_WT_LOST
SIM-01822	Pathogenic	CORE_HR	PALB2	1.938128	WT_LOST
SIM-01823	Pathogenic	CORE_HR	BRCA1	1.210511	WT_LOST
SIM-01824	Pathogenic	CORE_HR	BRCA2	0.374193	WT_LOST
SIM-01825	Pathogenic	CORE_HR	BRCA2	1.721632	WT_LOST
SIM-01826	Pathogenic	CORE_HR	RAD51C	0.65038	WT_LOST
SIM-01827	Pathogenic	CORE_HR	RAD51C	1.843121	WT_LOST
SIM-01828	Pathogenic	CORE_HR	BRCA2	1.379821	NOT_WT_LOST
SIM-01829	Pathogenic	CORE_HR	BARD1	1.591328	WT_LOST
SIM-01830	Pathogenic	CORE_HR	RAD51B	0.586585	NOT_WT_LOST
SIM-01831	Pathogenic	CORE_HR	BRCA2	2.932245	WT_LOST
SIM-01832	Pathogenic	CORE_HR	BRIP1	-0.500566	NOT_WT_LOST
SIM-01833	Pathogenic	CORE_HR	BARD1	4.04903	NOT_WT_LOST
SIM-01834	Pathogenic	CORE_HR	RAD51B	1.699698	WT_LOST
SIM-01835	Pathogenic	CORE_HR	BRIP1	-1.562161	NOT_WT_LOST
SIM-01836	Pathogenic	CORE_HR	PALB2	2.835498	NOT_WT_LOST
SIM-01837	Pathogenic	CORE_HR	BRCA2	1.940814	WT_LOST
SIM-01838	Pathogenic	CORE_HR	BARD1	-0.184867	WT_LOST
SIM-01839	Pathogenic	CORE_HR	RAD51C	1.370568	WT_LOST
SIM-01840	Pathogenic	CORE_HR	PALB2	0.91292	NOT_WT_LOST
SIM-01841	Pathogenic	CORE_HR	RAD54L	1.451287	NOT_EVALUABLE
SIM-01842	Pathogenic	CORE_HR	BRIP1	0.937316	NOT_EVALUABLE
SIM-01843	Pathogenic	CORE_HR	RAD51B	0.855488	NOT_EVALUABLE
SIM-01844	Pathogenic	CORE_HR	RAD54L	0.746113	NOT_EVALUABLE
SIM-01845	Pathogenic	CORE_HR	RAD51D	1.950285	NOT_EVALUABLE
SIM-01846	Pathogenic	CORE_HR	RAD51D	1.382969	NOT_EVALUABLE
SIM-01847	Pathogenic	CORE_HR	PALB2	2.600622	NOT_EVALUABLE
SIM-01848	Pathogenic	CORE_HR	RAD54L	1.634882	NOT_EVALUABLE
SIM-01849	Benign	CORE_HR	BRIP1	-1.572098	NOT_WT_LOST
SIM-01850	Benign	CORE_HR	RAD54L	0.007831	WT_LOST
SIM-01851	Benign	CORE_HR	BRIP1	-0.286196	WT_LOST
SIM-01852	Benign	CORE_HR	RAD54L	-0.994717	NOT_WT_LOST
SIM-01853	Benign	CORE_HR	RAD51C	-3.482209	NOT_WT_LOST
SIM-01854	Benign	CORE_HR	BRCA1	0.213615	NOT_WT_LOST
SIM-01855	Benign	CORE_HR	RAD51B	-2.267567	WT_LOST
SIM-01856	Benign	CORE_HR	RAD51B	-1.706196	NOT_WT_LOST
SIM-01857	Benign	CORE_HR	BARD1	0.939502	WT_LOST
SIM-01858	Benign	CORE_HR	BRCA1	-1.20881	WT_LOST
SIM-01859	Benign	CORE_HR	PALB2	-0.627535	NOT_WT_LOST
SIM-01860	Benign	CORE_HR	BRIP1	-2.166303	NOT_WT_LOST
SIM-01861	Benign	CORE_HR	BRIP1	-1.952909	NOT_WT_LOST
SIM-01862	Benign	CORE_HR	RAD54L	-1.235425	NOT_WT_LOST
SIM-01863	Benign	CORE_HR	RAD54L	-0.022774	WT_LOST
SIM-01864	Benign	CORE_HR	BRCA2	-1.192099	NOT_WT_LOST
SIM-01865	Benign	CORE_HR	RAD51B	-0.306788	WT_LOST
SIM-01866	Benign	CORE_HR	PALB2	0.280679	NOT_WT_LOST
SIM-01867	Benign	CORE_HR	RAD54L	-1.252253	NOT_WT_LOST
SIM-01868	Benign	CORE_HR	PALB2	-0.257332	NOT_WT_LOST
SIM-01869	Benign	CORE_HR	RAD54L	-0.303192	NOT_WT_LOST
SIM-01870	Benign	CORE_HR	RAD51B	-2.818455	NOT_WT_LOST
SIM-01871	Benign	CORE_HR	RAD51B	0.824566	WT_LOST
SIM-01872	Benign	CORE_HR	BRCA1	-1.855566	NOT_WT_LOST
SIM-01873	Benign	CORE_HR	RAD54L	-2.175075	NOT_WT_LOST
SIM-01874	Benign	CORE_HR	RAD51C	-1.369428	NOT_WT_LOST
SIM-01875	Benign	CORE_HR	BRCA1	-3.369505	NOT_WT_LOST
SIM-01876	Benign	CORE_HR	BARD1	-2.555435	NOT_WT_LOST
SIM-01877	Benign	CORE_HR	RAD51B	-1.321863	NOT_WT_LOST
SIM-01878	Benign	CORE_HR	BRCA1	-2.890396	NOT_WT_LOST
SIM-01879	Benign	CORE_HR	RAD51B	-0.657699	NOT_WT_LOST
SIM-01880	Benign	CORE_HR	BRCA1	-2.656012	NOT_WT_LOST
SIM-01881	Benign	CORE_HR	BARD1	-0.015486	WT_LOST
SIM-01882	Benign	CORE_HR	BARD1	-1.425869	NOT_WT_LOST
SIM-01883	Benign	CORE_HR	BRCA1	-2.076177	NOT_WT_LOST
SIM-01884	Benign	CORE_HR	RAD51B	-0.640867	NOT_WT_LOST
SIM-01885	Benign	CORE_HR	RAD54L	-0.381887	NOT_WT_LOST
SIM-01886	Benign	CORE_HR	RAD51D	-1.571592	NOT_WT_LOST
SIM-01887	Benign	CORE_HR	BRIP1	-0.981623	NOT_WT_LOST
SIM-01888	Benign	CORE_HR	PALB2	-0.833192	NOT_WT_LOST
SIM-01889	Benign	CORE_HR	BRIP1	-1.626725	NOT_WT_LOST
SIM-01890	Benign	CORE_HR	BRCA1	-1.129736	NOT_WT_LOST
SIM-01891	Benign	CORE_HR	BRIP1	-1.064765	NOT_WT_LOST
SIM-01892	Benign	CORE_HR	BARD1	-1.939184	NOT_WT_LOST
SIM-01893	Benign	CORE_HR	BRCA2	-0.727135	NOT_WT_LOST
SIM-01894	Benign	CORE_HR	PALB2	1.889668	WT_LOST
SIM-01895	Benign	CORE_HR	RAD51D	-0.090555	NOT_WT_LOST
SIM-01896	Benign	CORE_HR	RAD51B	-0.173014	NOT_WT_LOST
SIM-01897	Benign	CORE_HR	RAD54L	-3.327428	NOT_WT_LOST
SIM-01898	Benign	CORE_HR	BRCA2	-1.192889	NOT_WT_LOST
SIM-01899	Benign	CORE_HR	RAD54L	-2.205462	NOT_WT_LOST
SIM-01900	Benign	CORE_HR	RAD51B	-3.727982	NOT_WT_LOST
SIM-01901	Benign	CORE_HR	RAD51D	-1.539063	NOT_WT_LOST
SIM-01902	Benign	CORE_HR	BRCA2	-2.225418	NOT_WT_LOST
SIM-01903	Benign	CORE_HR	BRIP1	-0.764161	NOT_WT_LOST
SIM-01904	Benign	CORE_HR	BRCA1	-0.259061	NOT_WT_LOST
SIM-01905	Benign	CORE_HR	RAD51C	0.52538	NOT_WT_LOST
SIM-01906	Benign	CORE_HR	BRCA2	-0.750514	NOT_WT_LOST
SIM-01907	Benign	CORE_HR	PALB2	-0.99734	NOT_WT_LOST
SIM-01908	Benign	CORE_HR	BRCA2	-0.405811	NOT_WT_LOST
SIM-01909	Benign	CORE_HR	BARD1	0.359453	NOT_WT_LOST
SIM-01910	Benign	CORE_HR	PALB2	0.513588	NOT_WT_LOST
SIM-01911	Benign	CORE_HR	RAD51C	-0.860843	NOT_WT_LOST
SIM-01912	Benign	CORE_HR	BRCA2	-0.80414	WT_LOST
SIM-01913	Benign	CORE_HR	BARD1	-0.773028	NOT_WT_LOST
SIM-01914	Benign	CORE_HR	BRCA1	0.140838	WT_LOST
SIM-01915	Benign	CORE_HR	BRIP1	-1.26686	NOT_WT_LOST
SIM-01916	Benign	CORE_HR	BRCA1	-1.449707	NOT_WT_LOST
SIM-01917	Benign	CORE_HR	RAD54L	-1.133209	NOT_WT_LOST
SIM-01918	Benign	CORE_HR	BRCA2	-0.533001	NOT_WT_LOST
SIM-01919	Benign	CORE_HR	BRCA2	-0.775497	NOT_WT_LOST
SIM-01920	Benign	CORE_HR	BRCA2	-0.793066	NOT_WT_LOST
SIM-01921	Benign	CORE_HR	RAD54L	-2.311393	NOT_WT_LOST
SIM-01922	Benign	CORE_HR	RAD54L	-2.093562	NOT_WT_LOST
SIM-01923	Benign	CORE_HR	BARD1	-0.583505	NOT_WT_LOST
SIM-01924	Benign	CORE_HR	RAD51B	-0.584776	WT_LOST
SIM-01925	Benign	CORE_HR	BRCA1	-1.557091	NOT_WT_LOST
SIM-01926	Benign	CORE_HR	PALB2	-0.466924	NOT_WT_LOST
SIM-01927	Benign	CORE_HR	RAD51C	-1.203712	NOT_WT_LOST
SIM-01928	Benign	CORE_HR	BRCA2	-1.031028	NOT_WT_LOST
SIM-01929	Benign	CORE_HR	PALB2	0.684195	NOT_WT_LOST
SIM-01930	Benign	CORE_HR	BRIP1	-1.585425	NOT_WT_LOST
SIM-01931	Benign	CORE_HR	RAD51B	-0.143082	WT_LOST
SIM-01932	Benign	CORE_HR	BRIP1	-0.701761	NOT_WT_LOST
SIM-01933	Benign	CORE_HR	RAD51B	-2.782314	NOT_WT_LOST
SIM-01934	Benign	CORE_HR	RAD51B	-1.587306	NOT_WT_LOST
SIM-01935	Benign	CORE_HR	RAD51D	-1.748196	NOT_WT_LOST
SIM-01936	Benign	CORE_HR	PALB2	-1.087443	NOT_WT_LOST
SIM-01937	Benign	CORE_HR	BRIP1	0.127792	NOT_WT_LOST
SIM-01938	Benign	CORE_HR	BRCA1	-1.526991	NOT_WT_LOST
SIM-01939	Benign	CORE_HR	BRIP1	0.217817	WT_LOST
SIM-01940	Benign	CORE_HR	RAD54L	-0.563927	NOT_WT_LOST
SIM-01941	Benign	CORE_HR	BRIP1	-0.962594	NOT_WT_LOST
SIM-01942	Benign	CORE_HR	RAD54L	-1.240023	NOT_WT_LOST
SIM-01943	Benign	CORE_HR	BRIP1	0.378178	NOT_WT_LOST
SIM-01944	Benign	CORE_HR	BRIP1	-1.426873	NOT_WT_LOST
SIM-01945	Benign	CORE_HR	RAD54L	-0.497076	NOT_WT_LOST
SIM-01946	Benign	CORE_HR	BRCA2	-0.933401	NOT_WT_LOST
SIM-01947	Benign	CORE_HR	RAD51D	0.386206	NOT_WT_LOST
SIM-01948	Benign	CORE_HR	RAD51D	0.402564	WT_LOST
SIM-01949	Benign	CORE_HR	PALB2	-0.541253	NOT_WT_LOST
SIM-01950	Benign	CORE_HR	RAD51D	-2.810403	NOT_WT_LOST
SIM-01951	Benign	CORE_HR	BARD1	-0.045228	WT_LOST
SIM-01952	Benign	CORE_HR	BRCA1	-1.237634	NOT_WT_LOST
SIM-01953	Benign	CORE_HR	BRCA1	-2.18823	NOT_WT_LOST
SIM-01954	Benign	CORE_HR	BRCA1	-0.878759	WT_LOST
SIM-01955	Benign	CORE_HR	RAD51B	-0.842557	NOT_WT_LOST
SIM-01956	Benign	CORE_HR	PALB2	-0.33462	NOT_WT_LOST
SIM-01957	Benign	CORE_HR	BRIP1	-1.996655	NOT_WT_LOST
SIM-01958	Benign	CORE_HR	RAD51B	0.465674	WT_LOST
SIM-01959	Benign	CORE_HR	BARD1	-0.268132	NOT_WT_LOST
SIM-01960	Benign	CORE_HR	BRCA2	-3.610457	NOT_WT_LOST
SIM-01961	Benign	CORE_HR	BRCA1	-2.035217	NOT_WT_LOST
SIM-01962	Benign	CORE_HR	RAD51D	-2.387424	NOT_WT_LOST
SIM-01963	Benign	CORE_HR	RAD51C	-0.502166	NOT_WT_LOST
SIM-01964	Benign	CORE_HR	BARD1	0.273817	WT_LOST
SIM-01965	Benign	CORE_HR	BRCA2	-1.978058	NOT_WT_LOST
SIM-01966	Benign	CORE_HR	BRCA1	0.433466	WT_LOST
SIM-01967	Benign	CORE_HR	BARD1	-0.729866	NOT_WT_LOST
SIM-01968	Benign	CORE_HR	BRCA2	-1.121921	WT_LOST
SIM-01969	Benign	CORE_HR	BARD1	-2.355738	NOT_WT_LOST
SIM-01970	Benign	CORE_HR	PALB2	-1.573251	NOT_WT_LOST
SIM-01971	Benign	CORE_HR	BRIP1	-0.469866	NOT_WT_LOST
SIM-01972	Benign	CORE_HR	RAD51D	-0.769713	NOT_WT_LOST
SIM-01973	Benign	CORE_HR	BRCA1	-2.595875	NOT_WT_LOST
SIM-01974	Benign	CORE_HR	PALB2	-1.69021	NOT_WT_LOST
SIM-01975	Benign	CORE_HR	RAD51C	-1.040508	WT_LOST
SIM-01976	Benign	CORE_HR	BARD1	-1.316749	NOT_WT_LOST
SIM-01977	Benign	CORE_HR	BARD1	-2.141451	NOT_WT_LOST
SIM-01978	Benign	CORE_HR	RAD51B	-0.167813	NOT_WT_LOST
SIM-01979	Benign	CORE_HR	BRCA1	-1.008599	NOT_WT_LOST
SIM-01980	Benign	CORE_HR	RAD51B	-1.823414	NOT_WT_LOST
SIM-01981	Benign	CORE_HR	RAD51D	-1.179303	NOT_WT_LOST
SIM-01982	Benign	CORE_HR	PALB2	-1.202983	NOT_WT_LOST
SIM-01983	Benign	CORE_HR	BRCA1	-2.466609	NOT_WT_LOST
SIM-01984	Benign	CORE_HR	RAD51D	2.12984	WT_LOST
SIM-01985	Benign	CORE_HR	BARD1	-0.754425	NOT_WT_LOST
SIM-01986	Benign	CORE_HR	BARD1	-1.073502	NOT_WT_LOST
SIM-01987	Benign	CORE_HR	BARD1	-0.645378	NOT_WT_LOST
SIM-01988	Benign	CORE_HR	PALB2	-0.508765	WT_LOST
SIM-01989	Benign	CORE_HR	RAD51D	0.38496	WT_LOST
SIM-01990	Benign	CORE_HR	RAD51B	-1.235672	NOT_WT_LOST
SIM-01991	Benign	CORE_HR	RAD51B	0.11314	NOT_WT_LOST
SIM-01992	Benign	CORE_HR	BRIP1	-1.004858	NOT_WT_LOST
SIM-01993	Benign	CORE_HR	BRCA2	-0.860244	NOT_WT_LOST
SIM-01994	Benign	CORE_HR	BRCA2	-1.268779	NOT_WT_LOST
SIM-01995	Benign	CORE_HR	BRIP1	-1.215338	NOT_WT_LOST
SIM-01996	Benign	CORE_HR	RAD54L	-1.5041	NOT_WT_LOST
SIM-01997	Benign	CORE_HR	RAD51B	-0.097185	NOT_WT_LOST
SIM-01998	Benign	CORE_HR	RAD51B	0.243119	NOT_WT_LOST
SIM-01999	Benign	CORE_HR	BRIP1	-1.225526	NOT_WT_LOST
SIM-02000	Benign	CORE_HR	BRCA2	-1.008649	NOT_WT_LOST
SIM-02001	Benign	CORE_HR	BRCA2	-1.010915	NOT_WT_LOST
SIM-02002	Benign	CORE_HR	RAD51D	0.75144	WT_LOST
SIM-02003	Benign	CORE_HR	RAD51C	-0.309596	NOT_WT_LOST
SIM-02004	Benign	CORE_HR	RAD51B	-1.678097	NOT_WT_LOST
SIM-02005	Benign	CORE_HR	RAD54L	-0.438804	NOT_WT_LOST
SIM-02006	Benign	CORE_HR	BRCA1	-0.138967	WT_LOST
SIM-02007	Benign	CORE_HR	RAD51D	-1.017913	NOT_WT_LOST
SIM-02008	Benign	CORE_HR	BRIP1	-1.344261	NOT_WT_LOST
SIM-02009	Benign	CORE_HR	RAD54L	-0.9311	NOT_WT_LOST
SIM-02010	Benign	CORE_HR	RAD51C	-1.301922	WT_LOST
SIM-02011	Benign	CORE_HR	PALB2	-1.276114	NOT_WT_LOST
SIM-02012	Benign	CORE_HR	RAD51C	-0.398437	NOT_WT_LOST
SIM-02013	Benign	CORE_HR	RAD51B	-2.831151	NOT_WT_LOST
SIM-02014	Benign	CORE_HR	BRCA1	-1.641831	WT_LOST
SIM-02015	Benign	CORE_HR	RAD51B	-2.224592	NOT_WT_LOST
SIM-02016	Benign	CORE_HR	RAD51B	-2.318714	NOT_WT_LOST
SIM-02017	Benign	CORE_HR	RAD51C	-1.251323	NOT_WT_LOST
SIM-02018	Benign	CORE_HR	RAD51C	1.067684	NOT_WT_LOST
SIM-02019	Benign	CORE_HR	RAD51D	-1.214301	NOT_WT_LOST
SIM-02020	Benign	CORE_HR	BRIP1	-0.511988	NOT_WT_LOST
SIM-02021	Benign	CORE_HR	BARD1	-2.208858	NOT_WT_LOST
SIM-02022	Benign	CORE_HR	RAD51C	-0.305322	NOT_WT_LOST
SIM-02023	Benign	CORE_HR	RAD54L	-1.288914	WT_LOST
SIM-02024	Benign	CORE_HR	RAD51C	-0.976891	NOT_WT_LOST
SIM-02025	Benign	CORE_HR	BRCA2	1.778931	WT_LOST
SIM-02026	Benign	CORE_HR	BARD1	-0.764023	WT_LOST
SIM-02027	Benign	CORE_HR	BRCA2	-1.106691	NOT_WT_LOST
SIM-02028	Benign	CORE_HR	BARD1	-1.046927	NOT_WT_LOST
SIM-02029	Benign	CORE_HR	RAD51B	-1.78454	NOT_WT_LOST
SIM-02030	Benign	CORE_HR	RAD54L	-2.701459	NOT_WT_LOST
SIM-02031	Benign	CORE_HR	BRCA2	-2.328871	NOT_WT_LOST
SIM-02032	Benign	CORE_HR	RAD51B	-1.431731	NOT_WT_LOST
SIM-02033	Benign	CORE_HR	PALB2	-0.49084	NOT_WT_LOST
SIM-02034	Benign	CORE_HR	RAD51D	-1.809145	NOT_WT_LOST
SIM-02035	Benign	CORE_HR	RAD51D	-1.5551	NOT_WT_LOST
SIM-02036	Benign	CORE_HR	RAD54L	-0.569908	NOT_WT_LOST
SIM-02037	Benign	CORE_HR	PALB2	-0.34998	NOT_WT_LOST
SIM-02038	Benign	CORE_HR	BRCA2	-0.147302	NOT_WT_LOST
SIM-02039	Benign	CORE_HR	RAD51D	0.158685	NOT_WT_LOST
SIM-02040	Benign	CORE_HR	PALB2	-1.592	NOT_WT_LOST
SIM-02041	Benign	CORE_HR	BRCA2	-1.50674	NOT_WT_LOST
SIM-02042	Benign	CORE_HR	PALB2	-0.992572	NOT_WT_LOST
SIM-02043	Benign	CORE_HR	BRIP1	-1.50957	NOT_WT_LOST
SIM-02044	Benign	CORE_HR	BRCA2	-0.036049	NOT_WT_LOST
SIM-02045	Benign	CORE_HR	RAD54L	-1.934509	NOT_WT_LOST
SIM-02046	Benign	CORE_HR	PALB2	-0.455051	NOT_WT_LOST
SIM-02047	Benign	CORE_HR	RAD51C	-0.336881	WT_LOST
SIM-02048	Benign	CORE_HR	RAD51C	-1.053726	NOT_WT_LOST
SIM-02049	Benign	CORE_HR	BRCA2	0.31055	NOT_WT_LOST
SIM-02050	Benign	CORE_HR	RAD54L	-1.728581	NOT_WT_LOST
SIM-02051	Benign	CORE_HR	BARD1	-0.764081	WT_LOST
SIM-02052	Benign	CORE_HR	BRCA2	0.683105	NOT_WT_LOST
SIM-02053	Benign	CORE_HR	BRIP1	-1.488086	NOT_WT_LOST
SIM-02054	Benign	CORE_HR	RAD54L	-1.238204	NOT_WT_LOST
SIM-02055	Benign	CORE_HR	RAD51B	-1.399236	NOT_WT_LOST
SIM-02056	Benign	CORE_HR	PALB2	0.276964	WT_LOST
SIM-02057	Benign	CORE_HR	RAD54L	0.951532	NOT_WT_LOST
SIM-02058	Benign	CORE_HR	RAD51C	-1.232687	NOT_WT_LOST
SIM-02059	Benign	CORE_HR	RAD54L	-0.284381	NOT_WT_LOST
SIM-02060	Benign	CORE_HR	RAD54L	-0.640011	NOT_WT_LOST
SIM-02061	Benign	CORE_HR	PALB2	-0.029209	NOT_WT_LOST
SIM-02062	Benign	CORE_HR	BRCA2	-1.498835	NOT_WT_LOST
SIM-02063	Benign	CORE_HR	PALB2	-1.31048	NOT_WT_LOST
SIM-02064	Benign	CORE_HR	PALB2	-0.280784	WT_LOST
SIM-02065	Benign	CORE_HR	RAD51C	-0.88534	NOT_WT_LOST
SIM-02066	Benign	CORE_HR	BARD1	-0.005629	NOT_WT_LOST
SIM-02067	Benign	CORE_HR	BRIP1	-0.571231	WT_LOST
SIM-02068	Benign	CORE_HR	RAD51D	-1.120432	NOT_WT_LOST
SIM-02069	Benign	CORE_HR	BRCA1	-0.808043	NOT_WT_LOST
SIM-02070	Benign	CORE_HR	RAD51D	-2.513909	NOT_WT_LOST
SIM-02071	Benign	CORE_HR	RAD51B	-1.284409	NOT_WT_LOST
SIM-02072	Benign	CORE_HR	PALB2	-1.762286	NOT_WT_LOST
SIM-02073	Benign	CORE_HR	RAD51C	1.273787	WT_LOST
SIM-02074	Benign	CORE_HR	BRIP1	-1.9839	NOT_WT_LOST
SIM-02075	Benign	CORE_HR	RAD51B	-1.41301	NOT_WT_LOST
SIM-02076	Benign	CORE_HR	BRCA1	0.402845	NOT_WT_LOST
SIM-02077	Benign	CORE_HR	RAD54L	0.10138	NOT_WT_LOST
SIM-02078	Benign	CORE_HR	RAD51C	-1.192482	NOT_WT_LOST
SIM-02079	Benign	CORE_HR	RAD51B	-1.539233	NOT_WT_LOST
SIM-02080	Benign	CORE_HR	RAD51C	-0.897745	NOT_WT_LOST
SIM-02081	Benign	CORE_HR	RAD51C	-0.49095	NOT_WT_LOST
SIM-02082	Benign	CORE_HR	BRCA2	-1.698002	NOT_WT_LOST
SIM-02083	Benign	CORE_HR	BRCA2	-2.065105	NOT_WT_LOST
SIM-02084	Benign	CORE_HR	PALB2	-0.810999	WT_LOST
SIM-02085	Benign	CORE_HR	BRCA1	-1.377568	NOT_WT_LOST
SIM-02086	Benign	CORE_HR	RAD54L	-2.293584	NOT_WT_LOST
SIM-02087	Benign	CORE_HR	RAD51B	-1.602051	NOT_WT_LOST
SIM-02088	Benign	CORE_HR	BRCA2	-1.86616	NOT_WT_LOST
SIM-02089	Benign	CORE_HR	RAD51C	-1.521422	NOT_WT_LOST
SIM-02090	Benign	CORE_HR	RAD51B	-1.877689	NOT_WT_LOST
SIM-02091	Benign	CORE_HR	RAD51D	-0.925243	NOT_WT_LOST
SIM-02092	Benign	CORE_HR	BARD1	-1.635849	NOT_WT_LOST
SIM-02093	Benign	CORE_HR	RAD51D	-2.730054	NOT_WT_LOST
SIM-02094	Benign	CORE_HR	BARD1	0.892163	WT_LOST
SIM-02095	Benign	CORE_HR	PALB2	-0.946116	NOT_WT_LOST
SIM-02096	Benign	CORE_HR	BRIP1	-0.177867	NOT_WT_LOST
SIM-02097	Benign	CORE_HR	RAD51C	-1.530869	NOT_WT_LOST
SIM-02098	Benign	CORE_HR	RAD51B	3.586166	WT_LOST
SIM-02099	Benign	CORE_HR	RAD54L	-2.00276	NOT_WT_LOST
SIM-02100	Benign	CORE_HR	PALB2	-0.53039	NOT_WT_LOST
SIM-02101	Benign	CORE_HR	PALB2	-1.782966	NOT_WT_LOST
SIM-02102	Benign	CORE_HR	BARD1	0.313512	NOT_WT_LOST
SIM-02103	Benign	CORE_HR	BRCA1	-0.398112	NOT_WT_LOST
SIM-02104	Benign	CORE_HR	BRCA2	-0.808663	WT_LOST
SIM-02105	Benign	CORE_HR	BRCA2	-0.712394	NOT_WT_LOST
SIM-02106	Benign	CORE_HR	PALB2	-0.696645	NOT_WT_LOST
SIM-02107	Benign	CORE_HR	RAD51D	0.242627	WT_LOST
SIM-02108	Benign	CORE_HR	PALB2	-2.179561	NOT_WT_LOST
SIM-02109	Benign	CORE_HR	BRCA2	-0.893582	NOT_WT_LOST
SIM-02110	Benign	CORE_HR	RAD51D	-1.359074	NOT_WT_LOST
SIM-02111	Benign	CORE_HR	RAD51B	-1.627498	NOT_WT_LOST
SIM-02112	Benign	CORE_HR	RAD54L	-1.989238	NOT_WT_LOST
SIM-02113	Benign	CORE_HR	RAD51B	-0.344965	NOT_WT_LOST
SIM-02114	Benign	CORE_HR	BARD1	0.052212	NOT_WT_LOST
SIM-02115	Benign	CORE_HR	BRIP1	-1.901056	NOT_WT_LOST
SIM-02116	Benign	CORE_HR	RAD51D	-0.580566	NOT_WT_LOST
SIM-02117	Benign	CORE_HR	PALB2	-1.83279	NOT_WT_LOST
SIM-02118	Benign	CORE_HR	BRIP1	0.635947	WT_LOST
SIM-02119	Benign	CORE_HR	RAD51D	-0.386033	NOT_WT_LOST
SIM-02120	Benign	CORE_HR	PALB2	-0.729154	NOT_WT_LOST
SIM-02121	Benign	CORE_HR	RAD51B	-2.13925	NOT_WT_LOST
SIM-02122	Benign	CORE_HR	BARD1	-3.067101	NOT_WT_LOST
SIM-02123	Benign	CORE_HR	RAD54L	-1.669932	NOT_WT_LOST
SIM-02124	Benign	CORE_HR	RAD51B	-0.960461	NOT_WT_LOST
SIM-02125	Benign	CORE_HR	BRCA1	-1.750355	NOT_WT_LOST
SIM-02126	Benign	CORE_HR	PALB2	-1.709453	NOT_WT_LOST
SIM-02127	Benign	CORE_HR	RAD51D	-1.632331	NOT_WT_LOST
SIM-02128	Benign	CORE_HR	BARD1	-1.8332	NOT_WT_LOST
SIM-02129	Benign	CORE_HR	PALB2	-0.333324	WT_LOST
SIM-02130	Benign	CORE_HR	RAD51C	-1.820978	NOT_WT_LOST
SIM-02131	Benign	CORE_HR	RAD51D	-1.066049	NOT_WT_LOST
SIM-02132	Benign	CORE_HR	BRIP1	-1.154654	NOT_WT_LOST
SIM-02133	Benign	CORE_HR	PALB2	-0.295933	NOT_WT_LOST
SIM-02134	Benign	CORE_HR	BARD1	-1.97481	NOT_WT_LOST
SIM-02135	Benign	CORE_HR	BRIP1	-0.777853	NOT_WT_LOST
SIM-02136	Benign	CORE_HR	BARD1	-0.376985	WT_LOST
SIM-02137	Benign	CORE_HR	RAD51B	1.444707	NOT_WT_LOST
SIM-02138	Benign	CORE_HR	BRIP1	-1.875638	NOT_WT_LOST
SIM-02139	Benign	CORE_HR	RAD54L	0.133371	NOT_WT_LOST
SIM-02140	Benign	CORE_HR	RAD54L	-0.54825	NOT_WT_LOST
SIM-02141	Benign	CORE_HR	RAD51D	-0.496275	NOT_WT_LOST
SIM-02142	Benign	CORE_HR	RAD54L	-0.75157	NOT_WT_LOST
SIM-02143	Benign	CORE_HR	BRIP1	0.345317	NOT_WT_LOST
SIM-02144	Benign	CORE_HR	BRCA1	-1.401968	NOT_WT_LOST
SIM-02145	Benign	CORE_HR	RAD51C	-0.794822	NOT_WT_LOST
SIM-02146	Benign	CORE_HR	RAD51C	-1.065701	NOT_WT_LOST
SIM-02147	Benign	CORE_HR	RAD51D	-2.879166	NOT_WT_LOST
SIM-02148	Benign	CORE_HR	BRIP1	-2.726535	NOT_WT_LOST
SIM-02149	Benign	CORE_HR	RAD51D	-1.082931	NOT_WT_LOST
SIM-02150	Benign	CORE_HR	RAD54L	0.699798	WT_LOST
SIM-02151	Benign	CORE_HR	RAD51C	-0.64926	NOT_WT_LOST
SIM-02152	Benign	CORE_HR	RAD51C	-0.255573	NOT_WT_LOST
SIM-02153	Benign	CORE_HR	BARD1	-1.648942	NOT_WT_LOST
SIM-02154	Benign	CORE_HR	RAD54L	-1.052382	NOT_WT_LOST
SIM-02155	Benign	CORE_HR	BRCA1	-2.167492	NOT_WT_LOST
SIM-02156	Benign	CORE_HR	RAD54L	-2.752174	NOT_WT_LOST
SIM-02157	Benign	CORE_HR	RAD54L	-1.846307	NOT_WT_LOST
SIM-02158	Benign	CORE_HR	RAD51C	-3.109207	NOT_WT_LOST
SIM-02159	Benign	CORE_HR	RAD51B	-1.317649	NOT_WT_LOST
SIM-02160	Benign	CORE_HR	BRIP1	-0.108711	WT_LOST
SIM-02161	Benign	CORE_HR	RAD51C	-0.318421	WT_LOST
SIM-02162	Benign	CORE_HR	RAD51D	0.109587	WT_LOST
SIM-02163	Benign	CORE_HR	RAD51B	-0.38371	NOT_WT_LOST
SIM-02164	Benign	CORE_HR	RAD54L	-0.946434	NOT_WT_LOST
SIM-02165	Benign	CORE_HR	BRIP1	-1.578329	NOT_WT_LOST
SIM-02166	Benign	CORE_HR	RAD51B	-3.111951	NOT_WT_LOST
SIM-02167	Benign	CORE_HR	PALB2	-0.640517	NOT_WT_LOST
SIM-02168	Benign	CORE_HR	BARD1	0.049463	WT_LOST
SIM-02169	Benign	CORE_HR	RAD51D	-0.161448	NOT_WT_LOST
SIM-02170	Benign	CORE_HR	RAD51D	0.284896	NOT_WT_LOST
SIM-02171	Benign	CORE_HR	RAD51D	-1.708275	NOT_WT_LOST
SIM-02172	Benign	CORE_HR	RAD54L	-1.279597	NOT_WT_LOST
SIM-02173	Benign	CORE_HR	PALB2	-0.758085	NOT_WT_LOST
SIM-02174	Benign	CORE_HR	RAD54L	-0.957486	NOT_WT_LOST
SIM-02175	Benign	CORE_HR	BRIP1	0.867953	NOT_WT_LOST
SIM-02176	Benign	CORE_HR	RAD51C	-0.42986	NOT_WT_LOST
SIM-02177	Benign	CORE_HR	BRIP1	-0.122043	NOT_WT_LOST
SIM-02178	Benign	CORE_HR	RAD51D	-0.799541	NOT_WT_LOST
SIM-02179	Benign	CORE_HR	RAD54L	-0.394095	WT_LOST
SIM-02180	Benign	CORE_HR	BRIP1	-0.815247	NOT_WT_LOST
SIM-02181	Benign	CORE_HR	RAD51D	-2.336477	NOT_WT_LOST
SIM-02182	Benign	CORE_HR	RAD51D	-0.34905	NOT_WT_LOST
SIM-02183	Benign	CORE_HR	PALB2	0.45948	NOT_WT_LOST
SIM-02184	Benign	CORE_HR	BRCA2	-0.081157	WT_LOST
SIM-02185	Benign	CORE_HR	BRCA2	-1.654189	NOT_WT_LOST
SIM-02186	Benign	CORE_HR	BRCA2	-1.290312	NOT_WT_LOST
SIM-02187	Benign	CORE_HR	BRCA1	0.061551	WT_LOST
SIM-02188	Benign	CORE_HR	RAD51C	0.592302	NOT_WT_LOST
SIM-02189	Benign	CORE_HR	BRCA2	-0.333533	NOT_WT_LOST
SIM-02190	Benign	CORE_HR	PALB2	-1.55551	NOT_WT_LOST
SIM-02191	Benign	CORE_HR	PALB2	-1.068054	NOT_WT_LOST
SIM-02192	Benign	CORE_HR	BRCA1	-1.214687	NOT_WT_LOST
SIM-02193	Benign	CORE_HR	PALB2	0.06823	WT_LOST
SIM-02194	Benign	CORE_HR	RAD51B	1.058521	WT_LOST
SIM-02195	Benign	CORE_HR	RAD51C	-1.713618	NOT_WT_LOST
SIM-02196	Benign	CORE_HR	BARD1	-2.909194	NOT_WT_LOST
SIM-02197	Benign	CORE_HR	BRIP1	-0.95061	NOT_WT_LOST
SIM-02198	Benign	CORE_HR	PALB2	-0.594004	NOT_WT_LOST
SIM-02199	Benign	CORE_HR	RAD51C	-1.052366	NOT_WT_LOST
SIM-02200	Benign	CORE_HR	BRIP1	-1.212722	NOT_WT_LOST
SIM-02201	Benign	CORE_HR	RAD51B	0.329219	NOT_WT_LOST
SIM-02202	Benign	CORE_HR	BRIP1	-1.496193	NOT_WT_LOST
SIM-02203	Benign	CORE_HR	BARD1	-0.133939	WT_LOST
SIM-02204	Benign	CORE_HR	BRCA2	-2.30128	NOT_WT_LOST
SIM-02205	Benign	CORE_HR	RAD51D	-0.379104	WT_LOST
SIM-02206	Benign	CORE_HR	RAD54L	-2.320738	NOT_WT_LOST
SIM-02207	Benign	CORE_HR	RAD54L	0.436519	WT_LOST
SIM-02208	Benign	CORE_HR	BRIP1	-0.689188	NOT_WT_LOST
SIM-02209	Benign	CORE_HR	BARD1	-1.144729	NOT_WT_LOST
SIM-02210	Benign	CORE_HR	RAD51B	-0.890239	NOT_WT_LOST
SIM-02211	Benign	CORE_HR	BRCA1	-0.72748	NOT_WT_LOST
SIM-02212	Benign	CORE_HR	RAD54L	0.430949	NOT_WT_LOST
SIM-02213	Benign	CORE_HR	RAD51C	-0.558411	NOT_WT_LOST
SIM-02214	Benign	CORE_HR	PALB2	-1.013503	NOT_WT_LOST
SIM-02215	Benign	CORE_HR	RAD54L	0.212408	WT_LOST
SIM-02216	Benign	CORE_HR	RAD54L	0.501573	WT_LOST
SIM-02217	Benign	CORE_HR	RAD54L	-0.134028	WT_LOST
SIM-02218	Benign	CORE_HR	BRCA1	-1.662672	NOT_WT_LOST
SIM-02219	Benign	CORE_HR	RAD51B	-0.789936	NOT_WT_LOST
SIM-02220	Benign	CORE_HR	PALB2	0.150201	WT_LOST
SIM-02221	Benign	CORE_HR	PALB2	-0.56701	NOT_WT_LOST
SIM-02222	Benign	CORE_HR	BRCA2	-0.653477	NOT_WT_LOST
SIM-02223	Benign	CORE_HR	RAD51C	-1.647686	NOT_WT_LOST
SIM-02224	Benign	CORE_HR	RAD54L	-1.622158	NOT_WT_LOST
SIM-02225	Benign	CORE_HR	RAD54L	-2.505963	NOT_WT_LOST
SIM-02226	Benign	CORE_HR	RAD51D	-1.875826	NOT_WT_LOST
SIM-02227	Benign	CORE_HR	RAD51C	-0.100684	NOT_WT_LOST
SIM-02228	Benign	CORE_HR	BARD1	-0.988872	NOT_WT_LOST
SIM-02229	Benign	CORE_HR	BRIP1	-0.124604	NOT_WT_LOST
SIM-02230	Benign	CORE_HR	BRCA2	-0.977321	NOT_WT_LOST
SIM-02231	Benign	CORE_HR	RAD51B	-0.405388	WT_LOST
SIM-02232	Benign	CORE_HR	BRCA2	-0.79512	NOT_WT_LOST
SIM-02233	Benign	CORE_HR	BARD1	-0.749617	NOT_WT_LOST
SIM-02234	Benign	CORE_HR	RAD51D	-0.040665	NOT_WT_LOST
SIM-02235	Benign	CORE_HR	RAD54L	-2.02521	NOT_WT_LOST
SIM-02236	Benign	CORE_HR	BRCA2	-1.198679	NOT_WT_LOST
SIM-02237	Benign	CORE_HR	BRIP1	0.382218	NOT_WT_LOST
SIM-02238	Benign	CORE_HR	BRIP1	-1.329217	NOT_WT_LOST
SIM-02239	Benign	CORE_HR	RAD51C	0.38861	WT_LOST
SIM-02240	Benign	CORE_HR	RAD51B	-0.334686	WT_LOST
SIM-02241	Benign	CORE_HR	RAD51B	-0.579964	NOT_WT_LOST
SIM-02242	Benign	CORE_HR	BRCA1	-0.99681	NOT_WT_LOST
SIM-02243	Benign	CORE_HR	PALB2	-0.467506	NOT_WT_LOST
SIM-02244	Benign	CORE_HR	RAD51B	-1.923077	NOT_WT_LOST
SIM-02245	Benign	CORE_HR	RAD51B	-1.111131	NOT_WT_LOST
SIM-02246	Benign	CORE_HR	RAD51B	-1.200755	NOT_WT_LOST
SIM-02247	Benign	CORE_HR	RAD51B	-0.693924	WT_LOST
SIM-02248	Benign	CORE_HR	PALB2	-0.530884	NOT_WT_LOST
SIM-02249	Benign	CORE_HR	RAD51C	0.07946	NOT_WT_LOST
SIM-02250	Benign	CORE_HR	RAD54L	-1.682945	NOT_WT_LOST
SIM-02251	Benign	CORE_HR	RAD51C	-0.875425	NOT_WT_LOST
SIM-02252	Benign	CORE_HR	RAD54L	-1.209041	NOT_WT_LOST
SIM-02253	Benign	CORE_HR	RAD51C	-0.114918	NOT_WT_LOST
SIM-02254	Benign	CORE_HR	BRCA1	-2.97442	NOT_WT_LOST
SIM-02255	Benign	CORE_HR	RAD51D	-1.523652	WT_LOST
SIM-02256	Benign	CORE_HR	RAD51D	-0.868536	NOT_WT_LOST
SIM-02257	Benign	CORE_HR	RAD51C	-0.707127	WT_LOST
SIM-02258	Benign	CORE_HR	BRIP1	-0.233661	NOT_WT_LOST
SIM-02259	Benign	CORE_HR	PALB2	-0.713579	NOT_WT_LOST
SIM-02260	Benign	CORE_HR	BARD1	-0.934178	WT_LOST
SIM-02261	Benign	CORE_HR	BARD1	-1.440505	NOT_WT_LOST
SIM-02262	Benign	CORE_HR	BRCA1	-1.311316	WT_LOST
SIM-02263	Benign	CORE_HR	PALB2	-1.479652	NOT_WT_LOST
SIM-02264	Benign	CORE_HR	RAD54L	-0.307432	WT_LOST
SIM-02265	Benign	CORE_HR	RAD51D	-2.576488	NOT_WT_LOST
SIM-02266	Benign	CORE_HR	RAD54L	-0.624071	NOT_WT_LOST
SIM-02267	Benign	CORE_HR	BRCA2	-1.689378	NOT_WT_LOST
SIM-02268	Benign	CORE_HR	BARD1	-0.630242	WT_LOST
SIM-02269	Benign	CORE_HR	RAD51D	-0.7846	WT_LOST
SIM-02270	Benign	CORE_HR	BARD1	-1.087779	NOT_WT_LOST
SIM-02271	Benign	CORE_HR	RAD51D	-1.757544	NOT_WT_LOST
SIM-02272	Benign	CORE_HR	RAD51C	0.19019	NOT_WT_LOST
SIM-02273	Benign	CORE_HR	BARD1	-0.442034	NOT_WT_LOST
SIM-02274	Benign	CORE_HR	PALB2	-0.226924	NOT_WT_LOST
SIM-02275	Benign	CORE_HR	RAD51D	-0.306033	NOT_WT_LOST
SIM-02276	Benign	CORE_HR	RAD51C	-1.838521	NOT_WT_LOST
SIM-02277	Benign	CORE_HR	RAD51C	-1.14232	NOT_WT_LOST
SIM-02278	Benign	CORE_HR	RAD51D	-0.485848	NOT_WT_LOST
SIM-02279	Benign	CORE_HR	BRIP1	-1.012153	NOT_WT_LOST
SIM-02280	Benign	CORE_HR	RAD51D	-1.733063	NOT_WT_LOST
SIM-02281	Benign	CORE_HR	RAD51C	-1.331135	NOT_WT_LOST
SIM-02282	Benign	CORE_HR	BARD1	-2.651295	NOT_WT_LOST
SIM-02283	Benign	CORE_HR	BRCA1	-0.85193	NOT_WT_LOST
SIM-02284	Benign	CORE_HR	RAD54L	-1.615847	NOT_WT_LOST
SIM-02285	Benign	CORE_HR	BRCA2	-2.194476	NOT_WT_LOST
SIM-02286	Benign	CORE_HR	RAD51B	-2.011742	NOT_WT_LOST
SIM-02287	Benign	CORE_HR	RAD51B	-0.438004	NOT_WT_LOST
SIM-02288	Benign	CORE_HR	RAD54L	-1.412917	NOT_WT_LOST
SIM-02289	Benign	CORE_HR	BARD1	-2.003457	NOT_WT_LOST
SIM-02290	Benign	CORE_HR	BRCA2	-0.987141	NOT_WT_LOST
SIM-02291	Benign	CORE_HR	BRIP1	-1.81114	NOT_WT_LOST
SIM-02292	Benign	CORE_HR	RAD51C	-0.444542	WT_LOST
SIM-02293	Benign	CORE_HR	RAD51B	-0.055683	WT_LOST
SIM-02294	Benign	CORE_HR	PALB2	-2.202914	NOT_WT_LOST
SIM-02295	Benign	CORE_HR	RAD51D	0.01196	NOT_WT_LOST
SIM-02296	Benign	CORE_HR	BRCA2	-0.765381	WT_LOST
SIM-02297	Benign	CORE_HR	RAD51B	-1.587824	NOT_WT_LOST
SIM-02298	Benign	CORE_HR	RAD51B	-0.731945	NOT_WT_LOST
SIM-02299	Benign	CORE_HR	RAD51B	0.713164	WT_LOST
SIM-02300	Benign	CORE_HR	BRCA2	-0.791709	NOT_WT_LOST
SIM-02301	Benign	CORE_HR	PALB2	-2.161522	NOT_WT_LOST
SIM-02302	Benign	CORE_HR	RAD51B	-2.803414	NOT_WT_LOST
SIM-02303	Benign	CORE_HR	RAD51C	-1.513744	NOT_WT_LOST
SIM-02304	Benign	CORE_HR	BARD1	-1.602859	NOT_WT_LOST
SIM-02305	Benign	CORE_HR	BRIP1	-2.894447	NOT_WT_LOST
SIM-02306	Benign	CORE_HR	RAD51D	-1.353246	NOT_WT_LOST
SIM-02307	Benign	CORE_HR	RAD51B	1.472515	WT_LOST
SIM-02308	Benign	CORE_HR	BRCA2	-0.683003	WT_LOST
SIM-02309	Benign	CORE_HR	BARD1	-0.349707	NOT_WT_LOST
SIM-02310	Benign	CORE_HR	RAD51D	0.11241	WT_LOST
SIM-02311	Benign	CORE_HR	PALB2	-1.047791	NOT_WT_LOST
SIM-02312	Benign	CORE_HR	RAD54L	-3.954471	NOT_WT_LOST
SIM-02313	Benign	CORE_HR	RAD51D	-0.904915	NOT_WT_LOST
SIM-02314	Benign	CORE_HR	RAD51D	0.055816	WT_LOST
SIM-02315	Benign	CORE_HR	RAD54L	-1.363731	NOT_WT_LOST
SIM-02316	Benign	CORE_HR	RAD51B	-1.103995	WT_LOST
SIM-02317	Benign	CORE_HR	RAD51D	-0.761738	NOT_WT_LOST
SIM-02318	Benign	CORE_HR	BRCA1	-1.667808	NOT_WT_LOST
SIM-02319	Benign	CORE_HR	RAD51D	-0.700333	NOT_WT_LOST
SIM-02320	Benign	CORE_HR	RAD51B	-0.666614	NOT_WT_LOST
SIM-02321	Benign	CORE_HR	PALB2	0.603091	WT_LOST
SIM-02322	Benign	CORE_HR	PALB2	-0.756643	NOT_WT_LOST
SIM-02323	Benign	CORE_HR	BARD1	-2.591227	NOT_WT_LOST
SIM-02324	Benign	CORE_HR	BRCA1	-2.526599	NOT_WT_LOST
SIM-02325	Benign	CORE_HR	RAD51D	-1.258832	NOT_WT_LOST
SIM-02326	Benign	CORE_HR	BRCA1	-1.137666	NOT_WT_LOST
SIM-02327	Benign	CORE_HR	BRCA1	0.281193	WT_LOST
SIM-02328	Benign	CORE_HR	BRCA1	-0.516954	NOT_WT_LOST
SIM-02329	Benign	CORE_HR	BRCA2	-1.044532	NOT_WT_LOST
SIM-02330	Benign	CORE_HR	RAD54L	-0.787892	NOT_WT_LOST
SIM-02331	Benign	CORE_HR	BRCA1	-0.64687	WT_LOST
SIM-02332	Benign	CORE_HR	BRCA2	-1.10484	WT_LOST
SIM-02333	Benign	CORE_HR	BARD1	-0.497624	NOT_WT_LOST
SIM-02334	Benign	CORE_HR	BRCA1	-2.794276	NOT_WT_LOST
SIM-02335	Benign	CORE_HR	PALB2	-0.485303	NOT_WT_LOST
SIM-02336	Benign	CORE_HR	RAD51C	-1.125922	NOT_WT_LOST
SIM-02337	Benign	CORE_HR	RAD51D	0.167664	NOT_WT_LOST
SIM-02338	Benign	CORE_HR	BRCA2	-1.319669	NOT_WT_LOST
SIM-02339	Benign	CORE_HR	BRIP1	-0.738224	NOT_WT_LOST
SIM-02340	Benign	CORE_HR	PALB2	-2.200324	NOT_WT_LOST
SIM-02341	Benign	CORE_HR	RAD51C	1.683112	WT_LOST
SIM-02342	Benign	CORE_HR	RAD54L	-1.699117	NOT_WT_LOST
SIM-02343	Benign	CORE_HR	BRIP1	-1.035848	NOT_WT_LOST
SIM-02344	Benign	CORE_HR	PALB2	-2.432699	NOT_WT_LOST
SIM-02345	Benign	CORE_HR	BRIP1	-1.617816	NOT_WT_LOST
SIM-02346	Benign	CORE_HR	RAD51B	-0.456395	NOT_WT_LOST
SIM-02347	Benign	CORE_HR	BARD1	-0.733279	NOT_WT_LOST
SIM-02348	Benign	CORE_HR	RAD54L	-0.652374	NOT_WT_LOST
SIM-02349	Benign	CORE_HR	BRIP1	-0.728347	NOT_WT_LOST
SIM-02350	Benign	CORE_HR	RAD51C	-0.550464	NOT_WT_LOST
SIM-02351	Benign	CORE_HR	RAD51C	-1.376557	NOT_WT_LOST
SIM-02352	Benign	CORE_HR	RAD51B	-1.603961	NOT_WT_LOST
SIM-02353	Benign	CORE_HR	BRCA1	1.948043	WT_LOST
SIM-02354	Benign	CORE_HR	BRCA2	-1.055916	NOT_WT_LOST
SIM-02355	Benign	CORE_HR	PALB2	-0.434666	WT_LOST
SIM-02356	Benign	CORE_HR	BRCA2	-1.298589	NOT_WT_LOST
SIM-02357	Benign	CORE_HR	RAD51D	-0.191521	NOT_WT_LOST
SIM-02358	Benign	CORE_HR	RAD51D	-1.387692	NOT_WT_LOST
SIM-02359	Benign	CORE_HR	RAD51D	-0.201913	NOT_WT_LOST
SIM-02360	Benign	CORE_HR	RAD51D	-2.403756	NOT_WT_LOST
SIM-02361	Benign	CORE_HR	RAD54L	-1.760936	NOT_WT_LOST
SIM-02362	Benign	CORE_HR	RAD54L	0.108269	WT_LOST
SIM-02363	Benign	CORE_HR	RAD54L	0.724344	WT_LOST
SIM-02364	Benign	CORE_HR	BARD1	-1.755729	NOT_WT_LOST
SIM-02365	Benign	CORE_HR	BRCA1	-0.608456	NOT_WT_LOST
SIM-02366	Benign	CORE_HR	PALB2	-0.256013	NOT_WT_LOST
SIM-02367	Benign	CORE_HR	RAD51D	-1.893787	NOT_WT_LOST
SIM-02368	Benign	CORE_HR	BRCA2	-3.495956	NOT_WT_LOST
SIM-02369	Benign	CORE_HR	BRIP1	-0.923499	WT_LOST
SIM-02370	Benign	CORE_HR	RAD51C	-1.639213	NOT_WT_LOST
SIM-02371	Benign	CORE_HR	RAD51D	0.750544	WT_LOST
SIM-02372	Benign	CORE_HR	PALB2	-1.556033	NOT_WT_LOST
SIM-02373	Benign	CORE_HR	BRCA1	-2.039237	NOT_WT_LOST
SIM-02374	Benign	CORE_HR	RAD51C	0.383992	NOT_WT_LOST
SIM-02375	Benign	CORE_HR	BRCA2	-0.400947	NOT_WT_LOST
SIM-02376	Benign	CORE_HR	BRCA1	-1.028463	NOT_WT_LOST
SIM-02377	Benign	CORE_HR	RAD51B	-1.163871	NOT_WT_LOST
SIM-02378	Benign	CORE_HR	RAD54L	0.191514	WT_LOST
SIM-02379	Benign	CORE_HR	RAD51C	-2.248265	NOT_WT_LOST
SIM-02380	Benign	CORE_HR	BARD1	-1.852514	NOT_WT_LOST
SIM-02381	Benign	CORE_HR	RAD51C	-3.581655	NOT_WT_LOST
SIM-02382	Benign	CORE_HR	BRIP1	-2.465471	NOT_WT_LOST
SIM-02383	Benign	CORE_HR	BRCA2	-0.279729	NOT_WT_LOST
SIM-02384	Benign	CORE_HR	RAD51B	0.462816	NOT_WT_LOST
SIM-02385	Benign	CORE_HR	RAD51D	0.94604	NOT_WT_LOST
SIM-02386	Benign	CORE_HR	BRIP1	-1.738825	NOT_WT_LOST
SIM-02387	Benign	CORE_HR	RAD54L	-2.405291	NOT_WT_LOST
SIM-02388	Benign	CORE_HR	RAD51C	-1.688905	NOT_WT_LOST
SIM-02389	Benign	CORE_HR	BARD1	-0.076449	WT_LOST
SIM-02390	Benign	CORE_HR	BRIP1	-1.395116	NOT_WT_LOST
SIM-02391	Benign	CORE_HR	BRCA1	-0.919128	NOT_WT_LOST
SIM-02392	Benign	CORE_HR	BARD1	0.144865	NOT_WT_LOST
SIM-02393	Benign	CORE_HR	BRIP1	-2.165547	NOT_WT_LOST
SIM-02394	Benign	CORE_HR	BRCA2	-1.714948	NOT_WT_LOST
SIM-02395	Benign	CORE_HR	RAD51B	-0.617942	NOT_WT_LOST
SIM-02396	Benign	CORE_HR	RAD54L	-0.702273	WT_LOST
SIM-02397	Benign	CORE_HR	BRCA2	-0.999831	NOT_WT_LOST
SIM-02398	Benign	CORE_HR	BRIP1	-0.787694	NOT_WT_LOST
SIM-02399	Benign	CORE_HR	BRCA2	-0.739738	NOT_WT_LOST
SIM-02400	Benign	CORE_HR	RAD51B	-1.10195	NOT_WT_LOST
SIM-02401	Benign	CORE_HR	RAD51D	-0.344028	WT_LOST
SIM-02402	Benign	CORE_HR	RAD51C	-0.047908	NOT_WT_LOST
SIM-02403	Benign	CORE_HR	BRCA2	-0.154823	WT_LOST
SIM-02404	Benign	CORE_HR	BRCA1	-0.497257	NOT_WT_LOST
SIM-02405	Benign	CORE_HR	RAD54L	-0.658197	NOT_WT_LOST
SIM-02406	Benign	CORE_HR	BRCA2	-2.640652	NOT_WT_LOST
SIM-02407	Benign	CORE_HR	BRCA2	-0.900049	NOT_WT_LOST
SIM-02408	Benign	CORE_HR	PALB2	0.452306	WT_LOST
SIM-02409	Benign	CORE_HR	RAD51D	-1.850717	WT_LOST
SIM-02410	Benign	CORE_HR	RAD51C	-1.223646	NOT_WT_LOST
SIM-02411	Benign	CORE_HR	RAD54L	-2.560405	NOT_WT_LOST
SIM-02412	Benign	CORE_HR	BRIP1	-1.61941	NOT_WT_LOST
SIM-02413	Benign	CORE_HR	RAD51D	-1.269896	NOT_WT_LOST
SIM-02414	Benign	CORE_HR	RAD54L	-2.988907	NOT_WT_LOST
SIM-02415	Benign	CORE_HR	RAD51B	1.455974	WT_LOST
SIM-02416	Benign	CORE_HR	RAD51B	-0.659405	NOT_WT_LOST
SIM-02417	Benign	CORE_HR	RAD54L	0.088821	WT_LOST
SIM-02418	Benign	CORE_HR	RAD51D	-1.130327	NOT_WT_LOST
SIM-02419	Benign	CORE_HR	RAD51C	0.904768	WT_LOST
SIM-02420	Benign	CORE_HR	PALB2	-2.414976	NOT_WT_LOST
SIM-02421	Benign	CORE_HR	BRCA1	-1.486786	NOT_WT_LOST
SIM-02422	Benign	CORE_HR	BRCA2	0.742681	WT_LOST
SIM-02423	Benign	CORE_HR	BRIP1	-2.173467	NOT_WT_LOST
SIM-02424	Benign	CORE_HR	RAD51C	0.374604	WT_LOST
SIM-02425	Benign	CORE_HR	RAD51C	-0.404667	NOT_WT_LOST
SIM-02426	Benign	CORE_HR	BRIP1	-1.558502	NOT_WT_LOST
SIM-02427	Benign	CORE_HR	BRCA2	-1.794727	NOT_WT_LOST
SIM-02428	Benign	CORE_HR	RAD51D	-2.633328	NOT_WT_LOST
SIM-02429	Benign	CORE_HR	BRCA1	-0.598364	NOT_WT_LOST
SIM-02430	Benign	CORE_HR	BARD1	0.200521	NOT_WT_LOST
SIM-02431	Benign	CORE_HR	RAD51B	-0.70896	NOT_WT_LOST
SIM-02432	Benign	CORE_HR	BRIP1	0.577	NOT_WT_LOST
SIM-02433	Benign	CORE_HR	RAD51D	-0.673367	NOT_WT_LOST
SIM-02434	Benign	CORE_HR	RAD51C	0.002682	NOT_WT_LOST
SIM-02435	Benign	CORE_HR	BRCA2	-0.297377	WT_LOST
SIM-02436	Benign	CORE_HR	BARD1	-1.468204	NOT_WT_LOST
SIM-02437	Benign	CORE_HR	RAD51C	-0.012135	WT_LOST
SIM-02438	Benign	CORE_HR	RAD54L	-0.11102	NOT_WT_LOST
SIM-02439	Benign	CORE_HR	BRCA1	-2.27515	NOT_WT_LOST
SIM-02440	Benign	CORE_HR	BRCA1	0.636334	NOT_WT_LOST
SIM-02441	Benign	CORE_HR	BRCA1	0.572399	WT_LOST
SIM-02442	Benign	CORE_HR	BRCA1	-2.036991	NOT_WT_LOST
SIM-02443	Benign	CORE_HR	RAD54L	2.621454	WT_LOST
SIM-02444	Benign	CORE_HR	RAD51C	-1.421271	NOT_WT_LOST
SIM-02445	Benign	CORE_HR	BRIP1	-0.745308	NOT_WT_LOST
SIM-02446	Benign	CORE_HR	BRCA2	-0.875454	NOT_WT_LOST
SIM-02447	Benign	CORE_HR	BRCA2	1.282618	WT_LOST
SIM-02448	Benign	CORE_HR	PALB2	-2.090396	NOT_WT_LOST
SIM-02449	Benign	CORE_HR	BRIP1	1.389378	NOT_WT_LOST
SIM-02450	Benign	CORE_HR	BRCA1	-0.875871	WT_LOST
SIM-02451	Benign	CORE_HR	RAD51C	0.440919	NOT_WT_LOST
SIM-02452	Benign	CORE_HR	BRCA1	-2.085241	WT_LOST
SIM-02453	Benign	CORE_HR	RAD51C	-0.666015	WT_LOST
SIM-02454	Benign	CORE_HR	BRCA2	-1.210693	NOT_WT_LOST
SIM-02455	Benign	CORE_HR	BRCA2	-0.024995	WT_LOST
SIM-02456	Benign	CORE_HR	RAD54L	-1.472283	NOT_WT_LOST
SIM-02457	Benign	CORE_HR	BRCA1	-3.174954	NOT_EVALUABLE
SIM-02458	Benign	CORE_HR	RAD51D	-1.003057	NOT_EVALUABLE
SIM-02459	Benign	CORE_HR	RAD51B	-1.975577	NOT_EVALUABLE
SIM-02460	Benign	CORE_HR	PALB2	-1.181484	NOT_EVALUABLE
SIM-02461	Benign	CORE_HR	RAD51B	0.149604	NOT_EVALUABLE
SIM-02462	Benign	CORE_HR	BRCA2	-1.478183	NOT_EVALUABLE
SIM-02463	Benign	CORE_HR	BRCA1	-1.319154	NOT_EVALUABLE
SIM-02464	Benign	CORE_HR	RAD54L	1.217263	NOT_EVALUABLE
SIM-02465	Benign	CORE_HR	RAD51C	-0.446938	WT_LOST
SIM-02466	Benign	CORE_HR	BRIP1	-1.120281	NOT_WT_LOST
SIM-02467	Benign	CORE_HR	BARD1	1.280005	WT_LOST
SIM-02468	Benign	CORE_HR	RAD51B	-3.763483	NOT_WT_LOST
SIM-02469	Benign	CORE_HR	RAD51C	-1.240883	NOT_WT_LOST
SIM-02470	Benign	CORE_HR	RAD51D	-0.306518	NOT_WT_LOST
SIM-02471	Benign	CORE_HR	BRIP1	-1.429782	NOT_WT_LOST
SIM-02472	Benign	CORE_HR	BRIP1	-2.756379	NOT_WT_LOST
SIM-02473	Benign	CORE_HR	RAD54L	-1.207626	NOT_WT_LOST
SIM-02474	Benign	CORE_HR	BRCA2	-3.502713	NOT_WT_LOST
SIM-02475	Benign	CORE_HR	BRCA1	-0.58794	NOT_WT_LOST
SIM-02476	Benign	CORE_HR	RAD51B	0.236402	NOT_WT_LOST
SIM-02477	Benign	CORE_HR	BARD1	-1.468661	NOT_WT_LOST
SIM-02478	Benign	CORE_HR	RAD51B	-2.078982	NOT_WT_LOST
SIM-02479	Benign	CORE_HR	RAD51B	-1.123237	WT_LOST
SIM-02480	Benign	CORE_HR	BRIP1	0.766948	NOT_WT_LOST
SIM-02481	Benign	CORE_HR	BRCA1	-1.396157	NOT_WT_LOST
SIM-02482	Benign	CORE_HR	BRCA1	-1.750665	NOT_WT_LOST
SIM-02483	Benign	CORE_HR	PALB2	-1.675841	NOT_WT_LOST
SIM-02484	Benign	CORE_HR	BRIP1	-1.618795	NOT_WT_LOST
SIM-02485	Benign	CORE_HR	RAD51B	-0.796943	NOT_WT_LOST
SIM-02486	Benign	CORE_HR	RAD51C	-0.879517	NOT_WT_LOST
SIM-02487	Benign	CORE_HR	PALB2	-1.767544	NOT_WT_LOST
SIM-02488	Benign	CORE_HR	BARD1	-0.502244	NOT_WT_LOST
SIM-02489	Benign	CORE_HR	PALB2	-1.518898	NOT_WT_LOST
SIM-02490	Benign	CORE_HR	RAD51B	-0.123732	NOT_WT_LOST
SIM-02491	Benign	CORE_HR	BRCA2	-0.997871	NOT_WT_LOST
SIM-02492	Benign	CORE_HR	BRCA2	-1.414914	NOT_WT_LOST
SIM-02493	Benign	CORE_HR	PALB2	-0.565688	NOT_WT_LOST
SIM-02494	Benign	CORE_HR	RAD51D	-0.959626	WT_LOST
SIM-02495	Benign	CORE_HR	RAD51C	-1.107146	WT_LOST
SIM-02496	Benign	CORE_HR	BRCA1	-0.960004	NOT_WT_LOST
SIM-02497	Benign	CORE_HR	RAD51C	0.169319	NOT_WT_LOST
SIM-02498	Benign	CORE_HR	BRCA1	-0.627928	WT_LOST
SIM-02499	Benign	CORE_HR	BARD1	-0.645968	NOT_WT_LOST
SIM-02500	Benign	CORE_HR	BRCA1	-2.482005	NOT_WT_LOST
SIM-02501	Benign	CORE_HR	BRCA2	-1.452732	NOT_WT_LOST
SIM-02502	Benign	CORE_HR	BRCA2	-0.751958	NOT_WT_LOST
SIM-02503	Benign	CORE_HR	PALB2	-0.110755	NOT_WT_LOST
SIM-02504	Benign	CORE_HR	BRCA1	1.1986	NOT_WT_LOST
SIM-02505	Benign	CORE_HR	RAD51B	0.423757	WT_LOST
SIM-02506	Benign	CORE_HR	RAD54L	-3.63344	NOT_WT_LOST
SIM-02507	Benign	CORE_HR	RAD51C	0.887589	WT_LOST
SIM-02508	Benign	CORE_HR	BRCA1	-1.993982	NOT_WT_LOST
SIM-02509	Benign	CORE_HR	BRCA1	-3.074604	NOT_WT_LOST
SIM-02510	Benign	CORE_HR	RAD51C	-1.837686	NOT_WT_LOST
SIM-02511	Benign	CORE_HR	RAD51B	-0.555975	NOT_WT_LOST
SIM-02512	Benign	CORE_HR	RAD51D	-1.526728	NOT_WT_LOST
SIM-02513	Benign	CORE_HR	PALB2	-0.247902	NOT_WT_LOST
SIM-02514	Benign	CORE_HR	RAD51D	-1.75322	NOT_WT_LOST
SIM-02515	Benign	CORE_HR	BRIP1	-1.1731	NOT_WT_LOST
SIM-02516	Benign	CORE_HR	RAD51B	-0.526117	WT_LOST
SIM-02517	Benign	CORE_HR	BRCA2	-1.205624	NOT_WT_LOST
SIM-02518	Benign	CORE_HR	RAD54L	-1.847123	NOT_WT_LOST
SIM-02519	Benign	CORE_HR	RAD51D	1.140938	WT_LOST
SIM-02520	Benign	CORE_HR	RAD54L	0.077213	NOT_WT_LOST
SIM-02521	Benign	CORE_HR	BRCA2	-2.198216	NOT_WT_LOST
SIM-02522	Benign	CORE_HR	BRCA2	-1.170216	NOT_WT_LOST
SIM-02523	Benign	CORE_HR	BRIP1	-2.312941	NOT_WT_LOST
SIM-02524	Benign	CORE_HR	RAD54L	-1.949078	NOT_WT_LOST
SIM-02525	Benign	CORE_HR	RAD51D	-0.490794	WT_LOST
SIM-02526	Benign	CORE_HR	PALB2	-0.717836	NOT_WT_LOST
SIM-02527	Benign	CORE_HR	RAD51C	-0.659468	NOT_WT_LOST
SIM-02528	Benign	CORE_HR	RAD51C	-1.960065	NOT_WT_LOST
SIM-02529	Benign	CORE_HR	BRIP1	-0.997145	NOT_WT_LOST
SIM-02530	Benign	CORE_HR	PALB2	-1.374776	NOT_WT_LOST
SIM-02531	Benign	CORE_HR	RAD51C	-0.131016	WT_LOST
SIM-02532	Benign	CORE_HR	RAD54L	-1.529987	NOT_WT_LOST
SIM-02533	Benign	CORE_HR	RAD51C	-1.046515	NOT_WT_LOST
SIM-02534	Benign	CORE_HR	BRIP1	0.04456	NOT_WT_LOST
SIM-02535	Benign	CORE_HR	RAD54L	-0.739215	NOT_WT_LOST
SIM-02536	Benign	CORE_HR	RAD51D	-3.261694	NOT_WT_LOST
SIM-02537	Benign	CORE_HR	RAD51C	-2.220648	NOT_WT_LOST
SIM-02538	Benign	CORE_HR	PALB2	-1.237247	NOT_WT_LOST
SIM-02539	Benign	CORE_HR	BRCA2	-0.97157	NOT_WT_LOST
SIM-02540	Benign	CORE_HR	RAD54L	-2.017227	NOT_WT_LOST
SIM-02541	Benign	CORE_HR	BRIP1	-0.480047	NOT_WT_LOST
SIM-02542	Benign	CORE_HR	BARD1	-2.26258	NOT_WT_LOST
SIM-02543	Benign	CORE_HR	BRIP1	0.472964	WT_LOST
SIM-02544	Benign	CORE_HR	RAD51C	-2.689431	NOT_WT_LOST
SIM-02545	Benign	CORE_HR	RAD54L	-1.402931	NOT_WT_LOST
SIM-02546	Benign	CORE_HR	BARD1	-0.18704	NOT_WT_LOST
SIM-02547	Benign	CORE_HR	RAD54L	-3.875595	NOT_WT_LOST
SIM-02548	Benign	CORE_HR	PALB2	0.277352	WT_LOST
SIM-02549	Benign	CORE_HR	RAD51D	-1.259596	NOT_WT_LOST
SIM-02550	Benign	CORE_HR	BRIP1	-1.761739	NOT_WT_LOST
SIM-02551	Benign	CORE_HR	BARD1	-1.521675	NOT_WT_LOST
SIM-02552	Benign	CORE_HR	BRCA1	-0.493835	NOT_WT_LOST
SIM-02553	Benign	CORE_HR	PALB2	-0.142486	NOT_WT_LOST
SIM-02554	Benign	CORE_HR	PALB2	0.313363	WT_LOST
SIM-02555	Benign	CORE_HR	RAD51D	-1.300816	NOT_WT_LOST
SIM-02556	Benign	CORE_HR	RAD54L	-1.63406	NOT_WT_LOST
SIM-02557	Benign	CORE_HR	BARD1	0.241524	WT_LOST
SIM-02558	Benign	CORE_HR	RAD51B	-1.239103	NOT_WT_LOST
SIM-02559	Benign	CORE_HR	BRIP1	-0.355359	NOT_WT_LOST
SIM-02560	Benign	CORE_HR	BARD1	-0.220531	NOT_WT_LOST
SIM-02561	Benign	CORE_HR	BRIP1	0.288976	NOT_WT_LOST
SIM-02562	Benign	CORE_HR	RAD54L	0.121524	NOT_WT_LOST
SIM-02563	Benign	CORE_HR	RAD51B	-1.127908	NOT_WT_LOST
SIM-02564	Benign	CORE_HR	BRCA2	-0.247892	WT_LOST
SIM-02565	Benign	CORE_HR	PALB2	-1.880888	NOT_WT_LOST
SIM-02566	Benign	CORE_HR	PALB2	-0.792397	NOT_WT_LOST
SIM-02567	Benign	CORE_HR	BRCA1	-0.725573	NOT_WT_LOST
SIM-02568	Benign	CORE_HR	PALB2	-1.784537	NOT_WT_LOST
SIM-02569	Benign	CORE_HR	RAD51B	0.163462	WT_LOST
SIM-02570	Benign	CORE_HR	RAD51B	-0.412791	WT_LOST
SIM-02571	Benign	CORE_HR	RAD51B	-0.626687	NOT_WT_LOST
SIM-02572	Benign	CORE_HR	BRCA1	0.532351	NOT_WT_LOST
SIM-02573	Benign	CORE_HR	BRCA2	-0.643521	NOT_WT_LOST
SIM-02574	Benign	CORE_HR	PALB2	-1.678727	NOT_WT_LOST
SIM-02575	Benign	CORE_HR	RAD51D	-1.24455	NOT_WT_LOST
SIM-02576	Benign	CORE_HR	BRIP1	-0.578544	NOT_WT_LOST
SIM-02577	Benign	CORE_HR	RAD51D	-0.99154	NOT_WT_LOST
SIM-02578	Benign	CORE_HR	BARD1	0.015873	NOT_WT_LOST
SIM-02579	Benign	CORE_HR	RAD51C	-2.863399	NOT_WT_LOST
SIM-02580	Benign	CORE_HR	BRIP1	-1.48318	NOT_WT_LOST
SIM-02581	Benign	CORE_HR	BARD1	-1.001044	NOT_WT_LOST
SIM-02582	Benign	CORE_HR	RAD51C	-1.262106	NOT_WT_LOST
SIM-02583	Benign	CORE_HR	RAD51B	0.548849	WT_LOST
SIM-02584	Benign	CORE_HR	BRCA2	-0.280635	NOT_WT_LOST
SIM-02585	Benign	CORE_HR	RAD51D	-1.566512	NOT_WT_LOST
SIM-02586	Benign	CORE_HR	RAD51B	-1.779936	NOT_WT_LOST
SIM-02587	Benign	CORE_HR	RAD54L	-2.233673	NOT_WT_LOST
SIM-02588	Benign	CORE_HR	RAD54L	-0.366362	NOT_WT_LOST
SIM-02589	Benign	CORE_HR	RAD51C	-2.037976	NOT_WT_LOST
SIM-02590	Benign	CORE_HR	RAD51C	-0.481081	NOT_WT_LOST
SIM-02591	Benign	CORE_HR	BARD1	-1.966638	NOT_WT_LOST
SIM-02592	Benign	CORE_HR	BRCA1	-1.114422	NOT_WT_LOST
SIM-02593	Benign	CORE_HR	BRCA2	0.500815	NOT_WT_LOST
SIM-02594	Benign	CORE_HR	BRCA2	-3.094731	NOT_WT_LOST
SIM-02595	Benign	CORE_HR	RAD51B	-0.626148	NOT_WT_LOST
SIM-02596	Benign	CORE_HR	RAD51B	-0.229707	WT_LOST
SIM-02597	Benign	CORE_HR	RAD51D	1.917361	WT_LOST
SIM-02598	Benign	CORE_HR	RAD51D	-1.018737	NOT_WT_LOST
SIM-02599	Benign	CORE_HR	RAD51D	-1.85582	NOT_WT_LOST
SIM-02600	Benign	CORE_HR	RAD54L	-2.006997	NOT_WT_LOST
SIM-02601	Benign	CORE_HR	RAD51C	-1.692529	NOT_WT_LOST
SIM-02602	Benign	CORE_HR	RAD51D	-1.363225	NOT_WT_LOST
SIM-02603	Benign	CORE_HR	BARD1	-3.319679	NOT_WT_LOST
SIM-02604	Benign	CORE_HR	RAD51C	-1.753768	NOT_WT_LOST
SIM-02605	Benign	CORE_HR	PALB2	0.670778	NOT_WT_LOST
SIM-02606	Benign	CORE_HR	RAD54L	-0.683254	NOT_WT_LOST
SIM-02607	Benign	CORE_HR	BRCA1	-1.65627	NOT_WT_LOST
SIM-02608	Benign	CORE_HR	PALB2	-1.993659	NOT_WT_LOST
SIM-02609	Benign	CORE_HR	BRCA2	-0.681973	NOT_WT_LOST
SIM-02610	Benign	CORE_HR	PALB2	0.398211	NOT_WT_LOST
SIM-02611	Benign	CORE_HR	RAD51D	0.542241	WT_LOST
SIM-02612	Benign	CORE_HR	PALB2	-1.481972	NOT_WT_LOST
SIM-02613	Benign	CORE_HR	BRCA1	-1.85047	NOT_WT_LOST
SIM-02614	Benign	CORE_HR	RAD51D	0.535112	WT_LOST
SIM-02615	Benign	CORE_HR	BRCA2	-1.218311	NOT_WT_LOST
SIM-02616	Benign	CORE_HR	BRIP1	-1.273485	NOT_WT_LOST
SIM-02617	Benign	CORE_HR	BRIP1	-0.463028	NOT_WT_LOST
SIM-02618	Benign	CORE_HR	PALB2	-1.778712	NOT_WT_LOST
SIM-02619	Benign	CORE_HR	RAD51C	-0.281577	NOT_WT_LOST
SIM-02620	Benign	CORE_HR	BRCA1	0.241958	NOT_WT_LOST
SIM-02621	Benign	CORE_HR	RAD51D	-0.925673	NOT_WT_LOST
SIM-02622	Benign	CORE_HR	BARD1	-0.31464	WT_LOST
SIM-02623	Benign	CORE_HR	BRIP1	-2.204144	NOT_WT_LOST
SIM-02624	Benign	CORE_HR	PALB2	-3.157651	NOT_WT_LOST
SIM-02625	Benign	CORE_HR	BARD1	-1.877802	NOT_WT_LOST
SIM-02626	Benign	CORE_HR	RAD54L	-1.653222	NOT_WT_LOST
SIM-02627	Benign	CORE_HR	RAD51B	-0.075553	NOT_WT_LOST
SIM-02628	Benign	CORE_HR	RAD51D	-1.571258	NOT_WT_LOST
SIM-02629	Benign	CORE_HR	RAD54L	-1.532832	NOT_WT_LOST
SIM-02630	Benign	CORE_HR	BRCA2	-2.338258	NOT_WT_LOST
SIM-02631	Benign	CORE_HR	PALB2	-1.821103	NOT_WT_LOST
SIM-02632	Benign	CORE_HR	RAD51C	2.001203	WT_LOST
SIM-02633	Benign	CORE_HR	RAD51B	-1.054428	NOT_WT_LOST
SIM-02634	Benign	CORE_HR	BRCA2	-0.97345	NOT_WT_LOST
SIM-02635	Benign	CORE_HR	BRCA2	0.188562	WT_LOST
SIM-02636	Benign	CORE_HR	RAD54L	-1.07452	NOT_WT_LOST
SIM-02637	Benign	CORE_HR	BARD1	-1.504062	NOT_WT_LOST
SIM-02638	Benign	CORE_HR	RAD54L	-1.165329	WT_LOST
SIM-02639	Benign	CORE_HR	RAD51C	-1.402031	NOT_WT_LOST
SIM-02640	Benign	CORE_HR	RAD54L	-1.343185	NOT_WT_LOST
SIM-02641	Benign	CORE_HR	PALB2	-1.951967	NOT_WT_LOST
SIM-02642	Benign	CORE_HR	BRCA1	-1.313735	NOT_WT_LOST
SIM-02643	Benign	CORE_HR	RAD51C	-0.770831	WT_LOST
SIM-02644	Benign	CORE_HR	BARD1	-2.487475	WT_LOST
SIM-02645	Benign	CORE_HR	RAD54L	-0.869597	NOT_WT_LOST
SIM-02646	Benign	CORE_HR	BARD1	0.373221	NOT_WT_LOST
SIM-02647	Benign	CORE_HR	RAD51D	-1.595318	NOT_WT_LOST
SIM-02648	Benign	CORE_HR	PALB2	-1.468083	NOT_WT_LOST
SIM-02649	Benign	CORE_HR	BRCA1	-2.555085	NOT_WT_LOST
SIM-02650	Benign	CORE_HR	BRCA1	-1.545354	NOT_WT_LOST
SIM-02651	Benign	CORE_HR	RAD51D	-0.474448	WT_LOST
SIM-02652	Benign	CORE_HR	RAD51D	0.982672	WT_LOST
SIM-02653	Benign	CORE_HR	BRCA1	-0.454396	WT_LOST
SIM-02654	Benign	CORE_HR	RAD51B	-1.371969	NOT_WT_LOST
SIM-02655	Benign	CORE_HR	BRCA1	-1.657571	NOT_WT_LOST
SIM-02656	Benign	CORE_HR	RAD51B	-1.039386	NOT_WT_LOST
SIM-02657	Benign	CORE_HR	BRIP1	-1.364178	NOT_WT_LOST
SIM-02658	Benign	CORE_HR	BRIP1	-0.468241	NOT_WT_LOST
SIM-02659	Benign	CORE_HR	RAD54L	-2.560642	NOT_WT_LOST
SIM-02660	Benign	CORE_HR	PALB2	-1.310906	NOT_WT_LOST
SIM-02661	Benign	CORE_HR	BRCA1	-1.882901	NOT_WT_LOST
SIM-02662	Benign	CORE_HR	RAD54L	-0.496119	NOT_WT_LOST
SIM-02663	Benign	CORE_HR	PALB2	0.121495	WT_LOST
SIM-02664	Benign	CORE_HR	BRIP1	-1.148296	NOT_WT_LOST
SIM-02665	Benign	CORE_HR	BARD1	-1.179179	NOT_WT_LOST
SIM-02666	Benign	CORE_HR	BRIP1	-0.992203	NOT_WT_LOST
SIM-02667	Benign	CORE_HR	BRIP1	-1.238985	NOT_WT_LOST
SIM-02668	Benign	CORE_HR	RAD51B	-2.072406	NOT_WT_LOST
SIM-02669	Benign	CORE_HR	BRIP1	-0.557976	NOT_WT_LOST
SIM-02670	Benign	CORE_HR	RAD51D	-1.405085	NOT_WT_LOST
SIM-02671	Benign	CORE_HR	RAD51C	-1.264422	NOT_WT_LOST
SIM-02672	Benign	CORE_HR	RAD51B	-1.485962	NOT_WT_LOST
SIM-02673	Benign	CORE_HR	RAD51C	-1.742449	NOT_WT_LOST
SIM-02674	Benign	CORE_HR	RAD51D	-1.444244	NOT_WT_LOST
SIM-02675	Benign	CORE_HR	RAD51C	0.775958	WT_LOST
SIM-02676	Benign	CORE_HR	BRCA2	-0.029434	NOT_WT_LOST
SIM-02677	Benign	CORE_HR	RAD51B	-0.896683	NOT_WT_LOST
SIM-02678	Benign	CORE_HR	BRCA1	-1.392137	NOT_WT_LOST
SIM-02679	Benign	CORE_HR	RAD51B	-0.634527	NOT_WT_LOST
SIM-02680	Benign	CORE_HR	BARD1	-2.939413	NOT_WT_LOST
SIM-02681	Benign	CORE_HR	RAD51B	-0.765223	NOT_WT_LOST
SIM-02682	Benign	CORE_HR	RAD54L	-2.659972	NOT_WT_LOST
SIM-02683	Benign	CORE_HR	RAD51B	-1.12315	WT_LOST
SIM-02684	Benign	CORE_HR	BARD1	-1.532054	NOT_WT_LOST
SIM-02685	Benign	CORE_HR	RAD51C	-2.276844	NOT_WT_LOST
SIM-02686	Benign	CORE_HR	BRCA1	-1.954045	NOT_WT_LOST
SIM-02687	Benign	CORE_HR	RAD51C	-3.097881	NOT_WT_LOST
SIM-02688	Benign	CORE_HR	RAD54L	-0.645734	NOT_WT_LOST
SIM-02689	Benign	CORE_HR	RAD51D	-0.369676	NOT_WT_LOST
SIM-02690	Benign	CORE_HR	PALB2	-1.691892	NOT_WT_LOST
SIM-02691	Benign	CORE_HR	RAD51D	0.7049	NOT_WT_LOST
SIM-02692	Benign	CORE_HR	RAD54L	-1.56701	NOT_WT_LOST
SIM-02693	Benign	CORE_HR	RAD54L	-1.740674	NOT_WT_LOST
SIM-02694	Benign	CORE_HR	BRCA1	-1.554053	NOT_WT_LOST
SIM-02695	Benign	CORE_HR	RAD54L	-1.18864	NOT_WT_LOST
SIM-02696	Benign	CORE_HR	RAD51D	-1.079867	NOT_WT_LOST
SIM-02697	Benign	CORE_HR	RAD51B	-1.966834	NOT_WT_LOST
SIM-02698	Benign	CORE_HR	RAD54L	-1.59358	NOT_WT_LOST
SIM-02699	Benign	CORE_HR	RAD51B	-0.174006	WT_LOST
SIM-02700	Benign	CORE_HR	RAD51B	-2.05075	NOT_WT_LOST
SIM-02701	Benign	CORE_HR	RAD54L	-0.923606	NOT_WT_LOST
SIM-02702	Benign	CORE_HR	PALB2	0.252526	WT_LOST
SIM-02703	Benign	CORE_HR	BRCA2	-3.312978	NOT_WT_LOST
SIM-02704	Benign	CORE_HR	BRIP1	-1.679299	NOT_WT_LOST
SIM-02705	Benign	CORE_HR	PALB2	-0.623407	NOT_WT_LOST
SIM-02706	Benign	CORE_HR	PALB2	-1.580183	NOT_WT_LOST
SIM-02707	Benign	CORE_HR	BRIP1	-1.986751	NOT_WT_LOST
SIM-02708	Benign	CORE_HR	BRCA1	-0.792877	NOT_WT_LOST
SIM-02709	Benign	CORE_HR	BRIP1	-1.213452	NOT_WT_LOST
SIM-02710	Benign	CORE_HR	RAD51C	-0.837989	NOT_WT_LOST
SIM-02711	Benign	CORE_HR	RAD51B	-1.090753	NOT_WT_LOST
SIM-02712	Benign	CORE_HR	BARD1	-0.822842	WT_LOST
SIM-02713	Benign	CORE_HR	BRCA2	-3.167894	NOT_WT_LOST
SIM-02714	Benign	CORE_HR	BRCA2	-2.244979	NOT_WT_LOST
SIM-02715	Benign	CORE_HR	BRCA2	-3.043412	NOT_WT_LOST
SIM-02716	Benign	CORE_HR	RAD51B	-0.161728	NOT_WT_LOST
SIM-02717	Benign	CORE_HR	PALB2	0.627148	WT_LOST
SIM-02718	Benign	CORE_HR	RAD51C	-0.033093	WT_LOST
SIM-02719	Benign	CORE_HR	RAD51C	0.023809	NOT_WT_LOST
SIM-02720	Benign	CORE_HR	RAD51B	-0.716155	NOT_WT_LOST
SIM-02721	Benign	CORE_HR	RAD54L	-0.872412	NOT_WT_LOST
SIM-02722	Benign	CORE_HR	RAD51D	-1.334427	NOT_WT_LOST
SIM-02723	Benign	CORE_HR	PALB2	-2.091758	NOT_WT_LOST
SIM-02724	Benign	CORE_HR	BRCA1	-1.80055	NOT_WT_LOST
SIM-02725	Benign	CORE_HR	PALB2	-0.719749	NOT_WT_LOST
SIM-02726	Benign	CORE_HR	RAD54L	-2.487244	NOT_WT_LOST
SIM-02727	Benign	CORE_HR	PALB2	0.21103	NOT_WT_LOST
SIM-02728	Benign	CORE_HR	BRCA1	-0.800168	WT_LOST
SIM-02729	Benign	CORE_HR	RAD54L	-1.209437	NOT_WT_LOST
SIM-02730	Benign	CORE_HR	BARD1	-0.723885	NOT_WT_LOST
SIM-02731	Benign	CORE_HR	RAD54L	-1.476094	WT_LOST
SIM-02732	Benign	CORE_HR	BRIP1	0.618761	NOT_WT_LOST
SIM-02733	Benign	CORE_HR	BRCA1	-2.245775	NOT_WT_LOST
SIM-02734	Benign	CORE_HR	BRIP1	-0.678156	NOT_WT_LOST
SIM-02735	Benign	CORE_HR	PALB2	-1.757554	NOT_WT_LOST
SIM-02736	Benign	CORE_HR	RAD51B	-2.265029	NOT_WT_LOST
SIM-02737	Benign	CORE_HR	PALB2	-0.358202	NOT_WT_LOST
SIM-02738	Benign	CORE_HR	BRIP1	-1.656377	NOT_WT_LOST
SIM-02739	Benign	CORE_HR	PALB2	-0.277921	WT_LOST
SIM-02740	Benign	CORE_HR	RAD51D	-1.303965	NOT_WT_LOST
SIM-02741	Benign	CORE_HR	BRCA1	-1.533704	NOT_WT_LOST
SIM-02742	Benign	CORE_HR	RAD54L	-2.00753	NOT_WT_LOST
SIM-02743	Benign	CORE_HR	RAD51B	0.679923	WT_LOST
SIM-02744	Benign	CORE_HR	RAD51C	-2.225927	NOT_WT_LOST
SIM-02745	Benign	CORE_HR	BRCA1	-0.448697	NOT_WT_LOST
SIM-02746	Benign	CORE_HR	RAD51B	-1.259091	NOT_WT_LOST
SIM-02747	Benign	CORE_HR	BRCA2	-0.733054	NOT_WT_LOST
SIM-02748	Benign	CORE_HR	BARD1	-1.409051	NOT_WT_LOST
SIM-02749	Benign	CORE_HR	RAD51B	-3.029212	NOT_WT_LOST
SIM-02750	Benign	CORE_HR	RAD51C	-0.783895	NOT_WT_LOST
SIM-02751	Benign	CORE_HR	RAD51D	-0.583171	NOT_WT_LOST
SIM-02752	Benign	CORE_HR	RAD51D	0.240718	WT_LOST
SIM-02753	Benign	CORE_HR	BRIP1	-2.329192	NOT_WT_LOST
SIM-02754	Benign	CORE_HR	RAD54L	-0.916485	NOT_WT_LOST
SIM-02755	Benign	CORE_HR	PALB2	-1.179098	NOT_WT_LOST
SIM-02756	Benign	CORE_HR	RAD51D	-0.984454	NOT_WT_LOST
SIM-02757	Benign	CORE_HR	BARD1	-1.313154	NOT_WT_LOST
SIM-02758	Benign	CORE_HR	BRCA1	0.409017	WT_LOST
SIM-02759	Benign	CORE_HR	RAD51D	-1.074274	WT_LOST
SIM-02760	Benign	CORE_HR	RAD51B	0.315884	NOT_WT_LOST
SIM-02761	Benign	CORE_HR	RAD51B	-0.17042	NOT_WT_LOST
SIM-02762	Benign	CORE_HR	RAD54L	-1.642385	NOT_WT_LOST
SIM-02763	Benign	CORE_HR	BRCA1	-1.244147	NOT_WT_LOST
SIM-02764	Benign	CORE_HR	BRCA2	-1.764242	NOT_WT_LOST
SIM-02765	Benign	CORE_HR	RAD51C	-0.571235	NOT_WT_LOST
SIM-02766	Benign	CORE_HR	RAD51C	-0.70502	NOT_WT_LOST
SIM-02767	Benign	CORE_HR	BRCA2	-1.006191	NOT_WT_LOST
SIM-02768	Benign	CORE_HR	RAD51B	-0.790529	NOT_WT_LOST
SIM-02769	Benign	CORE_HR	PALB2	-0.828915	NOT_WT_LOST
SIM-02770	Benign	CORE_HR	BRIP1	-2.928082	NOT_WT_LOST
SIM-02771	Benign	CORE_HR	BRCA1	-1.998067	NOT_WT_LOST
SIM-02772	Benign	CORE_HR	PALB2	-2.232425	NOT_WT_LOST
SIM-02773	Benign	CORE_HR	PALB2	0.255139	WT_LOST
SIM-02774	Benign	CORE_HR	BRCA2	-1.62269	NOT_WT_LOST
SIM-02775	Benign	CORE_HR	RAD54L	-2.197829	NOT_WT_LOST
SIM-02776	Benign	CORE_HR	RAD51C	-0.25396	NOT_WT_LOST
SIM-02777	Benign	CORE_HR	BRCA2	-0.941313	WT_LOST
SIM-02778	Benign	CORE_HR	RAD51D	-2.425394	NOT_WT_LOST
SIM-02779	Benign	CORE_HR	PALB2	-2.941187	NOT_WT_LOST
SIM-02780	Benign	CORE_HR	RAD54L	-1.61054	NOT_WT_LOST
SIM-02781	Benign	CORE_HR	RAD54L	0.608819	WT_LOST
SIM-02782	Benign	CORE_HR	RAD54L	-0.806099	WT_LOST
SIM-02783	Benign	CORE_HR	BRCA1	-1.438608	NOT_WT_LOST
SIM-02784	Benign	CORE_HR	RAD51C	0.348991	WT_LOST
SIM-02785	Benign	CORE_HR	PALB2	-0.616389	NOT_WT_LOST
SIM-02786	Benign	CORE_HR	RAD54L	-1.092492	NOT_WT_LOST
SIM-02787	Benign	CORE_HR	PALB2	0.228782	WT_LOST
SIM-02788	Benign	CORE_HR	BARD1	-1.795842	NOT_WT_LOST
SIM-02789	Benign	CORE_HR	BRIP1	-2.068145	NOT_WT_LOST
SIM-02790	Benign	CORE_HR	BARD1	-1.629148	NOT_WT_LOST
SIM-02791	Benign	CORE_HR	BRCA2	-1.71316	NOT_WT_LOST
SIM-02792	Benign	CORE_HR	BRIP1	-0.829512	NOT_WT_LOST
SIM-02793	Benign	CORE_HR	BRIP1	-1.259659	NOT_WT_LOST
SIM-02794	Benign	CORE_HR	RAD51C	-2.545787	NOT_WT_LOST
SIM-02795	Benign	CORE_HR	BARD1	-1.484105	NOT_WT_LOST
SIM-02796	Benign	CORE_HR	RAD54L	-0.0576	NOT_WT_LOST
SIM-02797	Benign	CORE_HR	BRIP1	-1.697949	NOT_WT_LOST
SIM-02798	Benign	CORE_HR	BARD1	-0.03797	WT_LOST
SIM-02799	Benign	CORE_HR	BRIP1	-1.384192	NOT_WT_LOST
SIM-02800	Benign	CORE_HR	BRIP1	-1.453325	NOT_WT_LOST
SIM-02801	Benign	CORE_HR	PALB2	-0.805696	NOT_WT_LOST
SIM-02802	Benign	CORE_HR	RAD51C	-0.188539	NOT_WT_LOST
SIM-02803	Benign	CORE_HR	BARD1	-0.667977	NOT_WT_LOST
SIM-02804	Benign	CORE_HR	RAD51B	-1.493384	NOT_WT_LOST
SIM-02805	Benign	CORE_HR	BRCA2	1.028851	WT_LOST
SIM-02806	Benign	CORE_HR	BRCA1	-1.381425	NOT_WT_LOST
SIM-02807	Benign	CORE_HR	RAD54L	-1.240746	NOT_WT_LOST
SIM-02808	Benign	CORE_HR	BRCA1	-1.094876	NOT_WT_LOST
SIM-02809	Benign	CORE_HR	RAD51D	-0.13722	NOT_WT_LOST
SIM-02810	Benign	CORE_HR	RAD54L	-0.514316	NOT_WT_LOST
SIM-02811	Benign	CORE_HR	BARD1	-0.811831	NOT_WT_LOST
SIM-02812	Benign	CORE_HR	RAD51C	-0.125675	WT_LOST
SIM-02813	Benign	CORE_HR	BRCA2	-0.672174	NOT_WT_LOST
SIM-02814	Benign	CORE_HR	RAD51C	-1.391358	NOT_WT_LOST
SIM-02815	Benign	CORE_HR	BRCA1	0.464888	WT_LOST
SIM-02816	Benign	CORE_HR	RAD51C	-2.355264	NOT_WT_LOST
SIM-02817	Benign	CORE_HR	BARD1	-0.37199	WT_LOST
SIM-02818	Benign	CORE_HR	BRCA2	-1.961919	NOT_WT_LOST
SIM-02819	Benign	CORE_HR	BRCA1	-2.506687	NOT_WT_LOST
SIM-02820	Benign	CORE_HR	BRIP1	-0.007531	NOT_WT_LOST
SIM-02821	Benign	CORE_HR	RAD51B	-1.693235	NOT_WT_LOST
SIM-02822	Benign	CORE_HR	RAD51C	-1.217237	NOT_WT_LOST
SIM-02823	Benign	CORE_HR	RAD54L	-0.098822	NOT_WT_LOST
SIM-02824	Benign	CORE_HR	BRIP1	-2.715411	NOT_WT_LOST
SIM-02825	Benign	CORE_HR	BRCA2	-0.902902	NOT_WT_LOST
SIM-02826	Benign	CORE_HR	BRIP1	-1.280327	NOT_WT_LOST
SIM-02827	Benign	CORE_HR	RAD51B	-1.204972	NOT_WT_LOST
SIM-02828	Benign	CORE_HR	BRIP1	0.568844	NOT_WT_LOST
SIM-02829	Benign	CORE_HR	RAD54L	-1.843716	NOT_WT_LOST
SIM-02830	Benign	CORE_HR	BARD1	-0.311899	NOT_WT_LOST
SIM-02831	Benign	CORE_HR	BRCA1	-3.319262	NOT_WT_LOST
SIM-02832	Benign	CORE_HR	RAD51D	-1.581841	NOT_WT_LOST
SIM-02833	Benign	CORE_HR	BARD1	-1.688413	NOT_WT_LOST
SIM-02834	Benign	CORE_HR	RAD51D	1.085685	WT_LOST
SIM-02835	Benign	CORE_HR	BRIP1	-3.967018	NOT_WT_LOST
SIM-02836	Benign	CORE_HR	BRCA1	-2.236507	NOT_WT_LOST
SIM-02837	Benign	CORE_HR	BRCA2	-0.404475	NOT_WT_LOST
SIM-02838	Benign	CORE_HR	BRCA1	-3.566894	NOT_WT_LOST
SIM-02839	Benign	CORE_HR	RAD54L	-1.170781	NOT_WT_LOST
SIM-02840	Benign	CORE_HR	RAD54L	-1.138445	NOT_WT_LOST
SIM-02841	Benign	CORE_HR	RAD51C	0.287372	NOT_WT_LOST
SIM-02842	Benign	CORE_HR	RAD54L	-1.410806	WT_LOST
SIM-02843	Benign	CORE_HR	BRIP1	-2.697311	NOT_WT_LOST
SIM-02844	Benign	CORE_HR	BRCA2	-1.056958	NOT_WT_LOST
SIM-02845	Benign	CORE_HR	BARD1	0.642596	NOT_WT_LOST
SIM-02846	Benign	CORE_HR	PALB2	-0.06875	WT_LOST
SIM-02847	Benign	CORE_HR	PALB2	-1.511503	NOT_WT_LOST
SIM-02848	Benign	CORE_HR	BRCA1	0.462779	NOT_WT_LOST
SIM-02849	Benign	CORE_HR	BRIP1	-0.844202	NOT_WT_LOST
SIM-02850	Benign	CORE_HR	BRCA1	0.19333	WT_LOST
SIM-02851	Benign	CORE_HR	BRIP1	0.620738	WT_LOST
SIM-02852	Benign	CORE_HR	RAD54L	-1.317848	NOT_WT_LOST
SIM-02853	Benign	CORE_HR	BRCA1	-1.074553	WT_LOST
SIM-02854	Benign	CORE_HR	PALB2	-0.686251	NOT_WT_LOST
SIM-02855	Benign	CORE_HR	BRIP1	-2.414944	NOT_WT_LOST
SIM-02856	Benign	CORE_HR	RAD54L	-2.131455	NOT_WT_LOST
SIM-02857	Benign	CORE_HR	RAD51B	0.0034	WT_LOST
SIM-02858	Benign	CORE_HR	RAD51B	-0.208253	NOT_WT_LOST
SIM-02859	Benign	CORE_HR	BRIP1	-1.364901	NOT_WT_LOST
SIM-02860	Benign	CORE_HR	BRCA2	-0.73651	NOT_WT_LOST
SIM-02861	Benign	CORE_HR	RAD51D	-0.56603	NOT_WT_LOST
SIM-02862	Benign	CORE_HR	RAD54L	-1.172331	NOT_WT_LOST
SIM-02863	Benign	CORE_HR	BRIP1	-2.784597	NOT_WT_LOST
SIM-02864	Benign	CORE_HR	BARD1	-2.050772	NOT_WT_LOST
SIM-02865	Benign	CORE_HR	BRCA2	-1.408148	NOT_WT_LOST
SIM-02866	Benign	CORE_HR	RAD51B	-1.767145	NOT_WT_LOST
SIM-02867	Benign	CORE_HR	RAD51D	0.291455	NOT_WT_LOST
SIM-02868	Benign	CORE_HR	RAD51B	-1.261902	NOT_WT_LOST
SIM-02869	Benign	CORE_HR	RAD51B	0.465113	WT_LOST
SIM-02870	Benign	CORE_HR	BRCA1	-3.439019	NOT_WT_LOST
SIM-02871	Benign	CORE_HR	RAD54L	-1.569905	NOT_WT_LOST
SIM-02872	Benign	CORE_HR	RAD51B	-2.463872	NOT_WT_LOST
SIM-02873	Benign	CORE_HR	RAD51D	-1.647067	NOT_WT_LOST
SIM-02874	Benign	CORE_HR	RAD51D	-0.337853	WT_LOST
SIM-02875	Benign	CORE_HR	BRCA1	-0.003146	NOT_WT_LOST
SIM-02876	Benign	CORE_HR	BRCA2	-0.525522	NOT_WT_LOST
SIM-02877	Benign	CORE_HR	BARD1	-0.698606	NOT_WT_LOST
SIM-02878	Benign	CORE_HR	PALB2	-1.160825	NOT_WT_LOST
SIM-02879	Benign	CORE_HR	RAD51D	-1.096137	NOT_WT_LOST
SIM-02880	Benign	CORE_HR	BRCA1	-1.301822	NOT_WT_LOST
SIM-02881	Benign	CORE_HR	BRIP1	-1.640507	NOT_WT_LOST
SIM-02882	Benign	CORE_HR	BRIP1	-0.813985	NOT_WT_LOST
SIM-02883	Benign	CORE_HR	PALB2	0.301095	WT_LOST
SIM-02884	Benign	CORE_HR	RAD51C	-1.809309	NOT_WT_LOST
SIM-02885	Benign	CORE_HR	RAD54L	-1.029721	NOT_WT_LOST
SIM-02886	Benign	CORE_HR	RAD51C	-1.100501	NOT_WT_LOST
SIM-02887	Benign	CORE_HR	BRCA2	-0.975782	NOT_WT_LOST
SIM-02888	Benign	CORE_HR	RAD54L	-0.990864	NOT_WT_LOST
SIM-02889	Benign	CORE_HR	BARD1	0.189831	NOT_WT_LOST
SIM-02890	Benign	CORE_HR	BRIP1	-2.157495	NOT_WT_LOST
SIM-02891	Benign	CORE_HR	PALB2	-2.24633	NOT_WT_LOST
SIM-02892	Benign	CORE_HR	BRIP1	-2.263961	NOT_WT_LOST
SIM-02893	Benign	CORE_HR	RAD51D	-2.153824	NOT_WT_LOST
SIM-02894	Benign	CORE_HR	RAD51C	-0.253277	WT_LOST
SIM-02895	Benign	CORE_HR	PALB2	0.015107	WT_LOST
SIM-02896	Benign	CORE_HR	BRCA2	-1.409238	NOT_WT_LOST
SIM-02897	Benign	CORE_HR	BARD1	-1.789365	NOT_WT_LOST
SIM-02898	Benign	CORE_HR	BRIP1	-0.265236	WT_LOST
SIM-02899	Benign	CORE_HR	RAD54L	-1.170883	WT_LOST
SIM-02900	Benign	CORE_HR	BRCA1	-0.728008	NOT_WT_LOST
SIM-02901	Benign	CORE_HR	BARD1	-1.171586	NOT_WT_LOST
SIM-02902	Benign	CORE_HR	RAD51D	0.973956	WT_LOST
SIM-02903	Benign	CORE_HR	BRCA2	-0.009288	NOT_WT_LOST
SIM-02904	Benign	CORE_HR	RAD51B	-1.405796	NOT_WT_LOST
SIM-02905	Benign	CORE_HR	BRCA2	-0.46312	NOT_WT_LOST
SIM-02906	Benign	CORE_HR	RAD51B	-3.279877	NOT_WT_LOST
SIM-02907	Benign	CORE_HR	BRCA2	-1.966439	NOT_WT_LOST
SIM-02908	Benign	CORE_HR	BARD1	-1.093933	NOT_WT_LOST
SIM-02909	Benign	CORE_HR	RAD51C	-0.27963	NOT_WT_LOST
SIM-02910	Benign	CORE_HR	RAD54L	-1.468175	NOT_WT_LOST
SIM-02911	Benign	CORE_HR	RAD51C	-3.014834	NOT_WT_LOST
SIM-02912	Benign	CORE_HR	PALB2	-1.650276	NOT_WT_LOST
SIM-02913	Benign	CORE_HR	RAD54L	0.269334	WT_LOST
SIM-02914	Benign	CORE_HR	BRCA1	-0.922713	NOT_WT_LOST
SIM-02915	Benign	CORE_HR	RAD54L	-1.042473	NOT_WT_LOST
SIM-02916	Benign	CORE_HR	BRCA1	-0.564852	NOT_WT_LOST
SIM-02917	Benign	CORE_HR	PALB2	-0.386245	NOT_WT_LOST
SIM-02918	Benign	CORE_HR	BRCA1	-0.222124	NOT_WT_LOST
SIM-02919	Benign	CORE_HR	RAD51C	0.215851	WT_LOST
SIM-02920	Benign	CORE_HR	RAD54L	1.013715	WT_LOST
SIM-02921	Benign	CORE_HR	BRCA1	0.136582	NOT_WT_LOST
SIM-02922	Benign	CORE_HR	RAD54L	-1.652029	NOT_WT_LOST
SIM-02923	Benign	CORE_HR	RAD51D	-0.786246	NOT_WT_LOST
SIM-02924	Benign	CORE_HR	PALB2	0.633922	WT_LOST
SIM-02925	Benign	CORE_HR	RAD51C	-1.357607	NOT_WT_LOST
SIM-02926	Benign	CORE_HR	BARD1	0.744006	WT_LOST
SIM-02927	Benign	CORE_HR	RAD51D	-0.987444	NOT_WT_LOST
SIM-02928	Benign	CORE_HR	PALB2	-0.871987	NOT_WT_LOST
SIM-02929	Benign	CORE_HR	RAD51B	-2.911109	NOT_WT_LOST
SIM-02930	Benign	CORE_HR	RAD51C	-2.552806	NOT_WT_LOST
SIM-02931	Benign	CORE_HR	RAD51D	-2.440393	NOT_WT_LOST
SIM-02932	Benign	CORE_HR	RAD51C	0.082568	NOT_WT_LOST
SIM-02933	Benign	CORE_HR	RAD51B	-0.453621	NOT_WT_LOST
SIM-02934	Benign	CORE_HR	BRCA2	-1.515328	NOT_WT_LOST
SIM-02935	Benign	CORE_HR	BRCA2	-0.087901	NOT_WT_LOST
SIM-02936	Benign	CORE_HR	RAD51D	0.168198	NOT_WT_LOST
SIM-02937	Benign	CORE_HR	PALB2	1.48733	WT_LOST
SIM-02938	Benign	CORE_HR	PALB2	-1.527243	NOT_WT_LOST
SIM-02939	Benign	CORE_HR	RAD51C	0.444572	WT_LOST
SIM-02940	Benign	CORE_HR	PALB2	-2.401311	NOT_WT_LOST
SIM-02941	Benign	CORE_HR	RAD54L	-2.912416	NOT_WT_LOST
SIM-02942	Benign	CORE_HR	RAD51B	-0.083187	WT_LOST
SIM-02943	Benign	CORE_HR	PALB2	-1.723918	NOT_WT_LOST
SIM-02944	Benign	CORE_HR	PALB2	0.246157	NOT_WT_LOST
SIM-02945	Benign	CORE_HR	PALB2	0.381574	WT_LOST
SIM-02946	Benign	CORE_HR	RAD51C	0.312196	WT_LOST
SIM-02947	Benign	CORE_HR	RAD54L	-1.345759	NOT_WT_LOST
SIM-02948	Benign	CORE_HR	BRCA1	0.592336	NOT_WT_LOST
SIM-02949	Benign	CORE_HR	BARD1	1.15185	WT_LOST
SIM-02950	Benign	CORE_HR	RAD51B	-1.966657	NOT_WT_LOST
SIM-02951	Benign	CORE_HR	RAD54L	-0.006884	WT_LOST
SIM-02952	Benign	CORE_HR	RAD51B	-0.036572	WT_LOST
SIM-02953	Benign	CORE_HR	BARD1	-1.798652	NOT_WT_LOST
SIM-02954	Benign	CORE_HR	RAD51D	-0.810495	NOT_WT_LOST
SIM-02955	Benign	CORE_HR	BRCA2	-1.381542	NOT_WT_LOST
SIM-02956	Benign	CORE_HR	BRCA2	-0.905264	NOT_WT_LOST
SIM-02957	Benign	CORE_HR	RAD51D	-0.431553	NOT_WT_LOST
SIM-02958	Benign	CORE_HR	RAD51D	-2.754882	NOT_WT_LOST
SIM-02959	Benign	CORE_HR	RAD51C	-1.218839	NOT_WT_LOST
SIM-02960	Benign	CORE_HR	BRCA2	-1.009253	WT_LOST
SIM-02961	Benign	CORE_HR	PALB2	-0.879286	NOT_WT_LOST
SIM-02962	Benign	CORE_HR	RAD54L	-1.062955	NOT_WT_LOST
SIM-02963	Benign	CORE_HR	BRCA2	0.7998	NOT_WT_LOST
SIM-02964	Benign	CORE_HR	PALB2	-2.195529	NOT_WT_LOST
SIM-02965	Benign	CORE_HR	PALB2	-1.138749	NOT_WT_LOST
SIM-02966	Benign	CORE_HR	RAD51B	0.660537	WT_LOST
SIM-02967	Benign	CORE_HR	BRIP1	-1.102732	NOT_WT_LOST
SIM-02968	Benign	CORE_HR	RAD51C	-0.917059	NOT_WT_LOST
SIM-02969	Benign	CORE_HR	BRCA2	-0.748562	NOT_WT_LOST
SIM-02970	Benign	CORE_HR	BRCA1	-0.86303	WT_LOST
SIM-02971	Benign	CORE_HR	BRCA1	-0.930653	NOT_WT_LOST
SIM-02972	Benign	CORE_HR	BRCA2	-0.132027	NOT_WT_LOST
SIM-02973	Benign	CORE_HR	BARD1	-1.946904	NOT_WT_LOST
SIM-02974	Benign	CORE_HR	PALB2	-2.096027	NOT_WT_LOST
SIM-02975	Benign	CORE_HR	BRCA1	-2.082439	NOT_WT_LOST
SIM-02976	Benign	CORE_HR	RAD51C	0.228318	WT_LOST
SIM-02977	Benign	CORE_HR	BARD1	-0.935899	NOT_WT_LOST
SIM-02978	Benign	CORE_HR	RAD54L	-1.290285	NOT_WT_LOST
SIM-02979	Benign	CORE_HR	BARD1	-0.621296	NOT_WT_LOST
SIM-02980	Benign	CORE_HR	BRCA2	0.667274	WT_LOST
SIM-02981	Benign	CORE_HR	RAD54L	-0.37713	NOT_WT_LOST
SIM-02982	Benign	CORE_HR	BRCA2	-0.141747	NOT_WT_LOST
SIM-02983	Benign	CORE_HR	RAD54L	-0.490402	NOT_WT_LOST
SIM-02984	Benign	CORE_HR	RAD51B	-1.280558	WT_LOST
SIM-02985	Benign	CORE_HR	PALB2	-1.629377	NOT_WT_LOST
SIM-02986	Benign	CORE_HR	RAD54L	0.501826	WT_LOST
SIM-02987	Benign	CORE_HR	BRIP1	0.759089	WT_LOST
SIM-02988	Benign	CORE_HR	RAD54L	-1.73925	NOT_WT_LOST
SIM-02989	Benign	CORE_HR	BRIP1	-0.933538	WT_LOST
SIM-02990	Benign	CORE_HR	RAD51D	-1.182786	NOT_WT_LOST
SIM-02991	Benign	CORE_HR	BARD1	-0.9367	NOT_WT_LOST
SIM-02992	Benign	CORE_HR	BRCA1	-0.96322	NOT_WT_LOST
SIM-02993	Benign	CORE_HR	PALB2	-0.5124	NOT_WT_LOST
SIM-02994	Benign	CORE_HR	BRIP1	-0.223219	NOT_WT_LOST
SIM-02995	Benign	CORE_HR	PALB2	0.231116	WT_LOST
SIM-02996	Benign	CORE_HR	BRCA2	-1.990437	NOT_WT_LOST
SIM-02997	Benign	CORE_HR	PALB2	-0.483789	NOT_WT_LOST
SIM-02998	Benign	CORE_HR	RAD51C	0.64281	NOT_WT_LOST
SIM-02999	Benign	CORE_HR	RAD51C	0.044849	NOT_WT_LOST
SIM-03000	Benign	CORE_HR	PALB2	-0.201645	NOT_WT_LOST
SIM-03001	Benign	CORE_HR	RAD51B	-0.88209	NOT_WT_LOST
SIM-03002	Benign	CORE_HR	BRCA1	-0.690973	WT_LOST
SIM-03003	Benign	CORE_HR	BRIP1	-3.378014	NOT_WT_LOST
SIM-03004	Benign	CORE_HR	BRCA2	0.982179	NOT_WT_LOST
SIM-03005	Benign	CORE_HR	RAD51B	-1.183024	NOT_WT_LOST
SIM-03006	Benign	CORE_HR	PALB2	-1.500808	NOT_WT_LOST
SIM-03007	Benign	CORE_HR	RAD51D	-1.820652	NOT_WT_LOST
SIM-03008	Benign	CORE_HR	RAD51C	-0.403912	NOT_WT_LOST
SIM-03009	Benign	CORE_HR	BARD1	-0.145855	NOT_WT_LOST
SIM-03010	Benign	CORE_HR	RAD51D	-0.741338	NOT_WT_LOST
SIM-03011	Benign	CORE_HR	RAD51B	-2.418542	NOT_WT_LOST
SIM-03012	Benign	CORE_HR	BARD1	-2.013987	NOT_WT_LOST
SIM-03013	Benign	CORE_HR	RAD51D	-0.774334	NOT_WT_LOST
SIM-03014	Benign	CORE_HR	RAD51B	-1.862815	NOT_WT_LOST
SIM-03015	Benign	CORE_HR	RAD51D	-1.935954	NOT_WT_LOST
SIM-03016	Benign	CORE_HR	BRCA1	-1.845584	NOT_WT_LOST
SIM-03017	Benign	CORE_HR	BRCA1	-1.072084	WT_LOST
SIM-03018	Benign	CORE_HR	BRCA2	-2.512986	NOT_WT_LOST
SIM-03019	Benign	CORE_HR	RAD54L	-0.873637	NOT_WT_LOST
SIM-03020	Benign	CORE_HR	RAD51D	-2.371316	NOT_WT_LOST
SIM-03021	Benign	CORE_HR	RAD51C	0.068879	NOT_WT_LOST
SIM-03022	Benign	CORE_HR	PALB2	-0.749982	NOT_WT_LOST
SIM-03023	Benign	CORE_HR	PALB2	-0.905189	NOT_WT_LOST
SIM-03024	Benign	CORE_HR	PALB2	-0.248854	NOT_WT_LOST
SIM-03025	Benign	CORE_HR	BARD1	-1.172196	NOT_WT_LOST
SIM-03026	Benign	CORE_HR	RAD54L	-2.677012	NOT_WT_LOST
SIM-03027	Benign	CORE_HR	BRCA2	-2.083173	NOT_WT_LOST
SIM-03028	Benign	CORE_HR	BARD1	-2.386616	NOT_WT_LOST
SIM-03029	Benign	CORE_HR	BRCA2	-0.731668	NOT_WT_LOST
SIM-03030	Benign	CORE_HR	RAD51D	-1.041423	NOT_WT_LOST
SIM-03031	Benign	CORE_HR	RAD51B	-0.832869	NOT_WT_LOST
SIM-03032	Benign	CORE_HR	BRCA2	-1.332465	NOT_WT_LOST
SIM-03033	Benign	CORE_HR	RAD51C	-0.636958	NOT_WT_LOST
SIM-03034	Benign	CORE_HR	BRCA2	-1.808818	NOT_WT_LOST
SIM-03035	Benign	CORE_HR	BARD1	-2.35626	NOT_WT_LOST
SIM-03036	Benign	CORE_HR	PALB2	-1.625188	NOT_WT_LOST
SIM-03037	Benign	CORE_HR	BRCA1	0.3258	WT_LOST
SIM-03038	Benign	CORE_HR	PALB2	-0.866398	NOT_WT_LOST
SIM-03039	Benign	CORE_HR	BRIP1	-1.087024	NOT_WT_LOST
SIM-03040	Benign	CORE_HR	BARD1	0.349436	NOT_WT_LOST
SIM-03041	Benign	CORE_HR	RAD54L	0.413803	NOT_WT_LOST
SIM-03042	Benign	CORE_HR	RAD51D	-0.828754	NOT_WT_LOST
SIM-03043	Benign	CORE_HR	BARD1	-0.199974	WT_LOST
SIM-03044	Benign	CORE_HR	BRIP1	-1.111317	NOT_WT_LOST
SIM-03045	Benign	CORE_HR	BRIP1	-2.280252	NOT_WT_LOST
SIM-03046	Benign	CORE_HR	RAD54L	0.106636	NOT_WT_LOST
SIM-03047	Benign	CORE_HR	PALB2	0.580038	WT_LOST
SIM-03048	Benign	CORE_HR	RAD51C	-1.801775	NOT_WT_LOST
SIM-03049	Benign	CORE_HR	RAD51C	-2.470354	NOT_WT_LOST
SIM-03050	Benign	CORE_HR	RAD54L	-0.68693	WT_LOST
SIM-03051	Benign	CORE_HR	BARD1	-1.350293	NOT_WT_LOST
SIM-03052	Benign	CORE_HR	RAD51B	-0.828509	NOT_WT_LOST
SIM-03053	Benign	CORE_HR	RAD51B	-1.819236	NOT_WT_LOST
SIM-03054	Benign	CORE_HR	RAD54L	-0.94227	NOT_WT_LOST
SIM-03055	Benign	CORE_HR	BRCA1	-0.146117	NOT_WT_LOST
SIM-03056	Benign	CORE_HR	RAD51D	-0.79977	NOT_WT_LOST
SIM-03057	Benign	CORE_HR	BRIP1	-0.117881	NOT_WT_LOST
SIM-03058	Benign	CORE_HR	PALB2	-0.393868	WT_LOST
SIM-03059	Benign	CORE_HR	BRCA1	-1.67859	NOT_WT_LOST
SIM-03060	Benign	CORE_HR	RAD51B	0.141263	WT_LOST
SIM-03061	Benign	CORE_HR	BARD1	0.105092	WT_LOST
SIM-03062	Benign	CORE_HR	RAD51B	-0.728508	NOT_WT_LOST
SIM-03063	Benign	CORE_HR	BARD1	-1.414077	NOT_WT_LOST
SIM-03064	Benign	CORE_HR	RAD54L	-0.448566	WT_LOST
SIM-03065	Benign	CORE_HR	RAD51B	-0.975518	WT_LOST
SIM-03066	Benign	CORE_HR	RAD51C	0.227726	WT_LOST
SIM-03067	Benign	CORE_HR	RAD51B	-0.921467	NOT_WT_LOST
SIM-03068	Benign	CORE_HR	RAD54L	-2.364226	WT_LOST
SIM-03069	Benign	CORE_HR	RAD54L	-1.582587	WT_LOST
SIM-03070	Benign	CORE_HR	BRCA2	-1.103468	WT_LOST
SIM-03071	Benign	CORE_HR	RAD51D	-2.288263	WT_LOST
SIM-03072	Benign	CORE_HR	RAD51C	-1.249577	WT_LOST
SIM-03073	Benign	CORE_HR	BRCA2	-1.810611	NOT_EVALUABLE
SIM-03074	Benign	CORE_HR	BRCA2	-0.682731	NOT_EVALUABLE
SIM-03075	Benign	CORE_HR	RAD51B	-0.28696	NOT_EVALUABLE
SIM-03076	Benign	CORE_HR	BRIP1	-2.765914	NOT_EVALUABLE
SIM-03077	Benign	CORE_HR	RAD54L	-0.822242	NOT_EVALUABLE
SIM-03078	Benign	CORE_HR	BRIP1	-1.731613	NOT_EVALUABLE
SIM-03079	Benign	CORE_HR	BARD1	0.344069	NOT_EVALUABLE
SIM-03080	Benign	CORE_HR	PALB2	-0.916371	NOT_EVALUABLE
SIM-03081	Benign	CORE_HR	RAD51B	-1.286866	NOT_WT_LOST
SIM-03082	Benign	CORE_HR	RAD51B	-0.105756	NOT_WT_LOST
SIM-03083	Benign	CORE_HR	PALB2	-0.861129	NOT_WT_LOST
SIM-03084	Benign	CORE_HR	RAD54L	-0.106832	NOT_WT_LOST
SIM-03085	Benign	CORE_HR	BARD1	0.035317	NOT_WT_LOST
SIM-03086	Benign	CORE_HR	BARD1	-1.503131	NOT_WT_LOST
SIM-03087	Benign	CORE_HR	RAD54L	-1.07298	NOT_WT_LOST
SIM-03088	Benign	CORE_HR	BARD1	-1.620638	NOT_WT_LOST
SIM-03089	Benign	CORE_HR	RAD51C	0.097747	NOT_WT_LOST
SIM-03090	Benign	CORE_HR	BRCA2	-1.21355	NOT_WT_LOST
SIM-03091	Benign	CORE_HR	RAD51D	-2.834567	NOT_WT_LOST
SIM-03092	Benign	CORE_HR	RAD51C	-1.019477	NOT_WT_LOST
SIM-03093	Benign	CORE_HR	BRCA1	-1.668916	NOT_WT_LOST
SIM-03094	Benign	CORE_HR	PALB2	-2.37561	NOT_WT_LOST
SIM-03095	Benign	CORE_HR	BARD1	-0.700134	WT_LOST
SIM-03096	Benign	CORE_HR	BRCA2	-0.906213	NOT_WT_LOST
SIM-03097	Benign	CORE_HR	RAD54L	-2.083503	NOT_WT_LOST
SIM-03098	Benign	CORE_HR	BARD1	-3.436551	NOT_WT_LOST
SIM-03099	Benign	CORE_HR	BRIP1	-2.689134	NOT_WT_LOST
SIM-03100	Benign	CORE_HR	BARD1	-2.143212	NOT_WT_LOST
SIM-03101	Benign	CORE_HR	BRCA2	-0.746722	NOT_WT_LOST
SIM-03102	Benign	CORE_HR	BARD1	-0.427607	WT_LOST
SIM-03103	Benign	CORE_HR	BRIP1	-0.567921	NOT_WT_LOST
SIM-03104	Benign	CORE_HR	RAD51C	-1.202775	NOT_WT_LOST
SIM-03105	Benign	CORE_HR	BRIP1	0.437168	WT_LOST
SIM-03106	Benign	CORE_HR	BRCA1	-0.041974	NOT_WT_LOST
SIM-03107	Benign	CORE_HR	BRCA1	-1.217761	NOT_WT_LOST
SIM-03108	Benign	CORE_HR	BRIP1	-0.453113	NOT_WT_LOST
SIM-03109	Benign	CORE_HR	BRCA1	0.203871	NOT_WT_LOST
SIM-03110	Benign	CORE_HR	BRCA1	-2.745819	NOT_WT_LOST
SIM-03111	Benign	CORE_HR	BRIP1	-2.18992	NOT_WT_LOST
SIM-03112	Benign	CORE_HR	BRCA2	-1.444471	NOT_WT_LOST
SIM-03113	Benign	CORE_HR	BRCA1	-3.006278	NOT_WT_LOST
SIM-03114	Benign	CORE_HR	BRIP1	-1.384836	NOT_WT_LOST
SIM-03115	Benign	CORE_HR	RAD51D	-3.492426	NOT_WT_LOST
SIM-03116	Benign	CORE_HR	BRIP1	-1.009599	NOT_WT_LOST
SIM-03117	Benign	CORE_HR	BARD1	-1.247194	NOT_WT_LOST
SIM-03118	Benign	CORE_HR	BRIP1	-1.076717	NOT_WT_LOST
SIM-03119	Benign	CORE_HR	RAD51B	0.597215	WT_LOST
SIM-03120	Benign	CORE_HR	BRIP1	0.957609	WT_LOST
SIM-03121	Benign	CORE_HR	BRCA2	-1.858835	NOT_WT_LOST
SIM-03122	Benign	CORE_HR	BRCA2	-1.101837	WT_LOST
SIM-03123	Benign	CORE_HR	PALB2	0.057081	NOT_WT_LOST
SIM-03124	Benign	CORE_HR	BRCA1	0.894044	WT_LOST
SIM-03125	Benign	CORE_HR	PALB2	-1.886556	NOT_WT_LOST
SIM-03126	Benign	CORE_HR	BRIP1	-2.438879	NOT_WT_LOST
SIM-03127	Benign	CORE_HR	RAD51B	-1.477186	NOT_WT_LOST
SIM-03128	Benign	CORE_HR	BRIP1	0.685696	NOT_WT_LOST
SIM-03129	Benign	CORE_HR	BRCA2	-0.345995	NOT_WT_LOST
SIM-03130	Benign	CORE_HR	PALB2	-0.496817	NOT_WT_LOST
SIM-03131	Benign	CORE_HR	BARD1	-0.387721	NOT_WT_LOST
SIM-03132	Benign	CORE_HR	BRIP1	-0.669094	WT_LOST
SIM-03133	Benign	CORE_HR	RAD54L	-1.202265	NOT_WT_LOST
SIM-03134	Benign	CORE_HR	BRCA1	-1.791744	NOT_WT_LOST
SIM-03135	Benign	CORE_HR	PALB2	-0.588628	NOT_WT_LOST
SIM-03136	Benign	CORE_HR	PALB2	-2.018539	NOT_WT_LOST
SIM-03137	Benign	CORE_HR	RAD51B	-2.112201	NOT_WT_LOST
SIM-03138	Benign	CORE_HR	BRCA2	0.231418	WT_LOST
SIM-03139	Benign	CORE_HR	BARD1	-0.80064	NOT_WT_LOST
SIM-03140	Benign	CORE_HR	RAD51C	0.117147	NOT_WT_LOST
SIM-03141	Benign	CORE_HR	RAD51C	-0.440369	WT_LOST
SIM-03142	Benign	CORE_HR	BRIP1	-1.863321	NOT_WT_LOST
SIM-03143	Benign	CORE_HR	BRIP1	0.281024	WT_LOST
SIM-03144	Benign	CORE_HR	RAD51C	-1.381766	NOT_WT_LOST
SIM-03145	Benign	CORE_HR	RAD51C	-1.808381	NOT_WT_LOST
SIM-03146	Benign	CORE_HR	RAD51D	-1.516794	NOT_WT_LOST
SIM-03147	Benign	CORE_HR	PALB2	-2.717908	NOT_WT_LOST
SIM-03148	Benign	CORE_HR	BRCA2	0.482895	NOT_WT_LOST
SIM-03149	Benign	CORE_HR	BRCA1	-0.614181	NOT_WT_LOST
SIM-03150	Benign	CORE_HR	RAD54L	0.157929	NOT_WT_LOST
SIM-03151	Benign	CORE_HR	PALB2	-2.887496	NOT_WT_LOST
SIM-03152	Benign	CORE_HR	RAD54L	-1.057932	NOT_WT_LOST
SIM-03153	Benign	CORE_HR	RAD51C	-1.274132	NOT_WT_LOST
SIM-03154	Benign	CORE_HR	BRCA1	-1.81576	NOT_WT_LOST
SIM-03155	Benign	CORE_HR	PALB2	-1.719888	NOT_WT_LOST
SIM-03156	Benign	CORE_HR	BARD1	-0.593746	NOT_WT_LOST
SIM-03157	Benign	CORE_HR	RAD51C	-0.505572	NOT_WT_LOST
SIM-03158	Benign	CORE_HR	BARD1	-1.775923	NOT_WT_LOST
SIM-03159	Benign	CORE_HR	RAD54L	-0.737345	NOT_WT_LOST
SIM-03160	Benign	CORE_HR	RAD51B	-1.895919	NOT_WT_LOST
SIM-03161	Benign	CORE_HR	BRIP1	0.253672	WT_LOST
SIM-03162	Benign	CORE_HR	RAD51D	-0.824692	NOT_WT_LOST
SIM-03163	Benign	CORE_HR	RAD51B	-1.863362	NOT_WT_LOST
SIM-03164	Benign	CORE_HR	BRCA1	-0.364388	WT_LOST
SIM-03165	Benign	CORE_HR	RAD51B	-0.82244	NOT_WT_LOST
SIM-03166	Benign	CORE_HR	BRIP1	-1.480962	NOT_WT_LOST
SIM-03167	Benign	CORE_HR	RAD54L	-3.371532	NOT_WT_LOST
SIM-03168	Benign	CORE_HR	RAD51C	0.883876	NOT_WT_LOST
SIM-03169	Benign	CORE_HR	RAD51B	-2.93093	NOT_WT_LOST
SIM-03170	Benign	CORE_HR	PALB2	-2.528567	NOT_WT_LOST
SIM-03171	Benign	CORE_HR	BRIP1	-2.902497	NOT_WT_LOST
SIM-03172	Benign	CORE_HR	BRIP1	-0.742252	NOT_WT_LOST
SIM-03173	Benign	CORE_HR	RAD51D	-1.237299	NOT_WT_LOST
SIM-03174	Benign	CORE_HR	BRCA2	-2.340677	NOT_WT_LOST
SIM-03175	Benign	CORE_HR	RAD51B	-2.208823	NOT_WT_LOST
SIM-03176	Benign	CORE_HR	RAD51C	0.079985	NOT_WT_LOST
SIM-03177	Benign	CORE_HR	RAD54L	-1.299545	NOT_WT_LOST
SIM-03178	Benign	CORE_HR	RAD51C	-1.45286	NOT_WT_LOST
SIM-03179	Benign	CORE_HR	RAD51B	-1.175614	NOT_WT_LOST
SIM-03180	Benign	CORE_HR	RAD51B	-0.583264	NOT_WT_LOST
SIM-03181	Benign	CORE_HR	BRIP1	-1.055586	NOT_WT_LOST
SIM-03182	Benign	CORE_HR	BARD1	-1.720807	NOT_WT_LOST
SIM-03183	Benign	CORE_HR	BRCA2	-0.498054	NOT_WT_LOST
SIM-03184	Benign	CORE_HR	BRIP1	-0.558982	NOT_WT_LOST
SIM-03185	Benign	CORE_HR	RAD51D	-3.110289	NOT_WT_LOST
SIM-03186	Benign	CORE_HR	RAD51C	-2.158862	NOT_WT_LOST
SIM-03187	Benign	CORE_HR	PALB2	-1.613438	NOT_WT_LOST
SIM-03188	Benign	CORE_HR	BARD1	-0.90505	NOT_WT_LOST
SIM-03189	Benign	CORE_HR	PALB2	0.270587	NOT_WT_LOST
SIM-03190	Benign	CORE_HR	BRCA1	-2.459472	NOT_WT_LOST
SIM-03191	Benign	CORE_HR	BRCA1	-0.661489	WT_LOST
SIM-03192	Benign	CORE_HR	BARD1	-1.107843	NOT_WT_LOST
SIM-03193	Benign	CORE_HR	RAD51C	1.908515	NOT_WT_LOST
SIM-03194	Benign	CORE_HR	RAD51D	-1.524857	NOT_WT_LOST
SIM-03195	Benign	CORE_HR	BRCA2	-0.259382	WT_LOST
SIM-03196	Benign	CORE_HR	RAD51B	-0.690375	WT_LOST
SIM-03197	Benign	CORE_HR	BRIP1	-0.523441	NOT_WT_LOST
SIM-03198	Benign	CORE_HR	BRCA2	-0.74675	NOT_WT_LOST
SIM-03199	Benign	CORE_HR	BRCA1	-1.477062	NOT_WT_LOST
SIM-03200	Benign	CORE_HR	RAD51B	-2.223625	NOT_WT_LOST
SIM-03201	Benign	CORE_HR	RAD51B	0.272833	NOT_WT_LOST
SIM-03202	Benign	CORE_HR	RAD51C	-1.121973	NOT_WT_LOST
SIM-03203	Benign	CORE_HR	BRCA2	-2.920847	NOT_WT_LOST
SIM-03204	Benign	CORE_HR	RAD51D	1.122116	WT_LOST
SIM-03205	Benign	CORE_HR	RAD54L	-0.883326	NOT_WT_LOST
SIM-03206	Benign	CORE_HR	BRCA2	-0.02302	WT_LOST
SIM-03207	Benign	CORE_HR	BRIP1	-2.897418	NOT_WT_LOST
SIM-03208	Benign	CORE_HR	BRCA1	-1.02628	NOT_WT_LOST
SIM-03209	Benign	CORE_HR	RAD54L	-0.584348	NOT_WT_LOST
SIM-03210	Benign	CORE_HR	RAD51C	-2.3869	NOT_WT_LOST
SIM-03211	Benign	CORE_HR	BRIP1	-0.666959	NOT_WT_LOST
SIM-03212	Benign	CORE_HR	BRCA2	-1.401164	NOT_WT_LOST
SIM-03213	Benign	CORE_HR	RAD51C	-1.342897	NOT_WT_LOST
SIM-03214	Benign	CORE_HR	RAD51B	-1.80731	NOT_WT_LOST
SIM-03215	Benign	CORE_HR	BARD1	-2.599827	NOT_WT_LOST
SIM-03216	Benign	CORE_HR	RAD51D	0.409795	NOT_WT_LOST
SIM-03217	Benign	CORE_HR	RAD51D	-1.497554	NOT_WT_LOST
SIM-03218	Benign	CORE_HR	RAD51B	-1.429073	NOT_WT_LOST
SIM-03219	Benign	CORE_HR	BRIP1	-0.939882	NOT_WT_LOST
SIM-03220	Benign	CORE_HR	RAD51C	-1.223597	NOT_WT_LOST
SIM-03221	Benign	CORE_HR	BRCA1	0.449871	NOT_WT_LOST
SIM-03222	Benign	CORE_HR	BRCA1	-1.339072	NOT_WT_LOST
SIM-03223	Benign	CORE_HR	BARD1	-1.407793	NOT_WT_LOST
SIM-03224	Benign	CORE_HR	RAD51C	-2.071214	NOT_WT_LOST
SIM-03225	Benign	CORE_HR	RAD51B	-0.943133	NOT_WT_LOST
SIM-03226	Benign	CORE_HR	PALB2	-1.292372	NOT_WT_LOST
SIM-03227	Benign	CORE_HR	PALB2	0.558776	WT_LOST
SIM-03228	Benign	CORE_HR	PALB2	-3.069101	NOT_WT_LOST
SIM-03229	Benign	CORE_HR	PALB2	-1.266946	NOT_WT_LOST
SIM-03230	Benign	CORE_HR	BRCA1	-1.293902	NOT_WT_LOST
SIM-03231	Benign	CORE_HR	BRCA2	-1.610972	NOT_WT_LOST
SIM-03232	Benign	CORE_HR	RAD51B	-2.116037	NOT_WT_LOST
SIM-03233	Benign	CORE_HR	PALB2	-1.603359	NOT_WT_LOST
SIM-03234	Benign	CORE_HR	RAD54L	-1.097239	NOT_WT_LOST
SIM-03235	Benign	CORE_HR	BRCA1	-1.330749	NOT_WT_LOST
SIM-03236	Benign	CORE_HR	RAD51C	-0.821764	NOT_WT_LOST
SIM-03237	Benign	CORE_HR	BRCA2	-0.733276	NOT_WT_LOST
SIM-03238	Benign	CORE_HR	RAD51D	-0.519014	WT_LOST
SIM-03239	Benign	CORE_HR	BRCA2	-1.175068	NOT_WT_LOST
SIM-03240	Benign	CORE_HR	RAD54L	-2.277878	NOT_WT_LOST
SIM-03241	Benign	CORE_HR	BRCA1	-0.318673	WT_LOST
SIM-03242	Benign	CORE_HR	RAD51B	0.043005	NOT_WT_LOST
SIM-03243	Benign	CORE_HR	BARD1	-2.019621	WT_LOST
SIM-03244	Benign	CORE_HR	RAD51C	-1.580555	NOT_WT_LOST
SIM-03245	Benign	CORE_HR	RAD54L	-0.068199	NOT_WT_LOST
SIM-03246	Benign	CORE_HR	RAD51B	-1.229022	NOT_WT_LOST
SIM-03247	Benign	CORE_HR	PALB2	-2.275263	NOT_WT_LOST
SIM-03248	Benign	CORE_HR	RAD51B	-0.849046	NOT_WT_LOST
SIM-03249	Benign	CORE_HR	BRCA2	-0.877786	NOT_WT_LOST
SIM-03250	Benign	CORE_HR	BRIP1	1.00544	WT_LOST
SIM-03251	Benign	CORE_HR	RAD51D	-1.773028	NOT_WT_LOST
SIM-03252	Benign	CORE_HR	PALB2	-2.436328	NOT_WT_LOST
SIM-03253	Benign	CORE_HR	BRIP1	-1.17883	NOT_WT_LOST
SIM-03254	Benign	CORE_HR	BRCA2	-1.525409	NOT_WT_LOST
SIM-03255	Benign	CORE_HR	BRCA2	0.200363	WT_LOST
SIM-03256	Benign	CORE_HR	RAD51C	0.531563	WT_LOST
SIM-03257	Benign	CORE_HR	RAD51C	-0.459418	NOT_WT_LOST
SIM-03258	Benign	CORE_HR	RAD51C	0.716603	WT_LOST
SIM-03259	Benign	CORE_HR	BRCA2	-1.580765	NOT_WT_LOST
SIM-03260	Benign	CORE_HR	RAD51C	0.622142	WT_LOST
SIM-03261	Benign	CORE_HR	BARD1	0.223566	NOT_WT_LOST
SIM-03262	Benign	CORE_HR	RAD54L	0.359783	NOT_WT_LOST
SIM-03263	Benign	CORE_HR	BARD1	-1.067386	NOT_WT_LOST
SIM-03264	Benign	CORE_HR	RAD51C	-2.913004	NOT_WT_LOST
SIM-03265	Benign	CORE_HR	BRCA1	-0.408099	NOT_WT_LOST
SIM-03266	Benign	CORE_HR	RAD54L	0.31862	WT_LOST
SIM-03267	Benign	CORE_HR	PALB2	-3.399764	NOT_WT_LOST
SIM-03268	Benign	CORE_HR	RAD51C	-1.771264	NOT_WT_LOST
SIM-03269	Benign	CORE_HR	RAD54L	-0.662846	NOT_WT_LOST
SIM-03270	Benign	CORE_HR	BRCA1	-1.998673	NOT_WT_LOST
SIM-03271	Benign	CORE_HR	BRCA2	0.142932	NOT_WT_LOST
SIM-03272	Benign	CORE_HR	BARD1	-1.619862	NOT_WT_LOST
SIM-03273	Benign	CORE_HR	RAD54L	-1.534269	NOT_WT_LOST
SIM-03274	Benign	CORE_HR	BRCA1	0.324777	NOT_WT_LOST
SIM-03275	Benign	CORE_HR	BRIP1	-2.036107	NOT_WT_LOST
SIM-03276	Benign	CORE_HR	BRCA1	-1.019608	NOT_WT_LOST
SIM-03277	Benign	CORE_HR	BRIP1	-0.412525	NOT_WT_LOST
SIM-03278	Benign	CORE_HR	BARD1	-0.686701	NOT_WT_LOST
SIM-03279	Benign	CORE_HR	RAD51B	-1.56831	NOT_WT_LOST
SIM-03280	Benign	CORE_HR	BRCA1	0.257265	WT_LOST
SIM-03281	Benign	CORE_HR	RAD51D	0.310196	WT_LOST
SIM-03282	Benign	CORE_HR	BARD1	0.624633	WT_LOST
SIM-03283	Benign	CORE_HR	PALB2	-1.507878	NOT_WT_LOST
SIM-03284	Benign	CORE_HR	BRCA2	-0.408835	NOT_WT_LOST
SIM-03285	Benign	CORE_HR	RAD51B	-0.24783	NOT_WT_LOST
SIM-03286	Benign	CORE_HR	RAD51B	-2.994649	NOT_WT_LOST
SIM-03287	Benign	CORE_HR	RAD51C	-1.051843	NOT_WT_LOST
SIM-03288	Benign	CORE_HR	BRCA1	-0.187214	WT_LOST
SIM-03289	Benign	CORE_HR	BARD1	-1.670621	NOT_WT_LOST
SIM-03290	Benign	CORE_HR	RAD51C	0.447614	NOT_WT_LOST
SIM-03291	Benign	CORE_HR	RAD51C	-1.429628	NOT_WT_LOST
SIM-03292	Benign	CORE_HR	RAD51C	-1.620214	NOT_WT_LOST
SIM-03293	Benign	CORE_HR	RAD51C	-3.486037	NOT_WT_LOST
SIM-03294	Benign	CORE_HR	PALB2	-0.245675	NOT_WT_LOST
SIM-03295	Benign	CORE_HR	RAD51D	1.5925	WT_LOST
SIM-03296	Benign	CORE_HR	BRCA2	0.516384	WT_LOST
SIM-03297	Benign	CORE_HR	BRCA1	-1.985499	NOT_WT_LOST
SIM-03298	Benign	CORE_HR	BRCA2	-1.933894	NOT_WT_LOST
SIM-03299	Benign	CORE_HR	RAD51C	-0.808743	NOT_WT_LOST
SIM-03300	Benign	CORE_HR	RAD51B	-2.731284	NOT_WT_LOST
SIM-03301	Benign	CORE_HR	RAD51B	0.346925	NOT_WT_LOST
SIM-03302	Benign	CORE_HR	BARD1	-2.440992	NOT_WT_LOST
SIM-03303	Benign	CORE_HR	RAD54L	-1.051038	NOT_WT_LOST
SIM-03304	Benign	CORE_HR	RAD54L	-2.125434	NOT_WT_LOST
SIM-03305	Benign	CORE_HR	RAD51C	-1.140325	NOT_WT_LOST
SIM-03306	Benign	CORE_HR	PALB2	-2.212158	NOT_WT_LOST
SIM-03307	Benign	CORE_HR	BRIP1	-0.520108	NOT_WT_LOST
SIM-03308	Benign	CORE_HR	BRIP1	-1.954438	NOT_WT_LOST
SIM-03309	Benign	CORE_HR	RAD54L	-1.666773	NOT_WT_LOST
SIM-03310	Benign	CORE_HR	BRCA2	-1.423839	NOT_WT_LOST
SIM-03311	Benign	CORE_HR	BRIP1	-1.886906	NOT_WT_LOST
SIM-03312	Benign	CORE_HR	BARD1	-1.731811	NOT_WT_LOST
SIM-03313	Benign	CORE_HR	BRCA1	-2.784954	NOT_WT_LOST
SIM-03314	Benign	CORE_HR	RAD54L	-3.375657	NOT_WT_LOST
SIM-03315	Benign	CORE_HR	BARD1	-1.875922	NOT_WT_LOST
SIM-03316	Benign	CORE_HR	RAD51C	-2.934266	NOT_WT_LOST
SIM-03317	Benign	CORE_HR	BRCA2	-2.252165	NOT_WT_LOST
SIM-03318	Benign	CORE_HR	BRIP1	-0.453767	NOT_WT_LOST
SIM-03319	Benign	CORE_HR	BRCA2	-1.116582	NOT_WT_LOST
SIM-03320	Benign	CORE_HR	RAD51B	-0.949982	NOT_WT_LOST
SIM-03321	Benign	CORE_HR	RAD51B	-0.925773	NOT_WT_LOST
SIM-03322	Benign	CORE_HR	RAD51B	-1.877977	NOT_WT_LOST
SIM-03323	Benign	CORE_HR	BARD1	-1.932075	NOT_WT_LOST
SIM-03324	Benign	CORE_HR	RAD51B	0.214878	NOT_WT_LOST
SIM-03325	Benign	CORE_HR	BRIP1	-0.206535	NOT_WT_LOST
SIM-03326	Benign	CORE_HR	BARD1	0.53399	WT_LOST
SIM-03327	Benign	CORE_HR	BARD1	-1.100938	NOT_WT_LOST
SIM-03328	Benign	CORE_HR	BARD1	-0.46494	NOT_WT_LOST
SIM-03329	Benign	CORE_HR	BRCA2	-2.412866	NOT_WT_LOST
SIM-03330	Benign	CORE_HR	BARD1	-1.823112	NOT_WT_LOST
SIM-03331	Benign	CORE_HR	BARD1	-1.284491	WT_LOST
SIM-03332	Benign	CORE_HR	BRCA1	-0.538891	NOT_WT_LOST
SIM-03333	Benign	CORE_HR	BRIP1	-0.711726	NOT_WT_LOST
SIM-03334	Benign	CORE_HR	BRCA2	-0.379262	NOT_WT_LOST
SIM-03335	Benign	CORE_HR	BRCA1	-1.546813	NOT_WT_LOST
SIM-03336	Benign	CORE_HR	PALB2	-0.532846	NOT_WT_LOST
SIM-03337	Benign	CORE_HR	RAD51D	0.935797	WT_LOST
SIM-03338	Benign	CORE_HR	RAD54L	-1.334536	NOT_WT_LOST
SIM-03339	Benign	CORE_HR	BRCA2	-1.654949	NOT_WT_LOST
SIM-03340	Benign	CORE_HR	BRCA1	-0.925423	NOT_WT_LOST
SIM-03341	Benign	CORE_HR	RAD54L	-1.056099	NOT_WT_LOST
SIM-03342	Benign	CORE_HR	RAD51B	-0.524157	NOT_WT_LOST
SIM-03343	Benign	CORE_HR	RAD51C	-0.921036	NOT_WT_LOST
SIM-03344	Benign	CORE_HR	BRIP1	1.175402	WT_LOST
SIM-03345	Benign	CORE_HR	RAD51C	0.462838	WT_LOST
SIM-03346	Benign	CORE_HR	BRIP1	-2.485273	NOT_WT_LOST
SIM-03347	Benign	CORE_HR	PALB2	1.484483	WT_LOST
SIM-03348	Benign	CORE_HR	RAD51C	-0.770277	NOT_WT_LOST
SIM-03349	Benign	CORE_HR	BRIP1	-1.584773	NOT_WT_LOST
SIM-03350	Benign	CORE_HR	BRCA2	-1.531276	NOT_WT_LOST
SIM-03351	Benign	CORE_HR	BARD1	-2.374131	NOT_WT_LOST
SIM-03352	Benign	CORE_HR	RAD51C	0.239881	NOT_WT_LOST
SIM-03353	Benign	CORE_HR	BRIP1	0.658937	WT_LOST
SIM-03354	Benign	CORE_HR	BRCA1	-0.672206	NOT_WT_LOST
SIM-03355	Benign	CORE_HR	RAD51C	-1.654864	NOT_WT_LOST
SIM-03356	Benign	CORE_HR	RAD51D	0.051051	WT_LOST
SIM-03357	Benign	CORE_HR	PALB2	-0.445966	NOT_WT_LOST
SIM-03358	Benign	CORE_HR	PALB2	-0.309069	NOT_WT_LOST
SIM-03359	Benign	CORE_HR	BARD1	-1.453814	NOT_WT_LOST
SIM-03360	Benign	CORE_HR	RAD51C	-0.714303	WT_LOST
SIM-03361	Benign	CORE_HR	RAD51C	-0.264353	WT_LOST
SIM-03362	Benign	CORE_HR	PALB2	0.018787	NOT_WT_LOST
SIM-03363	Benign	CORE_HR	RAD51D	0.970378	WT_LOST
SIM-03364	Benign	CORE_HR	BRCA1	-2.069447	NOT_WT_LOST
SIM-03365	Benign	CORE_HR	BRIP1	-1.323374	NOT_WT_LOST
SIM-03366	Benign	CORE_HR	BARD1	-1.378722	NOT_WT_LOST
SIM-03367	Benign	CORE_HR	RAD51C	-1.174852	NOT_WT_LOST
SIM-03368	Benign	CORE_HR	RAD51D	-0.652033	NOT_WT_LOST
SIM-03369	Benign	CORE_HR	RAD51C	-1.377644	NOT_WT_LOST
SIM-03370	Benign	CORE_HR	BARD1	-1.612785	NOT_WT_LOST
SIM-03371	Benign	CORE_HR	BRCA2	-1.423259	NOT_WT_LOST
SIM-03372	Benign	CORE_HR	RAD51D	-2.089293	NOT_WT_LOST
SIM-03373	Benign	CORE_HR	RAD51B	0.870077	NOT_WT_LOST
SIM-03374	Benign	CORE_HR	BRIP1	-1.834568	NOT_WT_LOST
SIM-03375	Benign	CORE_HR	BRIP1	-1.520051	NOT_WT_LOST
SIM-03376	Benign	CORE_HR	PALB2	-1.169159	NOT_WT_LOST
SIM-03377	Benign	CORE_HR	BRCA1	0.058156	NOT_WT_LOST
SIM-03378	Benign	CORE_HR	BRCA1	-0.5183	NOT_WT_LOST
SIM-03379	Benign	CORE_HR	BRIP1	0.604559	WT_LOST
SIM-03380	Benign	CORE_HR	RAD51B	0.084593	WT_LOST
SIM-03381	Benign	CORE_HR	BRCA1	-0.003795	NOT_WT_LOST
SIM-03382	Benign	CORE_HR	BRCA1	-1.889215	NOT_WT_LOST
SIM-03383	Benign	CORE_HR	RAD51B	1.47935	WT_LOST
SIM-03384	Benign	CORE_HR	PALB2	0.873068	WT_LOST
SIM-03385	Benign	CORE_HR	BRIP1	-1.563431	NOT_WT_LOST
SIM-03386	Benign	CORE_HR	BRIP1	-0.576481	NOT_WT_LOST
SIM-03387	Benign	CORE_HR	RAD54L	-0.099958	WT_LOST
SIM-03388	Benign	CORE_HR	RAD51B	-1.860087	NOT_WT_LOST
SIM-03389	Benign	CORE_HR	BRCA1	-0.717061	NOT_WT_LOST
SIM-03390	Benign	CORE_HR	PALB2	-1.452136	NOT_WT_LOST
SIM-03391	Benign	CORE_HR	BARD1	-2.018382	NOT_WT_LOST
SIM-03392	Benign	CORE_HR	BRCA1	-0.702167	NOT_WT_LOST
SIM-03393	Benign	CORE_HR	PALB2	-0.643672	NOT_WT_LOST
SIM-03394	Benign	CORE_HR	BRCA1	-1.325584	NOT_WT_LOST
SIM-03395	Benign	CORE_HR	BRCA2	-2.021237	NOT_WT_LOST
SIM-03396	Benign	CORE_HR	BRIP1	-0.864491	WT_LOST
SIM-03397	Benign	CORE_HR	BRIP1	-2.12698	NOT_WT_LOST
SIM-03398	Benign	CORE_HR	RAD51C	-0.467102	NOT_WT_LOST
SIM-03399	Benign	CORE_HR	BRCA1	-1.852924	NOT_WT_LOST
SIM-03400	Benign	CORE_HR	RAD51B	0.431884	WT_LOST
SIM-03401	Benign	CORE_HR	RAD54L	-1.266106	NOT_WT_LOST
SIM-03402	Benign	CORE_HR	BRCA1	-1.761841	NOT_WT_LOST
SIM-03403	Benign	CORE_HR	BARD1	-2.287821	NOT_WT_LOST
SIM-03404	Benign	CORE_HR	BRIP1	-0.606538	WT_LOST
SIM-03405	Benign	CORE_HR	RAD54L	0.033835	NOT_WT_LOST
SIM-03406	Benign	CORE_HR	RAD51B	0.733619	NOT_WT_LOST
SIM-03407	Benign	CORE_HR	RAD51D	-1.842927	NOT_WT_LOST
SIM-03408	Benign	CORE_HR	BRIP1	-1.151917	NOT_WT_LOST
SIM-03409	Benign	CORE_HR	RAD51D	-0.829225	NOT_WT_LOST
SIM-03410	Benign	CORE_HR	BRCA1	-2.021995	NOT_WT_LOST
SIM-03411	Benign	CORE_HR	RAD54L	-2.145847	NOT_WT_LOST
SIM-03412	Benign	CORE_HR	RAD51D	-2.45151	NOT_WT_LOST
SIM-03413	Benign	CORE_HR	BRCA1	0.111216	NOT_WT_LOST
SIM-03414	Benign	CORE_HR	RAD54L	-1.713988	NOT_WT_LOST
SIM-03415	Benign	CORE_HR	BARD1	-0.447655	WT_LOST
SIM-03416	Benign	CORE_HR	BARD1	-0.203473	NOT_WT_LOST
SIM-03417	Benign	CORE_HR	BARD1	0.15798	NOT_WT_LOST
SIM-03418	Benign	CORE_HR	BARD1	0.205643	WT_LOST
SIM-03419	Benign	CORE_HR	BRCA2	-0.554434	WT_LOST
SIM-03420	Benign	CORE_HR	RAD51D	-1.541908	NOT_WT_LOST
SIM-03421	Benign	CORE_HR	RAD51B	0.453152	WT_LOST
SIM-03422	Benign	CORE_HR	BRCA1	-1.924301	NOT_WT_LOST
SIM-03423	Benign	CORE_HR	BRCA1	-1.561439	NOT_WT_LOST
SIM-03424	Benign	CORE_HR	BRCA1	1.436834	WT_LOST
SIM-03425	Benign	CORE_HR	RAD51D	-1.859078	NOT_WT_LOST
SIM-03426	Benign	CORE_HR	PALB2	-1.97808	NOT_WT_LOST
SIM-03427	Benign	CORE_HR	BARD1	-1.588854	NOT_WT_LOST
SIM-03428	Benign	CORE_HR	RAD54L	-0.177824	NOT_WT_LOST
SIM-03429	Benign	CORE_HR	RAD51D	-1.01128	NOT_WT_LOST
SIM-03430	Benign	CORE_HR	RAD54L	-0.905321	NOT_WT_LOST
SIM-03431	Benign	CORE_HR	PALB2	-0.093565	NOT_WT_LOST
SIM-03432	Benign	CORE_HR	RAD51D	-1.981617	NOT_WT_LOST
SIM-03433	Benign	CORE_HR	RAD51C	-1.442182	NOT_WT_LOST
SIM-03434	Benign	CORE_HR	BRIP1	-2.158823	NOT_WT_LOST
SIM-03435	Benign	CORE_HR	PALB2	-0.051696	NOT_WT_LOST
SIM-03436	Benign	CORE_HR	BRCA1	-1.321298	NOT_WT_LOST
SIM-03437	Benign	CORE_HR	BARD1	0.504165	WT_LOST
SIM-03438	Benign	CORE_HR	RAD51B	0.45701	WT_LOST
SIM-03439	Benign	CORE_HR	BRCA1	-1.43963	NOT_WT_LOST
SIM-03440	Benign	CORE_HR	BRCA1	-0.304026	NOT_WT_LOST
SIM-03441	Benign	CORE_HR	RAD51D	-0.885773	NOT_WT_LOST
SIM-03442	Benign	CORE_HR	BRIP1	-1.753533	NOT_WT_LOST
SIM-03443	Benign	CORE_HR	BRIP1	0.004141	WT_LOST
SIM-03444	Benign	CORE_HR	RAD51D	1.178775	WT_LOST
SIM-03445	Benign	CORE_HR	BRCA2	-1.488018	NOT_WT_LOST
SIM-03446	Benign	CORE_HR	RAD51D	0.051217	NOT_WT_LOST
SIM-03447	Benign	CORE_HR	BRCA2	-0.451856	NOT_WT_LOST
SIM-03448	Benign	CORE_HR	BRCA2	-1.304814	NOT_WT_LOST
SIM-03449	Benign	CORE_HR	BRIP1	-0.271065	NOT_WT_LOST
SIM-03450	Benign	CORE_HR	RAD51C	-0.805727	NOT_WT_LOST
SIM-03451	Benign	CORE_HR	RAD54L	-0.344433	WT_LOST
SIM-03452	Benign	CORE_HR	BRIP1	-0.44833	NOT_WT_LOST
SIM-03453	Benign	CORE_HR	RAD51D	-1.94895	NOT_WT_LOST
SIM-03454	Benign	CORE_HR	RAD51B	-1.435732	NOT_WT_LOST
SIM-03455	Benign	CORE_HR	BRIP1	-0.553902	NOT_WT_LOST
SIM-03456	Benign	CORE_HR	BRCA1	-0.228848	NOT_WT_LOST
SIM-03457	Benign	CORE_HR	BRCA2	0.735775	NOT_WT_LOST
SIM-03458	Benign	CORE_HR	BRIP1	-0.676308	NOT_WT_LOST
SIM-03459	Benign	CORE_HR	RAD51D	-1.36683	NOT_WT_LOST
SIM-03460	Benign	CORE_HR	BRCA2	-0.910421	NOT_WT_LOST
SIM-03461	Benign	CORE_HR	RAD51D	-1.52014	NOT_WT_LOST
SIM-03462	Benign	CORE_HR	BRCA2	-1.104023	NOT_WT_LOST
SIM-03463	Benign	CORE_HR	RAD51C	-1.886908	NOT_WT_LOST
SIM-03464	Benign	CORE_HR	BRCA1	0.141266	NOT_WT_LOST
SIM-03465	Benign	CORE_HR	BRCA2	-0.843139	NOT_WT_LOST
SIM-03466	Benign	CORE_HR	RAD51D	-0.461248	NOT_WT_LOST
SIM-03467	Benign	CORE_HR	PALB2	-2.235345	NOT_WT_LOST
SIM-03468	Benign	CORE_HR	RAD51D	-1.466548	NOT_WT_LOST
SIM-03469	Benign	CORE_HR	RAD54L	-1.767344	NOT_WT_LOST
SIM-03470	Benign	CORE_HR	BARD1	-1.390125	NOT_WT_LOST
SIM-03471	Benign	CORE_HR	BARD1	-0.637565	NOT_WT_LOST
SIM-03472	Benign	CORE_HR	BARD1	-0.326665	NOT_WT_LOST
SIM-03473	Benign	CORE_HR	RAD51B	-0.985202	NOT_WT_LOST
SIM-03474	Benign	CORE_HR	RAD51D	-0.393078	WT_LOST
SIM-03475	Benign	CORE_HR	PALB2	-2.439386	NOT_WT_LOST
SIM-03476	Benign	CORE_HR	RAD51C	-0.599757	NOT_WT_LOST
SIM-03477	Benign	CORE_HR	RAD54L	0.265699	WT_LOST
SIM-03478	Benign	CORE_HR	PALB2	-1.8251	NOT_WT_LOST
SIM-03479	Benign	CORE_HR	RAD51D	0.870952	WT_LOST
SIM-03480	Benign	CORE_HR	PALB2	-1.057797	NOT_WT_LOST
SIM-03481	Benign	CORE_HR	RAD54L	-2.352618	NOT_WT_LOST
SIM-03482	Benign	CORE_HR	RAD54L	-1.233896	NOT_WT_LOST
SIM-03483	Benign	CORE_HR	RAD51D	-1.496494	NOT_WT_LOST
SIM-03484	Benign	CORE_HR	BARD1	-0.434318	NOT_WT_LOST
SIM-03485	Benign	CORE_HR	BRCA2	-1.385412	NOT_WT_LOST
SIM-03486	Benign	CORE_HR	BRIP1	-0.331371	NOT_WT_LOST
SIM-03487	Benign	CORE_HR	RAD51B	-2.798141	NOT_WT_LOST
SIM-03488	Benign	CORE_HR	BRCA2	-1.348313	NOT_WT_LOST
SIM-03489	Benign	CORE_HR	BRIP1	-1.744712	NOT_WT_LOST
SIM-03490	Benign	CORE_HR	RAD51C	-0.21177	NOT_WT_LOST
SIM-03491	Benign	CORE_HR	RAD54L	-2.44116	NOT_WT_LOST
SIM-03492	Benign	CORE_HR	BARD1	-1.902076	NOT_WT_LOST
SIM-03493	Benign	CORE_HR	RAD51B	0.485966	WT_LOST
SIM-03494	Benign	CORE_HR	BRIP1	-0.467718	NOT_WT_LOST
SIM-03495	Benign	CORE_HR	RAD51C	-1.397519	NOT_WT_LOST
SIM-03496	Benign	CORE_HR	BRCA1	-1.349707	NOT_WT_LOST
SIM-03497	Benign	CORE_HR	BRIP1	-1.155288	NOT_WT_LOST
SIM-03498	Benign	CORE_HR	RAD51C	-1.952152	NOT_WT_LOST
SIM-03499	Benign	CORE_HR	RAD54L	-1.051212	NOT_WT_LOST
SIM-03500	Benign	CORE_HR	RAD54L	-2.358021	NOT_WT_LOST
SIM-03501	Benign	CORE_HR	PALB2	-1.70416	NOT_WT_LOST
SIM-03502	Benign	CORE_HR	BRCA2	-1.788137	NOT_WT_LOST
SIM-03503	Benign	CORE_HR	PALB2	-0.384592	NOT_WT_LOST
SIM-03504	Benign	CORE_HR	RAD51C	-0.000306	WT_LOST
SIM-03505	Benign	CORE_HR	BARD1	-2.709465	NOT_WT_LOST
SIM-03506	Benign	CORE_HR	RAD51D	-1.372323	NOT_WT_LOST
SIM-03507	Benign	CORE_HR	BRCA2	-0.166425	NOT_WT_LOST
SIM-03508	Benign	CORE_HR	BRCA1	-1.490208	NOT_WT_LOST
SIM-03509	Benign	CORE_HR	RAD51D	0.38864	WT_LOST
SIM-03510	Benign	CORE_HR	BRCA2	-0.418912	NOT_WT_LOST
SIM-03511	Benign	CORE_HR	RAD51C	-1.637318	NOT_WT_LOST
SIM-03512	Benign	CORE_HR	BRIP1	-2.708098	NOT_WT_LOST
SIM-03513	Benign	CORE_HR	BRIP1	-1.610664	NOT_WT_LOST
SIM-03514	Benign	CORE_HR	BRCA1	0.831971	WT_LOST
SIM-03515	Benign	CORE_HR	BRCA2	0.099717	NOT_WT_LOST
SIM-03516	Benign	CORE_HR	BRIP1	-0.200472	NOT_WT_LOST
SIM-03517	Benign	CORE_HR	BRCA1	-2.652498	NOT_WT_LOST
SIM-03518	Benign	CORE_HR	BRCA2	-0.85118	NOT_WT_LOST
SIM-03519	Benign	CORE_HR	BRCA2	-0.354363	NOT_WT_LOST
SIM-03520	Benign	CORE_HR	BRIP1	1.584907	WT_LOST
SIM-03521	Benign	CORE_HR	BRCA2	-0.805343	NOT_WT_LOST
SIM-03522	Benign	CORE_HR	RAD51D	-0.064962	WT_LOST
SIM-03523	Benign	CORE_HR	RAD51C	-1.089468	NOT_WT_LOST
SIM-03524	Benign	CORE_HR	BARD1	-1.859539	NOT_WT_LOST
SIM-03525	Benign	CORE_HR	BARD1	-2.641224	NOT_WT_LOST
SIM-03526	Benign	CORE_HR	PALB2	-1.881067	NOT_WT_LOST
SIM-03527	Benign	CORE_HR	BARD1	-1.029482	NOT_WT_LOST
SIM-03528	Benign	CORE_HR	PALB2	-0.799935	NOT_WT_LOST
SIM-03529	Benign	CORE_HR	PALB2	0.019941	WT_LOST
SIM-03530	Benign	CORE_HR	BARD1	0.620977	NOT_WT_LOST
SIM-03531	Benign	CORE_HR	BRIP1	0.680634	WT_LOST
SIM-03532	Benign	CORE_HR	RAD51C	-0.960304	NOT_WT_LOST
SIM-03533	Benign	CORE_HR	PALB2	-3.497197	NOT_WT_LOST
SIM-03534	Benign	CORE_HR	BRCA1	-1.631066	NOT_WT_LOST
SIM-03535	Benign	CORE_HR	RAD51B	-0.27399	NOT_WT_LOST
SIM-03536	Benign	CORE_HR	BARD1	-1.15165	NOT_WT_LOST
SIM-03537	Benign	CORE_HR	RAD54L	-1.172569	NOT_WT_LOST
SIM-03538	Benign	CORE_HR	BRIP1	-0.847988	NOT_WT_LOST
SIM-03539	Benign	CORE_HR	RAD51D	-1.73833	NOT_WT_LOST
SIM-03540	Benign	CORE_HR	PALB2	-2.318027	NOT_WT_LOST
SIM-03541	Benign	CORE_HR	RAD51C	-1.115094	NOT_WT_LOST
SIM-03542	Benign	CORE_HR	RAD54L	0.114024	WT_LOST
SIM-03543	Benign	CORE_HR	BRCA2	-1.657391	NOT_WT_LOST
SIM-03544	Benign	CORE_HR	RAD51B	-0.302317	NOT_WT_LOST
SIM-03545	Benign	CORE_HR	RAD51C	-1.446522	NOT_WT_LOST
SIM-03546	Benign	CORE_HR	BARD1	-1.068177	NOT_WT_LOST
SIM-03547	Benign	CORE_HR	BRIP1	-1.311414	NOT_WT_LOST
SIM-03548	Benign	CORE_HR	RAD54L	-1.986205	NOT_WT_LOST
SIM-03549	Benign	CORE_HR	RAD51B	0.467943	WT_LOST
SIM-03550	Benign	CORE_HR	BRCA2	-1.803117	NOT_WT_LOST
SIM-03551	Benign	CORE_HR	BARD1	-0.438403	WT_LOST
SIM-03552	Benign	CORE_HR	BARD1	-1.626201	NOT_WT_LOST
SIM-03553	Benign	CORE_HR	BRIP1	-0.078097	NOT_WT_LOST
SIM-03554	Benign	CORE_HR	RAD51C	1.457975	WT_LOST
SIM-03555	Benign	CORE_HR	PALB2	-0.455811	NOT_WT_LOST
SIM-03556	Benign	CORE_HR	BRCA1	-0.097217	NOT_WT_LOST
SIM-03557	Benign	CORE_HR	RAD51D	0.374855	WT_LOST
SIM-03558	Benign	CORE_HR	RAD51D	-0.746511	NOT_WT_LOST
SIM-03559	Benign	CORE_HR	BARD1	-3.283563	NOT_WT_LOST
SIM-03560	Benign	CORE_HR	RAD51C	-0.417684	WT_LOST
SIM-03561	Benign	CORE_HR	BRCA2	0.39366	NOT_WT_LOST
SIM-03562	Benign	CORE_HR	RAD51B	-1.747471	NOT_WT_LOST
SIM-03563	Benign	CORE_HR	BRCA1	-2.941763	NOT_WT_LOST
SIM-03564	Benign	CORE_HR	PALB2	-1.807971	NOT_WT_LOST
SIM-03565	Benign	CORE_HR	BRCA1	0.310957	WT_LOST
SIM-03566	Benign	CORE_HR	RAD54L	-0.651192	NOT_WT_LOST
SIM-03567	Benign	CORE_HR	BARD1	-1.114439	NOT_WT_LOST
SIM-03568	Benign	CORE_HR	BRCA1	-1.006821	NOT_WT_LOST
SIM-03569	Benign	CORE_HR	RAD51B	-0.708833	NOT_WT_LOST
SIM-03570	Benign	CORE_HR	PALB2	-1.197414	NOT_WT_LOST
SIM-03571	Benign	CORE_HR	RAD54L	-1.210063	NOT_WT_LOST
SIM-03572	Benign	CORE_HR	BARD1	-0.894064	NOT_WT_LOST
SIM-03573	Benign	CORE_HR	PALB2	-1.740758	NOT_WT_LOST
SIM-03574	Benign	CORE_HR	BARD1	-2.687747	NOT_WT_LOST
SIM-03575	Benign	CORE_HR	BARD1	-1.071818	NOT_WT_LOST
SIM-03576	Benign	CORE_HR	BRIP1	0.083024	NOT_WT_LOST
SIM-03577	Benign	CORE_HR	BARD1	-1.115759	NOT_WT_LOST
SIM-03578	Benign	CORE_HR	RAD51B	-1.611278	NOT_WT_LOST
SIM-03579	Benign	CORE_HR	RAD51C	-0.748629	NOT_WT_LOST
SIM-03580	Benign	CORE_HR	RAD51D	-0.534791	NOT_WT_LOST
SIM-03581	Benign	CORE_HR	RAD51C	-0.342988	NOT_WT_LOST
SIM-03582	Benign	CORE_HR	BRCA1	-1.576167	NOT_WT_LOST
SIM-03583	Benign	CORE_HR	RAD54L	-0.951672	NOT_WT_LOST
SIM-03584	Benign	CORE_HR	PALB2	-1.072438	NOT_WT_LOST
SIM-03585	Benign	CORE_HR	RAD54L	-0.763976	NOT_WT_LOST
SIM-03586	Benign	CORE_HR	BRIP1	-1.457	NOT_WT_LOST
SIM-03587	Benign	CORE_HR	BRCA1	0.692305	NOT_WT_LOST
SIM-03588	Benign	CORE_HR	RAD51C	-1.520205	NOT_WT_LOST
SIM-03589	Benign	CORE_HR	RAD51B	-1.127647	NOT_WT_LOST
SIM-03590	Benign	CORE_HR	RAD51B	-2.680655	NOT_WT_LOST
SIM-03591	Benign	CORE_HR	BRIP1	-1.615802	NOT_WT_LOST
SIM-03592	Benign	CORE_HR	BRIP1	-2.084609	NOT_WT_LOST
SIM-03593	Benign	CORE_HR	RAD51B	-0.861085	NOT_WT_LOST
SIM-03594	Benign	CORE_HR	BRCA1	-1.258743	NOT_WT_LOST
SIM-03595	Benign	CORE_HR	BARD1	2.374056	WT_LOST
SIM-03596	Benign	CORE_HR	RAD51D	-1.192243	NOT_WT_LOST
SIM-03597	Benign	CORE_HR	BARD1	-0.242309	NOT_WT_LOST
SIM-03598	Benign	CORE_HR	RAD51C	-2.620084	NOT_WT_LOST
SIM-03599	Benign	CORE_HR	RAD51B	-0.46738	NOT_WT_LOST
SIM-03600	Benign	CORE_HR	RAD51C	-1.017946	NOT_WT_LOST
SIM-03601	Benign	CORE_HR	BRCA2	-1.426435	NOT_WT_LOST
SIM-03602	Benign	CORE_HR	BARD1	0.502238	WT_LOST
SIM-03603	Benign	CORE_HR	PALB2	0.106712	NOT_WT_LOST
SIM-03604	Benign	CORE_HR	RAD51D	-1.094179	NOT_WT_LOST
SIM-03605	Benign	CORE_HR	BRCA1	-1.034319	WT_LOST
SIM-03606	Benign	CORE_HR	BRCA1	-2.036117	NOT_WT_LOST
SIM-03607	Benign	CORE_HR	BRCA1	-2.027561	NOT_WT_LOST
SIM-03608	Benign	CORE_HR	BRCA2	-1.848933	NOT_WT_LOST
SIM-03609	Benign	CORE_HR	RAD54L	-1.971885	NOT_WT_LOST
SIM-03610	Benign	CORE_HR	BRIP1	0.821595	WT_LOST
SIM-03611	Benign	CORE_HR	BRCA2	-1.805649	NOT_WT_LOST
SIM-03612	Benign	CORE_HR	BRIP1	-1.153661	NOT_WT_LOST
SIM-03613	Benign	CORE_HR	BRCA1	-0.134723	WT_LOST
SIM-03614	Benign	CORE_HR	RAD51B	-2.621288	NOT_WT_LOST
SIM-03615	Benign	CORE_HR	BARD1	0.278549	NOT_WT_LOST
SIM-03616	Benign	CORE_HR	BRCA1	1.294337	WT_LOST
SIM-03617	Benign	CORE_HR	BRCA1	-0.823389	NOT_WT_LOST
SIM-03618	Benign	CORE_HR	RAD51B	-0.657344	NOT_WT_LOST
SIM-03619	Benign	CORE_HR	BARD1	-1.860098	NOT_WT_LOST
SIM-03620	Benign	CORE_HR	RAD51C	-3.321495	NOT_WT_LOST
SIM-03621	Benign	CORE_HR	RAD51D	-2.566696	NOT_WT_LOST
SIM-03622	Benign	CORE_HR	BARD1	-0.248079	NOT_WT_LOST
SIM-03623	Benign	CORE_HR	RAD51C	-0.472146	NOT_WT_LOST
SIM-03624	Benign	CORE_HR	RAD51B	-3.110434	NOT_WT_LOST
SIM-03625	Benign	CORE_HR	BRIP1	-1.014903	NOT_WT_LOST
SIM-03626	Benign	CORE_HR	BRCA1	0.283029	WT_LOST
SIM-03627	Benign	CORE_HR	BARD1	1.007634	WT_LOST
SIM-03628	Benign	CORE_HR	BARD1	-1.395701	NOT_WT_LOST
SIM-03629	Benign	CORE_HR	RAD51C	-0.939155	NOT_WT_LOST
SIM-03630	Benign	CORE_HR	RAD51D	-0.561751	NOT_WT_LOST
SIM-03631	Benign	CORE_HR	RAD51C	-1.868054	NOT_WT_LOST
SIM-03632	Benign	CORE_HR	BRCA1	0.717612	NOT_WT_LOST
SIM-03633	Benign	CORE_HR	RAD51D	-0.023485	WT_LOST
SIM-03634	Benign	CORE_HR	RAD51D	-1.978811	NOT_WT_LOST
SIM-03635	Benign	CORE_HR	BRCA1	0.448474	NOT_WT_LOST
SIM-03636	Benign	CORE_HR	BRCA2	-1.786124	NOT_WT_LOST
SIM-03637	Benign	CORE_HR	BARD1	-1.295831	NOT_WT_LOST
SIM-03638	Benign	CORE_HR	BRIP1	-1.70841	NOT_WT_LOST
SIM-03639	Benign	CORE_HR	RAD51C	-0.578588	NOT_WT_LOST
SIM-03640	Benign	CORE_HR	RAD51C	-0.497774	NOT_WT_LOST
SIM-03641	Benign	CORE_HR	BARD1	-1.245414	NOT_WT_LOST
SIM-03642	Benign	CORE_HR	RAD51D	0.027824	NOT_WT_LOST
SIM-03643	Benign	CORE_HR	PALB2	-0.503945	NOT_WT_LOST
SIM-03644	Benign	CORE_HR	PALB2	-0.499734	NOT_WT_LOST
SIM-03645	Benign	CORE_HR	BRIP1	-1.491323	NOT_WT_LOST
SIM-03646	Benign	CORE_HR	BRIP1	-2.06872	NOT_WT_LOST
SIM-03647	Benign	CORE_HR	RAD54L	-0.265726	NOT_WT_LOST
SIM-03648	Benign	CORE_HR	PALB2	0.25822	WT_LOST
SIM-03649	Benign	CORE_HR	BRCA1	-1.458009	NOT_WT_LOST
SIM-03650	Benign	CORE_HR	RAD51B	-1.396816	NOT_WT_LOST
SIM-03651	Benign	CORE_HR	BRIP1	-0.77978	WT_LOST
SIM-03652	Benign	CORE_HR	BRCA1	-1.285033	NOT_WT_LOST
SIM-03653	Benign	CORE_HR	BRCA1	-0.837227	NOT_WT_LOST
SIM-03654	Benign	CORE_HR	BARD1	-1.157805	NOT_WT_LOST
SIM-03655	Benign	CORE_HR	PALB2	0.702417	NOT_WT_LOST
SIM-03656	Benign	CORE_HR	BRCA2	-0.598147	NOT_WT_LOST
SIM-03657	Benign	CORE_HR	BRIP1	0.213603	NOT_WT_LOST
SIM-03658	Benign	CORE_HR	BRCA2	-0.883675	NOT_WT_LOST
SIM-03659	Benign	CORE_HR	PALB2	-0.290184	WT_LOST
SIM-03660	Benign	CORE_HR	BARD1	-1.622338	NOT_WT_LOST
SIM-03661	Benign	CORE_HR	RAD51B	-2.617644	NOT_WT_LOST
SIM-03662	Benign	CORE_HR	PALB2	-1.354687	NOT_WT_LOST
SIM-03663	Benign	CORE_HR	BRIP1	-1.682807	NOT_WT_LOST
SIM-03664	Benign	CORE_HR	RAD51B	-1.357986	NOT_WT_LOST
SIM-03665	Benign	CORE_HR	RAD51C	-0.401263	NOT_WT_LOST
SIM-03666	Benign	CORE_HR	BRCA2	-1.99426	NOT_WT_LOST
SIM-03667	Benign	CORE_HR	PALB2	-0.516702	NOT_WT_LOST
SIM-03668	Benign	CORE_HR	RAD54L	-0.278772	NOT_WT_LOST
SIM-03669	Benign	CORE_HR	BRIP1	-1.286157	NOT_WT_LOST
SIM-03670	Benign	CORE_HR	BRIP1	0.139663	NOT_WT_LOST
SIM-03671	Benign	CORE_HR	RAD54L	0.008047	WT_LOST
SIM-03672	Benign	CORE_HR	BRCA1	-1.861977	NOT_WT_LOST
SIM-03673	Benign	CORE_HR	RAD51B	-0.593022	WT_LOST
SIM-03674	Benign	CORE_HR	RAD54L	-0.111691	NOT_WT_LOST
SIM-03675	Benign	CORE_HR	RAD51D	-2.193226	NOT_WT_LOST
SIM-03676	Benign	CORE_HR	RAD54L	-1.230719	NOT_WT_LOST
SIM-03677	Benign	CORE_HR	RAD51D	-0.60843	NOT_WT_LOST
SIM-03678	Benign	CORE_HR	BARD1	-1.569725	NOT_WT_LOST
SIM-03679	Benign	CORE_HR	BRIP1	0.060747	NOT_WT_LOST
SIM-03680	Benign	CORE_HR	RAD51B	0.125225	WT_LOST
SIM-03681	Benign	CORE_HR	BARD1	-0.277129	NOT_WT_LOST
SIM-03682	Benign	CORE_HR	BRCA2	-1.733446	WT_LOST
SIM-03683	Benign	CORE_HR	BRCA1	-0.784004	NOT_WT_LOST
SIM-03684	Benign	CORE_HR	PALB2	-0.865078	WT_LOST
SIM-03685	Benign	CORE_HR	RAD54L	-3.465844	WT_LOST
SIM-03686	Benign	CORE_HR	BRCA2	0.389488	NOT_WT_LOST
SIM-03687	Benign	CORE_HR	PALB2	-0.166899	WT_LOST
SIM-03688	Benign	CORE_HR	RAD51C	-1.201568	WT_LOST
SIM-03689	Benign	CORE_HR	RAD51D	-1.715369	NOT_EVALUABLE
SIM-03690	Benign	CORE_HR	BRCA1	-1.420381	NOT_EVALUABLE
SIM-03691	Benign	CORE_HR	BRCA2	-2.960232	NOT_EVALUABLE
SIM-03692	Benign	CORE_HR	PALB2	-1.615887	NOT_EVALUABLE
SIM-03693	Benign	CORE_HR	RAD51B	-1.811284	NOT_EVALUABLE
SIM-03694	Benign	CORE_HR	BARD1	-1.590788	NOT_EVALUABLE
SIM-03695	Benign	CORE_HR	PALB2	-2.900121	NOT_EVALUABLE
SIM-03696	Benign	CORE_HR	PALB2	-0.813912	NOT_EVALUABLE
SIM-03697	Pathogenic	DDR_SIGNALING	MRE11	0.017557	NOT_WT_LOST
SIM-03698	Pathogenic	DDR_SIGNALING	CHEK1	-0.224696	NOT_WT_LOST
SIM-03699	Pathogenic	DDR_SIGNALING	CHEK1	0.576238	NOT_WT_LOST
SIM-03700	Pathogenic	DDR_SIGNALING	CHEK2	1.806842	WT_LOST
SIM-03701	Pathogenic	DDR_SIGNALING	MRE11	1.337599	WT_LOST
SIM-03702	Pathogenic	DDR_SIGNALING	RAD50	1.347032	WT_LOST
SIM-03703	Pathogenic	DDR_SIGNALING	RAD50	0.557229	NOT_WT_LOST
SIM-03704	Pathogenic	DDR_SIGNALING	CHEK2	1.879969	NOT_WT_LOST
SIM-03705	Pathogenic	DDR_SIGNALING	ATM	1.235917	NOT_WT_LOST
SIM-03706	Pathogenic	DDR_SIGNALING	CHEK2	2.708114	WT_LOST
SIM-03707	Pathogenic	DDR_SIGNALING	FANCM	2.028015	NOT_WT_LOST
SIM-03708	Pathogenic	DDR_SIGNALING	CHEK1	1.325071	NOT_WT_LOST
SIM-03709	Pathogenic	DDR_SIGNALING	FANCM	-0.338597	NOT_WT_LOST
SIM-03710	Pathogenic	DDR_SIGNALING	CHEK1	1.930279	WT_LOST
SIM-03711	Pathogenic	DDR_SIGNALING	RAD50	0.274367	NOT_WT_LOST
SIM-03712	Pathogenic	DDR_SIGNALING	NBN	1.75704	WT_LOST
SIM-03713	Pathogenic	DDR_SIGNALING	NBN	-1.529992	NOT_WT_LOST
SIM-03714	Pathogenic	DDR_SIGNALING	MRE11	1.730051	WT_LOST
SIM-03715	Pathogenic	DDR_SIGNALING	ATR	1.656329	WT_LOST
SIM-03716	Pathogenic	DDR_SIGNALING	CHEK1	2.579153	WT_LOST
SIM-03717	Pathogenic	DDR_SIGNALING	ATM	0.020392	WT_LOST
SIM-03718	Pathogenic	DDR_SIGNALING	FANCM	2.496808	WT_LOST
SIM-03719	Pathogenic	DDR_SIGNALING	CHEK1	-0.169144	WT_LOST
SIM-03720	Pathogenic	DDR_SIGNALING	ATM	1.117123	WT_LOST
SIM-03721	Pathogenic	DDR_SIGNALING	FANCM	-0.000298	NOT_WT_LOST
SIM-03722	Pathogenic	DDR_SIGNALING	MRE11	2.407808	WT_LOST
SIM-03723	Pathogenic	DDR_SIGNALING	RAD50	1.475361	NOT_WT_LOST
SIM-03724	Pathogenic	DDR_SIGNALING	RAD50	1.205304	WT_LOST
SIM-03725	Pathogenic	DDR_SIGNALING	ATR	0.626531	NOT_WT_LOST
SIM-03726	Pathogenic	DDR_SIGNALING	ATR	1.450273	NOT_WT_LOST
SIM-03727	Pathogenic	DDR_SIGNALING	ATR	-1.315045	NOT_WT_LOST
SIM-03728	Pathogenic	DDR_SIGNALING	ATM	0.461015	NOT_WT_LOST
SIM-03729	Pathogenic	DDR_SIGNALING	CHEK1	0.846228	NOT_WT_LOST
SIM-03730	Pathogenic	DDR_SIGNALING	NBN	0.54416	NOT_WT_LOST
SIM-03731	Pathogenic	DDR_SIGNALING	RAD50	-0.448872	NOT_WT_LOST
SIM-03732	Pathogenic	DDR_SIGNALING	ATM	0.031071	WT_LOST
SIM-03733	Pathogenic	DDR_SIGNALING	NBN	1.013713	WT_LOST
SIM-03734	Pathogenic	DDR_SIGNALING	NBN	1.80598	WT_LOST
SIM-03735	Pathogenic	DDR_SIGNALING	ATM	0.057906	NOT_WT_LOST
SIM-03736	Pathogenic	DDR_SIGNALING	MRE11	-0.596025	NOT_WT_LOST
SIM-03737	Pathogenic	DDR_SIGNALING	ATR	0.944821	WT_LOST
SIM-03738	Pathogenic	DDR_SIGNALING	ATM	2.70888	WT_LOST
SIM-03739	Pathogenic	DDR_SIGNALING	MRE11	0.172281	WT_LOST
SIM-03740	Pathogenic	DDR_SIGNALING	ATR	1.340498	WT_LOST
SIM-03741	Pathogenic	DDR_SIGNALING	ATR	1.042045	NOT_WT_LOST
SIM-03742	Pathogenic	DDR_SIGNALING	CHEK2	0.429553	WT_LOST
SIM-03743	Pathogenic	DDR_SIGNALING	ATM	1.295748	NOT_WT_LOST
SIM-03744	Pathogenic	DDR_SIGNALING	ATM	0.378314	WT_LOST
SIM-03745	Pathogenic	DDR_SIGNALING	RAD50	1.33669	WT_LOST
SIM-03746	Pathogenic	DDR_SIGNALING	CHEK1	-0.796272	NOT_WT_LOST
SIM-03747	Pathogenic	DDR_SIGNALING	NBN	2.173403	WT_LOST
SIM-03748	Pathogenic	DDR_SIGNALING	ATM	0.587686	NOT_WT_LOST
SIM-03749	Pathogenic	DDR_SIGNALING	FANCM	-0.86165	NOT_WT_LOST
SIM-03750	Pathogenic	DDR_SIGNALING	ATM	1.650191	WT_LOST
SIM-03751	Pathogenic	DDR_SIGNALING	CHEK2	1.349897	WT_LOST
SIM-03752	Pathogenic	DDR_SIGNALING	CHEK2	2.483547	WT_LOST
SIM-03753	Pathogenic	DDR_SIGNALING	FANCM	-0.559212	WT_LOST
SIM-03754	Pathogenic	DDR_SIGNALING	FANCM	-0.654254	WT_LOST
SIM-03755	Pathogenic	DDR_SIGNALING	FANCM	1.922136	WT_LOST
SIM-03756	Pathogenic	DDR_SIGNALING	MRE11	1.891002	WT_LOST
SIM-03757	Pathogenic	DDR_SIGNALING	ATM	1.231137	NOT_WT_LOST
SIM-03758	Pathogenic	DDR_SIGNALING	MRE11	0.704663	NOT_WT_LOST
SIM-03759	Pathogenic	DDR_SIGNALING	CHEK1	0.476107	WT_LOST
SIM-03760	Pathogenic	DDR_SIGNALING	NBN	2.550569	WT_LOST
SIM-03761	Pathogenic	DDR_SIGNALING	ATR	0.141204	WT_LOST
SIM-03762	Pathogenic	DDR_SIGNALING	MRE11	0.793333	NOT_WT_LOST
SIM-03763	Pathogenic	DDR_SIGNALING	CHEK2	0.114135	NOT_WT_LOST
SIM-03764	Pathogenic	DDR_SIGNALING	CHEK2	1.329442	NOT_WT_LOST
SIM-03765	Pathogenic	DDR_SIGNALING	NBN	0.693217	WT_LOST
SIM-03766	Pathogenic	DDR_SIGNALING	MRE11	1.439219	WT_LOST
SIM-03767	Pathogenic	DDR_SIGNALING	FANCM	0.709093	WT_LOST
SIM-03768	Pathogenic	DDR_SIGNALING	RAD50	1.283998	WT_LOST
SIM-03769	Pathogenic	DDR_SIGNALING	NBN	1.955246	WT_LOST
SIM-03770	Pathogenic	DDR_SIGNALING	RAD50	-1.090144	NOT_WT_LOST
SIM-03771	Pathogenic	DDR_SIGNALING	ATR	0.809153	NOT_WT_LOST
SIM-03772	Pathogenic	DDR_SIGNALING	RAD50	-0.32139	NOT_WT_LOST
SIM-03773	Pathogenic	DDR_SIGNALING	NBN	1.457962	NOT_WT_LOST
SIM-03774	Pathogenic	DDR_SIGNALING	NBN	1.813735	WT_LOST
SIM-03775	Pathogenic	DDR_SIGNALING	RAD50	1.26601	WT_LOST
SIM-03776	Pathogenic	DDR_SIGNALING	ATM	0.837372	NOT_WT_LOST
SIM-03777	Pathogenic	DDR_SIGNALING	MRE11	-1.014956	NOT_WT_LOST
SIM-03778	Pathogenic	DDR_SIGNALING	RAD50	0.99769	WT_LOST
SIM-03779	Pathogenic	DDR_SIGNALING	ATM	1.295667	WT_LOST
SIM-03780	Pathogenic	DDR_SIGNALING	ATM	2.197339	NOT_WT_LOST
SIM-03781	Pathogenic	DDR_SIGNALING	ATM	1.003706	WT_LOST
SIM-03782	Pathogenic	DDR_SIGNALING	NBN	0.132931	NOT_WT_LOST
SIM-03783	Pathogenic	DDR_SIGNALING	NBN	0.081283	WT_LOST
SIM-03784	Pathogenic	DDR_SIGNALING	FANCM	1.411103	NOT_WT_LOST
SIM-03785	Pathogenic	DDR_SIGNALING	CHEK2	0.576187	NOT_WT_LOST
SIM-03786	Pathogenic	DDR_SIGNALING	ATM	0.982673	WT_LOST
SIM-03787	Pathogenic	DDR_SIGNALING	MRE11	1.339765	WT_LOST
SIM-03788	Pathogenic	DDR_SIGNALING	CHEK2	-0.124817	WT_LOST
SIM-03789	Pathogenic	DDR_SIGNALING	CHEK1	-0.824804	NOT_WT_LOST
SIM-03790	Pathogenic	DDR_SIGNALING	FANCM	2.730517	WT_LOST
SIM-03791	Pathogenic	DDR_SIGNALING	RAD50	0.312346	WT_LOST
SIM-03792	Pathogenic	DDR_SIGNALING	FANCM	0.925933	WT_LOST
SIM-03793	Pathogenic	DDR_SIGNALING	ATR	0.194356	NOT_WT_LOST
SIM-03794	Pathogenic	DDR_SIGNALING	ATM	0.838186	NOT_WT_LOST
SIM-03795	Pathogenic	DDR_SIGNALING	FANCM	0.777213	WT_LOST
SIM-03796	Pathogenic	DDR_SIGNALING	FANCM	1.013688	WT_LOST
SIM-03797	Pathogenic	DDR_SIGNALING	RAD50	1.382032	WT_LOST
SIM-03798	Pathogenic	DDR_SIGNALING	CHEK1	0.889211	WT_LOST
SIM-03799	Pathogenic	DDR_SIGNALING	RAD50	1.773405	WT_LOST
SIM-03800	Pathogenic	DDR_SIGNALING	NBN	0.574944	WT_LOST
SIM-03801	Pathogenic	DDR_SIGNALING	NBN	0.611698	WT_LOST
SIM-03802	Pathogenic	DDR_SIGNALING	ATR	0.652567	WT_LOST
SIM-03803	Pathogenic	DDR_SIGNALING	MRE11	0.491916	NOT_WT_LOST
SIM-03804	Pathogenic	DDR_SIGNALING	ATR	0.74349	NOT_WT_LOST
SIM-03805	Pathogenic	DDR_SIGNALING	MRE11	1.238529	NOT_WT_LOST
SIM-03806	Pathogenic	DDR_SIGNALING	CHEK2	-0.26124	NOT_WT_LOST
SIM-03807	Pathogenic	DDR_SIGNALING	CHEK2	0.406157	NOT_WT_LOST
SIM-03808	Pathogenic	DDR_SIGNALING	CHEK1	0.103068	NOT_WT_LOST
SIM-03809	Pathogenic	DDR_SIGNALING	NBN	0.625628	WT_LOST
SIM-03810	Pathogenic	DDR_SIGNALING	NBN	-0.188466	NOT_WT_LOST
SIM-03811	Pathogenic	DDR_SIGNALING	MRE11	0.81482	WT_LOST
SIM-03812	Pathogenic	DDR_SIGNALING	FANCM	-0.273633	NOT_WT_LOST
SIM-03813	Pathogenic	DDR_SIGNALING	ATM	1.440127	WT_LOST
SIM-03814	Pathogenic	DDR_SIGNALING	ATM	0.109794	WT_LOST
SIM-03815	Pathogenic	DDR_SIGNALING	CHEK1	-0.289949	NOT_WT_LOST
SIM-03816	Pathogenic	DDR_SIGNALING	RAD50	0.930553	NOT_WT_LOST
SIM-03817	Pathogenic	DDR_SIGNALING	CHEK2	1.553237	WT_LOST
SIM-03818	Pathogenic	DDR_SIGNALING	MRE11	-0.240617	NOT_WT_LOST
SIM-03819	Pathogenic	DDR_SIGNALING	RAD50	0.506556	NOT_WT_LOST
SIM-03820	Pathogenic	DDR_SIGNALING	MRE11	0.112636	WT_LOST
SIM-03821	Pathogenic	DDR_SIGNALING	NBN	0.753781	WT_LOST
SIM-03822	Pathogenic	DDR_SIGNALING	FANCM	3.28246	WT_LOST
SIM-03823	Pathogenic	DDR_SIGNALING	ATM	1.667858	WT_LOST
SIM-03824	Pathogenic	DDR_SIGNALING	FANCM	2.338033	WT_LOST
SIM-03825	Pathogenic	DDR_SIGNALING	CHEK1	1.523743	WT_LOST
SIM-03826	Pathogenic	DDR_SIGNALING	MRE11	0.137297	NOT_WT_LOST
SIM-03827	Pathogenic	DDR_SIGNALING	MRE11	2.068438	WT_LOST
SIM-03828	Pathogenic	DDR_SIGNALING	FANCM	0.420517	NOT_WT_LOST
SIM-03829	Pathogenic	DDR_SIGNALING	RAD50	1.324755	NOT_WT_LOST
SIM-03830	Pathogenic	DDR_SIGNALING	CHEK1	0.710125	NOT_WT_LOST
SIM-03831	Pathogenic	DDR_SIGNALING	CHEK1	-0.22365	NOT_WT_LOST
SIM-03832	Pathogenic	DDR_SIGNALING	ATR	-0.542401	WT_LOST
SIM-03833	Pathogenic	DDR_SIGNALING	CHEK1	-0.608316	NOT_WT_LOST
SIM-03834	Pathogenic	DDR_SIGNALING	ATR	0.494944	WT_LOST
SIM-03835	Pathogenic	DDR_SIGNALING	ATR	-0.191408	WT_LOST
SIM-03836	Pathogenic	DDR_SIGNALING	CHEK2	0.09361	NOT_WT_LOST
SIM-03837	Pathogenic	DDR_SIGNALING	ATM	1.735077	WT_LOST
SIM-03838	Pathogenic	DDR_SIGNALING	CHEK2	-0.174863	WT_LOST
SIM-03839	Pathogenic	DDR_SIGNALING	MRE11	0.541366	NOT_WT_LOST
SIM-03840	Pathogenic	DDR_SIGNALING	NBN	-0.480341	NOT_WT_LOST
SIM-03841	Pathogenic	DDR_SIGNALING	CHEK1	0.436218	NOT_WT_LOST
SIM-03842	Pathogenic	DDR_SIGNALING	ATM	0.548834	NOT_WT_LOST
SIM-03843	Pathogenic	DDR_SIGNALING	RAD50	0.68631	NOT_WT_LOST
SIM-03844	Pathogenic	DDR_SIGNALING	MRE11	1.153717	NOT_WT_LOST
SIM-03845	Pathogenic	DDR_SIGNALING	RAD50	-1.27746	WT_LOST
SIM-03846	Pathogenic	DDR_SIGNALING	ATM	1.381629	WT_LOST
SIM-03847	Pathogenic	DDR_SIGNALING	RAD50	1.181938	NOT_WT_LOST
SIM-03848	Pathogenic	DDR_SIGNALING	MRE11	0.642201	WT_LOST
SIM-03849	Pathogenic	DDR_SIGNALING	ATR	1.65785	NOT_WT_LOST
SIM-03850	Pathogenic	DDR_SIGNALING	RAD50	1.234735	WT_LOST
SIM-03851	Pathogenic	DDR_SIGNALING	ATR	0.134142	NOT_WT_LOST
SIM-03852	Pathogenic	DDR_SIGNALING	ATR	0.654416	WT_LOST
SIM-03853	Pathogenic	DDR_SIGNALING	CHEK2	1.616208	WT_LOST
SIM-03854	Pathogenic	DDR_SIGNALING	RAD50	1.612901	NOT_WT_LOST
SIM-03855	Pathogenic	DDR_SIGNALING	MRE11	2.352399	WT_LOST
SIM-03856	Pathogenic	DDR_SIGNALING	RAD50	0.250565	WT_LOST
SIM-03857	Pathogenic	DDR_SIGNALING	CHEK1	2.364853	NOT_WT_LOST
SIM-03858	Pathogenic	DDR_SIGNALING	MRE11	-0.833455	NOT_WT_LOST
SIM-03859	Pathogenic	DDR_SIGNALING	ATR	0.458342	WT_LOST
SIM-03860	Pathogenic	DDR_SIGNALING	FANCM	1.001869	WT_LOST
SIM-03861	Pathogenic	DDR_SIGNALING	FANCM	1.321475	WT_LOST
SIM-03862	Pathogenic	DDR_SIGNALING	FANCM	2.344572	WT_LOST
SIM-03863	Pathogenic	DDR_SIGNALING	MRE11	-0.139252	WT_LOST
SIM-03864	Pathogenic	DDR_SIGNALING	NBN	2.104451	WT_LOST
SIM-03865	Pathogenic	DDR_SIGNALING	ATR	-0.846891	NOT_WT_LOST
SIM-03866	Pathogenic	DDR_SIGNALING	ATR	0.415995	NOT_WT_LOST
SIM-03867	Pathogenic	DDR_SIGNALING	FANCM	1.427669	WT_LOST
SIM-03868	Pathogenic	DDR_SIGNALING	RAD50	2.230391	WT_LOST
SIM-03869	Pathogenic	DDR_SIGNALING	ATM	0.870514	NOT_WT_LOST
SIM-03870	Pathogenic	DDR_SIGNALING	ATR	1.870802	WT_LOST
SIM-03871	Pathogenic	DDR_SIGNALING	FANCM	2.144389	WT_LOST
SIM-03872	Pathogenic	DDR_SIGNALING	CHEK1	3.053325	WT_LOST
SIM-03873	Pathogenic	DDR_SIGNALING	ATM	-0.37067	NOT_WT_LOST
SIM-03874	Pathogenic	DDR_SIGNALING	ATR	1.097155	WT_LOST
SIM-03875	Pathogenic	DDR_SIGNALING	ATM	0.251948	WT_LOST
SIM-03876	Pathogenic	DDR_SIGNALING	FANCM	-0.14306	NOT_WT_LOST
SIM-03877	Pathogenic	DDR_SIGNALING	CHEK1	0.033491	NOT_WT_LOST
SIM-03878	Pathogenic	DDR_SIGNALING	RAD50	0.767266	NOT_WT_LOST
SIM-03879	Pathogenic	DDR_SIGNALING	NBN	1.200243	WT_LOST
SIM-03880	Pathogenic	DDR_SIGNALING	MRE11	1.447854	NOT_WT_LOST
SIM-03881	Pathogenic	DDR_SIGNALING	RAD50	0.712585	WT_LOST
SIM-03882	Pathogenic	DDR_SIGNALING	CHEK2	2.165061	WT_LOST
SIM-03883	Pathogenic	DDR_SIGNALING	CHEK1	2.128191	WT_LOST
SIM-03884	Pathogenic	DDR_SIGNALING	NBN	-0.16696	NOT_WT_LOST
SIM-03885	Pathogenic	DDR_SIGNALING	ATR	-0.619595	NOT_WT_LOST
SIM-03886	Pathogenic	DDR_SIGNALING	RAD50	2.79683	WT_LOST
SIM-03887	Pathogenic	DDR_SIGNALING	MRE11	-0.346181	NOT_WT_LOST
SIM-03888	Pathogenic	DDR_SIGNALING	FANCM	1.640235	NOT_WT_LOST
SIM-03889	Pathogenic	DDR_SIGNALING	ATR	1.344893	NOT_WT_LOST
SIM-03890	Pathogenic	DDR_SIGNALING	ATM	1.214727	NOT_WT_LOST
SIM-03891	Pathogenic	DDR_SIGNALING	MRE11	0.44449	NOT_WT_LOST
SIM-03892	Pathogenic	DDR_SIGNALING	ATR	0.254378	NOT_WT_LOST
SIM-03893	Pathogenic	DDR_SIGNALING	ATM	-0.04548	NOT_WT_LOST
SIM-03894	Pathogenic	DDR_SIGNALING	ATR	-0.243694	WT_LOST
SIM-03895	Pathogenic	DDR_SIGNALING	NBN	1.037067	NOT_WT_LOST
SIM-03896	Pathogenic	DDR_SIGNALING	NBN	-0.322183	NOT_WT_LOST
SIM-03897	Pathogenic	DDR_SIGNALING	NBN	1.986841	WT_LOST
SIM-03898	Pathogenic	DDR_SIGNALING	CHEK2	1.09717	WT_LOST
SIM-03899	Pathogenic	DDR_SIGNALING	NBN	-0.096605	WT_LOST
SIM-03900	Pathogenic	DDR_SIGNALING	CHEK2	2.158831	WT_LOST
SIM-03901	Pathogenic	DDR_SIGNALING	ATR	1.245561	WT_LOST
SIM-03902	Pathogenic	DDR_SIGNALING	ATM	1.873877	WT_LOST
SIM-03903	Pathogenic	DDR_SIGNALING	CHEK2	1.208986	WT_LOST
SIM-03904	Pathogenic	DDR_SIGNALING	ATR	1.704974	NOT_WT_LOST
SIM-03905	Pathogenic	DDR_SIGNALING	CHEK1	0.747392	NOT_WT_LOST
SIM-03906	Pathogenic	DDR_SIGNALING	RAD50	0.753674	NOT_WT_LOST
SIM-03907	Pathogenic	DDR_SIGNALING	CHEK2	-0.075091	NOT_WT_LOST
SIM-03908	Pathogenic	DDR_SIGNALING	ATM	1.315618	WT_LOST
SIM-03909	Pathogenic	DDR_SIGNALING	RAD50	1.257753	WT_LOST
SIM-03910	Pathogenic	DDR_SIGNALING	NBN	-0.487416	WT_LOST
SIM-03911	Pathogenic	DDR_SIGNALING	CHEK2	1.749427	WT_LOST
SIM-03912	Pathogenic	DDR_SIGNALING	CHEK1	0.723092	WT_LOST
SIM-03913	Pathogenic	DDR_SIGNALING	NBN	1.378506	WT_LOST
SIM-03914	Pathogenic	DDR_SIGNALING	ATR	1.365252	WT_LOST
SIM-03915	Pathogenic	DDR_SIGNALING	NBN	1.7164	WT_LOST
SIM-03916	Pathogenic	DDR_SIGNALING	FANCM	0.834787	WT_LOST
SIM-03917	Pathogenic	DDR_SIGNALING	ATR	2.0802	WT_LOST
SIM-03918	Pathogenic	DDR_SIGNALING	FANCM	1.506287	WT_LOST
SIM-03919	Pathogenic	DDR_SIGNALING	CHEK2	0.836682	WT_LOST
SIM-03920	Pathogenic	DDR_SIGNALING	CHEK1	1.146699	WT_LOST
SIM-03921	Pathogenic	DDR_SIGNALING	ATM	1.097315	WT_LOST
SIM-03922	Pathogenic	DDR_SIGNALING	NBN	1.177738	WT_LOST
SIM-03923	Pathogenic	DDR_SIGNALING	MRE11	1.462294	WT_LOST
SIM-03924	Pathogenic	DDR_SIGNALING	CHEK2	2.800696	WT_LOST
SIM-03925	Pathogenic	DDR_SIGNALING	CHEK1	1.039438	WT_LOST
SIM-03926	Pathogenic	DDR_SIGNALING	CHEK2	1.130189	WT_LOST
SIM-03927	Pathogenic	DDR_SIGNALING	CHEK1	0.428924	NOT_WT_LOST
SIM-03928	Pathogenic	DDR_SIGNALING	CHEK2	-0.408399	NOT_WT_LOST
SIM-03929	Pathogenic	DDR_SIGNALING	RAD50	1.712797	WT_LOST
SIM-03930	Pathogenic	DDR_SIGNALING	NBN	1.009021	WT_LOST
SIM-03931	Pathogenic	DDR_SIGNALING	RAD50	0.801132	NOT_WT_LOST
SIM-03932	Pathogenic	DDR_SIGNALING	MRE11	0.557914	WT_LOST
SIM-03933	Pathogenic	DDR_SIGNALING	ATR	-0.136038	NOT_WT_LOST
SIM-03934	Pathogenic	DDR_SIGNALING	ATM	0.203561	NOT_WT_LOST
SIM-03935	Pathogenic	DDR_SIGNALING	MRE11	-0.992336	NOT_WT_LOST
SIM-03936	Pathogenic	DDR_SIGNALING	MRE11	1.735722	WT_LOST
SIM-03937	Pathogenic	DDR_SIGNALING	RAD50	0.510108	NOT_WT_LOST
SIM-03938	Pathogenic	DDR_SIGNALING	NBN	1.556616	WT_LOST
SIM-03939	Pathogenic	DDR_SIGNALING	MRE11	0.243741	NOT_WT_LOST
SIM-03940	Pathogenic	DDR_SIGNALING	FANCM	0.118207	WT_LOST
SIM-03941	Pathogenic	DDR_SIGNALING	FANCM	1.68613	WT_LOST
SIM-03942	Pathogenic	DDR_SIGNALING	CHEK2	0.474444	NOT_WT_LOST
SIM-03943	Pathogenic	DDR_SIGNALING	MRE11	-0.600045	NOT_WT_LOST
SIM-03944	Pathogenic	DDR_SIGNALING	NBN	0.397467	NOT_WT_LOST
SIM-03945	Pathogenic	DDR_SIGNALING	ATR	1.615395	WT_LOST
SIM-03946	Pathogenic	DDR_SIGNALING	CHEK2	0.873537	WT_LOST
SIM-03947	Pathogenic	DDR_SIGNALING	ATR	1.469296	WT_LOST
SIM-03948	Pathogenic	DDR_SIGNALING	CHEK2	0.448404	NOT_WT_LOST
SIM-03949	Pathogenic	DDR_SIGNALING	CHEK2	0.452595	WT_LOST
SIM-03950	Pathogenic	DDR_SIGNALING	RAD50	1.661737	WT_LOST
SIM-03951	Pathogenic	DDR_SIGNALING	MRE11	-0.299251	NOT_WT_LOST
SIM-03952	Pathogenic	DDR_SIGNALING	MRE11	0.99643	NOT_WT_LOST
SIM-03953	Pathogenic	DDR_SIGNALING	ATR	0.568135	NOT_WT_LOST
SIM-03954	Pathogenic	DDR_SIGNALING	FANCM	-0.010958	WT_LOST
SIM-03955	Pathogenic	DDR_SIGNALING	ATR	0.46179	NOT_WT_LOST
SIM-03956	Pathogenic	DDR_SIGNALING	RAD50	0.755635	WT_LOST
SIM-03957	Pathogenic	DDR_SIGNALING	RAD50	-0.257338	WT_LOST
SIM-03958	Pathogenic	DDR_SIGNALING	CHEK2	0.121392	WT_LOST
SIM-03959	Pathogenic	DDR_SIGNALING	ATR	2.130125	WT_LOST
SIM-03960	Pathogenic	DDR_SIGNALING	ATR	2.059258	NOT_WT_LOST
SIM-03961	Pathogenic	DDR_SIGNALING	CHEK2	0.125996	NOT_WT_LOST
SIM-03962	Pathogenic	DDR_SIGNALING	NBN	0.98132	WT_LOST
SIM-03963	Pathogenic	DDR_SIGNALING	NBN	1.722506	WT_LOST
SIM-03964	Pathogenic	DDR_SIGNALING	ATR	0.585785	WT_LOST
SIM-03965	Pathogenic	DDR_SIGNALING	RAD50	-0.831149	NOT_WT_LOST
SIM-03966	Pathogenic	DDR_SIGNALING	ATR	-0.315466	NOT_WT_LOST
SIM-03967	Pathogenic	DDR_SIGNALING	ATR	-0.318872	WT_LOST
SIM-03968	Pathogenic	DDR_SIGNALING	FANCM	-0.345401	NOT_WT_LOST
SIM-03969	Pathogenic	DDR_SIGNALING	ATR	2.078133	WT_LOST
SIM-03970	Pathogenic	DDR_SIGNALING	CHEK2	0.638411	NOT_WT_LOST
SIM-03971	Pathogenic	DDR_SIGNALING	CHEK1	2.082897	WT_LOST
SIM-03972	Pathogenic	DDR_SIGNALING	RAD50	0.50251	WT_LOST
SIM-03973	Pathogenic	DDR_SIGNALING	NBN	0.750228	WT_LOST
SIM-03974	Pathogenic	DDR_SIGNALING	CHEK1	2.114804	WT_LOST
SIM-03975	Pathogenic	DDR_SIGNALING	ATR	0.87565	WT_LOST
SIM-03976	Pathogenic	DDR_SIGNALING	FANCM	1.553877	NOT_WT_LOST
SIM-03977	Pathogenic	DDR_SIGNALING	NBN	0.696312	WT_LOST
SIM-03978	Pathogenic	DDR_SIGNALING	NBN	1.928371	WT_LOST
SIM-03979	Pathogenic	DDR_SIGNALING	MRE11	-0.047498	NOT_WT_LOST
SIM-03980	Pathogenic	DDR_SIGNALING	NBN	0.575098	NOT_WT_LOST
SIM-03981	Pathogenic	DDR_SIGNALING	ATM	1.083078	WT_LOST
SIM-03982	Pathogenic	DDR_SIGNALING	ATR	0.554729	WT_LOST
SIM-03983	Pathogenic	DDR_SIGNALING	CHEK1	0.411229	NOT_WT_LOST
SIM-03984	Pathogenic	DDR_SIGNALING	CHEK1	0.206131	NOT_WT_LOST
SIM-03985	Pathogenic	DDR_SIGNALING	CHEK2	-0.008603	NOT_WT_LOST
SIM-03986	Pathogenic	DDR_SIGNALING	ATM	0.779182	WT_LOST
SIM-03987	Pathogenic	DDR_SIGNALING	CHEK2	1.688895	WT_LOST
SIM-03988	Pathogenic	DDR_SIGNALING	RAD50	3.708993	WT_LOST
SIM-03989	Pathogenic	DDR_SIGNALING	RAD50	0.347651	NOT_WT_LOST
SIM-03990	Pathogenic	DDR_SIGNALING	CHEK2	0.831256	NOT_WT_LOST
SIM-03991	Pathogenic	DDR_SIGNALING	RAD50	2.158695	WT_LOST
SIM-03992	Pathogenic	DDR_SIGNALING	RAD50	0.65539	WT_LOST
SIM-03993	Pathogenic	DDR_SIGNALING	RAD50	0.379337	NOT_WT_LOST
SIM-03994	Pathogenic	DDR_SIGNALING	RAD50	0.634616	WT_LOST
SIM-03995	Pathogenic	DDR_SIGNALING	RAD50	0.324447	NOT_WT_LOST
SIM-03996	Pathogenic	DDR_SIGNALING	ATM	0.894676	WT_LOST
SIM-03997	Pathogenic	DDR_SIGNALING	RAD50	1.188418	WT_LOST
SIM-03998	Pathogenic	DDR_SIGNALING	ATM	1.029984	NOT_WT_LOST
SIM-03999	Pathogenic	DDR_SIGNALING	ATM	0.535975	NOT_WT_LOST
SIM-04000	Pathogenic	DDR_SIGNALING	CHEK1	1.674024	NOT_WT_LOST
SIM-04001	Pathogenic	DDR_SIGNALING	MRE11	1.264262	WT_LOST
SIM-04002	Pathogenic	DDR_SIGNALING	FANCM	0.840167	WT_LOST
SIM-04003	Pathogenic	DDR_SIGNALING	ATM	0.746303	NOT_WT_LOST
SIM-04004	Pathogenic	DDR_SIGNALING	CHEK1	-0.311602	NOT_WT_LOST
SIM-04005	Pathogenic	DDR_SIGNALING	MRE11	1.826918	WT_LOST
SIM-04006	Pathogenic	DDR_SIGNALING	ATR	-0.065823	NOT_WT_LOST
SIM-04007	Pathogenic	DDR_SIGNALING	RAD50	1.575325	WT_LOST
SIM-04008	Pathogenic	DDR_SIGNALING	RAD50	2.454847	NOT_WT_LOST
SIM-04009	Pathogenic	DDR_SIGNALING	CHEK1	1.414025	WT_LOST
SIM-04010	Pathogenic	DDR_SIGNALING	ATR	1.325146	WT_LOST
SIM-04011	Pathogenic	DDR_SIGNALING	RAD50	0.409028	NOT_WT_LOST
SIM-04012	Pathogenic	DDR_SIGNALING	RAD50	1.843985	WT_LOST
SIM-04013	Pathogenic	DDR_SIGNALING	MRE11	-0.441514	NOT_WT_LOST
SIM-04014	Pathogenic	DDR_SIGNALING	ATR	-0.592347	NOT_WT_LOST
SIM-04015	Pathogenic	DDR_SIGNALING	RAD50	0.051203	NOT_WT_LOST
SIM-04016	Pathogenic	DDR_SIGNALING	ATR	1.168281	WT_LOST
SIM-04017	Pathogenic	DDR_SIGNALING	CHEK2	1.593354	NOT_WT_LOST
SIM-04018	Pathogenic	DDR_SIGNALING	CHEK1	0.677713	NOT_WT_LOST
SIM-04019	Pathogenic	DDR_SIGNALING	ATM	0.547395	WT_LOST
SIM-04020	Pathogenic	DDR_SIGNALING	NBN	2.74535	WT_LOST
SIM-04021	Pathogenic	DDR_SIGNALING	ATM	1.871436	WT_LOST
SIM-04022	Pathogenic	DDR_SIGNALING	FANCM	-0.17522	WT_LOST
SIM-04023	Pathogenic	DDR_SIGNALING	FANCM	-0.098896	WT_LOST
SIM-04024	Pathogenic	DDR_SIGNALING	ATR	0.699704	NOT_WT_LOST
SIM-04025	Pathogenic	DDR_SIGNALING	ATR	-0.811082	NOT_WT_LOST
SIM-04026	Pathogenic	DDR_SIGNALING	CHEK2	0.903525	NOT_WT_LOST
SIM-04027	Pathogenic	DDR_SIGNALING	CHEK1	0.128731	WT_LOST
SIM-04028	Pathogenic	DDR_SIGNALING	FANCM	1.509054	WT_LOST
SIM-04029	Pathogenic	DDR_SIGNALING	NBN	-1.371703	NOT_WT_LOST
SIM-04030	Pathogenic	DDR_SIGNALING	FANCM	-0.19542	WT_LOST
SIM-04031	Pathogenic	DDR_SIGNALING	CHEK1	2.646987	WT_LOST
SIM-04032	Pathogenic	DDR_SIGNALING	NBN	3.106833	WT_LOST
SIM-04033	Pathogenic	DDR_SIGNALING	RAD50	1.314356	NOT_WT_LOST
SIM-04034	Pathogenic	DDR_SIGNALING	NBN	2.507119	WT_LOST
SIM-04035	Pathogenic	DDR_SIGNALING	RAD50	2.40826	WT_LOST
SIM-04036	Pathogenic	DDR_SIGNALING	CHEK2	0.320922	NOT_WT_LOST
SIM-04037	Pathogenic	DDR_SIGNALING	FANCM	0.720066	WT_LOST
SIM-04038	Pathogenic	DDR_SIGNALING	RAD50	1.238491	NOT_WT_LOST
SIM-04039	Pathogenic	DDR_SIGNALING	FANCM	0.81446	NOT_WT_LOST
SIM-04040	Pathogenic	DDR_SIGNALING	ATR	0.924447	WT_LOST
SIM-04041	Pathogenic	DDR_SIGNALING	CHEK2	1.177076	WT_LOST
SIM-04042	Pathogenic	DDR_SIGNALING	NBN	0.012866	NOT_WT_LOST
SIM-04043	Pathogenic	DDR_SIGNALING	MRE11	0.388015	WT_LOST
SIM-04044	Pathogenic	DDR_SIGNALING	ATM	2.797717	WT_LOST
SIM-04045	Pathogenic	DDR_SIGNALING	CHEK1	1.703964	NOT_WT_LOST
SIM-04046	Pathogenic	DDR_SIGNALING	CHEK2	1.110428	NOT_WT_LOST
SIM-04047	Pathogenic	DDR_SIGNALING	NBN	0.955906	WT_LOST
SIM-04048	Pathogenic	DDR_SIGNALING	RAD50	0.543089	WT_LOST
SIM-04049	Pathogenic	DDR_SIGNALING	ATR	1.568331	WT_LOST
SIM-04050	Pathogenic	DDR_SIGNALING	FANCM	1.621863	WT_LOST
SIM-04051	Pathogenic	DDR_SIGNALING	MRE11	1.068109	NOT_WT_LOST
SIM-04052	Pathogenic	DDR_SIGNALING	RAD50	2.090722	WT_LOST
SIM-04053	Pathogenic	DDR_SIGNALING	CHEK2	2.442942	WT_LOST
SIM-04054	Pathogenic	DDR_SIGNALING	ATM	1.987255	WT_LOST
SIM-04055	Pathogenic	DDR_SIGNALING	ATR	1.629764	WT_LOST
SIM-04056	Pathogenic	DDR_SIGNALING	ATM	-1.362109	NOT_WT_LOST
SIM-04057	Pathogenic	DDR_SIGNALING	ATM	0.977045	NOT_WT_LOST
SIM-04058	Pathogenic	DDR_SIGNALING	FANCM	1.675236	NOT_WT_LOST
SIM-04059	Pathogenic	DDR_SIGNALING	ATR	0.032244	NOT_WT_LOST
SIM-04060	Pathogenic	DDR_SIGNALING	ATR	0.24572	NOT_WT_LOST
SIM-04061	Pathogenic	DDR_SIGNALING	FANCM	2.646324	WT_LOST
SIM-04062	Pathogenic	DDR_SIGNALING	ATR	0.329898	NOT_WT_LOST
SIM-04063	Pathogenic	DDR_SIGNALING	MRE11	0.098614	NOT_WT_LOST
SIM-04064	Pathogenic	DDR_SIGNALING	NBN	0.402341	NOT_WT_LOST
SIM-04065	Pathogenic	DDR_SIGNALING	MRE11	0.408619	NOT_WT_LOST
SIM-04066	Pathogenic	DDR_SIGNALING	ATM	1.842102	WT_LOST
SIM-04067	Pathogenic	DDR_SIGNALING	CHEK2	0.74314	NOT_WT_LOST
SIM-04068	Pathogenic	DDR_SIGNALING	FANCM	0.945333	WT_LOST
SIM-04069	Pathogenic	DDR_SIGNALING	ATM	1.537182	WT_LOST
SIM-04070	Pathogenic	DDR_SIGNALING	FANCM	1.40849	WT_LOST
SIM-04071	Pathogenic	DDR_SIGNALING	CHEK1	2.600717	WT_LOST
SIM-04072	Pathogenic	DDR_SIGNALING	CHEK1	-1.080221	NOT_WT_LOST
SIM-04073	Pathogenic	DDR_SIGNALING	RAD50	1.589429	WT_LOST
SIM-04074	Pathogenic	DDR_SIGNALING	ATR	0.79603	NOT_WT_LOST
SIM-04075	Pathogenic	DDR_SIGNALING	CHEK1	0.839261	NOT_WT_LOST
SIM-04076	Pathogenic	DDR_SIGNALING	FANCM	2.030957	WT_LOST
SIM-04077	Pathogenic	DDR_SIGNALING	CHEK2	1.535916	NOT_WT_LOST
SIM-04078	Pathogenic	DDR_SIGNALING	ATR	0.57704	NOT_WT_LOST
SIM-04079	Pathogenic	DDR_SIGNALING	ATM	1.067351	WT_LOST
SIM-04080	Pathogenic	DDR_SIGNALING	RAD50	1.189565	WT_LOST
SIM-04081	Pathogenic	DDR_SIGNALING	MRE11	1.298487	NOT_WT_LOST
SIM-04082	Pathogenic	DDR_SIGNALING	RAD50	-0.649746	NOT_WT_LOST
SIM-04083	Pathogenic	DDR_SIGNALING	NBN	1.141732	WT_LOST
SIM-04084	Pathogenic	DDR_SIGNALING	CHEK2	0.727484	WT_LOST
SIM-04085	Pathogenic	DDR_SIGNALING	ATM	1.844731	WT_LOST
SIM-04086	Pathogenic	DDR_SIGNALING	NBN	0.270905	NOT_WT_LOST
SIM-04087	Pathogenic	DDR_SIGNALING	CHEK1	1.371545	WT_LOST
SIM-04088	Pathogenic	DDR_SIGNALING	ATR	2.110171	NOT_WT_LOST
SIM-04089	Pathogenic	DDR_SIGNALING	MRE11	0.806359	WT_LOST
SIM-04090	Pathogenic	DDR_SIGNALING	FANCM	2.314094	WT_LOST
SIM-04091	Pathogenic	DDR_SIGNALING	CHEK2	2.316904	WT_LOST
SIM-04092	Pathogenic	DDR_SIGNALING	CHEK2	0.400121	WT_LOST
SIM-04093	Pathogenic	DDR_SIGNALING	RAD50	1.470654	NOT_WT_LOST
SIM-04094	Pathogenic	DDR_SIGNALING	NBN	1.348554	WT_LOST
SIM-04095	Pathogenic	DDR_SIGNALING	ATM	0.810766	NOT_WT_LOST
SIM-04096	Pathogenic	DDR_SIGNALING	ATM	0.100855	WT_LOST
SIM-04097	Pathogenic	DDR_SIGNALING	FANCM	1.732159	NOT_WT_LOST
SIM-04098	Pathogenic	DDR_SIGNALING	MRE11	1.417359	WT_LOST
SIM-04099	Pathogenic	DDR_SIGNALING	FANCM	2.610705	WT_LOST
SIM-04100	Pathogenic	DDR_SIGNALING	FANCM	-1.074961	WT_LOST
SIM-04101	Pathogenic	DDR_SIGNALING	CHEK2	0.763742	NOT_WT_LOST
SIM-04102	Pathogenic	DDR_SIGNALING	ATM	2.977326	WT_LOST
SIM-04103	Pathogenic	DDR_SIGNALING	CHEK2	-0.846826	NOT_WT_LOST
SIM-04104	Pathogenic	DDR_SIGNALING	RAD50	-0.622507	NOT_WT_LOST
SIM-04105	Pathogenic	DDR_SIGNALING	FANCM	-0.138319	WT_LOST
SIM-04106	Pathogenic	DDR_SIGNALING	RAD50	1.875279	WT_LOST
SIM-04107	Pathogenic	DDR_SIGNALING	CHEK2	0.366365	WT_LOST
SIM-04108	Pathogenic	DDR_SIGNALING	CHEK2	1.107351	NOT_WT_LOST
SIM-04109	Pathogenic	DDR_SIGNALING	CHEK2	1.95948	WT_LOST
SIM-04110	Pathogenic	DDR_SIGNALING	NBN	1.534795	WT_LOST
SIM-04111	Pathogenic	DDR_SIGNALING	ATM	0.803023	NOT_WT_LOST
SIM-04112	Pathogenic	DDR_SIGNALING	ATM	2.137732	WT_LOST
SIM-04113	Pathogenic	DDR_SIGNALING	ATM	0.716074	WT_LOST
SIM-04114	Pathogenic	DDR_SIGNALING	NBN	0.673232	NOT_WT_LOST
SIM-04115	Pathogenic	DDR_SIGNALING	RAD50	0.602265	NOT_WT_LOST
SIM-04116	Pathogenic	DDR_SIGNALING	CHEK2	0.262748	WT_LOST
SIM-04117	Pathogenic	DDR_SIGNALING	ATM	0.401536	NOT_WT_LOST
SIM-04118	Pathogenic	DDR_SIGNALING	CHEK1	-1.036885	NOT_WT_LOST
SIM-04119	Pathogenic	DDR_SIGNALING	FANCM	1.786462	WT_LOST
SIM-04120	Pathogenic	DDR_SIGNALING	CHEK1	0.221553	NOT_WT_LOST
SIM-04121	Pathogenic	DDR_SIGNALING	FANCM	1.021596	WT_LOST
SIM-04122	Pathogenic	DDR_SIGNALING	ATM	0.975355	NOT_WT_LOST
SIM-04123	Pathogenic	DDR_SIGNALING	FANCM	-0.014117	NOT_WT_LOST
SIM-04124	Pathogenic	DDR_SIGNALING	ATM	2.154362	WT_LOST
SIM-04125	Pathogenic	DDR_SIGNALING	CHEK2	2.330845	WT_LOST
SIM-04126	Pathogenic	DDR_SIGNALING	MRE11	0.751545	WT_LOST
SIM-04127	Pathogenic	DDR_SIGNALING	FANCM	2.137137	WT_LOST
SIM-04128	Pathogenic	DDR_SIGNALING	CHEK1	3.490081	WT_LOST
SIM-04129	Pathogenic	DDR_SIGNALING	FANCM	1.512164	WT_LOST
SIM-04130	Pathogenic	DDR_SIGNALING	CHEK1	0.104898	WT_LOST
SIM-04131	Pathogenic	DDR_SIGNALING	FANCM	-0.42897	NOT_WT_LOST
SIM-04132	Pathogenic	DDR_SIGNALING	ATR	1.098516	NOT_WT_LOST
SIM-04133	Pathogenic	DDR_SIGNALING	CHEK1	-0.940775	NOT_WT_LOST
SIM-04134	Pathogenic	DDR_SIGNALING	RAD50	2.510696	WT_LOST
SIM-04135	Pathogenic	DDR_SIGNALING	ATR	1.275289	WT_LOST
SIM-04136	Pathogenic	DDR_SIGNALING	CHEK1	0.689042	NOT_WT_LOST
SIM-04137	Pathogenic	DDR_SIGNALING	ATM	0.682573	WT_LOST
SIM-04138	Pathogenic	DDR_SIGNALING	CHEK1	1.656128	NOT_WT_LOST
SIM-04139	Pathogenic	DDR_SIGNALING	ATM	1.101638	NOT_WT_LOST
SIM-04140	Pathogenic	DDR_SIGNALING	CHEK1	0.899761	WT_LOST
SIM-04141	Pathogenic	DDR_SIGNALING	MRE11	-0.204042	WT_LOST
SIM-04142	Pathogenic	DDR_SIGNALING	ATM	-0.062486	NOT_WT_LOST
SIM-04143	Pathogenic	DDR_SIGNALING	RAD50	0.01882	NOT_WT_LOST
SIM-04144	Pathogenic	DDR_SIGNALING	ATR	1.354226	WT_LOST
SIM-04145	Pathogenic	DDR_SIGNALING	FANCM	1.624321	WT_LOST
SIM-04146	Pathogenic	DDR_SIGNALING	CHEK2	0.28993	NOT_WT_LOST
SIM-04147	Pathogenic	DDR_SIGNALING	ATR	0.040021	WT_LOST
SIM-04148	Pathogenic	DDR_SIGNALING	CHEK2	3.489883	WT_LOST
SIM-04149	Pathogenic	DDR_SIGNALING	RAD50	-0.549382	NOT_WT_LOST
SIM-04150	Pathogenic	DDR_SIGNALING	RAD50	-0.353764	WT_LOST
SIM-04151	Pathogenic	DDR_SIGNALING	MRE11	0.481935	NOT_WT_LOST
SIM-04152	Pathogenic	DDR_SIGNALING	MRE11	-0.1685	NOT_WT_LOST
SIM-04153	Pathogenic	DDR_SIGNALING	CHEK2	1.30824	WT_LOST
SIM-04154	Pathogenic	DDR_SIGNALING	NBN	1.537717	NOT_WT_LOST
SIM-04155	Pathogenic	DDR_SIGNALING	FANCM	1.611752	WT_LOST
SIM-04156	Pathogenic	DDR_SIGNALING	CHEK2	-1.06253	NOT_WT_LOST
SIM-04157	Pathogenic	DDR_SIGNALING	CHEK2	2.336509	WT_LOST
SIM-04158	Pathogenic	DDR_SIGNALING	ATR	0.191755	WT_LOST
SIM-04159	Pathogenic	DDR_SIGNALING	CHEK1	1.510638	WT_LOST
SIM-04160	Pathogenic	DDR_SIGNALING	FANCM	2.997712	WT_LOST
SIM-04161	Pathogenic	DDR_SIGNALING	NBN	0.595425	NOT_WT_LOST
SIM-04162	Pathogenic	DDR_SIGNALING	ATM	-0.056934	NOT_WT_LOST
SIM-04163	Pathogenic	DDR_SIGNALING	RAD50	1.0305	NOT_WT_LOST
SIM-04164	Pathogenic	DDR_SIGNALING	CHEK2	1.882623	WT_LOST
SIM-04165	Pathogenic	DDR_SIGNALING	CHEK1	-0.102308	NOT_WT_LOST
SIM-04166	Pathogenic	DDR_SIGNALING	CHEK2	0.30014	NOT_WT_LOST
SIM-04167	Pathogenic	DDR_SIGNALING	ATR	1.012825	WT_LOST
SIM-04168	Pathogenic	DDR_SIGNALING	CHEK1	0.895291	WT_LOST
SIM-04169	Pathogenic	DDR_SIGNALING	ATM	0.960397	WT_LOST
SIM-04170	Pathogenic	DDR_SIGNALING	ATR	0.382977	WT_LOST
SIM-04171	Pathogenic	DDR_SIGNALING	RAD50	0.72473	WT_LOST
SIM-04172	Pathogenic	DDR_SIGNALING	CHEK1	0.782936	WT_LOST
SIM-04173	Pathogenic	DDR_SIGNALING	MRE11	0.186831	WT_LOST
SIM-04174	Pathogenic	DDR_SIGNALING	RAD50	1.065168	NOT_WT_LOST
SIM-04175	Pathogenic	DDR_SIGNALING	MRE11	-0.027949	NOT_WT_LOST
SIM-04176	Pathogenic	DDR_SIGNALING	NBN	1.669172	NOT_WT_LOST
SIM-04177	Pathogenic	DDR_SIGNALING	FANCM	2.366124	WT_LOST
SIM-04178	Pathogenic	DDR_SIGNALING	RAD50	0.418363	NOT_WT_LOST
SIM-04179	Pathogenic	DDR_SIGNALING	RAD50	0.233354	NOT_WT_LOST
SIM-04180	Pathogenic	DDR_SIGNALING	CHEK2	1.491463	WT_LOST
SIM-04181	Pathogenic	DDR_SIGNALING	CHEK1	1.409428	NOT_WT_LOST
SIM-04182	Pathogenic	DDR_SIGNALING	RAD50	1.918375	NOT_WT_LOST
SIM-04183	Pathogenic	DDR_SIGNALING	ATR	-0.270536	NOT_WT_LOST
SIM-04184	Pathogenic	DDR_SIGNALING	CHEK2	1.532033	WT_LOST
SIM-04185	Pathogenic	DDR_SIGNALING	ATM	0.175268	WT_LOST
SIM-04186	Pathogenic	DDR_SIGNALING	ATM	1.366811	WT_LOST
SIM-04187	Pathogenic	DDR_SIGNALING	ATM	0.320317	NOT_WT_LOST
SIM-04188	Pathogenic	DDR_SIGNALING	ATM	0.307775	NOT_WT_LOST
SIM-04189	Pathogenic	DDR_SIGNALING	ATM	-0.359353	WT_LOST
SIM-04190	Pathogenic	DDR_SIGNALING	ATM	1.558222	WT_LOST
SIM-04191	Pathogenic	DDR_SIGNALING	NBN	0.833697	WT_LOST
SIM-04192	Pathogenic	DDR_SIGNALING	CHEK1	-0.221521	NOT_WT_LOST
SIM-04193	Pathogenic	DDR_SIGNALING	MRE11	1.563829	WT_LOST
SIM-04194	Pathogenic	DDR_SIGNALING	NBN	2.059171	WT_LOST
SIM-04195	Pathogenic	DDR_SIGNALING	MRE11	-1.452152	NOT_WT_LOST
SIM-04196	Pathogenic	DDR_SIGNALING	CHEK1	0.221775	NOT_WT_LOST
SIM-04197	Pathogenic	DDR_SIGNALING	MRE11	2.202925	WT_LOST
SIM-04198	Pathogenic	DDR_SIGNALING	NBN	0.985893	WT_LOST
SIM-04199	Pathogenic	DDR_SIGNALING	FANCM	0.775671	WT_LOST
SIM-04200	Pathogenic	DDR_SIGNALING	CHEK2	2.651796	WT_LOST
SIM-04201	Pathogenic	DDR_SIGNALING	MRE11	1.11478	WT_LOST
SIM-04202	Pathogenic	DDR_SIGNALING	ATR	-1.076498	NOT_WT_LOST
SIM-04203	Pathogenic	DDR_SIGNALING	NBN	0.229741	WT_LOST
SIM-04204	Pathogenic	DDR_SIGNALING	MRE11	-0.526232	NOT_WT_LOST
SIM-04205	Pathogenic	DDR_SIGNALING	CHEK1	0.240509	NOT_WT_LOST
SIM-04206	Pathogenic	DDR_SIGNALING	ATR	-0.071438	WT_LOST
SIM-04207	Pathogenic	DDR_SIGNALING	CHEK1	0.864397	NOT_WT_LOST
SIM-04208	Pathogenic	DDR_SIGNALING	MRE11	-0.626328	NOT_WT_LOST
SIM-04209	Pathogenic	DDR_SIGNALING	CHEK2	1.115409	WT_LOST
SIM-04210	Pathogenic	DDR_SIGNALING	FANCM	0.838309	NOT_WT_LOST
SIM-04211	Pathogenic	DDR_SIGNALING	ATM	0.808484	WT_LOST
SIM-04212	Pathogenic	DDR_SIGNALING	RAD50	0.991909	NOT_WT_LOST
SIM-04213	Pathogenic	DDR_SIGNALING	ATM	-0.449635	NOT_WT_LOST
SIM-04214	Pathogenic	DDR_SIGNALING	MRE11	2.529812	WT_LOST
SIM-04215	Pathogenic	DDR_SIGNALING	ATM	2.673317	WT_LOST
SIM-04216	Pathogenic	DDR_SIGNALING	ATM	-0.835312	WT_LOST
SIM-04217	Pathogenic	DDR_SIGNALING	RAD50	0.87748	WT_LOST
SIM-04218	Pathogenic	DDR_SIGNALING	CHEK2	1.343572	WT_LOST
SIM-04219	Pathogenic	DDR_SIGNALING	ATR	1.350705	WT_LOST
SIM-04220	Pathogenic	DDR_SIGNALING	ATR	-0.399951	WT_LOST
SIM-04221	Pathogenic	DDR_SIGNALING	ATR	0.106958	NOT_WT_LOST
SIM-04222	Pathogenic	DDR_SIGNALING	FANCM	-0.569298	NOT_WT_LOST
SIM-04223	Pathogenic	DDR_SIGNALING	CHEK1	0.54446	NOT_WT_LOST
SIM-04224	Pathogenic	DDR_SIGNALING	FANCM	-0.156984	NOT_WT_LOST
SIM-04225	Pathogenic	DDR_SIGNALING	FANCM	0.111339	WT_LOST
SIM-04226	Pathogenic	DDR_SIGNALING	CHEK2	2.472631	WT_LOST
SIM-04227	Pathogenic	DDR_SIGNALING	ATR	-0.727774	NOT_WT_LOST
SIM-04228	Pathogenic	DDR_SIGNALING	ATM	0.79456	WT_LOST
SIM-04229	Pathogenic	DDR_SIGNALING	CHEK1	0.672597	NOT_WT_LOST
SIM-04230	Pathogenic	DDR_SIGNALING	FANCM	2.751837	WT_LOST
SIM-04231	Pathogenic	DDR_SIGNALING	RAD50	1.335761	NOT_WT_LOST
SIM-04232	Pathogenic	DDR_SIGNALING	ATM	-1.24815	NOT_WT_LOST
SIM-04233	Pathogenic	DDR_SIGNALING	NBN	1.333472	WT_LOST
SIM-04234	Pathogenic	DDR_SIGNALING	ATM	1.264526	NOT_WT_LOST
SIM-04235	Pathogenic	DDR_SIGNALING	CHEK2	0.296904	NOT_WT_LOST
SIM-04236	Pathogenic	DDR_SIGNALING	MRE11	0.848426	NOT_WT_LOST
SIM-04237	Pathogenic	DDR_SIGNALING	ATM	1.491906	WT_LOST
SIM-04238	Pathogenic	DDR_SIGNALING	CHEK2	2.988587	WT_LOST
SIM-04239	Pathogenic	DDR_SIGNALING	ATR	1.804609	NOT_WT_LOST
SIM-04240	Pathogenic	DDR_SIGNALING	CHEK2	1.232441	WT_LOST
SIM-04241	Pathogenic	DDR_SIGNALING	MRE11	-0.76133	NOT_WT_LOST
SIM-04242	Pathogenic	DDR_SIGNALING	ATR	0.971907	WT_LOST
SIM-04243	Pathogenic	DDR_SIGNALING	RAD50	0.87286	WT_LOST
SIM-04244	Pathogenic	DDR_SIGNALING	RAD50	0.386429	NOT_WT_LOST
SIM-04245	Pathogenic	DDR_SIGNALING	FANCM	1.563401	WT_LOST
SIM-04246	Pathogenic	DDR_SIGNALING	RAD50	-0.27591	NOT_WT_LOST
SIM-04247	Pathogenic	DDR_SIGNALING	ATM	1.642145	WT_LOST
SIM-04248	Pathogenic	DDR_SIGNALING	CHEK2	2.174602	WT_LOST
SIM-04249	Pathogenic	DDR_SIGNALING	MRE11	0.650778	NOT_WT_LOST
SIM-04250	Pathogenic	DDR_SIGNALING	MRE11	0.548172	WT_LOST
SIM-04251	Pathogenic	DDR_SIGNALING	NBN	2.922353	WT_LOST
SIM-04252	Pathogenic	DDR_SIGNALING	RAD50	2.106446	WT_LOST
SIM-04253	Pathogenic	DDR_SIGNALING	ATR	0.076988	WT_LOST
SIM-04254	Pathogenic	DDR_SIGNALING	CHEK2	0.772982	WT_LOST
SIM-04255	Pathogenic	DDR_SIGNALING	FANCM	-0.391346	NOT_WT_LOST
SIM-04256	Pathogenic	DDR_SIGNALING	FANCM	-0.48221	NOT_WT_LOST
SIM-04257	Pathogenic	DDR_SIGNALING	CHEK2	0.447914	NOT_WT_LOST
SIM-04258	Pathogenic	DDR_SIGNALING	MRE11	2.914333	WT_LOST
SIM-04259	Pathogenic	DDR_SIGNALING	FANCM	0.896125	WT_LOST
SIM-04260	Pathogenic	DDR_SIGNALING	NBN	1.782147	NOT_WT_LOST
SIM-04261	Pathogenic	DDR_SIGNALING	CHEK1	-0.393384	NOT_WT_LOST
SIM-04262	Pathogenic	DDR_SIGNALING	CHEK1	-0.243428	NOT_WT_LOST
SIM-04263	Pathogenic	DDR_SIGNALING	MRE11	0.623227	NOT_WT_LOST
SIM-04264	Pathogenic	DDR_SIGNALING	CHEK1	0.238188	WT_LOST
SIM-04265	Pathogenic	DDR_SIGNALING	CHEK2	1.245988	WT_LOST
SIM-04266	Pathogenic	DDR_SIGNALING	NBN	1.308651	WT_LOST
SIM-04267	Pathogenic	DDR_SIGNALING	ATR	0.141136	NOT_WT_LOST
SIM-04268	Pathogenic	DDR_SIGNALING	FANCM	1.141852	WT_LOST
SIM-04269	Pathogenic	DDR_SIGNALING	CHEK2	0.471686	NOT_WT_LOST
SIM-04270	Pathogenic	DDR_SIGNALING	ATR	1.456685	WT_LOST
SIM-04271	Pathogenic	DDR_SIGNALING	ATM	1.938644	WT_LOST
SIM-04272	Pathogenic	DDR_SIGNALING	FANCM	-1.207445	NOT_WT_LOST
SIM-04273	Pathogenic	DDR_SIGNALING	MRE11	2.422163	WT_LOST
SIM-04274	Pathogenic	DDR_SIGNALING	FANCM	0.358616	NOT_WT_LOST
SIM-04275	Pathogenic	DDR_SIGNALING	ATR	1.34588	WT_LOST
SIM-04276	Pathogenic	DDR_SIGNALING	NBN	0.864282	WT_LOST
SIM-04277	Pathogenic	DDR_SIGNALING	RAD50	-0.343753	WT_LOST
SIM-04278	Pathogenic	DDR_SIGNALING	ATM	0.08005	NOT_WT_LOST
SIM-04279	Pathogenic	DDR_SIGNALING	FANCM	1.122757	NOT_WT_LOST
SIM-04280	Pathogenic	DDR_SIGNALING	RAD50	-0.707762	NOT_WT_LOST
SIM-04281	Pathogenic	DDR_SIGNALING	ATM	0.755296	NOT_WT_LOST
SIM-04282	Pathogenic	DDR_SIGNALING	FANCM	0.170088	WT_LOST
SIM-04283	Pathogenic	DDR_SIGNALING	MRE11	0.044615	WT_LOST
SIM-04284	Pathogenic	DDR_SIGNALING	CHEK1	2.338387	WT_LOST
SIM-04285	Pathogenic	DDR_SIGNALING	CHEK2	0.422211	NOT_WT_LOST
SIM-04286	Pathogenic	DDR_SIGNALING	ATR	0.299909	NOT_WT_LOST
SIM-04287	Pathogenic	DDR_SIGNALING	ATR	1.662638	WT_LOST
SIM-04288	Pathogenic	DDR_SIGNALING	NBN	1.587567	WT_LOST
SIM-04289	Pathogenic	DDR_SIGNALING	ATM	-0.350762	NOT_WT_LOST
SIM-04290	Pathogenic	DDR_SIGNALING	FANCM	2.301453	WT_LOST
SIM-04291	Pathogenic	DDR_SIGNALING	MRE11	0.58895	WT_LOST
SIM-04292	Pathogenic	DDR_SIGNALING	FANCM	1.252328	WT_LOST
SIM-04293	Pathogenic	DDR_SIGNALING	CHEK2	-0.935282	NOT_WT_LOST
SIM-04294	Pathogenic	DDR_SIGNALING	RAD50	2.346557	WT_LOST
SIM-04295	Pathogenic	DDR_SIGNALING	FANCM	-1.374625	NOT_WT_LOST
SIM-04296	Pathogenic	DDR_SIGNALING	RAD50	0.441744	NOT_WT_LOST
SIM-04297	Pathogenic	DDR_SIGNALING	ATM	0.843638	NOT_WT_LOST
SIM-04298	Pathogenic	DDR_SIGNALING	FANCM	0.290424	NOT_WT_LOST
SIM-04299	Pathogenic	DDR_SIGNALING	MRE11	-1.144538	WT_LOST
SIM-04300	Pathogenic	DDR_SIGNALING	CHEK1	0.035408	WT_LOST
SIM-04301	Pathogenic	DDR_SIGNALING	NBN	2.263629	NOT_WT_LOST
SIM-04302	Pathogenic	DDR_SIGNALING	MRE11	2.847877	NOT_WT_LOST
SIM-04303	Pathogenic	DDR_SIGNALING	RAD50	0.176958	WT_LOST
SIM-04304	Pathogenic	DDR_SIGNALING	RAD50	0.572631	WT_LOST
SIM-04305	Pathogenic	DDR_SIGNALING	ATM	1.413652	NOT_EVALUABLE
SIM-04306	Pathogenic	DDR_SIGNALING	CHEK2	2.145377	NOT_EVALUABLE
SIM-04307	Pathogenic	DDR_SIGNALING	MRE11	-0.132207	NOT_EVALUABLE
SIM-04308	Pathogenic	DDR_SIGNALING	CHEK2	0.532875	NOT_EVALUABLE
SIM-04309	Pathogenic	DDR_SIGNALING	ATM	-1.032191	NOT_EVALUABLE
SIM-04310	Pathogenic	DDR_SIGNALING	CHEK2	0.74036	NOT_EVALUABLE
SIM-04311	Pathogenic	DDR_SIGNALING	ATM	-0.93661	NOT_EVALUABLE
SIM-04312	Pathogenic	DDR_SIGNALING	CHEK2	3.858755	NOT_EVALUABLE
SIM-04313	Pathogenic	DDR_SIGNALING	CHEK1	-0.471306	NOT_WT_LOST
SIM-04314	Pathogenic	DDR_SIGNALING	MRE11	0.104529	NOT_WT_LOST
SIM-04315	Pathogenic	DDR_SIGNALING	CHEK1	-0.343401	NOT_WT_LOST
SIM-04316	Pathogenic	DDR_SIGNALING	RAD50	1.211386	NOT_WT_LOST
SIM-04317	Pathogenic	DDR_SIGNALING	CHEK1	0.731501	NOT_WT_LOST
SIM-04318	Pathogenic	DDR_SIGNALING	CHEK1	1.836527	WT_LOST
SIM-04319	Pathogenic	DDR_SIGNALING	FANCM	0.402463	NOT_WT_LOST
SIM-04320	Pathogenic	DDR_SIGNALING	ATR	0.264549	NOT_WT_LOST
SIM-04321	Pathogenic	DDR_SIGNALING	FANCM	0.772735	WT_LOST
SIM-04322	Pathogenic	DDR_SIGNALING	FANCM	1.066196	WT_LOST
SIM-04323	Pathogenic	DDR_SIGNALING	NBN	2.586456	WT_LOST
SIM-04324	Pathogenic	DDR_SIGNALING	CHEK2	0.659184	NOT_WT_LOST
SIM-04325	Pathogenic	DDR_SIGNALING	CHEK1	-1.080408	NOT_WT_LOST
SIM-04326	Pathogenic	DDR_SIGNALING	MRE11	0.464285	NOT_WT_LOST
SIM-04327	Pathogenic	DDR_SIGNALING	ATR	-0.021215	NOT_WT_LOST
SIM-04328	Pathogenic	DDR_SIGNALING	FANCM	-0.176501	NOT_WT_LOST
SIM-04329	Pathogenic	DDR_SIGNALING	CHEK2	-1.19598	NOT_WT_LOST
SIM-04330	Pathogenic	DDR_SIGNALING	CHEK2	2.132703	WT_LOST
SIM-04331	Pathogenic	DDR_SIGNALING	RAD50	0.639892	NOT_WT_LOST
SIM-04332	Pathogenic	DDR_SIGNALING	CHEK1	2.319874	WT_LOST
SIM-04333	Pathogenic	DDR_SIGNALING	ATR	1.731985	WT_LOST
SIM-04334	Pathogenic	DDR_SIGNALING	CHEK2	1.696839	NOT_WT_LOST
SIM-04335	Pathogenic	DDR_SIGNALING	NBN	1.257709	WT_LOST
SIM-04336	Pathogenic	DDR_SIGNALING	MRE11	1.126082	WT_LOST
SIM-04337	Pathogenic	DDR_SIGNALING	ATM	2.445769	WT_LOST
SIM-04338	Pathogenic	DDR_SIGNALING	FANCM	1.179219	NOT_WT_LOST
SIM-04339	Pathogenic	DDR_SIGNALING	CHEK2	0.038179	NOT_WT_LOST
SIM-04340	Pathogenic	DDR_SIGNALING	CHEK1	0.932534	NOT_WT_LOST
SIM-04341	Pathogenic	DDR_SIGNALING	MRE11	1.81566	WT_LOST
SIM-04342	Pathogenic	DDR_SIGNALING	CHEK1	-0.150769	NOT_WT_LOST
SIM-04343	Pathogenic	DDR_SIGNALING	MRE11	0.824986	WT_LOST
SIM-04344	Pathogenic	DDR_SIGNALING	ATM	0.2074	NOT_WT_LOST
SIM-04345	Pathogenic	DDR_SIGNALING	MRE11	-0.4449	NOT_WT_LOST
SIM-04346	Pathogenic	DDR_SIGNALING	NBN	1.254171	NOT_WT_LOST
SIM-04347	Pathogenic	DDR_SIGNALING	FANCM	1.839124	WT_LOST
SIM-04348	Pathogenic	DDR_SIGNALING	CHEK2	1.005039	WT_LOST
SIM-04349	Pathogenic	DDR_SIGNALING	CHEK1	0.768658	WT_LOST
SIM-04350	Pathogenic	DDR_SIGNALING	ATR	-1.674891	NOT_WT_LOST
SIM-04351	Pathogenic	DDR_SIGNALING	FANCM	0.955955	WT_LOST
SIM-04352	Pathogenic	DDR_SIGNALING	NBN	-0.189724	NOT_WT_LOST
SIM-04353	Pathogenic	DDR_SIGNALING	CHEK1	1.08522	NOT_WT_LOST
SIM-04354	Pathogenic	DDR_SIGNALING	NBN	0.030033	NOT_WT_LOST
SIM-04355	Pathogenic	DDR_SIGNALING	FANCM	-0.786967	WT_LOST
SIM-04356	Pathogenic	DDR_SIGNALING	ATR	0.567517	NOT_WT_LOST
SIM-04357	Pathogenic	DDR_SIGNALING	MRE11	0.73213	NOT_WT_LOST
SIM-04358	Pathogenic	DDR_SIGNALING	FANCM	-0.38199	NOT_WT_LOST
SIM-04359	Pathogenic	DDR_SIGNALING	CHEK2	-0.535075	NOT_WT_LOST
SIM-04360	Pathogenic	DDR_SIGNALING	MRE11	0.562902	WT_LOST
SIM-04361	Pathogenic	DDR_SIGNALING	ATR	0.341609	NOT_WT_LOST
SIM-04362	Pathogenic	DDR_SIGNALING	RAD50	-1.556003	NOT_WT_LOST
SIM-04363	Pathogenic	DDR_SIGNALING	RAD50	2.502015	WT_LOST
SIM-04364	Pathogenic	DDR_SIGNALING	ATM	0.508643	NOT_WT_LOST
SIM-04365	Pathogenic	DDR_SIGNALING	MRE11	0.78658	WT_LOST
SIM-04366	Pathogenic	DDR_SIGNALING	CHEK2	0.026927	NOT_WT_LOST
SIM-04367	Pathogenic	DDR_SIGNALING	CHEK2	1.138586	NOT_WT_LOST
SIM-04368	Pathogenic	DDR_SIGNALING	ATR	0.552485	WT_LOST
SIM-04369	Pathogenic	DDR_SIGNALING	MRE11	1.141671	WT_LOST
SIM-04370	Pathogenic	DDR_SIGNALING	FANCM	0.938558	NOT_WT_LOST
SIM-04371	Pathogenic	DDR_SIGNALING	CHEK2	0.343261	NOT_WT_LOST
SIM-04372	Pathogenic	DDR_SIGNALING	FANCM	-0.28453	NOT_WT_LOST
SIM-04373	Pathogenic	DDR_SIGNALING	CHEK1	-0.306676	NOT_WT_LOST
SIM-04374	Pathogenic	DDR_SIGNALING	ATM	0.091715	NOT_WT_LOST
SIM-04375	Pathogenic	DDR_SIGNALING	ATM	-0.900356	NOT_WT_LOST
SIM-04376	Pathogenic	DDR_SIGNALING	FANCM	0.504247	WT_LOST
SIM-04377	Pathogenic	DDR_SIGNALING	RAD50	-0.842312	NOT_WT_LOST
SIM-04378	Pathogenic	DDR_SIGNALING	RAD50	-0.192413	NOT_WT_LOST
SIM-04379	Pathogenic	DDR_SIGNALING	RAD50	0.576546	WT_LOST
SIM-04380	Pathogenic	DDR_SIGNALING	ATM	1.135336	WT_LOST
SIM-04381	Pathogenic	DDR_SIGNALING	ATM	0.352009	NOT_WT_LOST
SIM-04382	Pathogenic	DDR_SIGNALING	ATR	1.250436	WT_LOST
SIM-04383	Pathogenic	DDR_SIGNALING	ATM	1.492399	WT_LOST
SIM-04384	Pathogenic	DDR_SIGNALING	NBN	0.811483	NOT_WT_LOST
SIM-04385	Pathogenic	DDR_SIGNALING	ATM	0.200839	NOT_WT_LOST
SIM-04386	Pathogenic	DDR_SIGNALING	CHEK2	1.315712	WT_LOST
SIM-04387	Pathogenic	DDR_SIGNALING	ATR	0.571507	WT_LOST
SIM-04388	Pathogenic	DDR_SIGNALING	ATR	0.427349	WT_LOST
SIM-04389	Pathogenic	DDR_SIGNALING	CHEK2	1.18395	NOT_WT_LOST
SIM-04390	Pathogenic	DDR_SIGNALING	CHEK2	0.176149	WT_LOST
SIM-04391	Pathogenic	DDR_SIGNALING	ATM	0.940349	WT_LOST
SIM-04392	Pathogenic	DDR_SIGNALING	ATR	1.677663	WT_LOST
SIM-04393	Pathogenic	DDR_SIGNALING	MRE11	-0.27602	NOT_WT_LOST
SIM-04394	Pathogenic	DDR_SIGNALING	CHEK1	0.981127	NOT_WT_LOST
SIM-04395	Pathogenic	DDR_SIGNALING	CHEK2	2.078381	NOT_WT_LOST
SIM-04396	Pathogenic	DDR_SIGNALING	FANCM	3.155813	WT_LOST
SIM-04397	Pathogenic	DDR_SIGNALING	ATM	0.774335	NOT_WT_LOST
SIM-04398	Pathogenic	DDR_SIGNALING	FANCM	1.888311	WT_LOST
SIM-04399	Pathogenic	DDR_SIGNALING	NBN	0.096594	NOT_WT_LOST
SIM-04400	Pathogenic	DDR_SIGNALING	NBN	0.557179	WT_LOST
SIM-04401	Pathogenic	DDR_SIGNALING	CHEK1	0.279796	WT_LOST
SIM-04402	Pathogenic	DDR_SIGNALING	FANCM	0.094369	NOT_WT_LOST
SIM-04403	Pathogenic	DDR_SIGNALING	RAD50	0.720815	WT_LOST
SIM-04404	Pathogenic	DDR_SIGNALING	RAD50	-0.756942	NOT_WT_LOST
SIM-04405	Pathogenic	DDR_SIGNALING	FANCM	-1.243285	WT_LOST
SIM-04406	Pathogenic	DDR_SIGNALING	ATM	0.395688	WT_LOST
SIM-04407	Pathogenic	DDR_SIGNALING	CHEK1	-0.367535	NOT_WT_LOST
SIM-04408	Pathogenic	DDR_SIGNALING	MRE11	1.94126	WT_LOST
SIM-04409	Pathogenic	DDR_SIGNALING	NBN	2.017795	WT_LOST
SIM-04410	Pathogenic	DDR_SIGNALING	CHEK2	1.315794	WT_LOST
SIM-04411	Pathogenic	DDR_SIGNALING	MRE11	0.958434	NOT_WT_LOST
SIM-04412	Pathogenic	DDR_SIGNALING	ATM	0.377595	WT_LOST
SIM-04413	Pathogenic	DDR_SIGNALING	NBN	2.108627	WT_LOST
SIM-04414	Pathogenic	DDR_SIGNALING	MRE11	0.999913	NOT_WT_LOST
SIM-04415	Pathogenic	DDR_SIGNALING	RAD50	0.193038	WT_LOST
SIM-04416	Pathogenic	DDR_SIGNALING	RAD50	0.121264	WT_LOST
SIM-04417	Pathogenic	DDR_SIGNALING	NBN	1.151432	WT_LOST
SIM-04418	Pathogenic	DDR_SIGNALING	ATR	-1.846829	NOT_WT_LOST
SIM-04419	Pathogenic	DDR_SIGNALING	NBN	1.40244	NOT_WT_LOST
SIM-04420	Pathogenic	DDR_SIGNALING	RAD50	1.238222	WT_LOST
SIM-04421	Pathogenic	DDR_SIGNALING	CHEK2	-0.177285	NOT_WT_LOST
SIM-04422	Pathogenic	DDR_SIGNALING	RAD50	2.280148	WT_LOST
SIM-04423	Pathogenic	DDR_SIGNALING	NBN	1.626855	WT_LOST
SIM-04424	Pathogenic	DDR_SIGNALING	RAD50	0.41727	NOT_WT_LOST
SIM-04425	Pathogenic	DDR_SIGNALING	ATR	0.88643	WT_LOST
SIM-04426	Pathogenic	DDR_SIGNALING	MRE11	-0.078847	WT_LOST
SIM-04427	Pathogenic	DDR_SIGNALING	FANCM	-0.148178	NOT_WT_LOST
SIM-04428	Pathogenic	DDR_SIGNALING	RAD50	0.94503	NOT_WT_LOST
SIM-04429	Pathogenic	DDR_SIGNALING	CHEK2	1.030366	NOT_WT_LOST
SIM-04430	Pathogenic	DDR_SIGNALING	ATM	2.120187	WT_LOST
SIM-04431	Pathogenic	DDR_SIGNALING	CHEK2	-0.055066	NOT_WT_LOST
SIM-04432	Pathogenic	DDR_SIGNALING	ATR	0.23471	NOT_WT_LOST
SIM-04433	Pathogenic	DDR_SIGNALING	FANCM	0.249484	NOT_WT_LOST
SIM-04434	Pathogenic	DDR_SIGNALING	ATR	-0.298572	NOT_WT_LOST
SIM-04435	Pathogenic	DDR_SIGNALING	CHEK1	0.29606	NOT_WT_LOST
SIM-04436	Pathogenic	DDR_SIGNALING	RAD50	1.534867	WT_LOST
SIM-04437	Pathogenic	DDR_SIGNALING	RAD50	-0.15648	NOT_WT_LOST
SIM-04438	Pathogenic	DDR_SIGNALING	NBN	1.444761	WT_LOST
SIM-04439	Pathogenic	DDR_SIGNALING	MRE11	0.724318	NOT_WT_LOST
SIM-04440	Pathogenic	DDR_SIGNALING	NBN	0.990675	WT_LOST
SIM-04441	Pathogenic	DDR_SIGNALING	ATR	1.691248	WT_LOST
SIM-04442	Pathogenic	DDR_SIGNALING	NBN	-0.837358	NOT_WT_LOST
SIM-04443	Pathogenic	DDR_SIGNALING	MRE11	0.732749	WT_LOST
SIM-04444	Pathogenic	DDR_SIGNALING	MRE11	-0.28847	WT_LOST
SIM-04445	Pathogenic	DDR_SIGNALING	NBN	0.099252	NOT_WT_LOST
SIM-04446	Pathogenic	DDR_SIGNALING	CHEK1	2.083361	WT_LOST
SIM-04447	Pathogenic	DDR_SIGNALING	ATM	0.840256	WT_LOST
SIM-04448	Pathogenic	DDR_SIGNALING	RAD50	-0.254395	NOT_WT_LOST
SIM-04449	Pathogenic	DDR_SIGNALING	FANCM	0.427314	NOT_WT_LOST
SIM-04450	Pathogenic	DDR_SIGNALING	MRE11	0.005471	NOT_WT_LOST
SIM-04451	Pathogenic	DDR_SIGNALING	RAD50	2.072026	WT_LOST
SIM-04452	Pathogenic	DDR_SIGNALING	FANCM	1.545291	WT_LOST
SIM-04453	Pathogenic	DDR_SIGNALING	NBN	0.825317	WT_LOST
SIM-04454	Pathogenic	DDR_SIGNALING	ATM	1.08709	NOT_WT_LOST
SIM-04455	Pathogenic	DDR_SIGNALING	MRE11	0.558654	NOT_WT_LOST
SIM-04456	Pathogenic	DDR_SIGNALING	FANCM	-0.578479	NOT_WT_LOST
SIM-04457	Pathogenic	DDR_SIGNALING	NBN	1.643823	WT_LOST
SIM-04458	Pathogenic	DDR_SIGNALING	CHEK1	-0.370912	WT_LOST
SIM-04459	Pathogenic	DDR_SIGNALING	FANCM	0.858021	WT_LOST
SIM-04460	Pathogenic	DDR_SIGNALING	CHEK2	0.649447	WT_LOST
SIM-04461	Pathogenic	DDR_SIGNALING	ATM	1.519543	WT_LOST
SIM-04462	Pathogenic	DDR_SIGNALING	ATM	1.331139	WT_LOST
SIM-04463	Pathogenic	DDR_SIGNALING	MRE11	1.173889	WT_LOST
SIM-04464	Pathogenic	DDR_SIGNALING	FANCM	0.41878	NOT_WT_LOST
SIM-04465	Pathogenic	DDR_SIGNALING	MRE11	0.636497	WT_LOST
SIM-04466	Pathogenic	DDR_SIGNALING	RAD50	0.263294	NOT_WT_LOST
SIM-04467	Pathogenic	DDR_SIGNALING	CHEK1	0.234264	NOT_WT_LOST
SIM-04468	Pathogenic	DDR_SIGNALING	MRE11	0.328691	NOT_WT_LOST
SIM-04469	Pathogenic	DDR_SIGNALING	ATM	-0.179159	NOT_WT_LOST
SIM-04470	Pathogenic	DDR_SIGNALING	NBN	1.385876	WT_LOST
SIM-04471	Pathogenic	DDR_SIGNALING	RAD50	0.742736	NOT_WT_LOST
SIM-04472	Pathogenic	DDR_SIGNALING	RAD50	0.54572	NOT_WT_LOST
SIM-04473	Pathogenic	DDR_SIGNALING	ATR	0.312575	NOT_WT_LOST
SIM-04474	Pathogenic	DDR_SIGNALING	CHEK2	1.519883	NOT_WT_LOST
SIM-04475	Pathogenic	DDR_SIGNALING	MRE11	0.410894	NOT_WT_LOST
SIM-04476	Pathogenic	DDR_SIGNALING	ATM	0.463951	NOT_WT_LOST
SIM-04477	Pathogenic	DDR_SIGNALING	RAD50	1.267419	WT_LOST
SIM-04478	Pathogenic	DDR_SIGNALING	CHEK2	0.255793	NOT_WT_LOST
SIM-04479	Pathogenic	DDR_SIGNALING	FANCM	0.416895	WT_LOST
SIM-04480	Pathogenic	DDR_SIGNALING	MRE11	0.429577	NOT_WT_LOST
SIM-04481	Pathogenic	DDR_SIGNALING	MRE11	1.974635	WT_LOST
SIM-04482	Pathogenic	DDR_SIGNALING	RAD50	2.564707	WT_LOST
SIM-04483	Pathogenic	DDR_SIGNALING	CHEK1	0.297029	WT_LOST
SIM-04484	Pathogenic	DDR_SIGNALING	CHEK1	0.039702	NOT_WT_LOST
SIM-04485	Pathogenic	DDR_SIGNALING	ATM	1.665036	NOT_WT_LOST
SIM-04486	Pathogenic	DDR_SIGNALING	MRE11	1.697846	WT_LOST
SIM-04487	Pathogenic	DDR_SIGNALING	RAD50	0.497681	WT_LOST
SIM-04488	Pathogenic	DDR_SIGNALING	ATM	-0.298301	NOT_WT_LOST
SIM-04489	Pathogenic	DDR_SIGNALING	RAD50	-0.146371	NOT_WT_LOST
SIM-04490	Pathogenic	DDR_SIGNALING	RAD50	1.837163	NOT_WT_LOST
SIM-04491	Pathogenic	DDR_SIGNALING	CHEK2	2.142887	WT_LOST
SIM-04492	Pathogenic	DDR_SIGNALING	NBN	1.604196	WT_LOST
SIM-04493	Pathogenic	DDR_SIGNALING	CHEK1	-0.098759	NOT_WT_LOST
SIM-04494	Pathogenic	DDR_SIGNALING	RAD50	1.222391	WT_LOST
SIM-04495	Pathogenic	DDR_SIGNALING	NBN	2.47066	WT_LOST
SIM-04496	Pathogenic	DDR_SIGNALING	CHEK2	0.005467	WT_LOST
SIM-04497	Pathogenic	DDR_SIGNALING	NBN	-1.006144	NOT_WT_LOST
SIM-04498	Pathogenic	DDR_SIGNALING	CHEK1	0.645986	NOT_WT_LOST
SIM-04499	Pathogenic	DDR_SIGNALING	CHEK1	-0.399703	NOT_WT_LOST
SIM-04500	Pathogenic	DDR_SIGNALING	RAD50	1.906945	WT_LOST
SIM-04501	Pathogenic	DDR_SIGNALING	RAD50	0.907872	WT_LOST
SIM-04502	Pathogenic	DDR_SIGNALING	MRE11	-0.448949	NOT_WT_LOST
SIM-04503	Pathogenic	DDR_SIGNALING	NBN	-1.452047	NOT_WT_LOST
SIM-04504	Pathogenic	DDR_SIGNALING	MRE11	1.130064	WT_LOST
SIM-04505	Pathogenic	DDR_SIGNALING	NBN	1.789682	NOT_WT_LOST
SIM-04506	Pathogenic	DDR_SIGNALING	ATM	3.144787	WT_LOST
SIM-04507	Pathogenic	DDR_SIGNALING	RAD50	0.410422	NOT_WT_LOST
SIM-04508	Pathogenic	DDR_SIGNALING	FANCM	1.196108	WT_LOST
SIM-04509	Pathogenic	DDR_SIGNALING	ATM	1.207166	WT_LOST
SIM-04510	Pathogenic	DDR_SIGNALING	CHEK1	2.321417	WT_LOST
SIM-04511	Pathogenic	DDR_SIGNALING	MRE11	-1.922082	NOT_WT_LOST
SIM-04512	Pathogenic	DDR_SIGNALING	CHEK2	1.09417	WT_LOST
SIM-04513	Pathogenic	DDR_SIGNALING	ATM	0.651022	WT_LOST
SIM-04514	Pathogenic	DDR_SIGNALING	CHEK1	-1.356466	NOT_WT_LOST
SIM-04515	Pathogenic	DDR_SIGNALING	NBN	1.349391	WT_LOST
SIM-04516	Pathogenic	DDR_SIGNALING	NBN	-0.95844	NOT_WT_LOST
SIM-04517	Pathogenic	DDR_SIGNALING	MRE11	-0.746157	NOT_WT_LOST
SIM-04518	Pathogenic	DDR_SIGNALING	ATM	2.295976	WT_LOST
SIM-04519	Pathogenic	DDR_SIGNALING	ATR	-0.612285	NOT_WT_LOST
SIM-04520	Pathogenic	DDR_SIGNALING	MRE11	-0.20185	NOT_WT_LOST
SIM-04521	Pathogenic	DDR_SIGNALING	ATM	-1.317709	NOT_WT_LOST
SIM-04522	Pathogenic	DDR_SIGNALING	NBN	0.050045	WT_LOST
SIM-04523	Pathogenic	DDR_SIGNALING	RAD50	-1.019614	NOT_WT_LOST
SIM-04524	Pathogenic	DDR_SIGNALING	RAD50	1.807225	NOT_WT_LOST
SIM-04525	Pathogenic	DDR_SIGNALING	RAD50	0.757934	WT_LOST
SIM-04526	Pathogenic	DDR_SIGNALING	MRE11	1.194039	WT_LOST
SIM-04527	Pathogenic	DDR_SIGNALING	FANCM	0.703124	NOT_WT_LOST
SIM-04528	Pathogenic	DDR_SIGNALING	RAD50	1.31722	NOT_WT_LOST
SIM-04529	Pathogenic	DDR_SIGNALING	NBN	0.919328	NOT_WT_LOST
SIM-04530	Pathogenic	DDR_SIGNALING	ATM	-1.242189	NOT_WT_LOST
SIM-04531	Pathogenic	DDR_SIGNALING	MRE11	-1.145506	NOT_WT_LOST
SIM-04532	Pathogenic	DDR_SIGNALING	NBN	1.15438	WT_LOST
SIM-04533	Pathogenic	DDR_SIGNALING	ATR	0.368532	WT_LOST
SIM-04534	Pathogenic	DDR_SIGNALING	ATR	0.543768	WT_LOST
SIM-04535	Pathogenic	DDR_SIGNALING	NBN	0.958738	NOT_WT_LOST
SIM-04536	Pathogenic	DDR_SIGNALING	NBN	0.439729	NOT_WT_LOST
SIM-04537	Pathogenic	DDR_SIGNALING	ATM	0.668985	NOT_WT_LOST
SIM-04538	Pathogenic	DDR_SIGNALING	CHEK1	1.048324	NOT_WT_LOST
SIM-04539	Pathogenic	DDR_SIGNALING	MRE11	-0.219978	NOT_WT_LOST
SIM-04540	Pathogenic	DDR_SIGNALING	CHEK1	1.412608	NOT_WT_LOST
SIM-04541	Pathogenic	DDR_SIGNALING	RAD50	0.60954	NOT_WT_LOST
SIM-04542	Pathogenic	DDR_SIGNALING	CHEK1	-0.299933	NOT_WT_LOST
SIM-04543	Pathogenic	DDR_SIGNALING	FANCM	1.637651	NOT_WT_LOST
SIM-04544	Pathogenic	DDR_SIGNALING	FANCM	2.352195	WT_LOST
SIM-04545	Pathogenic	DDR_SIGNALING	ATM	1.198144	WT_LOST
SIM-04546	Pathogenic	DDR_SIGNALING	NBN	1.191924	NOT_WT_LOST
SIM-04547	Pathogenic	DDR_SIGNALING	RAD50	1.405896	WT_LOST
SIM-04548	Pathogenic	DDR_SIGNALING	RAD50	1.819456	WT_LOST
SIM-04549	Pathogenic	DDR_SIGNALING	RAD50	1.989201	WT_LOST
SIM-04550	Pathogenic	DDR_SIGNALING	RAD50	0.726742	NOT_WT_LOST
SIM-04551	Pathogenic	DDR_SIGNALING	ATR	0.811193	NOT_WT_LOST
SIM-04552	Pathogenic	DDR_SIGNALING	CHEK1	-0.101794	NOT_WT_LOST
SIM-04553	Pathogenic	DDR_SIGNALING	ATR	0.025114	NOT_WT_LOST
SIM-04554	Pathogenic	DDR_SIGNALING	MRE11	0.124738	NOT_WT_LOST
SIM-04555	Pathogenic	DDR_SIGNALING	ATR	1.182758	WT_LOST
SIM-04556	Pathogenic	DDR_SIGNALING	RAD50	0.758987	NOT_WT_LOST
SIM-04557	Pathogenic	DDR_SIGNALING	RAD50	2.120478	WT_LOST
SIM-04558	Pathogenic	DDR_SIGNALING	RAD50	0.780207	NOT_WT_LOST
SIM-04559	Pathogenic	DDR_SIGNALING	CHEK1	-0.114191	NOT_WT_LOST
SIM-04560	Pathogenic	DDR_SIGNALING	FANCM	0.281516	NOT_WT_LOST
SIM-04561	Pathogenic	DDR_SIGNALING	CHEK1	1.298528	NOT_WT_LOST
SIM-04562	Pathogenic	DDR_SIGNALING	RAD50	0.713826	WT_LOST
SIM-04563	Pathogenic	DDR_SIGNALING	CHEK1	1.015916	WT_LOST
SIM-04564	Pathogenic	DDR_SIGNALING	CHEK1	-0.422727	NOT_WT_LOST
SIM-04565	Pathogenic	DDR_SIGNALING	CHEK1	1.700564	WT_LOST
SIM-04566	Pathogenic	DDR_SIGNALING	ATM	-1.691438	NOT_WT_LOST
SIM-04567	Pathogenic	DDR_SIGNALING	CHEK1	0.2131	WT_LOST
SIM-04568	Pathogenic	DDR_SIGNALING	ATR	0.298609	WT_LOST
SIM-04569	Pathogenic	DDR_SIGNALING	CHEK1	0.541282	WT_LOST
SIM-04570	Pathogenic	DDR_SIGNALING	MRE11	0.380688	WT_LOST
SIM-04571	Pathogenic	DDR_SIGNALING	MRE11	2.020486	WT_LOST
SIM-04572	Pathogenic	DDR_SIGNALING	FANCM	-0.015692	NOT_WT_LOST
SIM-04573	Pathogenic	DDR_SIGNALING	RAD50	1.093713	WT_LOST
SIM-04574	Pathogenic	DDR_SIGNALING	CHEK2	-0.277117	WT_LOST
SIM-04575	Pathogenic	DDR_SIGNALING	CHEK1	-0.82163	NOT_WT_LOST
SIM-04576	Pathogenic	DDR_SIGNALING	CHEK2	2.223433	WT_LOST
SIM-04577	Pathogenic	DDR_SIGNALING	FANCM	1.24001	WT_LOST
SIM-04578	Pathogenic	DDR_SIGNALING	NBN	1.753754	WT_LOST
SIM-04579	Pathogenic	DDR_SIGNALING	CHEK2	0.566517	NOT_WT_LOST
SIM-04580	Pathogenic	DDR_SIGNALING	FANCM	1.189014	NOT_WT_LOST
SIM-04581	Pathogenic	DDR_SIGNALING	CHEK1	0.831942	WT_LOST
SIM-04582	Pathogenic	DDR_SIGNALING	RAD50	-0.886284	WT_LOST
SIM-04583	Pathogenic	DDR_SIGNALING	FANCM	1.229851	WT_LOST
SIM-04584	Pathogenic	DDR_SIGNALING	ATM	0.367784	NOT_WT_LOST
SIM-04585	Pathogenic	DDR_SIGNALING	NBN	0.166727	NOT_WT_LOST
SIM-04586	Pathogenic	DDR_SIGNALING	CHEK1	2.208049	WT_LOST
SIM-04587	Pathogenic	DDR_SIGNALING	ATR	2.095429	WT_LOST
SIM-04588	Pathogenic	DDR_SIGNALING	CHEK2	2.274362	WT_LOST
SIM-04589	Pathogenic	DDR_SIGNALING	FANCM	0.549825	NOT_WT_LOST
SIM-04590	Pathogenic	DDR_SIGNALING	ATM	2.474503	WT_LOST
SIM-04591	Pathogenic	DDR_SIGNALING	NBN	0.480413	NOT_WT_LOST
SIM-04592	Pathogenic	DDR_SIGNALING	ATM	-0.251925	NOT_WT_LOST
SIM-04593	Pathogenic	DDR_SIGNALING	ATM	0.339444	WT_LOST
SIM-04594	Pathogenic	DDR_SIGNALING	MRE11	0.227727	NOT_WT_LOST
SIM-04595	Pathogenic	DDR_SIGNALING	ATM	2.510685	WT_LOST
SIM-04596	Pathogenic	DDR_SIGNALING	RAD50	0.183327	NOT_WT_LOST
SIM-04597	Pathogenic	DDR_SIGNALING	ATR	0.241388	WT_LOST
SIM-04598	Pathogenic	DDR_SIGNALING	NBN	1.829229	WT_LOST
SIM-04599	Pathogenic	DDR_SIGNALING	NBN	-0.680755	NOT_WT_LOST
SIM-04600	Pathogenic	DDR_SIGNALING	NBN	-0.673362	NOT_WT_LOST
SIM-04601	Pathogenic	DDR_SIGNALING	CHEK2	1.034558	WT_LOST
SIM-04602	Pathogenic	DDR_SIGNALING	RAD50	1.921153	NOT_WT_LOST
SIM-04603	Pathogenic	DDR_SIGNALING	NBN	0.099152	WT_LOST
SIM-04604	Pathogenic	DDR_SIGNALING	ATM	2.414267	WT_LOST
SIM-04605	Pathogenic	DDR_SIGNALING	ATM	0.236966	WT_LOST
SIM-04606	Pathogenic	DDR_SIGNALING	ATM	-0.114698	NOT_WT_LOST
SIM-04607	Pathogenic	DDR_SIGNALING	ATM	0.909	WT_LOST
SIM-04608	Pathogenic	DDR_SIGNALING	MRE11	0.955706	NOT_WT_LOST
SIM-04609	Pathogenic	DDR_SIGNALING	RAD50	-0.356933	NOT_WT_LOST
SIM-04610	Pathogenic	DDR_SIGNALING	CHEK1	1.261696	WT_LOST
SIM-04611	Pathogenic	DDR_SIGNALING	CHEK1	1.280794	WT_LOST
SIM-04612	Pathogenic	DDR_SIGNALING	FANCM	-0.110503	NOT_WT_LOST
SIM-04613	Pathogenic	DDR_SIGNALING	CHEK1	0.295302	NOT_WT_LOST
SIM-04614	Pathogenic	DDR_SIGNALING	RAD50	2.126548	NOT_WT_LOST
SIM-04615	Pathogenic	DDR_SIGNALING	ATR	0.171582	NOT_WT_LOST
SIM-04616	Pathogenic	DDR_SIGNALING	ATM	3.044179	WT_LOST
SIM-04617	Pathogenic	DDR_SIGNALING	MRE11	-1.40037	NOT_WT_LOST
SIM-04618	Pathogenic	DDR_SIGNALING	MRE11	1.080754	NOT_WT_LOST
SIM-04619	Pathogenic	DDR_SIGNALING	NBN	0.776579	NOT_WT_LOST
SIM-04620	Pathogenic	DDR_SIGNALING	NBN	0.505801	WT_LOST
SIM-04621	Pathogenic	DDR_SIGNALING	RAD50	2.999121	WT_LOST
SIM-04622	Pathogenic	DDR_SIGNALING	FANCM	-0.457305	NOT_WT_LOST
SIM-04623	Pathogenic	DDR_SIGNALING	RAD50	-0.798629	NOT_WT_LOST
SIM-04624	Pathogenic	DDR_SIGNALING	ATM	0.772069	NOT_WT_LOST
SIM-04625	Pathogenic	DDR_SIGNALING	RAD50	2.702634	WT_LOST
SIM-04626	Pathogenic	DDR_SIGNALING	RAD50	1.257506	NOT_WT_LOST
SIM-04627	Pathogenic	DDR_SIGNALING	CHEK2	-0.124709	NOT_WT_LOST
SIM-04628	Pathogenic	DDR_SIGNALING	NBN	0.457526	NOT_WT_LOST
SIM-04629	Pathogenic	DDR_SIGNALING	CHEK1	2.121468	NOT_WT_LOST
SIM-04630	Pathogenic	DDR_SIGNALING	ATR	1.572448	WT_LOST
SIM-04631	Pathogenic	DDR_SIGNALING	ATR	0.76182	WT_LOST
SIM-04632	Pathogenic	DDR_SIGNALING	NBN	-1.186851	NOT_WT_LOST
SIM-04633	Pathogenic	DDR_SIGNALING	ATR	0.716528	NOT_WT_LOST
SIM-04634	Pathogenic	DDR_SIGNALING	CHEK2	0.644928	WT_LOST
SIM-04635	Pathogenic	DDR_SIGNALING	ATR	2.866474	WT_LOST
SIM-04636	Pathogenic	DDR_SIGNALING	NBN	2.085207	WT_LOST
SIM-04637	Pathogenic	DDR_SIGNALING	ATR	1.772146	WT_LOST
SIM-04638	Pathogenic	DDR_SIGNALING	ATM	0.623805	WT_LOST
SIM-04639	Pathogenic	DDR_SIGNALING	ATR	0.666865	NOT_WT_LOST
SIM-04640	Pathogenic	DDR_SIGNALING	CHEK1	2.833999	WT_LOST
SIM-04641	Pathogenic	DDR_SIGNALING	ATM	0.403901	NOT_WT_LOST
SIM-04642	Pathogenic	DDR_SIGNALING	CHEK1	-0.252407	WT_LOST
SIM-04643	Pathogenic	DDR_SIGNALING	MRE11	0.108207	NOT_WT_LOST
SIM-04644	Pathogenic	DDR_SIGNALING	CHEK1	0.847931	NOT_WT_LOST
SIM-04645	Pathogenic	DDR_SIGNALING	CHEK1	3.214252	WT_LOST
SIM-04646	Pathogenic	DDR_SIGNALING	ATR	1.151632	WT_LOST
SIM-04647	Pathogenic	DDR_SIGNALING	ATR	1.584211	WT_LOST
SIM-04648	Pathogenic	DDR_SIGNALING	ATR	-1.132365	NOT_WT_LOST
SIM-04649	Pathogenic	DDR_SIGNALING	CHEK1	-0.027783	NOT_WT_LOST
SIM-04650	Pathogenic	DDR_SIGNALING	ATR	3.055918	WT_LOST
SIM-04651	Pathogenic	DDR_SIGNALING	RAD50	-0.347567	NOT_WT_LOST
SIM-04652	Pathogenic	DDR_SIGNALING	CHEK1	1.391895	WT_LOST
SIM-04653	Pathogenic	DDR_SIGNALING	ATM	1.382069	WT_LOST
SIM-04654	Pathogenic	DDR_SIGNALING	ATR	0.040524	WT_LOST
SIM-04655	Pathogenic	DDR_SIGNALING	FANCM	-0.547581	NOT_WT_LOST
SIM-04656	Pathogenic	DDR_SIGNALING	ATM	1.490784	NOT_WT_LOST
SIM-04657	Pathogenic	DDR_SIGNALING	ATM	1.289616	WT_LOST
SIM-04658	Pathogenic	DDR_SIGNALING	ATM	2.228191	WT_LOST
SIM-04659	Pathogenic	DDR_SIGNALING	NBN	0.688025	NOT_WT_LOST
SIM-04660	Pathogenic	DDR_SIGNALING	RAD50	1.126951	WT_LOST
SIM-04661	Pathogenic	DDR_SIGNALING	FANCM	1.598998	WT_LOST
SIM-04662	Pathogenic	DDR_SIGNALING	FANCM	0.336958	WT_LOST
SIM-04663	Pathogenic	DDR_SIGNALING	CHEK1	1.192213	WT_LOST
SIM-04664	Pathogenic	DDR_SIGNALING	CHEK2	-0.392943	NOT_WT_LOST
SIM-04665	Pathogenic	DDR_SIGNALING	MRE11	0.990555	WT_LOST
SIM-04666	Pathogenic	DDR_SIGNALING	ATM	0.656856	WT_LOST
SIM-04667	Pathogenic	DDR_SIGNALING	MRE11	0.204278	WT_LOST
SIM-04668	Pathogenic	DDR_SIGNALING	CHEK2	1.02986	WT_LOST
SIM-04669	Pathogenic	DDR_SIGNALING	CHEK2	1.207909	NOT_WT_LOST
SIM-04670	Pathogenic	DDR_SIGNALING	ATM	-0.219683	NOT_WT_LOST
SIM-04671	Pathogenic	DDR_SIGNALING	MRE11	0.063251	WT_LOST
SIM-04672	Pathogenic	DDR_SIGNALING	ATR	-1.351381	NOT_WT_LOST
SIM-04673	Pathogenic	DDR_SIGNALING	RAD50	2.987251	WT_LOST
SIM-04674	Pathogenic	DDR_SIGNALING	NBN	1.266576	WT_LOST
SIM-04675	Pathogenic	DDR_SIGNALING	ATR	2.255309	WT_LOST
SIM-04676	Pathogenic	DDR_SIGNALING	CHEK1	1.874286	NOT_WT_LOST
SIM-04677	Pathogenic	DDR_SIGNALING	RAD50	1.028194	NOT_WT_LOST
SIM-04678	Pathogenic	DDR_SIGNALING	NBN	2.36111	WT_LOST
SIM-04679	Pathogenic	DDR_SIGNALING	CHEK2	0.486049	WT_LOST
SIM-04680	Pathogenic	DDR_SIGNALING	FANCM	2.732049	WT_LOST
SIM-04681	Pathogenic	DDR_SIGNALING	MRE11	-0.903409	NOT_WT_LOST
SIM-04682	Pathogenic	DDR_SIGNALING	CHEK1	-1.413685	NOT_WT_LOST
SIM-04683	Pathogenic	DDR_SIGNALING	NBN	1.762381	WT_LOST
SIM-04684	Pathogenic	DDR_SIGNALING	ATM	0.288173	WT_LOST
SIM-04685	Pathogenic	DDR_SIGNALING	ATM	0.100892	NOT_WT_LOST
SIM-04686	Pathogenic	DDR_SIGNALING	RAD50	2.095651	WT_LOST
SIM-04687	Pathogenic	DDR_SIGNALING	ATR	0.728526	WT_LOST
SIM-04688	Pathogenic	DDR_SIGNALING	CHEK2	2.507885	WT_LOST
SIM-04689	Pathogenic	DDR_SIGNALING	CHEK1	0.443494	WT_LOST
SIM-04690	Pathogenic	DDR_SIGNALING	ATR	0.709544	NOT_WT_LOST
SIM-04691	Pathogenic	DDR_SIGNALING	FANCM	1.53269	WT_LOST
SIM-04692	Pathogenic	DDR_SIGNALING	MRE11	1.469695	WT_LOST
SIM-04693	Pathogenic	DDR_SIGNALING	MRE11	0.739004	WT_LOST
SIM-04694	Pathogenic	DDR_SIGNALING	ATR	0.544026	WT_LOST
SIM-04695	Pathogenic	DDR_SIGNALING	CHEK1	0.074176	WT_LOST
SIM-04696	Pathogenic	DDR_SIGNALING	NBN	-1.135763	NOT_WT_LOST
SIM-04697	Pathogenic	DDR_SIGNALING	MRE11	0.739997	NOT_WT_LOST
SIM-04698	Pathogenic	DDR_SIGNALING	NBN	1.384549	WT_LOST
SIM-04699	Pathogenic	DDR_SIGNALING	CHEK2	0.588001	NOT_WT_LOST
SIM-04700	Pathogenic	DDR_SIGNALING	RAD50	1.250242	WT_LOST
SIM-04701	Pathogenic	DDR_SIGNALING	NBN	1.645846	WT_LOST
SIM-04702	Pathogenic	DDR_SIGNALING	RAD50	0.791389	NOT_WT_LOST
SIM-04703	Pathogenic	DDR_SIGNALING	ATR	-0.578102	WT_LOST
SIM-04704	Pathogenic	DDR_SIGNALING	MRE11	1.602008	NOT_WT_LOST
SIM-04705	Pathogenic	DDR_SIGNALING	NBN	1.42829	NOT_WT_LOST
SIM-04706	Pathogenic	DDR_SIGNALING	NBN	0.413797	NOT_WT_LOST
SIM-04707	Pathogenic	DDR_SIGNALING	CHEK2	-0.129767	WT_LOST
SIM-04708	Pathogenic	DDR_SIGNALING	FANCM	0.008696	NOT_WT_LOST
SIM-04709	Pathogenic	DDR_SIGNALING	ATM	-0.204534	WT_LOST
SIM-04710	Pathogenic	DDR_SIGNALING	CHEK2	0.278604	NOT_WT_LOST
SIM-04711	Pathogenic	DDR_SIGNALING	NBN	1.731154	NOT_WT_LOST
SIM-04712	Pathogenic	DDR_SIGNALING	NBN	1.795407	WT_LOST
SIM-04713	Pathogenic	DDR_SIGNALING	RAD50	0.575716	NOT_WT_LOST
SIM-04714	Pathogenic	DDR_SIGNALING	CHEK1	1.293177	NOT_WT_LOST
SIM-04715	Pathogenic	DDR_SIGNALING	ATR	1.685829	NOT_WT_LOST
SIM-04716	Pathogenic	DDR_SIGNALING	NBN	-1.333328	NOT_WT_LOST
SIM-04717	Pathogenic	DDR_SIGNALING	ATR	1.041242	WT_LOST
SIM-04718	Pathogenic	DDR_SIGNALING	CHEK2	1.687298	WT_LOST
SIM-04719	Pathogenic	DDR_SIGNALING	ATM	0.781497	NOT_WT_LOST
SIM-04720	Pathogenic	DDR_SIGNALING	ATM	1.846862	WT_LOST
SIM-04721	Pathogenic	DDR_SIGNALING	ATM	0.323412	NOT_WT_LOST
SIM-04722	Pathogenic	DDR_SIGNALING	FANCM	0.614435	NOT_WT_LOST
SIM-04723	Pathogenic	DDR_SIGNALING	FANCM	-0.106919	WT_LOST
SIM-04724	Pathogenic	DDR_SIGNALING	MRE11	0.556617	NOT_WT_LOST
SIM-04725	Pathogenic	DDR_SIGNALING	CHEK1	2.382698	WT_LOST
SIM-04726	Pathogenic	DDR_SIGNALING	NBN	-0.380618	WT_LOST
SIM-04727	Pathogenic	DDR_SIGNALING	ATR	1.85916	WT_LOST
SIM-04728	Pathogenic	DDR_SIGNALING	ATM	0.987785	WT_LOST
SIM-04729	Pathogenic	DDR_SIGNALING	MRE11	1.526213	WT_LOST
SIM-04730	Pathogenic	DDR_SIGNALING	RAD50	0.45221	WT_LOST
SIM-04731	Pathogenic	DDR_SIGNALING	CHEK2	1.451159	WT_LOST
SIM-04732	Pathogenic	DDR_SIGNALING	CHEK1	1.907539	WT_LOST
SIM-04733	Pathogenic	DDR_SIGNALING	ATM	-0.89756	NOT_WT_LOST
SIM-04734	Pathogenic	DDR_SIGNALING	ATM	2.574463	WT_LOST
SIM-04735	Pathogenic	DDR_SIGNALING	CHEK1	0.133896	NOT_WT_LOST
SIM-04736	Pathogenic	DDR_SIGNALING	RAD50	2.036926	WT_LOST
SIM-04737	Pathogenic	DDR_SIGNALING	ATR	0.930405	NOT_WT_LOST
SIM-04738	Pathogenic	DDR_SIGNALING	ATR	1.181602	NOT_WT_LOST
SIM-04739	Pathogenic	DDR_SIGNALING	CHEK1	1.707347	WT_LOST
SIM-04740	Pathogenic	DDR_SIGNALING	FANCM	-0.413664	NOT_WT_LOST
SIM-04741	Pathogenic	DDR_SIGNALING	ATM	1.058429	WT_LOST
SIM-04742	Pathogenic	DDR_SIGNALING	NBN	2.005187	WT_LOST
SIM-04743	Pathogenic	DDR_SIGNALING	FANCM	-0.286765	NOT_WT_LOST
SIM-04744	Pathogenic	DDR_SIGNALING	CHEK2	0.342989	NOT_WT_LOST
SIM-04745	Pathogenic	DDR_SIGNALING	ATM	1.645843	WT_LOST
SIM-04746	Pathogenic	DDR_SIGNALING	CHEK2	-0.0227	NOT_WT_LOST
SIM-04747	Pathogenic	DDR_SIGNALING	ATR	2.023919	NOT_WT_LOST
SIM-04748	Pathogenic	DDR_SIGNALING	ATM	0.20657	NOT_WT_LOST
SIM-04749	Pathogenic	DDR_SIGNALING	ATR	-1.284041	NOT_WT_LOST
SIM-04750	Pathogenic	DDR_SIGNALING	ATM	1.050374	NOT_WT_LOST
SIM-04751	Pathogenic	DDR_SIGNALING	ATR	-0.041908	NOT_WT_LOST
SIM-04752	Pathogenic	DDR_SIGNALING	ATR	0.526767	WT_LOST
SIM-04753	Pathogenic	DDR_SIGNALING	CHEK1	1.811721	WT_LOST
SIM-04754	Pathogenic	DDR_SIGNALING	CHEK1	2.17821	WT_LOST
SIM-04755	Pathogenic	DDR_SIGNALING	MRE11	1.986323	WT_LOST
SIM-04756	Pathogenic	DDR_SIGNALING	FANCM	0.970671	NOT_WT_LOST
SIM-04757	Pathogenic	DDR_SIGNALING	ATR	0.738179	NOT_WT_LOST
SIM-04758	Pathogenic	DDR_SIGNALING	ATM	0.341125	NOT_WT_LOST
SIM-04759	Pathogenic	DDR_SIGNALING	FANCM	1.039743	NOT_WT_LOST
SIM-04760	Pathogenic	DDR_SIGNALING	NBN	0.81651	NOT_WT_LOST
SIM-04761	Pathogenic	DDR_SIGNALING	FANCM	0.693441	NOT_WT_LOST
SIM-04762	Pathogenic	DDR_SIGNALING	NBN	0.0466	NOT_WT_LOST
SIM-04763	Pathogenic	DDR_SIGNALING	MRE11	0.278356	NOT_WT_LOST
SIM-04764	Pathogenic	DDR_SIGNALING	CHEK2	0.534765	NOT_WT_LOST
SIM-04765	Pathogenic	DDR_SIGNALING	ATM	1.345774	WT_LOST
SIM-04766	Pathogenic	DDR_SIGNALING	ATM	2.425287	WT_LOST
SIM-04767	Pathogenic	DDR_SIGNALING	ATM	1.041188	WT_LOST
SIM-04768	Pathogenic	DDR_SIGNALING	RAD50	0.232833	WT_LOST
SIM-04769	Pathogenic	DDR_SIGNALING	MRE11	2.909851	WT_LOST
SIM-04770	Pathogenic	DDR_SIGNALING	ATR	1.182588	WT_LOST
SIM-04771	Pathogenic	DDR_SIGNALING	ATR	0.744884	NOT_WT_LOST
SIM-04772	Pathogenic	DDR_SIGNALING	ATM	1.000095	WT_LOST
SIM-04773	Pathogenic	DDR_SIGNALING	CHEK1	-0.988436	NOT_WT_LOST
SIM-04774	Pathogenic	DDR_SIGNALING	ATM	-0.251999	WT_LOST
SIM-04775	Pathogenic	DDR_SIGNALING	ATR	1.961692	WT_LOST
SIM-04776	Pathogenic	DDR_SIGNALING	ATM	-0.561855	NOT_WT_LOST
SIM-04777	Pathogenic	DDR_SIGNALING	CHEK1	1.12352	WT_LOST
SIM-04778	Pathogenic	DDR_SIGNALING	MRE11	-1.86767	NOT_WT_LOST
SIM-04779	Pathogenic	DDR_SIGNALING	CHEK2	0.593071	WT_LOST
SIM-04780	Pathogenic	DDR_SIGNALING	ATM	0.757797	NOT_WT_LOST
SIM-04781	Pathogenic	DDR_SIGNALING	FANCM	0.16539	NOT_WT_LOST
SIM-04782	Pathogenic	DDR_SIGNALING	CHEK2	1.285272	NOT_WT_LOST
SIM-04783	Pathogenic	DDR_SIGNALING	FANCM	2.262427	WT_LOST
SIM-04784	Pathogenic	DDR_SIGNALING	RAD50	2.130125	WT_LOST
SIM-04785	Pathogenic	DDR_SIGNALING	ATR	1.694416	WT_LOST
SIM-04786	Pathogenic	DDR_SIGNALING	NBN	0.652487	NOT_WT_LOST
SIM-04787	Pathogenic	DDR_SIGNALING	ATM	0.211841	WT_LOST
SIM-04788	Pathogenic	DDR_SIGNALING	FANCM	0.494297	NOT_WT_LOST
SIM-04789	Pathogenic	DDR_SIGNALING	MRE11	2.005516	WT_LOST
SIM-04790	Pathogenic	DDR_SIGNALING	ATM	1.381285	NOT_WT_LOST
SIM-04791	Pathogenic	DDR_SIGNALING	MRE11	-0.602527	NOT_WT_LOST
SIM-04792	Pathogenic	DDR_SIGNALING	CHEK2	1.50195	WT_LOST
SIM-04793	Pathogenic	DDR_SIGNALING	RAD50	-0.972569	NOT_WT_LOST
SIM-04794	Pathogenic	DDR_SIGNALING	CHEK1	2.308967	WT_LOST
SIM-04795	Pathogenic	DDR_SIGNALING	ATM	1.05778	NOT_WT_LOST
SIM-04796	Pathogenic	DDR_SIGNALING	MRE11	-0.227332	WT_LOST
SIM-04797	Pathogenic	DDR_SIGNALING	CHEK2	-1.231279	NOT_WT_LOST
SIM-04798	Pathogenic	DDR_SIGNALING	CHEK2	0.518252	WT_LOST
SIM-04799	Pathogenic	DDR_SIGNALING	ATR	1.395135	WT_LOST
SIM-04800	Pathogenic	DDR_SIGNALING	ATR	0.604148	WT_LOST
SIM-04801	Pathogenic	DDR_SIGNALING	MRE11	-0.301101	NOT_WT_LOST
SIM-04802	Pathogenic	DDR_SIGNALING	ATR	1.154993	WT_LOST
SIM-04803	Pathogenic	DDR_SIGNALING	CHEK1	1.757097	WT_LOST
SIM-04804	Pathogenic	DDR_SIGNALING	ATM	0.288882	NOT_WT_LOST
SIM-04805	Pathogenic	DDR_SIGNALING	ATM	0.11174	NOT_WT_LOST
SIM-04806	Pathogenic	DDR_SIGNALING	NBN	0.316235	NOT_WT_LOST
SIM-04807	Pathogenic	DDR_SIGNALING	ATM	1.414542	WT_LOST
SIM-04808	Pathogenic	DDR_SIGNALING	ATM	1.129348	WT_LOST
SIM-04809	Pathogenic	DDR_SIGNALING	CHEK2	0.133244	WT_LOST
SIM-04810	Pathogenic	DDR_SIGNALING	CHEK2	0.932167	NOT_WT_LOST
SIM-04811	Pathogenic	DDR_SIGNALING	ATM	1.950925	WT_LOST
SIM-04812	Pathogenic	DDR_SIGNALING	MRE11	0.936293	WT_LOST
SIM-04813	Pathogenic	DDR_SIGNALING	FANCM	1.12136	WT_LOST
SIM-04814	Pathogenic	DDR_SIGNALING	CHEK1	-0.16246	NOT_WT_LOST
SIM-04815	Pathogenic	DDR_SIGNALING	ATM	1.911181	WT_LOST
SIM-04816	Pathogenic	DDR_SIGNALING	ATM	-0.361329	NOT_WT_LOST
SIM-04817	Pathogenic	DDR_SIGNALING	NBN	1.378517	WT_LOST
SIM-04818	Pathogenic	DDR_SIGNALING	ATR	1.785476	WT_LOST
SIM-04819	Pathogenic	DDR_SIGNALING	CHEK1	1.362177	NOT_WT_LOST
SIM-04820	Pathogenic	DDR_SIGNALING	ATR	-0.078599	WT_LOST
SIM-04821	Pathogenic	DDR_SIGNALING	CHEK1	1.735981	NOT_WT_LOST
SIM-04822	Pathogenic	DDR_SIGNALING	CHEK1	1.31845	NOT_WT_LOST
SIM-04823	Pathogenic	DDR_SIGNALING	FANCM	1.525399	WT_LOST
SIM-04824	Pathogenic	DDR_SIGNALING	CHEK1	1.511267	WT_LOST
SIM-04825	Pathogenic	DDR_SIGNALING	RAD50	1.399709	WT_LOST
SIM-04826	Pathogenic	DDR_SIGNALING	CHEK2	0.227654	NOT_WT_LOST
SIM-04827	Pathogenic	DDR_SIGNALING	CHEK2	-1.656154	NOT_WT_LOST
SIM-04828	Pathogenic	DDR_SIGNALING	RAD50	2.513857	NOT_WT_LOST
SIM-04829	Pathogenic	DDR_SIGNALING	MRE11	0.513592	WT_LOST
SIM-04830	Pathogenic	DDR_SIGNALING	RAD50	0.824141	WT_LOST
SIM-04831	Pathogenic	DDR_SIGNALING	FANCM	1.755176	WT_LOST
SIM-04832	Pathogenic	DDR_SIGNALING	NBN	1.705387	WT_LOST
SIM-04833	Pathogenic	DDR_SIGNALING	MRE11	1.312497	WT_LOST
SIM-04834	Pathogenic	DDR_SIGNALING	NBN	1.204641	WT_LOST
SIM-04835	Pathogenic	DDR_SIGNALING	CHEK2	1.241009	WT_LOST
SIM-04836	Pathogenic	DDR_SIGNALING	FANCM	0.491391	NOT_WT_LOST
SIM-04837	Pathogenic	DDR_SIGNALING	RAD50	1.993326	NOT_WT_LOST
SIM-04838	Pathogenic	DDR_SIGNALING	CHEK2	0.690267	WT_LOST
SIM-04839	Pathogenic	DDR_SIGNALING	FANCM	-0.944071	NOT_WT_LOST
SIM-04840	Pathogenic	DDR_SIGNALING	ATR	3.032791	WT_LOST
SIM-04841	Pathogenic	DDR_SIGNALING	CHEK2	-0.706534	NOT_WT_LOST
SIM-04842	Pathogenic	DDR_SIGNALING	FANCM	1.785226	NOT_WT_LOST
SIM-04843	Pathogenic	DDR_SIGNALING	CHEK1	1.244747	WT_LOST
SIM-04844	Pathogenic	DDR_SIGNALING	MRE11	0.568322	WT_LOST
SIM-04845	Pathogenic	DDR_SIGNALING	RAD50	1.355617	NOT_WT_LOST
SIM-04846	Pathogenic	DDR_SIGNALING	ATR	-0.359464	NOT_WT_LOST
SIM-04847	Pathogenic	DDR_SIGNALING	CHEK2	-2.125456	NOT_WT_LOST
SIM-04848	Pathogenic	DDR_SIGNALING	ATR	1.528185	WT_LOST
SIM-04849	Pathogenic	DDR_SIGNALING	NBN	0.564108	WT_LOST
SIM-04850	Pathogenic	DDR_SIGNALING	CHEK2	1.228133	NOT_WT_LOST
SIM-04851	Pathogenic	DDR_SIGNALING	FANCM	0.217741	WT_LOST
SIM-04852	Pathogenic	DDR_SIGNALING	CHEK2	-0.666846	WT_LOST
SIM-04853	Pathogenic	DDR_SIGNALING	CHEK1	0.952075	NOT_WT_LOST
SIM-04854	Pathogenic	DDR_SIGNALING	NBN	0.418244	NOT_WT_LOST
SIM-04855	Pathogenic	DDR_SIGNALING	CHEK2	-0.143713	NOT_WT_LOST
SIM-04856	Pathogenic	DDR_SIGNALING	ATR	0.276268	WT_LOST
SIM-04857	Pathogenic	DDR_SIGNALING	CHEK1	1.443048	WT_LOST
SIM-04858	Pathogenic	DDR_SIGNALING	CHEK1	1.670603	WT_LOST
SIM-04859	Pathogenic	DDR_SIGNALING	NBN	0.532921	WT_LOST
SIM-04860	Pathogenic	DDR_SIGNALING	FANCM	-0.385659	NOT_WT_LOST
SIM-04861	Pathogenic	DDR_SIGNALING	FANCM	1.106137	WT_LOST
SIM-04862	Pathogenic	DDR_SIGNALING	ATR	1.339861	WT_LOST
SIM-04863	Pathogenic	DDR_SIGNALING	NBN	1.462215	WT_LOST
SIM-04864	Pathogenic	DDR_SIGNALING	CHEK1	-0.106725	WT_LOST
SIM-04865	Pathogenic	DDR_SIGNALING	NBN	2.087834	WT_LOST
SIM-04866	Pathogenic	DDR_SIGNALING	CHEK1	-0.065573	WT_LOST
SIM-04867	Pathogenic	DDR_SIGNALING	ATM	0.207105	NOT_WT_LOST
SIM-04868	Pathogenic	DDR_SIGNALING	MRE11	-1.632518	NOT_WT_LOST
SIM-04869	Pathogenic	DDR_SIGNALING	CHEK2	2.272363	NOT_WT_LOST
SIM-04870	Pathogenic	DDR_SIGNALING	NBN	-1.85805	NOT_WT_LOST
SIM-04871	Pathogenic	DDR_SIGNALING	MRE11	0.762617	WT_LOST
SIM-04872	Pathogenic	DDR_SIGNALING	ATR	0.313156	NOT_WT_LOST
SIM-04873	Pathogenic	DDR_SIGNALING	CHEK1	0.746093	WT_LOST
SIM-04874	Pathogenic	DDR_SIGNALING	CHEK1	0.195193	NOT_WT_LOST
SIM-04875	Pathogenic	DDR_SIGNALING	MRE11	-0.683616	NOT_WT_LOST
SIM-04876	Pathogenic	DDR_SIGNALING	FANCM	2.145627	WT_LOST
SIM-04877	Pathogenic	DDR_SIGNALING	RAD50	-0.177087	NOT_WT_LOST
SIM-04878	Pathogenic	DDR_SIGNALING	FANCM	2.196897	NOT_WT_LOST
SIM-04879	Pathogenic	DDR_SIGNALING	MRE11	0.974844	WT_LOST
SIM-04880	Pathogenic	DDR_SIGNALING	FANCM	-0.303998	WT_LOST
SIM-04881	Pathogenic	DDR_SIGNALING	ATM	1.386743	WT_LOST
SIM-04882	Pathogenic	DDR_SIGNALING	CHEK2	0.958594	WT_LOST
SIM-04883	Pathogenic	DDR_SIGNALING	ATM	-0.19455	NOT_WT_LOST
SIM-04884	Pathogenic	DDR_SIGNALING	FANCM	2.660116	NOT_WT_LOST
SIM-04885	Pathogenic	DDR_SIGNALING	FANCM	1.397011	WT_LOST
SIM-04886	Pathogenic	DDR_SIGNALING	ATR	0.958281	NOT_WT_LOST
SIM-04887	Pathogenic	DDR_SIGNALING	NBN	0.590877	NOT_WT_LOST
SIM-04888	Pathogenic	DDR_SIGNALING	ATR	1.285022	WT_LOST
SIM-04889	Pathogenic	DDR_SIGNALING	FANCM	2.91401	WT_LOST
SIM-04890	Pathogenic	DDR_SIGNALING	NBN	-0.409608	NOT_WT_LOST
SIM-04891	Pathogenic	DDR_SIGNALING	CHEK1	-0.063112	WT_LOST
SIM-04892	Pathogenic	DDR_SIGNALING	ATM	0.083166	WT_LOST
SIM-04893	Pathogenic	DDR_SIGNALING	ATR	1.337019	WT_LOST
SIM-04894	Pathogenic	DDR_SIGNALING	CHEK2	2.131108	WT_LOST
SIM-04895	Pathogenic	DDR_SIGNALING	CHEK2	0.795517	WT_LOST
SIM-04896	Pathogenic	DDR_SIGNALING	RAD50	0.668419	WT_LOST
SIM-04897	Pathogenic	DDR_SIGNALING	MRE11	2.963858	WT_LOST
SIM-04898	Pathogenic	DDR_SIGNALING	ATR	1.082503	WT_LOST
SIM-04899	Pathogenic	DDR_SIGNALING	RAD50	2.770794	WT_LOST
SIM-04900	Pathogenic	DDR_SIGNALING	ATR	-0.201061	NOT_WT_LOST
SIM-04901	Pathogenic	DDR_SIGNALING	CHEK1	1.332371	WT_LOST
SIM-04902	Pathogenic	DDR_SIGNALING	ATR	2.566363	WT_LOST
SIM-04903	Pathogenic	DDR_SIGNALING	RAD50	1.585139	WT_LOST
SIM-04904	Pathogenic	DDR_SIGNALING	CHEK2	1.317262	WT_LOST
SIM-04905	Pathogenic	DDR_SIGNALING	FANCM	-0.170093	WT_LOST
SIM-04906	Pathogenic	DDR_SIGNALING	ATR	-1.113252	NOT_WT_LOST
SIM-04907	Pathogenic	DDR_SIGNALING	CHEK1	1.266814	NOT_WT_LOST
SIM-04908	Pathogenic	DDR_SIGNALING	RAD50	0.155564	NOT_WT_LOST
SIM-04909	Pathogenic	DDR_SIGNALING	ATR	2.018648	WT_LOST
SIM-04910	Pathogenic	DDR_SIGNALING	MRE11	0.730493	WT_LOST
SIM-04911	Pathogenic	DDR_SIGNALING	CHEK1	-0.21647	NOT_WT_LOST
SIM-04912	Pathogenic	DDR_SIGNALING	CHEK1	-1.564874	NOT_WT_LOST
SIM-04913	Pathogenic	DDR_SIGNALING	ATM	0.576776	NOT_WT_LOST
SIM-04914	Pathogenic	DDR_SIGNALING	FANCM	1.246051	WT_LOST
SIM-04915	Pathogenic	DDR_SIGNALING	FANCM	2.063829	NOT_WT_LOST
SIM-04916	Pathogenic	DDR_SIGNALING	ATM	2.114281	WT_LOST
SIM-04917	Pathogenic	DDR_SIGNALING	FANCM	0.127517	NOT_WT_LOST
SIM-04918	Pathogenic	DDR_SIGNALING	MRE11	0.805768	NOT_WT_LOST
SIM-04919	Pathogenic	DDR_SIGNALING	MRE11	0.151487	WT_LOST
SIM-04920	Pathogenic	DDR_SIGNALING	CHEK1	1.078025	WT_LOST
SIM-04921	Pathogenic	DDR_SIGNALING	ATM	0.183953	NOT_EVALUABLE
SIM-04922	Pathogenic	DDR_SIGNALING	ATR	1.138344	NOT_EVALUABLE
SIM-04923	Pathogenic	DDR_SIGNALING	ATR	1.680702	NOT_EVALUABLE
SIM-04924	Pathogenic	DDR_SIGNALING	CHEK1	-0.695959	NOT_EVALUABLE
SIM-04925	Pathogenic	DDR_SIGNALING	FANCM	1.049133	NOT_EVALUABLE
SIM-04926	Pathogenic	DDR_SIGNALING	FANCM	-0.794899	NOT_EVALUABLE
SIM-04927	Pathogenic	DDR_SIGNALING	ATM	-0.472986	NOT_EVALUABLE
SIM-04928	Pathogenic	DDR_SIGNALING	RAD50	1.184231	NOT_EVALUABLE
SIM-04929	Pathogenic	DDR_SIGNALING	ATM	1.499646	NOT_WT_LOST
SIM-04930	Pathogenic	DDR_SIGNALING	MRE11	1.27804	WT_LOST
SIM-04931	Pathogenic	DDR_SIGNALING	NBN	-0.071383	WT_LOST
SIM-04932	Pathogenic	DDR_SIGNALING	ATM	-1.712498	NOT_WT_LOST
SIM-04933	Pathogenic	DDR_SIGNALING	ATR	2.189359	WT_LOST
SIM-04934	Pathogenic	DDR_SIGNALING	MRE11	0.160136	WT_LOST
SIM-04935	Pathogenic	DDR_SIGNALING	NBN	0.757255	NOT_WT_LOST
SIM-04936	Pathogenic	DDR_SIGNALING	RAD50	1.256533	WT_LOST
SIM-04937	Pathogenic	DDR_SIGNALING	MRE11	0.252538	WT_LOST
SIM-04938	Pathogenic	DDR_SIGNALING	ATM	1.41208	NOT_WT_LOST
SIM-04939	Pathogenic	DDR_SIGNALING	CHEK1	0.881427	WT_LOST
SIM-04940	Pathogenic	DDR_SIGNALING	RAD50	0.329933	WT_LOST
SIM-04941	Pathogenic	DDR_SIGNALING	ATM	0.549195	WT_LOST
SIM-04942	Pathogenic	DDR_SIGNALING	CHEK1	1.59244	WT_LOST
SIM-04943	Pathogenic	DDR_SIGNALING	ATR	-0.238334	NOT_WT_LOST
SIM-04944	Pathogenic	DDR_SIGNALING	NBN	0.158167	NOT_WT_LOST
SIM-04945	Pathogenic	DDR_SIGNALING	ATR	0.693481	WT_LOST
SIM-04946	Pathogenic	DDR_SIGNALING	ATM	-0.059592	NOT_WT_LOST
SIM-04947	Pathogenic	DDR_SIGNALING	ATM	3.388831	WT_LOST
SIM-04948	Pathogenic	DDR_SIGNALING	MRE11	0.797064	NOT_WT_LOST
SIM-04949	Pathogenic	DDR_SIGNALING	FANCM	0.854379	NOT_WT_LOST
SIM-04950	Pathogenic	DDR_SIGNALING	RAD50	0.137212	NOT_WT_LOST
SIM-04951	Pathogenic	DDR_SIGNALING	ATM	-0.621889	NOT_WT_LOST
SIM-04952	Pathogenic	DDR_SIGNALING	CHEK2	0.59155	NOT_WT_LOST
SIM-04953	Pathogenic	DDR_SIGNALING	MRE11	-1.089667	NOT_WT_LOST
SIM-04954	Pathogenic	DDR_SIGNALING	CHEK1	0.692429	NOT_WT_LOST
SIM-04955	Pathogenic	DDR_SIGNALING	MRE11	0.66391	NOT_WT_LOST
SIM-04956	Pathogenic	DDR_SIGNALING	NBN	2.094177	WT_LOST
SIM-04957	Pathogenic	DDR_SIGNALING	NBN	-0.30784	WT_LOST
SIM-04958	Pathogenic	DDR_SIGNALING	CHEK2	1.986096	WT_LOST
SIM-04959	Pathogenic	DDR_SIGNALING	CHEK1	0.645581	WT_LOST
SIM-04960	Pathogenic	DDR_SIGNALING	ATM	2.38076	WT_LOST
SIM-04961	Pathogenic	DDR_SIGNALING	NBN	1.054678	WT_LOST
SIM-04962	Pathogenic	DDR_SIGNALING	FANCM	1.366357	WT_LOST
SIM-04963	Pathogenic	DDR_SIGNALING	FANCM	0.85621	WT_LOST
SIM-04964	Pathogenic	DDR_SIGNALING	MRE11	0.737247	NOT_WT_LOST
SIM-04965	Pathogenic	DDR_SIGNALING	FANCM	-0.53539	NOT_WT_LOST
SIM-04966	Pathogenic	DDR_SIGNALING	CHEK2	1.207186	NOT_WT_LOST
SIM-04967	Pathogenic	DDR_SIGNALING	ATM	0.461649	WT_LOST
SIM-04968	Pathogenic	DDR_SIGNALING	ATM	0.004247	WT_LOST
SIM-04969	Pathogenic	DDR_SIGNALING	ATR	0.80964	NOT_WT_LOST
SIM-04970	Pathogenic	DDR_SIGNALING	ATR	2.101932	WT_LOST
SIM-04971	Pathogenic	DDR_SIGNALING	CHEK1	1.606589	NOT_WT_LOST
SIM-04972	Pathogenic	DDR_SIGNALING	ATM	1.644668	WT_LOST
SIM-04973	Pathogenic	DDR_SIGNALING	CHEK1	0.420835	NOT_WT_LOST
SIM-04974	Pathogenic	DDR_SIGNALING	CHEK2	0.869195	NOT_WT_LOST
SIM-04975	Pathogenic	DDR_SIGNALING	FANCM	-0.508921	NOT_WT_LOST
SIM-04976	Pathogenic	DDR_SIGNALING	NBN	1.556142	WT_LOST
SIM-04977	Pathogenic	DDR_SIGNALING	CHEK2	1.114996	WT_LOST
SIM-04978	Pathogenic	DDR_SIGNALING	ATM	-0.234081	NOT_WT_LOST
SIM-04979	Pathogenic	DDR_SIGNALING	ATR	-1.217367	NOT_WT_LOST
SIM-04980	Pathogenic	DDR_SIGNALING	MRE11	0.258314	WT_LOST
SIM-04981	Pathogenic	DDR_SIGNALING	ATR	0.693985	WT_LOST
SIM-04982	Pathogenic	DDR_SIGNALING	NBN	0.953148	NOT_WT_LOST
SIM-04983	Pathogenic	DDR_SIGNALING	NBN	0.604072	WT_LOST
SIM-04984	Pathogenic	DDR_SIGNALING	CHEK1	2.288183	WT_LOST
SIM-04985	Pathogenic	DDR_SIGNALING	CHEK1	1.191304	NOT_WT_LOST
SIM-04986	Pathogenic	DDR_SIGNALING	RAD50	-0.100973	NOT_WT_LOST
SIM-04987	Pathogenic	DDR_SIGNALING	NBN	-0.351216	WT_LOST
SIM-04988	Pathogenic	DDR_SIGNALING	ATM	0.899884	NOT_WT_LOST
SIM-04989	Pathogenic	DDR_SIGNALING	ATM	1.106389	WT_LOST
SIM-04990	Pathogenic	DDR_SIGNALING	FANCM	1.779887	WT_LOST
SIM-04991	Pathogenic	DDR_SIGNALING	MRE11	0.753841	NOT_WT_LOST
SIM-04992	Pathogenic	DDR_SIGNALING	MRE11	1.51426	WT_LOST
SIM-04993	Pathogenic	DDR_SIGNALING	FANCM	1.996913	WT_LOST
SIM-04994	Pathogenic	DDR_SIGNALING	ATR	-0.239381	NOT_WT_LOST
SIM-04995	Pathogenic	DDR_SIGNALING	RAD50	-0.8713	NOT_WT_LOST
SIM-04996	Pathogenic	DDR_SIGNALING	ATM	1.276232	WT_LOST
SIM-04997	Pathogenic	DDR_SIGNALING	CHEK1	1.26023	WT_LOST
SIM-04998	Pathogenic	DDR_SIGNALING	NBN	-0.449338	NOT_WT_LOST
SIM-04999	Pathogenic	DDR_SIGNALING	ATR	1.636297	WT_LOST
SIM-05000	Pathogenic	DDR_SIGNALING	FANCM	2.774427	WT_LOST
SIM-05001	Pathogenic	DDR_SIGNALING	CHEK2	1.20088	NOT_WT_LOST
SIM-05002	Pathogenic	DDR_SIGNALING	CHEK2	-0.050684	WT_LOST
SIM-05003	Pathogenic	DDR_SIGNALING	RAD50	1.372945	NOT_WT_LOST
SIM-05004	Pathogenic	DDR_SIGNALING	MRE11	2.604816	WT_LOST
SIM-05005	Pathogenic	DDR_SIGNALING	NBN	1.679581	WT_LOST
SIM-05006	Pathogenic	DDR_SIGNALING	ATR	1.803573	WT_LOST
SIM-05007	Pathogenic	DDR_SIGNALING	MRE11	0.331011	NOT_WT_LOST
SIM-05008	Pathogenic	DDR_SIGNALING	MRE11	1.043194	NOT_WT_LOST
SIM-05009	Pathogenic	DDR_SIGNALING	CHEK1	-0.399537	NOT_WT_LOST
SIM-05010	Pathogenic	DDR_SIGNALING	FANCM	1.582023	WT_LOST
SIM-05011	Pathogenic	DDR_SIGNALING	CHEK1	0.384415	NOT_WT_LOST
SIM-05012	Pathogenic	DDR_SIGNALING	RAD50	-0.073612	NOT_WT_LOST
SIM-05013	Pathogenic	DDR_SIGNALING	MRE11	1.008767	NOT_WT_LOST
SIM-05014	Pathogenic	DDR_SIGNALING	MRE11	0.602384	WT_LOST
SIM-05015	Pathogenic	DDR_SIGNALING	ATM	0.515093	NOT_WT_LOST
SIM-05016	Pathogenic	DDR_SIGNALING	RAD50	2.04014	WT_LOST
SIM-05017	Pathogenic	DDR_SIGNALING	ATM	0.406336	NOT_WT_LOST
SIM-05018	Pathogenic	DDR_SIGNALING	CHEK1	-0.282286	NOT_WT_LOST
SIM-05019	Pathogenic	DDR_SIGNALING	MRE11	-0.845752	WT_LOST
SIM-05020	Pathogenic	DDR_SIGNALING	NBN	-0.223699	NOT_WT_LOST
SIM-05021	Pathogenic	DDR_SIGNALING	MRE11	-0.203243	WT_LOST
SIM-05022	Pathogenic	DDR_SIGNALING	FANCM	-0.932916	NOT_WT_LOST
SIM-05023	Pathogenic	DDR_SIGNALING	FANCM	0.26699	WT_LOST
SIM-05024	Pathogenic	DDR_SIGNALING	ATR	0.814829	WT_LOST
SIM-05025	Pathogenic	DDR_SIGNALING	MRE11	0.835644	NOT_WT_LOST
SIM-05026	Pathogenic	DDR_SIGNALING	CHEK2	0.620208	NOT_WT_LOST
SIM-05027	Pathogenic	DDR_SIGNALING	FANCM	2.293208	WT_LOST
SIM-05028	Pathogenic	DDR_SIGNALING	CHEK1	-0.965987	NOT_WT_LOST
SIM-05029	Pathogenic	DDR_SIGNALING	NBN	-0.169666	NOT_WT_LOST
SIM-05030	Pathogenic	DDR_SIGNALING	CHEK1	-0.345721	NOT_WT_LOST
SIM-05031	Pathogenic	DDR_SIGNALING	RAD50	1.772671	WT_LOST
SIM-05032	Pathogenic	DDR_SIGNALING	ATM	1.906347	NOT_WT_LOST
SIM-05033	Pathogenic	DDR_SIGNALING	CHEK2	1.368268	WT_LOST
SIM-05034	Pathogenic	DDR_SIGNALING	CHEK1	0.860385	WT_LOST
SIM-05035	Pathogenic	DDR_SIGNALING	NBN	3.417257	WT_LOST
SIM-05036	Pathogenic	DDR_SIGNALING	RAD50	1.289124	NOT_WT_LOST
SIM-05037	Pathogenic	DDR_SIGNALING	CHEK2	-0.981635	NOT_WT_LOST
SIM-05038	Pathogenic	DDR_SIGNALING	ATM	0.328656	NOT_WT_LOST
SIM-05039	Pathogenic	DDR_SIGNALING	ATM	-1.066798	NOT_WT_LOST
SIM-05040	Pathogenic	DDR_SIGNALING	ATR	2.350546	WT_LOST
SIM-05041	Pathogenic	DDR_SIGNALING	NBN	0.386107	WT_LOST
SIM-05042	Pathogenic	DDR_SIGNALING	NBN	-0.363462	NOT_WT_LOST
SIM-05043	Pathogenic	DDR_SIGNALING	RAD50	0.694266	NOT_WT_LOST
SIM-05044	Pathogenic	DDR_SIGNALING	ATR	1.453435	WT_LOST
SIM-05045	Pathogenic	DDR_SIGNALING	CHEK1	0.058542	WT_LOST
SIM-05046	Pathogenic	DDR_SIGNALING	RAD50	0.880921	NOT_WT_LOST
SIM-05047	Pathogenic	DDR_SIGNALING	FANCM	2.26934	WT_LOST
SIM-05048	Pathogenic	DDR_SIGNALING	ATM	0.234494	NOT_WT_LOST
SIM-05049	Pathogenic	DDR_SIGNALING	MRE11	2.017941	WT_LOST
SIM-05050	Pathogenic	DDR_SIGNALING	ATR	1.381059	WT_LOST
SIM-05051	Pathogenic	DDR_SIGNALING	CHEK2	-0.013892	NOT_WT_LOST
SIM-05052	Pathogenic	DDR_SIGNALING	RAD50	1.388173	WT_LOST
SIM-05053	Pathogenic	DDR_SIGNALING	NBN	0.056055	NOT_WT_LOST
SIM-05054	Pathogenic	DDR_SIGNALING	ATR	-1.650126	NOT_WT_LOST
SIM-05055	Pathogenic	DDR_SIGNALING	NBN	0.174888	NOT_WT_LOST
SIM-05056	Pathogenic	DDR_SIGNALING	RAD50	1.066357	WT_LOST
SIM-05057	Pathogenic	DDR_SIGNALING	NBN	0.202723	NOT_WT_LOST
SIM-05058	Pathogenic	DDR_SIGNALING	ATM	-1.069117	WT_LOST
SIM-05059	Pathogenic	DDR_SIGNALING	ATM	3.742586	WT_LOST
SIM-05060	Pathogenic	DDR_SIGNALING	CHEK1	-1.242047	NOT_WT_LOST
SIM-05061	Pathogenic	DDR_SIGNALING	RAD50	1.98247	WT_LOST
SIM-05062	Pathogenic	DDR_SIGNALING	RAD50	-0.217706	WT_LOST
SIM-05063	Pathogenic	DDR_SIGNALING	ATR	2.276567	WT_LOST
SIM-05064	Pathogenic	DDR_SIGNALING	CHEK1	0.085689	NOT_WT_LOST
SIM-05065	Pathogenic	DDR_SIGNALING	CHEK2	0.799853	WT_LOST
SIM-05066	Pathogenic	DDR_SIGNALING	MRE11	1.817945	NOT_WT_LOST
SIM-05067	Pathogenic	DDR_SIGNALING	ATM	0.308014	WT_LOST
SIM-05068	Pathogenic	DDR_SIGNALING	CHEK2	0.123851	NOT_WT_LOST
SIM-05069	Pathogenic	DDR_SIGNALING	CHEK1	-0.734665	NOT_WT_LOST
SIM-05070	Pathogenic	DDR_SIGNALING	RAD50	0.53913	NOT_WT_LOST
SIM-05071	Pathogenic	DDR_SIGNALING	CHEK2	0.437468	WT_LOST
SIM-05072	Pathogenic	DDR_SIGNALING	CHEK1	0.831708	WT_LOST
SIM-05073	Pathogenic	DDR_SIGNALING	NBN	1.100707	WT_LOST
SIM-05074	Pathogenic	DDR_SIGNALING	RAD50	-0.736442	NOT_WT_LOST
SIM-05075	Pathogenic	DDR_SIGNALING	FANCM	-0.625267	NOT_WT_LOST
SIM-05076	Pathogenic	DDR_SIGNALING	ATR	0.568519	NOT_WT_LOST
SIM-05077	Pathogenic	DDR_SIGNALING	CHEK2	0.142222	NOT_WT_LOST
SIM-05078	Pathogenic	DDR_SIGNALING	NBN	0.759597	WT_LOST
SIM-05079	Pathogenic	DDR_SIGNALING	ATR	0.03783	NOT_WT_LOST
SIM-05080	Pathogenic	DDR_SIGNALING	NBN	0.199471	NOT_WT_LOST
SIM-05081	Pathogenic	DDR_SIGNALING	ATM	1.757384	NOT_WT_LOST
SIM-05082	Pathogenic	DDR_SIGNALING	FANCM	0.717315	WT_LOST
SIM-05083	Pathogenic	DDR_SIGNALING	FANCM	1.530692	WT_LOST
SIM-05084	Pathogenic	DDR_SIGNALING	ATM	3.353586	WT_LOST
SIM-05085	Pathogenic	DDR_SIGNALING	NBN	0.962836	NOT_WT_LOST
SIM-05086	Pathogenic	DDR_SIGNALING	RAD50	1.537193	WT_LOST
SIM-05087	Pathogenic	DDR_SIGNALING	CHEK2	2.86748	WT_LOST
SIM-05088	Pathogenic	DDR_SIGNALING	CHEK2	2.3561	WT_LOST
SIM-05089	Pathogenic	DDR_SIGNALING	ATM	-0.935236	NOT_WT_LOST
SIM-05090	Pathogenic	DDR_SIGNALING	MRE11	0.630442	WT_LOST
SIM-05091	Pathogenic	DDR_SIGNALING	FANCM	0.744573	WT_LOST
SIM-05092	Pathogenic	DDR_SIGNALING	ATR	0.545643	NOT_WT_LOST
SIM-05093	Pathogenic	DDR_SIGNALING	CHEK1	-1.472589	NOT_WT_LOST
SIM-05094	Pathogenic	DDR_SIGNALING	MRE11	1.551907	NOT_WT_LOST
SIM-05095	Pathogenic	DDR_SIGNALING	ATR	0.057088	NOT_WT_LOST
SIM-05096	Pathogenic	DDR_SIGNALING	ATM	0.964116	NOT_WT_LOST
SIM-05097	Pathogenic	DDR_SIGNALING	RAD50	1.589119	WT_LOST
SIM-05098	Pathogenic	DDR_SIGNALING	NBN	2.61055	WT_LOST
SIM-05099	Pathogenic	DDR_SIGNALING	NBN	2.527149	WT_LOST
SIM-05100	Pathogenic	DDR_SIGNALING	CHEK1	0.065274	WT_LOST
SIM-05101	Pathogenic	DDR_SIGNALING	RAD50	0.818086	WT_LOST
SIM-05102	Pathogenic	DDR_SIGNALING	ATR	1.600266	WT_LOST
SIM-05103	Pathogenic	DDR_SIGNALING	CHEK2	1.695512	WT_LOST
SIM-05104	Pathogenic	DDR_SIGNALING	CHEK2	0.460541	WT_LOST
SIM-05105	Pathogenic	DDR_SIGNALING	CHEK2	0.400527	WT_LOST
SIM-05106	Pathogenic	DDR_SIGNALING	CHEK2	0.075427	NOT_WT_LOST
SIM-05107	Pathogenic	DDR_SIGNALING	NBN	0.267617	NOT_WT_LOST
SIM-05108	Pathogenic	DDR_SIGNALING	CHEK2	0.128715	NOT_WT_LOST
SIM-05109	Pathogenic	DDR_SIGNALING	CHEK2	1.975247	WT_LOST
SIM-05110	Pathogenic	DDR_SIGNALING	NBN	1.017028	NOT_WT_LOST
SIM-05111	Pathogenic	DDR_SIGNALING	CHEK1	0.036561	WT_LOST
SIM-05112	Pathogenic	DDR_SIGNALING	ATR	-0.721323	NOT_WT_LOST
SIM-05113	Pathogenic	DDR_SIGNALING	ATM	1.160761	WT_LOST
SIM-05114	Pathogenic	DDR_SIGNALING	FANCM	-0.274474	NOT_WT_LOST
SIM-05115	Pathogenic	DDR_SIGNALING	FANCM	0.251803	NOT_WT_LOST
SIM-05116	Pathogenic	DDR_SIGNALING	MRE11	0.557794	NOT_WT_LOST
SIM-05117	Pathogenic	DDR_SIGNALING	ATR	1.3532	NOT_WT_LOST
SIM-05118	Pathogenic	DDR_SIGNALING	FANCM	0.85641	WT_LOST
SIM-05119	Pathogenic	DDR_SIGNALING	ATR	0.070353	NOT_WT_LOST
SIM-05120	Pathogenic	DDR_SIGNALING	CHEK2	3.028481	WT_LOST
SIM-05121	Pathogenic	DDR_SIGNALING	CHEK1	2.239623	WT_LOST
SIM-05122	Pathogenic	DDR_SIGNALING	NBN	-0.541292	NOT_WT_LOST
SIM-05123	Pathogenic	DDR_SIGNALING	MRE11	0.980371	NOT_WT_LOST
SIM-05124	Pathogenic	DDR_SIGNALING	ATM	1.18465	WT_LOST
SIM-05125	Pathogenic	DDR_SIGNALING	NBN	0.587008	NOT_WT_LOST
SIM-05126	Pathogenic	DDR_SIGNALING	MRE11	2.825721	WT_LOST
SIM-05127	Pathogenic	DDR_SIGNALING	ATR	2.847791	WT_LOST
SIM-05128	Pathogenic	DDR_SIGNALING	CHEK2	-0.318531	NOT_WT_LOST
SIM-05129	Pathogenic	DDR_SIGNALING	MRE11	2.340026	WT_LOST
SIM-05130	Pathogenic	DDR_SIGNALING	RAD50	2.00392	NOT_WT_LOST
SIM-05131	Pathogenic	DDR_SIGNALING	MRE11	-0.333204	WT_LOST
SIM-05132	Pathogenic	DDR_SIGNALING	ATM	1.371561	NOT_WT_LOST
SIM-05133	Pathogenic	DDR_SIGNALING	ATR	1.382267	WT_LOST
SIM-05134	Pathogenic	DDR_SIGNALING	ATR	1.596715	WT_LOST
SIM-05135	Pathogenic	DDR_SIGNALING	RAD50	1.145912	WT_LOST
SIM-05136	Pathogenic	DDR_SIGNALING	ATR	1.26956	NOT_WT_LOST
SIM-05137	Pathogenic	DDR_SIGNALING	ATM	-0.3743	NOT_WT_LOST
SIM-05138	Pathogenic	DDR_SIGNALING	NBN	1.552497	WT_LOST
SIM-05139	Pathogenic	DDR_SIGNALING	ATM	0.620068	WT_LOST
SIM-05140	Pathogenic	DDR_SIGNALING	FANCM	2.049802	NOT_WT_LOST
SIM-05141	Pathogenic	DDR_SIGNALING	ATM	0.499897	NOT_WT_LOST
SIM-05142	Pathogenic	DDR_SIGNALING	CHEK1	1.311325	WT_LOST
SIM-05143	Pathogenic	DDR_SIGNALING	FANCM	0.531689	WT_LOST
SIM-05144	Pathogenic	DDR_SIGNALING	CHEK2	-0.580429	NOT_WT_LOST
SIM-05145	Pathogenic	DDR_SIGNALING	CHEK1	0.388933	NOT_WT_LOST
SIM-05146	Pathogenic	DDR_SIGNALING	ATM	0.008247	WT_LOST
SIM-05147	Pathogenic	DDR_SIGNALING	RAD50	-0.553695	WT_LOST
SIM-05148	Pathogenic	DDR_SIGNALING	ATM	1.20798	WT_LOST
SIM-05149	Pathogenic	DDR_SIGNALING	FANCM	2.943903	NOT_WT_LOST
SIM-05150	Pathogenic	DDR_SIGNALING	MRE11	2.357006	WT_LOST
SIM-05151	Pathogenic	DDR_SIGNALING	CHEK2	1.3743	WT_LOST
SIM-05152	Pathogenic	DDR_SIGNALING	FANCM	0.11464	NOT_WT_LOST
SIM-05153	Pathogenic	DDR_SIGNALING	NBN	0.092495	WT_LOST
SIM-05154	Pathogenic	DDR_SIGNALING	CHEK1	0.202168	WT_LOST
SIM-05155	Pathogenic	DDR_SIGNALING	NBN	1.253987	WT_LOST
SIM-05156	Pathogenic	DDR_SIGNALING	NBN	1.232987	WT_LOST
SIM-05157	Pathogenic	DDR_SIGNALING	MRE11	0.623209	NOT_WT_LOST
SIM-05158	Pathogenic	DDR_SIGNALING	CHEK2	2.333562	WT_LOST
SIM-05159	Pathogenic	DDR_SIGNALING	RAD50	0.802312	WT_LOST
SIM-05160	Pathogenic	DDR_SIGNALING	RAD50	-0.782851	NOT_WT_LOST
SIM-05161	Pathogenic	DDR_SIGNALING	MRE11	2.44597	WT_LOST
SIM-05162	Pathogenic	DDR_SIGNALING	CHEK1	0.45493	NOT_WT_LOST
SIM-05163	Pathogenic	DDR_SIGNALING	ATM	1.259123	WT_LOST
SIM-05164	Pathogenic	DDR_SIGNALING	CHEK2	0.398464	NOT_WT_LOST
SIM-05165	Pathogenic	DDR_SIGNALING	ATM	-0.872844	NOT_WT_LOST
SIM-05166	Pathogenic	DDR_SIGNALING	RAD50	0.950554	NOT_WT_LOST
SIM-05167	Pathogenic	DDR_SIGNALING	CHEK2	-0.342922	WT_LOST
SIM-05168	Pathogenic	DDR_SIGNALING	NBN	0.10743	NOT_WT_LOST
SIM-05169	Pathogenic	DDR_SIGNALING	ATM	1.066218	NOT_WT_LOST
SIM-05170	Pathogenic	DDR_SIGNALING	RAD50	0.400232	WT_LOST
SIM-05171	Pathogenic	DDR_SIGNALING	NBN	0.411988	WT_LOST
SIM-05172	Pathogenic	DDR_SIGNALING	MRE11	2.038399	WT_LOST
SIM-05173	Pathogenic	DDR_SIGNALING	MRE11	2.166678	WT_LOST
SIM-05174	Pathogenic	DDR_SIGNALING	ATR	0.684093	NOT_WT_LOST
SIM-05175	Pathogenic	DDR_SIGNALING	NBN	0.702487	WT_LOST
SIM-05176	Pathogenic	DDR_SIGNALING	NBN	1.08427	NOT_WT_LOST
SIM-05177	Pathogenic	DDR_SIGNALING	NBN	2.532171	WT_LOST
SIM-05178	Pathogenic	DDR_SIGNALING	CHEK1	1.619661	WT_LOST
SIM-05179	Pathogenic	DDR_SIGNALING	NBN	1.185651	NOT_WT_LOST
SIM-05180	Pathogenic	DDR_SIGNALING	ATR	1.15346	WT_LOST
SIM-05181	Pathogenic	DDR_SIGNALING	MRE11	0.515731	WT_LOST
SIM-05182	Pathogenic	DDR_SIGNALING	ATM	2.031678	WT_LOST
SIM-05183	Pathogenic	DDR_SIGNALING	MRE11	-1.341609	NOT_WT_LOST
SIM-05184	Pathogenic	DDR_SIGNALING	CHEK2	0.76188	NOT_WT_LOST
SIM-05185	Pathogenic	DDR_SIGNALING	FANCM	-0.209085	NOT_WT_LOST
SIM-05186	Pathogenic	DDR_SIGNALING	RAD50	1.963922	WT_LOST
SIM-05187	Pathogenic	DDR_SIGNALING	ATM	-0.755724	NOT_WT_LOST
SIM-05188	Pathogenic	DDR_SIGNALING	NBN	1.506901	WT_LOST
SIM-05189	Pathogenic	DDR_SIGNALING	NBN	-0.777404	NOT_WT_LOST
SIM-05190	Pathogenic	DDR_SIGNALING	NBN	0.280032	WT_LOST
SIM-05191	Pathogenic	DDR_SIGNALING	ATM	-0.195506	NOT_WT_LOST
SIM-05192	Pathogenic	DDR_SIGNALING	FANCM	0.874968	NOT_WT_LOST
SIM-05193	Pathogenic	DDR_SIGNALING	CHEK1	0.290598	NOT_WT_LOST
SIM-05194	Pathogenic	DDR_SIGNALING	FANCM	-0.817265	NOT_WT_LOST
SIM-05195	Pathogenic	DDR_SIGNALING	MRE11	1.021543	WT_LOST
SIM-05196	Pathogenic	DDR_SIGNALING	FANCM	0.727303	WT_LOST
SIM-05197	Pathogenic	DDR_SIGNALING	CHEK1	0.014865	NOT_WT_LOST
SIM-05198	Pathogenic	DDR_SIGNALING	ATR	1.845755	NOT_WT_LOST
SIM-05199	Pathogenic	DDR_SIGNALING	ATR	1.382681	WT_LOST
SIM-05200	Pathogenic	DDR_SIGNALING	ATR	-0.571564	NOT_WT_LOST
SIM-05201	Pathogenic	DDR_SIGNALING	FANCM	1.417377	WT_LOST
SIM-05202	Pathogenic	DDR_SIGNALING	FANCM	0.110036	WT_LOST
SIM-05203	Pathogenic	DDR_SIGNALING	RAD50	1.692005	WT_LOST
SIM-05204	Pathogenic	DDR_SIGNALING	NBN	1.969832	NOT_WT_LOST
SIM-05205	Pathogenic	DDR_SIGNALING	ATR	-0.141577	NOT_WT_LOST
SIM-05206	Pathogenic	DDR_SIGNALING	CHEK1	1.225174	WT_LOST
SIM-05207	Pathogenic	DDR_SIGNALING	RAD50	-0.606519	NOT_WT_LOST
SIM-05208	Pathogenic	DDR_SIGNALING	MRE11	0.650818	NOT_WT_LOST
SIM-05209	Pathogenic	DDR_SIGNALING	RAD50	2.05422	NOT_WT_LOST
SIM-05210	Pathogenic	DDR_SIGNALING	MRE11	2.816598	WT_LOST
SIM-05211	Pathogenic	DDR_SIGNALING	RAD50	0.793089	NOT_WT_LOST
SIM-05212	Pathogenic	DDR_SIGNALING	RAD50	2.099449	WT_LOST
SIM-05213	Pathogenic	DDR_SIGNALING	ATM	1.510787	NOT_WT_LOST
SIM-05214	Pathogenic	DDR_SIGNALING	ATR	0.240987	NOT_WT_LOST
SIM-05215	Pathogenic	DDR_SIGNALING	FANCM	0.073119	NOT_WT_LOST
SIM-05216	Pathogenic	DDR_SIGNALING	FANCM	0.484652	NOT_WT_LOST
SIM-05217	Pathogenic	DDR_SIGNALING	NBN	-0.192873	NOT_WT_LOST
SIM-05218	Pathogenic	DDR_SIGNALING	MRE11	0.655642	WT_LOST
SIM-05219	Pathogenic	DDR_SIGNALING	ATM	1.831535	WT_LOST
SIM-05220	Pathogenic	DDR_SIGNALING	CHEK2	0.886753	NOT_WT_LOST
SIM-05221	Pathogenic	DDR_SIGNALING	NBN	0.339623	WT_LOST
SIM-05222	Pathogenic	DDR_SIGNALING	RAD50	2.071394	WT_LOST
SIM-05223	Pathogenic	DDR_SIGNALING	ATM	0.749891	WT_LOST
SIM-05224	Pathogenic	DDR_SIGNALING	CHEK1	-0.665501	NOT_WT_LOST
SIM-05225	Pathogenic	DDR_SIGNALING	MRE11	0.313984	NOT_WT_LOST
SIM-05226	Pathogenic	DDR_SIGNALING	MRE11	0.383086	NOT_WT_LOST
SIM-05227	Pathogenic	DDR_SIGNALING	NBN	1.682813	WT_LOST
SIM-05228	Pathogenic	DDR_SIGNALING	CHEK1	1.340077	WT_LOST
SIM-05229	Pathogenic	DDR_SIGNALING	CHEK1	-0.207174	NOT_WT_LOST
SIM-05230	Pathogenic	DDR_SIGNALING	RAD50	1.286531	WT_LOST
SIM-05231	Pathogenic	DDR_SIGNALING	CHEK1	1.091217	NOT_WT_LOST
SIM-05232	Pathogenic	DDR_SIGNALING	CHEK2	0.443515	NOT_WT_LOST
SIM-05233	Pathogenic	DDR_SIGNALING	CHEK1	0.355269	NOT_WT_LOST
SIM-05234	Pathogenic	DDR_SIGNALING	CHEK1	2.210383	WT_LOST
SIM-05235	Pathogenic	DDR_SIGNALING	CHEK1	-0.229432	NOT_WT_LOST
SIM-05236	Pathogenic	DDR_SIGNALING	ATM	0.692306	WT_LOST
SIM-05237	Pathogenic	DDR_SIGNALING	RAD50	0.720212	NOT_WT_LOST
SIM-05238	Pathogenic	DDR_SIGNALING	CHEK1	2.402668	WT_LOST
SIM-05239	Pathogenic	DDR_SIGNALING	ATM	0.803529	WT_LOST
SIM-05240	Pathogenic	DDR_SIGNALING	ATM	-0.671839	NOT_WT_LOST
SIM-05241	Pathogenic	DDR_SIGNALING	ATR	1.377919	NOT_WT_LOST
SIM-05242	Pathogenic	DDR_SIGNALING	RAD50	1.475408	WT_LOST
SIM-05243	Pathogenic	DDR_SIGNALING	RAD50	0.9478	WT_LOST
SIM-05244	Pathogenic	DDR_SIGNALING	CHEK2	1.965972	WT_LOST
SIM-05245	Pathogenic	DDR_SIGNALING	NBN	0.320613	WT_LOST
SIM-05246	Pathogenic	DDR_SIGNALING	FANCM	-0.463348	WT_LOST
SIM-05247	Pathogenic	DDR_SIGNALING	ATR	-0.115588	NOT_WT_LOST
SIM-05248	Pathogenic	DDR_SIGNALING	CHEK1	-0.13371	NOT_WT_LOST
SIM-05249	Pathogenic	DDR_SIGNALING	RAD50	1.601808	WT_LOST
SIM-05250	Pathogenic	DDR_SIGNALING	ATM	0.909941	WT_LOST
SIM-05251	Pathogenic	DDR_SIGNALING	ATR	1.869555	NOT_WT_LOST
SIM-05252	Pathogenic	DDR_SIGNALING	RAD50	1.483353	NOT_WT_LOST
SIM-05253	Pathogenic	DDR_SIGNALING	CHEK2	2.020026	WT_LOST
SIM-05254	Pathogenic	DDR_SIGNALING	FANCM	2.211609	WT_LOST
SIM-05255	Pathogenic	DDR_SIGNALING	CHEK1	1.389611	WT_LOST
SIM-05256	Pathogenic	DDR_SIGNALING	FANCM	2.090014	WT_LOST
SIM-05257	Pathogenic	DDR_SIGNALING	NBN	0.15039	WT_LOST
SIM-05258	Pathogenic	DDR_SIGNALING	ATR	1.1831	NOT_WT_LOST
SIM-05259	Pathogenic	DDR_SIGNALING	CHEK1	-0.594865	NOT_WT_LOST
SIM-05260	Pathogenic	DDR_SIGNALING	NBN	-0.293853	WT_LOST
SIM-05261	Pathogenic	DDR_SIGNALING	ATR	1.511204	WT_LOST
SIM-05262	Pathogenic	DDR_SIGNALING	CHEK2	1.909606	WT_LOST
SIM-05263	Pathogenic	DDR_SIGNALING	CHEK2	0.100015	NOT_WT_LOST
SIM-05264	Pathogenic	DDR_SIGNALING	NBN	2.096693	WT_LOST
SIM-05265	Pathogenic	DDR_SIGNALING	FANCM	2.799767	WT_LOST
SIM-05266	Pathogenic	DDR_SIGNALING	FANCM	0.004399	NOT_WT_LOST
SIM-05267	Pathogenic	DDR_SIGNALING	MRE11	2.040621	WT_LOST
SIM-05268	Pathogenic	DDR_SIGNALING	RAD50	0.45817	NOT_WT_LOST
SIM-05269	Pathogenic	DDR_SIGNALING	NBN	2.232076	WT_LOST
SIM-05270	Pathogenic	DDR_SIGNALING	CHEK1	1.101313	WT_LOST
SIM-05271	Pathogenic	DDR_SIGNALING	MRE11	-0.451781	WT_LOST
SIM-05272	Pathogenic	DDR_SIGNALING	CHEK1	0.372593	NOT_WT_LOST
SIM-05273	Pathogenic	DDR_SIGNALING	ATR	-1.495633	NOT_WT_LOST
SIM-05274	Pathogenic	DDR_SIGNALING	MRE11	1.099268	WT_LOST
SIM-05275	Pathogenic	DDR_SIGNALING	CHEK2	0.229376	NOT_WT_LOST
SIM-05276	Pathogenic	DDR_SIGNALING	CHEK2	0.367258	WT_LOST
SIM-05277	Pathogenic	DDR_SIGNALING	ATR	2.119279	WT_LOST
SIM-05278	Pathogenic	DDR_SIGNALING	FANCM	1.260739	WT_LOST
SIM-05279	Pathogenic	DDR_SIGNALING	ATR	1.161359	NOT_WT_LOST
SIM-05280	Pathogenic	DDR_SIGNALING	CHEK2	1.522749	WT_LOST
SIM-05281	Pathogenic	DDR_SIGNALING	RAD50	1.200249	WT_LOST
SIM-05282	Pathogenic	DDR_SIGNALING	MRE11	1.563978	NOT_WT_LOST
SIM-05283	Pathogenic	DDR_SIGNALING	CHEK1	2.218541	WT_LOST
SIM-05284	Pathogenic	DDR_SIGNALING	ATR	0.053013	NOT_WT_LOST
SIM-05285	Pathogenic	DDR_SIGNALING	MRE11	-0.444121	NOT_WT_LOST
SIM-05286	Pathogenic	DDR_SIGNALING	FANCM	0.715012	WT_LOST
SIM-05287	Pathogenic	DDR_SIGNALING	ATM	0.11176	NOT_WT_LOST
SIM-05288	Pathogenic	DDR_SIGNALING	MRE11	0.318695	NOT_WT_LOST
SIM-05289	Pathogenic	DDR_SIGNALING	ATM	-0.373583	NOT_WT_LOST
SIM-05290	Pathogenic	DDR_SIGNALING	RAD50	0.254026	WT_LOST
SIM-05291	Pathogenic	DDR_SIGNALING	NBN	0.88131	NOT_WT_LOST
SIM-05292	Pathogenic	DDR_SIGNALING	ATM	0.732741	WT_LOST
SIM-05293	Pathogenic	DDR_SIGNALING	FANCM	0.181918	NOT_WT_LOST
SIM-05294	Pathogenic	DDR_SIGNALING	CHEK1	1.747459	WT_LOST
SIM-05295	Pathogenic	DDR_SIGNALING	MRE11	0.90372	WT_LOST
SIM-05296	Pathogenic	DDR_SIGNALING	MRE11	-0.136898	WT_LOST
SIM-05297	Pathogenic	DDR_SIGNALING	CHEK1	0.994508	WT_LOST
SIM-05298	Pathogenic	DDR_SIGNALING	RAD50	0.464999	NOT_WT_LOST
SIM-05299	Pathogenic	DDR_SIGNALING	CHEK1	1.352797	WT_LOST
SIM-05300	Pathogenic	DDR_SIGNALING	RAD50	1.411827	WT_LOST
SIM-05301	Pathogenic	DDR_SIGNALING	NBN	1.317451	NOT_WT_LOST
SIM-05302	Pathogenic	DDR_SIGNALING	CHEK1	1.686617	WT_LOST
SIM-05303	Pathogenic	DDR_SIGNALING	NBN	1.618534	WT_LOST
SIM-05304	Pathogenic	DDR_SIGNALING	ATR	1.204158	WT_LOST
SIM-05305	Pathogenic	DDR_SIGNALING	CHEK1	-0.018231	WT_LOST
SIM-05306	Pathogenic	DDR_SIGNALING	ATM	0.751856	WT_LOST
SIM-05307	Pathogenic	DDR_SIGNALING	CHEK2	-0.001939	NOT_WT_LOST
SIM-05308	Pathogenic	DDR_SIGNALING	MRE11	-0.42009	NOT_WT_LOST
SIM-05309	Pathogenic	DDR_SIGNALING	NBN	1.151307	NOT_WT_LOST
SIM-05310	Pathogenic	DDR_SIGNALING	ATR	0.6086	NOT_WT_LOST
SIM-05311	Pathogenic	DDR_SIGNALING	MRE11	-0.986883	NOT_WT_LOST
SIM-05312	Pathogenic	DDR_SIGNALING	ATM	1.588375	WT_LOST
SIM-05313	Pathogenic	DDR_SIGNALING	ATR	0.971586	NOT_WT_LOST
SIM-05314	Pathogenic	DDR_SIGNALING	FANCM	0.953669	WT_LOST
SIM-05315	Pathogenic	DDR_SIGNALING	CHEK2	-0.497969	NOT_WT_LOST
SIM-05316	Pathogenic	DDR_SIGNALING	CHEK1	-1.191901	WT_LOST
SIM-05317	Pathogenic	DDR_SIGNALING	NBN	0.190367	NOT_WT_LOST
SIM-05318	Pathogenic	DDR_SIGNALING	MRE11	1.611006	WT_LOST
SIM-05319	Pathogenic	DDR_SIGNALING	FANCM	1.785709	WT_LOST
SIM-05320	Pathogenic	DDR_SIGNALING	NBN	1.00305	NOT_WT_LOST
SIM-05321	Pathogenic	DDR_SIGNALING	RAD50	1.806738	WT_LOST
SIM-05322	Pathogenic	DDR_SIGNALING	MRE11	-0.443535	WT_LOST
SIM-05323	Pathogenic	DDR_SIGNALING	NBN	0.251001	NOT_WT_LOST
SIM-05324	Pathogenic	DDR_SIGNALING	FANCM	2.736261	WT_LOST
SIM-05325	Pathogenic	DDR_SIGNALING	CHEK1	-0.729071	WT_LOST
SIM-05326	Pathogenic	DDR_SIGNALING	MRE11	0.240537	WT_LOST
SIM-05327	Pathogenic	DDR_SIGNALING	ATR	1.698426	NOT_WT_LOST
SIM-05328	Pathogenic	DDR_SIGNALING	CHEK2	-1.836259	NOT_WT_LOST
SIM-05329	Pathogenic	DDR_SIGNALING	FANCM	1.502128	WT_LOST
SIM-05330	Pathogenic	DDR_SIGNALING	RAD50	0.205256	NOT_WT_LOST
SIM-05331	Pathogenic	DDR_SIGNALING	CHEK1	0.39225	NOT_WT_LOST
SIM-05332	Pathogenic	DDR_SIGNALING	FANCM	0.037825	WT_LOST
SIM-05333	Pathogenic	DDR_SIGNALING	ATM	-0.245825	NOT_WT_LOST
SIM-05334	Pathogenic	DDR_SIGNALING	RAD50	1.110973	WT_LOST
SIM-05335	Pathogenic	DDR_SIGNALING	RAD50	1.90148	WT_LOST
SIM-05336	Pathogenic	DDR_SIGNALING	ATR	0.147795	NOT_WT_LOST
SIM-05337	Pathogenic	DDR_SIGNALING	FANCM	1.778069	NOT_WT_LOST
SIM-05338	Pathogenic	DDR_SIGNALING	FANCM	1.241324	WT_LOST
SIM-05339	Pathogenic	DDR_SIGNALING	CHEK2	1.468906	WT_LOST
SIM-05340	Pathogenic	DDR_SIGNALING	ATM	0.103806	NOT_WT_LOST
SIM-05341	Pathogenic	DDR_SIGNALING	NBN	2.523615	WT_LOST
SIM-05342	Pathogenic	DDR_SIGNALING	ATR	1.111681	WT_LOST
SIM-05343	Pathogenic	DDR_SIGNALING	MRE11	1.446687	WT_LOST
SIM-05344	Pathogenic	DDR_SIGNALING	CHEK2	1.525023	WT_LOST
SIM-05345	Pathogenic	DDR_SIGNALING	RAD50	1.721904	WT_LOST
SIM-05346	Pathogenic	DDR_SIGNALING	FANCM	-1.042815	NOT_WT_LOST
SIM-05347	Pathogenic	DDR_SIGNALING	CHEK1	0.722827	WT_LOST
SIM-05348	Pathogenic	DDR_SIGNALING	ATM	1.046612	WT_LOST
SIM-05349	Pathogenic	DDR_SIGNALING	CHEK1	0.855518	WT_LOST
SIM-05350	Pathogenic	DDR_SIGNALING	CHEK2	1.702159	WT_LOST
SIM-05351	Pathogenic	DDR_SIGNALING	MRE11	-0.929888	NOT_WT_LOST
SIM-05352	Pathogenic	DDR_SIGNALING	CHEK2	0.104739	NOT_WT_LOST
SIM-05353	Pathogenic	DDR_SIGNALING	FANCM	0.915568	WT_LOST
SIM-05354	Pathogenic	DDR_SIGNALING	NBN	-0.672107	NOT_WT_LOST
SIM-05355	Pathogenic	DDR_SIGNALING	RAD50	0.95419	NOT_WT_LOST
SIM-05356	Pathogenic	DDR_SIGNALING	FANCM	0.037954	NOT_WT_LOST
SIM-05357	Pathogenic	DDR_SIGNALING	MRE11	1.690338	NOT_WT_LOST
SIM-05358	Pathogenic	DDR_SIGNALING	CHEK1	0.84669	WT_LOST
SIM-05359	Pathogenic	DDR_SIGNALING	CHEK1	1.598484	WT_LOST
SIM-05360	Pathogenic	DDR_SIGNALING	NBN	0.993234	NOT_WT_LOST
SIM-05361	Pathogenic	DDR_SIGNALING	NBN	1.806941	NOT_WT_LOST
SIM-05362	Pathogenic	DDR_SIGNALING	RAD50	-0.278795	NOT_WT_LOST
SIM-05363	Pathogenic	DDR_SIGNALING	ATM	1.293989	NOT_WT_LOST
SIM-05364	Pathogenic	DDR_SIGNALING	ATR	1.163252	NOT_WT_LOST
SIM-05365	Pathogenic	DDR_SIGNALING	ATM	0.131687	WT_LOST
SIM-05366	Pathogenic	DDR_SIGNALING	CHEK2	-0.207213	NOT_WT_LOST
SIM-05367	Pathogenic	DDR_SIGNALING	NBN	1.879797	WT_LOST
SIM-05368	Pathogenic	DDR_SIGNALING	ATR	0.620192	NOT_WT_LOST
SIM-05369	Pathogenic	DDR_SIGNALING	RAD50	3.096788	WT_LOST
SIM-05370	Pathogenic	DDR_SIGNALING	RAD50	1.661044	WT_LOST
SIM-05371	Pathogenic	DDR_SIGNALING	ATR	0.012891	WT_LOST
SIM-05372	Pathogenic	DDR_SIGNALING	MRE11	-1.492262	NOT_WT_LOST
SIM-05373	Pathogenic	DDR_SIGNALING	FANCM	0.045421	WT_LOST
SIM-05374	Pathogenic	DDR_SIGNALING	RAD50	-0.336895	NOT_WT_LOST
SIM-05375	Pathogenic	DDR_SIGNALING	NBN	1.621309	WT_LOST
SIM-05376	Pathogenic	DDR_SIGNALING	MRE11	0.86844	NOT_WT_LOST
SIM-05377	Pathogenic	DDR_SIGNALING	NBN	0.807211	NOT_WT_LOST
SIM-05378	Pathogenic	DDR_SIGNALING	ATR	-1.406411	NOT_WT_LOST
SIM-05379	Pathogenic	DDR_SIGNALING	CHEK2	0.275181	NOT_WT_LOST
SIM-05380	Pathogenic	DDR_SIGNALING	RAD50	0.390912	NOT_WT_LOST
SIM-05381	Pathogenic	DDR_SIGNALING	CHEK1	0.039281	NOT_WT_LOST
SIM-05382	Pathogenic	DDR_SIGNALING	MRE11	0.380345	WT_LOST
SIM-05383	Pathogenic	DDR_SIGNALING	FANCM	0.39936	NOT_WT_LOST
SIM-05384	Pathogenic	DDR_SIGNALING	ATM	1.776331	NOT_WT_LOST
SIM-05385	Pathogenic	DDR_SIGNALING	NBN	1.29478	WT_LOST
SIM-05386	Pathogenic	DDR_SIGNALING	NBN	0.059072	NOT_WT_LOST
SIM-05387	Pathogenic	DDR_SIGNALING	FANCM	0.046604	NOT_WT_LOST
SIM-05388	Pathogenic	DDR_SIGNALING	ATM	-1.284743	WT_LOST
SIM-05389	Pathogenic	DDR_SIGNALING	NBN	0.384216	NOT_WT_LOST
SIM-05390	Pathogenic	DDR_SIGNALING	NBN	0.321785	NOT_WT_LOST
SIM-05391	Pathogenic	DDR_SIGNALING	ATR	2.159287	WT_LOST
SIM-05392	Pathogenic	DDR_SIGNALING	RAD50	-0.241786	WT_LOST
SIM-05393	Pathogenic	DDR_SIGNALING	CHEK1	0.123381	NOT_WT_LOST
SIM-05394	Pathogenic	DDR_SIGNALING	ATR	-0.084254	NOT_WT_LOST
SIM-05395	Pathogenic	DDR_SIGNALING	ATR	0.776504	NOT_WT_LOST
SIM-05396	Pathogenic	DDR_SIGNALING	MRE11	0.763406	WT_LOST
SIM-05397	Pathogenic	DDR_SIGNALING	ATR	-0.464674	NOT_WT_LOST
SIM-05398	Pathogenic	DDR_SIGNALING	RAD50	0.987869	WT_LOST
SIM-05399	Pathogenic	DDR_SIGNALING	RAD50	0.870542	WT_LOST
SIM-05400	Pathogenic	DDR_SIGNALING	FANCM	2.19742	WT_LOST
SIM-05401	Pathogenic	DDR_SIGNALING	RAD50	0.05841	NOT_WT_LOST
SIM-05402	Pathogenic	DDR_SIGNALING	NBN	2.390032	WT_LOST
SIM-05403	Pathogenic	DDR_SIGNALING	FANCM	0.887638	WT_LOST
SIM-05404	Pathogenic	DDR_SIGNALING	CHEK2	-0.393026	WT_LOST
SIM-05405	Pathogenic	DDR_SIGNALING	CHEK2	-0.014071	NOT_WT_LOST
SIM-05406	Pathogenic	DDR_SIGNALING	RAD50	2.441901	WT_LOST
SIM-05407	Pathogenic	DDR_SIGNALING	RAD50	0.953902	NOT_WT_LOST
SIM-05408	Pathogenic	DDR_SIGNALING	RAD50	1.617634	WT_LOST
SIM-05409	Pathogenic	DDR_SIGNALING	RAD50	0.897792	NOT_WT_LOST
SIM-05410	Pathogenic	DDR_SIGNALING	ATM	1.507776	NOT_WT_LOST
SIM-05411	Pathogenic	DDR_SIGNALING	CHEK2	2.100524	NOT_WT_LOST
SIM-05412	Pathogenic	DDR_SIGNALING	NBN	0.453025	NOT_WT_LOST
SIM-05413	Pathogenic	DDR_SIGNALING	CHEK2	-0.230408	NOT_WT_LOST
SIM-05414	Pathogenic	DDR_SIGNALING	ATM	1.98955	WT_LOST
SIM-05415	Pathogenic	DDR_SIGNALING	CHEK2	-0.273305	NOT_WT_LOST
SIM-05416	Pathogenic	DDR_SIGNALING	CHEK1	1.035105	WT_LOST
SIM-05417	Pathogenic	DDR_SIGNALING	ATR	0.164559	NOT_WT_LOST
SIM-05418	Pathogenic	DDR_SIGNALING	ATM	0.085737	NOT_WT_LOST
SIM-05419	Pathogenic	DDR_SIGNALING	MRE11	-0.056505	WT_LOST
SIM-05420	Pathogenic	DDR_SIGNALING	MRE11	-1.125584	NOT_WT_LOST
SIM-05421	Pathogenic	DDR_SIGNALING	RAD50	0.892787	WT_LOST
SIM-05422	Pathogenic	DDR_SIGNALING	CHEK1	1.023813	NOT_WT_LOST
SIM-05423	Pathogenic	DDR_SIGNALING	ATM	-0.66996	NOT_WT_LOST
SIM-05424	Pathogenic	DDR_SIGNALING	MRE11	0.912874	WT_LOST
SIM-05425	Pathogenic	DDR_SIGNALING	FANCM	-0.479275	NOT_WT_LOST
SIM-05426	Pathogenic	DDR_SIGNALING	ATM	-0.685589	WT_LOST
SIM-05427	Pathogenic	DDR_SIGNALING	CHEK1	3.189095	WT_LOST
SIM-05428	Pathogenic	DDR_SIGNALING	ATM	-0.100374	NOT_WT_LOST
SIM-05429	Pathogenic	DDR_SIGNALING	NBN	0.889192	NOT_WT_LOST
SIM-05430	Pathogenic	DDR_SIGNALING	ATM	1.66641	WT_LOST
SIM-05431	Pathogenic	DDR_SIGNALING	CHEK2	0.25256	NOT_WT_LOST
SIM-05432	Pathogenic	DDR_SIGNALING	CHEK1	0.610847	WT_LOST
SIM-05433	Pathogenic	DDR_SIGNALING	ATM	1.505296	WT_LOST
SIM-05434	Pathogenic	DDR_SIGNALING	MRE11	1.593601	WT_LOST
SIM-05435	Pathogenic	DDR_SIGNALING	ATM	0.823137	WT_LOST
SIM-05436	Pathogenic	DDR_SIGNALING	CHEK1	0.602483	NOT_WT_LOST
SIM-05437	Pathogenic	DDR_SIGNALING	FANCM	-0.642805	NOT_WT_LOST
SIM-05438	Pathogenic	DDR_SIGNALING	FANCM	1.263902	WT_LOST
SIM-05439	Pathogenic	DDR_SIGNALING	ATR	0.918122	WT_LOST
SIM-05440	Pathogenic	DDR_SIGNALING	RAD50	1.82357	WT_LOST
SIM-05441	Pathogenic	DDR_SIGNALING	MRE11	1.911125	WT_LOST
SIM-05442	Pathogenic	DDR_SIGNALING	CHEK1	0.337441	NOT_WT_LOST
SIM-05443	Pathogenic	DDR_SIGNALING	CHEK1	-0.63062	WT_LOST
SIM-05444	Pathogenic	DDR_SIGNALING	ATR	0.798235	WT_LOST
SIM-05445	Pathogenic	DDR_SIGNALING	ATM	1.608293	WT_LOST
SIM-05446	Pathogenic	DDR_SIGNALING	MRE11	2.506192	WT_LOST
SIM-05447	Pathogenic	DDR_SIGNALING	FANCM	-0.434993	NOT_WT_LOST
SIM-05448	Pathogenic	DDR_SIGNALING	FANCM	0.720475	NOT_WT_LOST
SIM-05449	Pathogenic	DDR_SIGNALING	CHEK2	0.930932	NOT_WT_LOST
SIM-05450	Pathogenic	DDR_SIGNALING	FANCM	2.208672	WT_LOST
SIM-05451	Pathogenic	DDR_SIGNALING	ATM	-0.215311	NOT_WT_LOST
SIM-05452	Pathogenic	DDR_SIGNALING	ATR	0.314726	NOT_WT_LOST
SIM-05453	Pathogenic	DDR_SIGNALING	MRE11	0.548679	NOT_WT_LOST
SIM-05454	Pathogenic	DDR_SIGNALING	ATR	2.023902	WT_LOST
SIM-05455	Pathogenic	DDR_SIGNALING	FANCM	2.110942	WT_LOST
SIM-05456	Pathogenic	DDR_SIGNALING	CHEK1	-0.104922	NOT_WT_LOST
SIM-05457	Pathogenic	DDR_SIGNALING	CHEK2	0.939521	WT_LOST
SIM-05458	Pathogenic	DDR_SIGNALING	RAD50	-0.602668	NOT_WT_LOST
SIM-05459	Pathogenic	DDR_SIGNALING	FANCM	2.309613	NOT_WT_LOST
SIM-05460	Pathogenic	DDR_SIGNALING	RAD50	2.369868	WT_LOST
SIM-05461	Pathogenic	DDR_SIGNALING	RAD50	0.446972	NOT_WT_LOST
SIM-05462	Pathogenic	DDR_SIGNALING	MRE11	1.698815	WT_LOST
SIM-05463	Pathogenic	DDR_SIGNALING	FANCM	0.736585	NOT_WT_LOST
SIM-05464	Pathogenic	DDR_SIGNALING	ATR	1.534506	WT_LOST
SIM-05465	Pathogenic	DDR_SIGNALING	ATR	1.026205	NOT_WT_LOST
SIM-05466	Pathogenic	DDR_SIGNALING	NBN	0.263815	NOT_WT_LOST
SIM-05467	Pathogenic	DDR_SIGNALING	NBN	1.011932	WT_LOST
SIM-05468	Pathogenic	DDR_SIGNALING	CHEK1	-0.049392	NOT_WT_LOST
SIM-05469	Pathogenic	DDR_SIGNALING	MRE11	1.103436	NOT_WT_LOST
SIM-05470	Pathogenic	DDR_SIGNALING	ATM	0.75046	NOT_WT_LOST
SIM-05471	Pathogenic	DDR_SIGNALING	CHEK1	1.6156	WT_LOST
SIM-05472	Pathogenic	DDR_SIGNALING	RAD50	0.81697	WT_LOST
SIM-05473	Pathogenic	DDR_SIGNALING	CHEK2	0.573516	NOT_WT_LOST
SIM-05474	Pathogenic	DDR_SIGNALING	CHEK2	1.311226	NOT_WT_LOST
SIM-05475	Pathogenic	DDR_SIGNALING	CHEK2	1.084606	WT_LOST
SIM-05476	Pathogenic	DDR_SIGNALING	CHEK1	-0.473595	NOT_WT_LOST
SIM-05477	Pathogenic	DDR_SIGNALING	MRE11	-1.739443	NOT_WT_LOST
SIM-05478	Pathogenic	DDR_SIGNALING	CHEK1	1.286954	WT_LOST
SIM-05479	Pathogenic	DDR_SIGNALING	FANCM	0.39939	NOT_WT_LOST
SIM-05480	Pathogenic	DDR_SIGNALING	MRE11	1.333404	WT_LOST
SIM-05481	Pathogenic	DDR_SIGNALING	CHEK1	0.178879	NOT_WT_LOST
SIM-05482	Pathogenic	DDR_SIGNALING	MRE11	2.754869	WT_LOST
SIM-05483	Pathogenic	DDR_SIGNALING	RAD50	-0.255244	NOT_WT_LOST
SIM-05484	Pathogenic	DDR_SIGNALING	MRE11	0.195544	NOT_WT_LOST
SIM-05485	Pathogenic	DDR_SIGNALING	NBN	1.422712	NOT_WT_LOST
SIM-05486	Pathogenic	DDR_SIGNALING	NBN	2.260071	WT_LOST
SIM-05487	Pathogenic	DDR_SIGNALING	RAD50	-0.144934	NOT_WT_LOST
SIM-05488	Pathogenic	DDR_SIGNALING	MRE11	0.100983	NOT_WT_LOST
SIM-05489	Pathogenic	DDR_SIGNALING	MRE11	4.082342	WT_LOST
SIM-05490	Pathogenic	DDR_SIGNALING	MRE11	1.691491	WT_LOST
SIM-05491	Pathogenic	DDR_SIGNALING	NBN	-1.39303	NOT_WT_LOST
SIM-05492	Pathogenic	DDR_SIGNALING	CHEK1	0.697405	NOT_WT_LOST
SIM-05493	Pathogenic	DDR_SIGNALING	CHEK2	-0.703952	NOT_WT_LOST
SIM-05494	Pathogenic	DDR_SIGNALING	CHEK2	1.488089	NOT_WT_LOST
SIM-05495	Pathogenic	DDR_SIGNALING	MRE11	0.729617	WT_LOST
SIM-05496	Pathogenic	DDR_SIGNALING	MRE11	0.845446	NOT_WT_LOST
SIM-05497	Pathogenic	DDR_SIGNALING	RAD50	2.645186	WT_LOST
SIM-05498	Pathogenic	DDR_SIGNALING	ATM	0.905118	WT_LOST
SIM-05499	Pathogenic	DDR_SIGNALING	FANCM	0.499065	WT_LOST
SIM-05500	Pathogenic	DDR_SIGNALING	FANCM	1.866494	WT_LOST
SIM-05501	Pathogenic	DDR_SIGNALING	ATR	-0.190056	NOT_WT_LOST
SIM-05502	Pathogenic	DDR_SIGNALING	RAD50	0.177322	NOT_WT_LOST
SIM-05503	Pathogenic	DDR_SIGNALING	ATR	-0.696943	NOT_WT_LOST
SIM-05504	Pathogenic	DDR_SIGNALING	FANCM	0.451644	NOT_WT_LOST
SIM-05505	Pathogenic	DDR_SIGNALING	ATR	0.900528	NOT_WT_LOST
SIM-05506	Pathogenic	DDR_SIGNALING	CHEK1	1.648417	NOT_WT_LOST
SIM-05507	Pathogenic	DDR_SIGNALING	MRE11	0.72817	WT_LOST
SIM-05508	Pathogenic	DDR_SIGNALING	RAD50	1.079733	WT_LOST
SIM-05509	Pathogenic	DDR_SIGNALING	FANCM	2.244759	WT_LOST
SIM-05510	Pathogenic	DDR_SIGNALING	CHEK2	2.363108	WT_LOST
SIM-05511	Pathogenic	DDR_SIGNALING	CHEK2	0.422184	WT_LOST
SIM-05512	Pathogenic	DDR_SIGNALING	CHEK2	0.695031	WT_LOST
SIM-05513	Pathogenic	DDR_SIGNALING	NBN	0.378149	NOT_WT_LOST
SIM-05514	Pathogenic	DDR_SIGNALING	NBN	0.679569	NOT_WT_LOST
SIM-05515	Pathogenic	DDR_SIGNALING	FANCM	-0.054395	WT_LOST
SIM-05516	Pathogenic	DDR_SIGNALING	NBN	2.999159	WT_LOST
SIM-05517	Pathogenic	DDR_SIGNALING	FANCM	1.011413	WT_LOST
SIM-05518	Pathogenic	DDR_SIGNALING	ATR	1.577876	WT_LOST
SIM-05519	Pathogenic	DDR_SIGNALING	CHEK2	1.117507	NOT_WT_LOST
SIM-05520	Pathogenic	DDR_SIGNALING	NBN	1.421622	WT_LOST
SIM-05521	Pathogenic	DDR_SIGNALING	CHEK2	0.047654	NOT_WT_LOST
SIM-05522	Pathogenic	DDR_SIGNALING	RAD50	1.373646	NOT_WT_LOST
SIM-05523	Pathogenic	DDR_SIGNALING	ATR	2.492553	WT_LOST
SIM-05524	Pathogenic	DDR_SIGNALING	RAD50	1.684659	WT_LOST
SIM-05525	Pathogenic	DDR_SIGNALING	CHEK1	0.032564	NOT_WT_LOST
SIM-05526	Pathogenic	DDR_SIGNALING	ATM	0.040276	NOT_WT_LOST
SIM-05527	Pathogenic	DDR_SIGNALING	MRE11	-0.55784	NOT_WT_LOST
SIM-05528	Pathogenic	DDR_SIGNALING	ATR	1.850722	WT_LOST
SIM-05529	Pathogenic	DDR_SIGNALING	ATM	0.981222	WT_LOST
SIM-05530	Pathogenic	DDR_SIGNALING	NBN	1.561315	NOT_WT_LOST
SIM-05531	Pathogenic	DDR_SIGNALING	RAD50	0.506245	WT_LOST
SIM-05532	Pathogenic	DDR_SIGNALING	CHEK2	0.48647	NOT_WT_LOST
SIM-05533	Pathogenic	DDR_SIGNALING	NBN	1.364331	NOT_WT_LOST
SIM-05534	Pathogenic	DDR_SIGNALING	CHEK2	1.223959	WT_LOST
SIM-05535	Pathogenic	DDR_SIGNALING	NBN	0.983474	WT_LOST
SIM-05536	Pathogenic	DDR_SIGNALING	RAD50	0.100602	WT_LOST
SIM-05537	Pathogenic	DDR_SIGNALING	RAD50	-0.577047	NOT_EVALUABLE
SIM-05538	Pathogenic	DDR_SIGNALING	FANCM	-1.240784	NOT_EVALUABLE
SIM-05539	Pathogenic	DDR_SIGNALING	CHEK2	-0.114917	NOT_EVALUABLE
SIM-05540	Pathogenic	DDR_SIGNALING	CHEK2	0.689109	NOT_EVALUABLE
SIM-05541	Pathogenic	DDR_SIGNALING	RAD50	-0.007066	NOT_EVALUABLE
SIM-05542	Pathogenic	DDR_SIGNALING	FANCM	2.45386	NOT_EVALUABLE
SIM-05543	Pathogenic	DDR_SIGNALING	NBN	0.668209	NOT_EVALUABLE
SIM-05544	Pathogenic	DDR_SIGNALING	FANCM	2.23481	NOT_EVALUABLE
SIM-05545	Benign	DDR_SIGNALING	NBN	2.047909	WT_LOST
SIM-05546	Benign	DDR_SIGNALING	CHEK2	0.492515	NOT_WT_LOST
SIM-05547	Benign	DDR_SIGNALING	NBN	-0.346493	NOT_WT_LOST
SIM-05548	Benign	DDR_SIGNALING	MRE11	-0.120042	WT_LOST
SIM-05549	Benign	DDR_SIGNALING	ATR	-0.537153	NOT_WT_LOST
SIM-05550	Benign	DDR_SIGNALING	NBN	-1.961764	NOT_WT_LOST
SIM-05551	Benign	DDR_SIGNALING	ATM	-0.994972	WT_LOST
SIM-05552	Benign	DDR_SIGNALING	NBN	-0.054729	NOT_WT_LOST
SIM-05553	Benign	DDR_SIGNALING	CHEK2	0.77647	WT_LOST
SIM-05554	Benign	DDR_SIGNALING	CHEK1	0.125993	NOT_WT_LOST
SIM-05555	Benign	DDR_SIGNALING	CHEK1	0.256789	WT_LOST
SIM-05556	Benign	DDR_SIGNALING	ATM	-0.221427	NOT_WT_LOST
SIM-05557	Benign	DDR_SIGNALING	RAD50	-1.225762	NOT_WT_LOST
SIM-05558	Benign	DDR_SIGNALING	ATM	-1.223745	NOT_WT_LOST
SIM-05559	Benign	DDR_SIGNALING	CHEK2	-1.566821	NOT_WT_LOST
SIM-05560	Benign	DDR_SIGNALING	NBN	0.163866	WT_LOST
SIM-05561	Benign	DDR_SIGNALING	MRE11	-1.181691	NOT_WT_LOST
SIM-05562	Benign	DDR_SIGNALING	CHEK2	-1.716018	NOT_WT_LOST
SIM-05563	Benign	DDR_SIGNALING	CHEK2	-0.233715	NOT_WT_LOST
SIM-05564	Benign	DDR_SIGNALING	CHEK1	-0.56446	WT_LOST
SIM-05565	Benign	DDR_SIGNALING	ATR	-0.91289	NOT_WT_LOST
SIM-05566	Benign	DDR_SIGNALING	MRE11	-0.883743	NOT_WT_LOST
SIM-05567	Benign	DDR_SIGNALING	CHEK2	-0.716682	WT_LOST
SIM-05568	Benign	DDR_SIGNALING	FANCM	1.489094	WT_LOST
SIM-05569	Benign	DDR_SIGNALING	NBN	-1.592122	NOT_WT_LOST
SIM-05570	Benign	DDR_SIGNALING	NBN	-1.095486	NOT_WT_LOST
SIM-05571	Benign	DDR_SIGNALING	CHEK2	0.769068	NOT_WT_LOST
SIM-05572	Benign	DDR_SIGNALING	CHEK1	2.002139	WT_LOST
SIM-05573	Benign	DDR_SIGNALING	CHEK2	-0.797045	NOT_WT_LOST
SIM-05574	Benign	DDR_SIGNALING	FANCM	0.754221	WT_LOST
SIM-05575	Benign	DDR_SIGNALING	FANCM	-0.674507	WT_LOST
SIM-05576	Benign	DDR_SIGNALING	NBN	-0.602107	NOT_WT_LOST
SIM-05577	Benign	DDR_SIGNALING	FANCM	-1.254659	NOT_WT_LOST
SIM-05578	Benign	DDR_SIGNALING	FANCM	-0.153585	NOT_WT_LOST
SIM-05579	Benign	DDR_SIGNALING	RAD50	-1.519253	NOT_WT_LOST
SIM-05580	Benign	DDR_SIGNALING	RAD50	-0.588566	NOT_WT_LOST
SIM-05581	Benign	DDR_SIGNALING	MRE11	0.848233	NOT_WT_LOST
SIM-05582	Benign	DDR_SIGNALING	CHEK1	-0.799888	NOT_WT_LOST
SIM-05583	Benign	DDR_SIGNALING	MRE11	-1.524502	NOT_WT_LOST
SIM-05584	Benign	DDR_SIGNALING	MRE11	0.527159	NOT_WT_LOST
SIM-05585	Benign	DDR_SIGNALING	ATM	-1.117724	WT_LOST
SIM-05586	Benign	DDR_SIGNALING	RAD50	-1.392147	NOT_WT_LOST
SIM-05587	Benign	DDR_SIGNALING	NBN	-0.016297	NOT_WT_LOST
SIM-05588	Benign	DDR_SIGNALING	NBN	-0.254399	WT_LOST
SIM-05589	Benign	DDR_SIGNALING	NBN	-0.020813	NOT_WT_LOST
SIM-05590	Benign	DDR_SIGNALING	CHEK2	-0.136765	WT_LOST
SIM-05591	Benign	DDR_SIGNALING	FANCM	-0.206138	NOT_WT_LOST
SIM-05592	Benign	DDR_SIGNALING	FANCM	-2.279188	NOT_WT_LOST
SIM-05593	Benign	DDR_SIGNALING	RAD50	-1.517919	NOT_WT_LOST
SIM-05594	Benign	DDR_SIGNALING	ATR	-1.186557	WT_LOST
SIM-05595	Benign	DDR_SIGNALING	ATM	0.096108	NOT_WT_LOST
SIM-05596	Benign	DDR_SIGNALING	ATM	-1.710169	NOT_WT_LOST
SIM-05597	Benign	DDR_SIGNALING	FANCM	0.979838	WT_LOST
SIM-05598	Benign	DDR_SIGNALING	CHEK2	-0.276768	WT_LOST
SIM-05599	Benign	DDR_SIGNALING	CHEK1	-1.394546	NOT_WT_LOST
SIM-05600	Benign	DDR_SIGNALING	CHEK1	0.059691	NOT_WT_LOST
SIM-05601	Benign	DDR_SIGNALING	ATM	1.520316	WT_LOST
SIM-05602	Benign	DDR_SIGNALING	FANCM	0.188614	NOT_WT_LOST
SIM-05603	Benign	DDR_SIGNALING	FANCM	-0.573426	NOT_WT_LOST
SIM-05604	Benign	DDR_SIGNALING	ATM	-1.15396	NOT_WT_LOST
SIM-05605	Benign	DDR_SIGNALING	MRE11	-1.823609	NOT_WT_LOST
SIM-05606	Benign	DDR_SIGNALING	NBN	0.172763	NOT_WT_LOST
SIM-05607	Benign	DDR_SIGNALING	ATR	-0.364022	NOT_WT_LOST
SIM-05608	Benign	DDR_SIGNALING	ATR	1.299566	NOT_WT_LOST
SIM-05609	Benign	DDR_SIGNALING	ATM	-0.577748	NOT_WT_LOST
SIM-05610	Benign	DDR_SIGNALING	CHEK2	1.604296	WT_LOST
SIM-05611	Benign	DDR_SIGNALING	FANCM	-0.953086	WT_LOST
SIM-05612	Benign	DDR_SIGNALING	ATR	-1.108807	NOT_WT_LOST
SIM-05613	Benign	DDR_SIGNALING	CHEK2	0.003098	WT_LOST
SIM-05614	Benign	DDR_SIGNALING	ATR	-1.050114	NOT_WT_LOST
SIM-05615	Benign	DDR_SIGNALING	CHEK1	1.939727	NOT_WT_LOST
SIM-05616	Benign	DDR_SIGNALING	NBN	-1.94078	NOT_WT_LOST
SIM-05617	Benign	DDR_SIGNALING	CHEK2	0.629976	NOT_WT_LOST
SIM-05618	Benign	DDR_SIGNALING	MRE11	0.153029	WT_LOST
SIM-05619	Benign	DDR_SIGNALING	MRE11	-0.473842	WT_LOST
SIM-05620	Benign	DDR_SIGNALING	CHEK1	-0.614654	NOT_WT_LOST
SIM-05621	Benign	DDR_SIGNALING	FANCM	-0.429791	NOT_WT_LOST
SIM-05622	Benign	DDR_SIGNALING	CHEK2	0.560525	NOT_WT_LOST
SIM-05623	Benign	DDR_SIGNALING	ATM	-0.921171	NOT_WT_LOST
SIM-05624	Benign	DDR_SIGNALING	ATM	-2.462546	NOT_WT_LOST
SIM-05625	Benign	DDR_SIGNALING	MRE11	0.069423	WT_LOST
SIM-05626	Benign	DDR_SIGNALING	ATR	-1.274589	NOT_WT_LOST
SIM-05627	Benign	DDR_SIGNALING	CHEK1	-1.50744	NOT_WT_LOST
SIM-05628	Benign	DDR_SIGNALING	FANCM	-0.799315	NOT_WT_LOST
SIM-05629	Benign	DDR_SIGNALING	FANCM	-0.755356	NOT_WT_LOST
SIM-05630	Benign	DDR_SIGNALING	NBN	-0.495824	NOT_WT_LOST
SIM-05631	Benign	DDR_SIGNALING	CHEK1	-0.129549	WT_LOST
SIM-05632	Benign	DDR_SIGNALING	CHEK1	-0.134161	NOT_WT_LOST
SIM-05633	Benign	DDR_SIGNALING	ATM	-1.577231	NOT_WT_LOST
SIM-05634	Benign	DDR_SIGNALING	FANCM	0.298769	NOT_WT_LOST
SIM-05635	Benign	DDR_SIGNALING	NBN	-1.599096	NOT_WT_LOST
SIM-05636	Benign	DDR_SIGNALING	CHEK1	-0.274577	NOT_WT_LOST
SIM-05637	Benign	DDR_SIGNALING	CHEK2	-1.130384	NOT_WT_LOST
SIM-05638	Benign	DDR_SIGNALING	RAD50	1.597549	WT_LOST
SIM-05639	Benign	DDR_SIGNALING	MRE11	-1.951033	NOT_WT_LOST
SIM-05640	Benign	DDR_SIGNALING	FANCM	0.468318	NOT_WT_LOST
SIM-05641	Benign	DDR_SIGNALING	CHEK2	-1.213776	NOT_WT_LOST
SIM-05642	Benign	DDR_SIGNALING	ATR	1.99358	WT_LOST
SIM-05643	Benign	DDR_SIGNALING	ATM	-0.093693	NOT_WT_LOST
SIM-05644	Benign	DDR_SIGNALING	CHEK1	-1.134678	NOT_WT_LOST
SIM-05645	Benign	DDR_SIGNALING	CHEK2	0.588616	WT_LOST
SIM-05646	Benign	DDR_SIGNALING	RAD50	-0.047972	WT_LOST
SIM-05647	Benign	DDR_SIGNALING	CHEK1	-0.999536	NOT_WT_LOST
SIM-05648	Benign	DDR_SIGNALING	FANCM	-0.557486	NOT_WT_LOST
SIM-05649	Benign	DDR_SIGNALING	MRE11	-0.770096	NOT_WT_LOST
SIM-05650	Benign	DDR_SIGNALING	FANCM	-0.219165	NOT_WT_LOST
SIM-05651	Benign	DDR_SIGNALING	NBN	-0.158049	NOT_WT_LOST
SIM-05652	Benign	DDR_SIGNALING	ATM	-0.532749	NOT_WT_LOST
SIM-05653	Benign	DDR_SIGNALING	RAD50	1.978183	WT_LOST
SIM-05654	Benign	DDR_SIGNALING	MRE11	-0.172585	NOT_WT_LOST
SIM-05655	Benign	DDR_SIGNALING	NBN	0.191112	WT_LOST
SIM-05656	Benign	DDR_SIGNALING	RAD50	-0.304024	NOT_WT_LOST
SIM-05657	Benign	DDR_SIGNALING	ATM	0.712096	WT_LOST
SIM-05658	Benign	DDR_SIGNALING	NBN	-0.902984	NOT_WT_LOST
SIM-05659	Benign	DDR_SIGNALING	NBN	-0.220303	NOT_WT_LOST
SIM-05660	Benign	DDR_SIGNALING	ATM	0.378042	NOT_WT_LOST
SIM-05661	Benign	DDR_SIGNALING	CHEK2	-0.558975	NOT_WT_LOST
SIM-05662	Benign	DDR_SIGNALING	RAD50	-0.794956	NOT_WT_LOST
SIM-05663	Benign	DDR_SIGNALING	NBN	-1.394892	NOT_WT_LOST
SIM-05664	Benign	DDR_SIGNALING	CHEK1	-0.438344	NOT_WT_LOST
SIM-05665	Benign	DDR_SIGNALING	MRE11	-0.211629	NOT_WT_LOST
SIM-05666	Benign	DDR_SIGNALING	CHEK1	1.578665	WT_LOST
SIM-05667	Benign	DDR_SIGNALING	ATM	-0.522421	NOT_WT_LOST
SIM-05668	Benign	DDR_SIGNALING	ATR	0.532112	WT_LOST
SIM-05669	Benign	DDR_SIGNALING	CHEK1	-0.231637	NOT_WT_LOST
SIM-05670	Benign	DDR_SIGNALING	NBN	-0.357734	WT_LOST
SIM-05671	Benign	DDR_SIGNALING	CHEK1	-0.222485	NOT_WT_LOST
SIM-05672	Benign	DDR_SIGNALING	RAD50	-0.07015	NOT_WT_LOST
SIM-05673	Benign	DDR_SIGNALING	RAD50	0.904053	NOT_WT_LOST
SIM-05674	Benign	DDR_SIGNALING	ATM	-0.128496	NOT_WT_LOST
SIM-05675	Benign	DDR_SIGNALING	ATR	-0.155681	WT_LOST
SIM-05676	Benign	DDR_SIGNALING	CHEK2	-0.380735	NOT_WT_LOST
SIM-05677	Benign	DDR_SIGNALING	RAD50	0.006738	WT_LOST
SIM-05678	Benign	DDR_SIGNALING	CHEK2	-1.738918	NOT_WT_LOST
SIM-05679	Benign	DDR_SIGNALING	FANCM	0.137547	WT_LOST
SIM-05680	Benign	DDR_SIGNALING	ATR	-0.126999	NOT_WT_LOST
SIM-05681	Benign	DDR_SIGNALING	NBN	0.757638	NOT_WT_LOST
SIM-05682	Benign	DDR_SIGNALING	FANCM	-0.442165	NOT_WT_LOST
SIM-05683	Benign	DDR_SIGNALING	CHEK1	-2.044663	NOT_WT_LOST
SIM-05684	Benign	DDR_SIGNALING	CHEK1	-1.278545	NOT_WT_LOST
SIM-05685	Benign	DDR_SIGNALING	RAD50	-0.175555	NOT_WT_LOST
SIM-05686	Benign	DDR_SIGNALING	CHEK1	-0.264889	NOT_WT_LOST
SIM-05687	Benign	DDR_SIGNALING	ATM	0.271339	NOT_WT_LOST
SIM-05688	Benign	DDR_SIGNALING	ATR	-2.33692	NOT_WT_LOST
SIM-05689	Benign	DDR_SIGNALING	RAD50	0.28019	NOT_WT_LOST
SIM-05690	Benign	DDR_SIGNALING	CHEK2	-0.926618	NOT_WT_LOST
SIM-05691	Benign	DDR_SIGNALING	FANCM	-0.743788	NOT_WT_LOST
SIM-05692	Benign	DDR_SIGNALING	NBN	-1.493777	NOT_WT_LOST
SIM-05693	Benign	DDR_SIGNALING	RAD50	-0.775537	NOT_WT_LOST
SIM-05694	Benign	DDR_SIGNALING	CHEK1	-0.411258	WT_LOST
SIM-05695	Benign	DDR_SIGNALING	FANCM	0.321445	NOT_WT_LOST
SIM-05696	Benign	DDR_SIGNALING	NBN	-0.417918	NOT_WT_LOST
SIM-05697	Benign	DDR_SIGNALING	NBN	-1.632055	NOT_WT_LOST
SIM-05698	Benign	DDR_SIGNALING	ATR	-0.516435	WT_LOST
SIM-05699	Benign	DDR_SIGNALING	MRE11	-0.328585	NOT_WT_LOST
SIM-05700	Benign	DDR_SIGNALING	ATM	-2.415399	NOT_WT_LOST
SIM-05701	Benign	DDR_SIGNALING	ATR	0.263877	WT_LOST
SIM-05702	Benign	DDR_SIGNALING	MRE11	0.718287	NOT_WT_LOST
SIM-05703	Benign	DDR_SIGNALING	MRE11	-0.065991	NOT_WT_LOST
SIM-05704	Benign	DDR_SIGNALING	RAD50	-1.268489	NOT_WT_LOST
SIM-05705	Benign	DDR_SIGNALING	RAD50	-2.208136	NOT_WT_LOST
SIM-05706	Benign	DDR_SIGNALING	RAD50	-1.603386	NOT_WT_LOST
SIM-05707	Benign	DDR_SIGNALING	FANCM	-1.674636	NOT_WT_LOST
SIM-05708	Benign	DDR_SIGNALING	RAD50	-0.715604	NOT_WT_LOST
SIM-05709	Benign	DDR_SIGNALING	ATR	-1.769726	NOT_WT_LOST
SIM-05710	Benign	DDR_SIGNALING	CHEK2	-0.65205	NOT_WT_LOST
SIM-05711	Benign	DDR_SIGNALING	NBN	0.605905	WT_LOST
SIM-05712	Benign	DDR_SIGNALING	MRE11	-0.583511	NOT_WT_LOST
SIM-05713	Benign	DDR_SIGNALING	RAD50	-3.169281	NOT_WT_LOST
SIM-05714	Benign	DDR_SIGNALING	RAD50	-0.117286	NOT_WT_LOST
SIM-05715	Benign	DDR_SIGNALING	RAD50	-1.888156	NOT_WT_LOST
SIM-05716	Benign	DDR_SIGNALING	NBN	-2.336808	NOT_WT_LOST
SIM-05717	Benign	DDR_SIGNALING	RAD50	0.715421	NOT_WT_LOST
SIM-05718	Benign	DDR_SIGNALING	CHEK1	0.03188	WT_LOST
SIM-05719	Benign	DDR_SIGNALING	ATM	0.080387	NOT_WT_LOST
SIM-05720	Benign	DDR_SIGNALING	RAD50	-0.893048	NOT_WT_LOST
SIM-05721	Benign	DDR_SIGNALING	CHEK1	1.032883	NOT_WT_LOST
SIM-05722	Benign	DDR_SIGNALING	RAD50	-1.04555	NOT_WT_LOST
SIM-05723	Benign	DDR_SIGNALING	MRE11	-0.12262	NOT_WT_LOST
SIM-05724	Benign	DDR_SIGNALING	CHEK2	1.175301	WT_LOST
SIM-05725	Benign	DDR_SIGNALING	CHEK1	-1.52667	NOT_WT_LOST
SIM-05726	Benign	DDR_SIGNALING	CHEK1	-1.662733	NOT_WT_LOST
SIM-05727	Benign	DDR_SIGNALING	NBN	0.066385	WT_LOST
SIM-05728	Benign	DDR_SIGNALING	CHEK2	-1.595636	NOT_WT_LOST
SIM-05729	Benign	DDR_SIGNALING	CHEK1	-0.144146	WT_LOST
SIM-05730	Benign	DDR_SIGNALING	CHEK1	0.281601	WT_LOST
SIM-05731	Benign	DDR_SIGNALING	ATM	-0.071054	WT_LOST
SIM-05732	Benign	DDR_SIGNALING	CHEK2	-2.212314	NOT_WT_LOST
SIM-05733	Benign	DDR_SIGNALING	ATM	-1.377933	NOT_WT_LOST
SIM-05734	Benign	DDR_SIGNALING	CHEK1	-0.560563	NOT_WT_LOST
SIM-05735	Benign	DDR_SIGNALING	CHEK2	0.519105	NOT_WT_LOST
SIM-05736	Benign	DDR_SIGNALING	FANCM	0.241442	NOT_WT_LOST
SIM-05737	Benign	DDR_SIGNALING	CHEK2	-0.756681	NOT_WT_LOST
SIM-05738	Benign	DDR_SIGNALING	FANCM	-1.3379	WT_LOST
SIM-05739	Benign	DDR_SIGNALING	CHEK1	-0.560318	NOT_WT_LOST
SIM-05740	Benign	DDR_SIGNALING	CHEK2	0.202578	NOT_WT_LOST
SIM-05741	Benign	DDR_SIGNALING	MRE11	0.650412	WT_LOST
SIM-05742	Benign	DDR_SIGNALING	NBN	-2.239151	NOT_WT_LOST
SIM-05743	Benign	DDR_SIGNALING	CHEK1	-0.141968	NOT_WT_LOST
SIM-05744	Benign	DDR_SIGNALING	NBN	-0.814991	WT_LOST
SIM-05745	Benign	DDR_SIGNALING	CHEK2	0.325083	NOT_WT_LOST
SIM-05746	Benign	DDR_SIGNALING	ATR	-2.148973	NOT_WT_LOST
SIM-05747	Benign	DDR_SIGNALING	ATM	1.284837	WT_LOST
SIM-05748	Benign	DDR_SIGNALING	FANCM	-0.278454	NOT_WT_LOST
SIM-05749	Benign	DDR_SIGNALING	CHEK1	0.401943	NOT_WT_LOST
SIM-05750	Benign	DDR_SIGNALING	CHEK2	-0.919349	NOT_WT_LOST
SIM-05751	Benign	DDR_SIGNALING	RAD50	-0.599949	WT_LOST
SIM-05752	Benign	DDR_SIGNALING	MRE11	1.709716	NOT_WT_LOST
SIM-05753	Benign	DDR_SIGNALING	NBN	-0.485578	NOT_WT_LOST
SIM-05754	Benign	DDR_SIGNALING	CHEK1	-1.243358	NOT_WT_LOST
SIM-05755	Benign	DDR_SIGNALING	CHEK2	0.68974	WT_LOST
SIM-05756	Benign	DDR_SIGNALING	NBN	0.667387	NOT_WT_LOST
SIM-05757	Benign	DDR_SIGNALING	NBN	-0.995798	NOT_WT_LOST
SIM-05758	Benign	DDR_SIGNALING	MRE11	0.227374	WT_LOST
SIM-05759	Benign	DDR_SIGNALING	RAD50	-1.076612	NOT_WT_LOST
SIM-05760	Benign	DDR_SIGNALING	CHEK1	-0.724357	NOT_WT_LOST
SIM-05761	Benign	DDR_SIGNALING	CHEK2	-0.367566	NOT_WT_LOST
SIM-05762	Benign	DDR_SIGNALING	ATR	-1.359213	WT_LOST
SIM-05763	Benign	DDR_SIGNALING	RAD50	-2.034372	NOT_WT_LOST
SIM-05764	Benign	DDR_SIGNALING	FANCM	-2.27607	NOT_WT_LOST
SIM-05765	Benign	DDR_SIGNALING	ATR	-0.832167	NOT_WT_LOST
SIM-05766	Benign	DDR_SIGNALING	FANCM	-0.229685	WT_LOST
SIM-05767	Benign	DDR_SIGNALING	FANCM	-1.027643	NOT_WT_LOST
SIM-05768	Benign	DDR_SIGNALING	CHEK1	0.519461	NOT_WT_LOST
SIM-05769	Benign	DDR_SIGNALING	CHEK2	0.436697	WT_LOST
SIM-05770	Benign	DDR_SIGNALING	FANCM	-1.8258	NOT_WT_LOST
SIM-05771	Benign	DDR_SIGNALING	ATR	-0.403605	NOT_WT_LOST
SIM-05772	Benign	DDR_SIGNALING	RAD50	0.024989	NOT_WT_LOST
SIM-05773	Benign	DDR_SIGNALING	CHEK2	-0.924954	NOT_WT_LOST
SIM-05774	Benign	DDR_SIGNALING	FANCM	1.381489	WT_LOST
SIM-05775	Benign	DDR_SIGNALING	ATR	-0.349364	NOT_WT_LOST
SIM-05776	Benign	DDR_SIGNALING	RAD50	-1.698055	NOT_WT_LOST
SIM-05777	Benign	DDR_SIGNALING	CHEK2	0.806391	NOT_WT_LOST
SIM-05778	Benign	DDR_SIGNALING	CHEK1	0.285821	NOT_WT_LOST
SIM-05779	Benign	DDR_SIGNALING	CHEK2	-1.159906	NOT_WT_LOST
SIM-05780	Benign	DDR_SIGNALING	ATM	0.157323	WT_LOST
SIM-05781	Benign	DDR_SIGNALING	CHEK1	-0.501277	NOT_WT_LOST
SIM-05782	Benign	DDR_SIGNALING	FANCM	0.553202	WT_LOST
SIM-05783	Benign	DDR_SIGNALING	ATM	1.052441	NOT_WT_LOST
SIM-05784	Benign	DDR_SIGNALING	CHEK2	-2.12997	NOT_WT_LOST
SIM-05785	Benign	DDR_SIGNALING	ATR	-1.296363	NOT_WT_LOST
SIM-05786	Benign	DDR_SIGNALING	ATM	0.99975	NOT_WT_LOST
SIM-05787	Benign	DDR_SIGNALING	MRE11	-0.384441	NOT_WT_LOST
SIM-05788	Benign	DDR_SIGNALING	CHEK2	-0.874124	NOT_WT_LOST
SIM-05789	Benign	DDR_SIGNALING	RAD50	-0.119768	NOT_WT_LOST
SIM-05790	Benign	DDR_SIGNALING	MRE11	-1.067479	NOT_WT_LOST
SIM-05791	Benign	DDR_SIGNALING	ATM	0.553829	NOT_WT_LOST
SIM-05792	Benign	DDR_SIGNALING	RAD50	-0.800571	NOT_WT_LOST
SIM-05793	Benign	DDR_SIGNALING	ATR	-0.673812	NOT_WT_LOST
SIM-05794	Benign	DDR_SIGNALING	FANCM	0.215577	WT_LOST
SIM-05795	Benign	DDR_SIGNALING	NBN	-1.058313	NOT_WT_LOST
SIM-05796	Benign	DDR_SIGNALING	ATR	-1.701659	NOT_WT_LOST
SIM-05797	Benign	DDR_SIGNALING	NBN	-1.976153	NOT_WT_LOST
SIM-05798	Benign	DDR_SIGNALING	FANCM	-1.195532	NOT_WT_LOST
SIM-05799	Benign	DDR_SIGNALING	ATR	0.551814	NOT_WT_LOST
SIM-05800	Benign	DDR_SIGNALING	CHEK1	0.032347	WT_LOST
SIM-05801	Benign	DDR_SIGNALING	RAD50	-0.963212	NOT_WT_LOST
SIM-05802	Benign	DDR_SIGNALING	ATR	-0.327201	NOT_WT_LOST
SIM-05803	Benign	DDR_SIGNALING	RAD50	-0.615022	NOT_WT_LOST
SIM-05804	Benign	DDR_SIGNALING	CHEK1	-0.604959	WT_LOST
SIM-05805	Benign	DDR_SIGNALING	FANCM	-2.48417	NOT_WT_LOST
SIM-05806	Benign	DDR_SIGNALING	FANCM	1.02319	WT_LOST
SIM-05807	Benign	DDR_SIGNALING	NBN	-0.45768	NOT_WT_LOST
SIM-05808	Benign	DDR_SIGNALING	ATR	-1.354865	NOT_WT_LOST
SIM-05809	Benign	DDR_SIGNALING	RAD50	1.360073	WT_LOST
SIM-05810	Benign	DDR_SIGNALING	CHEK1	0.057244	WT_LOST
SIM-05811	Benign	DDR_SIGNALING	FANCM	-1.420155	NOT_WT_LOST
SIM-05812	Benign	DDR_SIGNALING	FANCM	-1.456408	NOT_WT_LOST
SIM-05813	Benign	DDR_SIGNALING	FANCM	-0.817017	NOT_WT_LOST
SIM-05814	Benign	DDR_SIGNALING	NBN	-2.303882	NOT_WT_LOST
SIM-05815	Benign	DDR_SIGNALING	MRE11	-1.484529	NOT_WT_LOST
SIM-05816	Benign	DDR_SIGNALING	ATR	-1.896543	NOT_WT_LOST
SIM-05817	Benign	DDR_SIGNALING	FANCM	-0.007441	WT_LOST
SIM-05818	Benign	DDR_SIGNALING	CHEK1	-0.006007	NOT_WT_LOST
SIM-05819	Benign	DDR_SIGNALING	MRE11	-1.234715	NOT_WT_LOST
SIM-05820	Benign	DDR_SIGNALING	ATM	-0.355005	WT_LOST
SIM-05821	Benign	DDR_SIGNALING	ATR	-0.923311	NOT_WT_LOST
SIM-05822	Benign	DDR_SIGNALING	MRE11	-0.396373	NOT_WT_LOST
SIM-05823	Benign	DDR_SIGNALING	CHEK2	1.221936	WT_LOST
SIM-05824	Benign	DDR_SIGNALING	ATR	-0.618248	NOT_WT_LOST
SIM-05825	Benign	DDR_SIGNALING	MRE11	-0.729363	NOT_WT_LOST
SIM-05826	Benign	DDR_SIGNALING	CHEK2	-0.456714	NOT_WT_LOST
SIM-05827	Benign	DDR_SIGNALING	RAD50	-1.770009	NOT_WT_LOST
SIM-05828	Benign	DDR_SIGNALING	NBN	-1.92429	NOT_WT_LOST
SIM-05829	Benign	DDR_SIGNALING	FANCM	-1.954775	NOT_WT_LOST
SIM-05830	Benign	DDR_SIGNALING	ATR	-1.00839	NOT_WT_LOST
SIM-05831	Benign	DDR_SIGNALING	FANCM	-2.766317	NOT_WT_LOST
SIM-05832	Benign	DDR_SIGNALING	CHEK1	0.750169	WT_LOST
SIM-05833	Benign	DDR_SIGNALING	CHEK1	-0.048821	WT_LOST
SIM-05834	Benign	DDR_SIGNALING	ATM	0.294904	WT_LOST
SIM-05835	Benign	DDR_SIGNALING	ATM	-1.65713	NOT_WT_LOST
SIM-05836	Benign	DDR_SIGNALING	CHEK2	-0.757139	WT_LOST
SIM-05837	Benign	DDR_SIGNALING	ATR	1.425776	NOT_WT_LOST
SIM-05838	Benign	DDR_SIGNALING	CHEK1	0.243767	NOT_WT_LOST
SIM-05839	Benign	DDR_SIGNALING	CHEK1	-1.999152	NOT_WT_LOST
SIM-05840	Benign	DDR_SIGNALING	CHEK2	0.421581	NOT_WT_LOST
SIM-05841	Benign	DDR_SIGNALING	CHEK1	1.067446	NOT_WT_LOST
SIM-05842	Benign	DDR_SIGNALING	MRE11	0.058235	NOT_WT_LOST
SIM-05843	Benign	DDR_SIGNALING	ATM	-1.037032	NOT_WT_LOST
SIM-05844	Benign	DDR_SIGNALING	NBN	-1.037863	NOT_WT_LOST
SIM-05845	Benign	DDR_SIGNALING	ATM	-1.163411	NOT_WT_LOST
SIM-05846	Benign	DDR_SIGNALING	RAD50	1.138818	NOT_WT_LOST
SIM-05847	Benign	DDR_SIGNALING	MRE11	-1.808567	NOT_WT_LOST
SIM-05848	Benign	DDR_SIGNALING	CHEK2	0.132897	WT_LOST
SIM-05849	Benign	DDR_SIGNALING	MRE11	-0.854467	NOT_WT_LOST
SIM-05850	Benign	DDR_SIGNALING	CHEK2	-0.12301	NOT_WT_LOST
SIM-05851	Benign	DDR_SIGNALING	FANCM	-1.280363	NOT_WT_LOST
SIM-05852	Benign	DDR_SIGNALING	MRE11	0.355756	WT_LOST
SIM-05853	Benign	DDR_SIGNALING	ATR	-0.650218	WT_LOST
SIM-05854	Benign	DDR_SIGNALING	ATR	-0.300657	NOT_WT_LOST
SIM-05855	Benign	DDR_SIGNALING	FANCM	-0.638761	NOT_WT_LOST
SIM-05856	Benign	DDR_SIGNALING	NBN	0.163622	NOT_WT_LOST
SIM-05857	Benign	DDR_SIGNALING	FANCM	-1.568417	NOT_WT_LOST
SIM-05858	Benign	DDR_SIGNALING	FANCM	-1.189513	NOT_WT_LOST
SIM-05859	Benign	DDR_SIGNALING	CHEK1	0.194252	WT_LOST
SIM-05860	Benign	DDR_SIGNALING	CHEK1	-0.101771	NOT_WT_LOST
SIM-05861	Benign	DDR_SIGNALING	ATR	-1.967263	NOT_WT_LOST
SIM-05862	Benign	DDR_SIGNALING	ATM	-1.762752	NOT_WT_LOST
SIM-05863	Benign	DDR_SIGNALING	FANCM	0.093802	NOT_WT_LOST
SIM-05864	Benign	DDR_SIGNALING	NBN	-1.85648	NOT_WT_LOST
SIM-05865	Benign	DDR_SIGNALING	CHEK2	0.945212	WT_LOST
SIM-05866	Benign	DDR_SIGNALING	CHEK2	-0.048213	WT_LOST
SIM-05867	Benign	DDR_SIGNALING	ATR	0.183298	NOT_WT_LOST
SIM-05868	Benign	DDR_SIGNALING	NBN	0.133959	WT_LOST
SIM-05869	Benign	DDR_SIGNALING	CHEK1	0.044147	NOT_WT_LOST
SIM-05870	Benign	DDR_SIGNALING	FANCM	0.296831	NOT_WT_LOST
SIM-05871	Benign	DDR_SIGNALING	NBN	-2.215919	NOT_WT_LOST
SIM-05872	Benign	DDR_SIGNALING	CHEK2	-0.472117	NOT_WT_LOST
SIM-05873	Benign	DDR_SIGNALING	ATM	-2.270105	NOT_WT_LOST
SIM-05874	Benign	DDR_SIGNALING	MRE11	-0.261134	WT_LOST
SIM-05875	Benign	DDR_SIGNALING	NBN	-0.924619	NOT_WT_LOST
SIM-05876	Benign	DDR_SIGNALING	ATR	-0.757624	WT_LOST
SIM-05877	Benign	DDR_SIGNALING	NBN	-0.180359	WT_LOST
SIM-05878	Benign	DDR_SIGNALING	FANCM	0.475515	WT_LOST
SIM-05879	Benign	DDR_SIGNALING	FANCM	1.372378	WT_LOST
SIM-05880	Benign	DDR_SIGNALING	CHEK1	-1.315077	NOT_WT_LOST
SIM-05881	Benign	DDR_SIGNALING	ATM	-3.025212	NOT_WT_LOST
SIM-05882	Benign	DDR_SIGNALING	FANCM	-2.454239	NOT_WT_LOST
SIM-05883	Benign	DDR_SIGNALING	RAD50	0.102603	NOT_WT_LOST
SIM-05884	Benign	DDR_SIGNALING	ATR	0.443406	NOT_WT_LOST
SIM-05885	Benign	DDR_SIGNALING	FANCM	-0.98819	NOT_WT_LOST
SIM-05886	Benign	DDR_SIGNALING	RAD50	-0.252594	NOT_WT_LOST
SIM-05887	Benign	DDR_SIGNALING	CHEK1	-0.808465	WT_LOST
SIM-05888	Benign	DDR_SIGNALING	NBN	-0.265874	NOT_WT_LOST
SIM-05889	Benign	DDR_SIGNALING	ATR	-0.376045	WT_LOST
SIM-05890	Benign	DDR_SIGNALING	MRE11	-0.802791	NOT_WT_LOST
SIM-05891	Benign	DDR_SIGNALING	ATR	-0.047516	NOT_WT_LOST
SIM-05892	Benign	DDR_SIGNALING	ATM	0.175298	NOT_WT_LOST
SIM-05893	Benign	DDR_SIGNALING	NBN	-1.372901	NOT_WT_LOST
SIM-05894	Benign	DDR_SIGNALING	CHEK1	-1.461696	NOT_WT_LOST
SIM-05895	Benign	DDR_SIGNALING	CHEK2	-0.219755	NOT_WT_LOST
SIM-05896	Benign	DDR_SIGNALING	CHEK1	-1.731663	NOT_WT_LOST
SIM-05897	Benign	DDR_SIGNALING	NBN	0.235142	NOT_WT_LOST
SIM-05898	Benign	DDR_SIGNALING	RAD50	0.518873	WT_LOST
SIM-05899	Benign	DDR_SIGNALING	CHEK2	-4.427754	NOT_WT_LOST
SIM-05900	Benign	DDR_SIGNALING	CHEK1	-1.052687	NOT_WT_LOST
SIM-05901	Benign	DDR_SIGNALING	ATR	-1.562733	WT_LOST
SIM-05902	Benign	DDR_SIGNALING	ATM	0.941941	WT_LOST
SIM-05903	Benign	DDR_SIGNALING	ATM	-0.28908	NOT_WT_LOST
SIM-05904	Benign	DDR_SIGNALING	MRE11	0.216185	WT_LOST
SIM-05905	Benign	DDR_SIGNALING	ATR	-1.202657	NOT_WT_LOST
SIM-05906	Benign	DDR_SIGNALING	ATM	0.914966	NOT_WT_LOST
SIM-05907	Benign	DDR_SIGNALING	FANCM	-1.010317	WT_LOST
SIM-05908	Benign	DDR_SIGNALING	NBN	-0.541216	NOT_WT_LOST
SIM-05909	Benign	DDR_SIGNALING	ATR	0.489957	NOT_WT_LOST
SIM-05910	Benign	DDR_SIGNALING	NBN	-0.826187	NOT_WT_LOST
SIM-05911	Benign	DDR_SIGNALING	FANCM	-0.937661	NOT_WT_LOST
SIM-05912	Benign	DDR_SIGNALING	CHEK2	-1.082693	NOT_WT_LOST
SIM-05913	Benign	DDR_SIGNALING	MRE11	0.153845	NOT_WT_LOST
SIM-05914	Benign	DDR_SIGNALING	MRE11	0.501503	NOT_WT_LOST
SIM-05915	Benign	DDR_SIGNALING	CHEK2	-0.991992	NOT_WT_LOST
SIM-05916	Benign	DDR_SIGNALING	ATR	-2.669854	NOT_WT_LOST
SIM-05917	Benign	DDR_SIGNALING	NBN	0.61029	NOT_WT_LOST
SIM-05918	Benign	DDR_SIGNALING	RAD50	-0.826007	NOT_WT_LOST
SIM-05919	Benign	DDR_SIGNALING	MRE11	0.870495	WT_LOST
SIM-05920	Benign	DDR_SIGNALING	NBN	-2.610628	NOT_WT_LOST
SIM-05921	Benign	DDR_SIGNALING	ATR	0.184652	NOT_WT_LOST
SIM-05922	Benign	DDR_SIGNALING	NBN	-0.590307	NOT_WT_LOST
SIM-05923	Benign	DDR_SIGNALING	CHEK2	-0.42438	NOT_WT_LOST
SIM-05924	Benign	DDR_SIGNALING	MRE11	-1.445895	NOT_WT_LOST
SIM-05925	Benign	DDR_SIGNALING	RAD50	-0.312586	NOT_WT_LOST
SIM-05926	Benign	DDR_SIGNALING	ATM	-0.164708	NOT_WT_LOST
SIM-05927	Benign	DDR_SIGNALING	MRE11	-0.66398	NOT_WT_LOST
SIM-05928	Benign	DDR_SIGNALING	ATM	-0.191475	WT_LOST
SIM-05929	Benign	DDR_SIGNALING	ATR	-0.249844	NOT_WT_LOST
SIM-05930	Benign	DDR_SIGNALING	CHEK1	1.141802	NOT_WT_LOST
SIM-05931	Benign	DDR_SIGNALING	MRE11	-0.056069	WT_LOST
SIM-05932	Benign	DDR_SIGNALING	RAD50	-0.742409	NOT_WT_LOST
SIM-05933	Benign	DDR_SIGNALING	NBN	-0.690566	NOT_WT_LOST
SIM-05934	Benign	DDR_SIGNALING	ATR	0.589364	WT_LOST
SIM-05935	Benign	DDR_SIGNALING	MRE11	-1.370536	NOT_WT_LOST
SIM-05936	Benign	DDR_SIGNALING	MRE11	-2.100452	NOT_WT_LOST
SIM-05937	Benign	DDR_SIGNALING	NBN	0.641111	WT_LOST
SIM-05938	Benign	DDR_SIGNALING	MRE11	-1.152327	NOT_WT_LOST
SIM-05939	Benign	DDR_SIGNALING	RAD50	-0.588706	NOT_WT_LOST
SIM-05940	Benign	DDR_SIGNALING	NBN	-1.876818	NOT_WT_LOST
SIM-05941	Benign	DDR_SIGNALING	NBN	-0.268231	WT_LOST
SIM-05942	Benign	DDR_SIGNALING	CHEK2	-0.971143	NOT_WT_LOST
SIM-05943	Benign	DDR_SIGNALING	CHEK2	0.123166	NOT_WT_LOST
SIM-05944	Benign	DDR_SIGNALING	ATR	0.013412	NOT_WT_LOST
SIM-05945	Benign	DDR_SIGNALING	ATR	-0.504383	NOT_WT_LOST
SIM-05946	Benign	DDR_SIGNALING	FANCM	-0.001454	NOT_WT_LOST
SIM-05947	Benign	DDR_SIGNALING	ATR	-0.883599	NOT_WT_LOST
SIM-05948	Benign	DDR_SIGNALING	MRE11	1.331861	NOT_WT_LOST
SIM-05949	Benign	DDR_SIGNALING	CHEK2	-1.900749	NOT_WT_LOST
SIM-05950	Benign	DDR_SIGNALING	NBN	0.298201	NOT_WT_LOST
SIM-05951	Benign	DDR_SIGNALING	NBN	0.724707	NOT_WT_LOST
SIM-05952	Benign	DDR_SIGNALING	RAD50	-1.178993	NOT_WT_LOST
SIM-05953	Benign	DDR_SIGNALING	MRE11	-0.11324	NOT_WT_LOST
SIM-05954	Benign	DDR_SIGNALING	ATM	0.707841	NOT_WT_LOST
SIM-05955	Benign	DDR_SIGNALING	ATR	-1.739093	NOT_WT_LOST
SIM-05956	Benign	DDR_SIGNALING	NBN	0.593425	NOT_WT_LOST
SIM-05957	Benign	DDR_SIGNALING	MRE11	0.017414	NOT_WT_LOST
SIM-05958	Benign	DDR_SIGNALING	CHEK1	0.731753	NOT_WT_LOST
SIM-05959	Benign	DDR_SIGNALING	CHEK1	-0.981597	WT_LOST
SIM-05960	Benign	DDR_SIGNALING	RAD50	0.748691	WT_LOST
SIM-05961	Benign	DDR_SIGNALING	ATR	-1.677269	NOT_WT_LOST
SIM-05962	Benign	DDR_SIGNALING	CHEK2	-0.153943	NOT_WT_LOST
SIM-05963	Benign	DDR_SIGNALING	ATM	1.17968	NOT_WT_LOST
SIM-05964	Benign	DDR_SIGNALING	CHEK1	-1.87833	NOT_WT_LOST
SIM-05965	Benign	DDR_SIGNALING	ATR	0.464127	NOT_WT_LOST
SIM-05966	Benign	DDR_SIGNALING	ATM	1.462976	NOT_WT_LOST
SIM-05967	Benign	DDR_SIGNALING	NBN	-0.345645	NOT_WT_LOST
SIM-05968	Benign	DDR_SIGNALING	CHEK1	-1.037741	NOT_WT_LOST
SIM-05969	Benign	DDR_SIGNALING	CHEK2	-0.555024	NOT_WT_LOST
SIM-05970	Benign	DDR_SIGNALING	MRE11	-0.104981	NOT_WT_LOST
SIM-05971	Benign	DDR_SIGNALING	ATR	0.476876	WT_LOST
SIM-05972	Benign	DDR_SIGNALING	NBN	-1.254104	NOT_WT_LOST
SIM-05973	Benign	DDR_SIGNALING	ATM	0.816674	WT_LOST
SIM-05974	Benign	DDR_SIGNALING	RAD50	0.383946	WT_LOST
SIM-05975	Benign	DDR_SIGNALING	NBN	1.059991	NOT_WT_LOST
SIM-05976	Benign	DDR_SIGNALING	MRE11	-0.190155	NOT_WT_LOST
SIM-05977	Benign	DDR_SIGNALING	CHEK2	-2.42367	NOT_WT_LOST
SIM-05978	Benign	DDR_SIGNALING	CHEK2	-0.060623	NOT_WT_LOST
SIM-05979	Benign	DDR_SIGNALING	CHEK1	-0.43952	NOT_WT_LOST
SIM-05980	Benign	DDR_SIGNALING	ATM	-1.170077	NOT_WT_LOST
SIM-05981	Benign	DDR_SIGNALING	FANCM	-1.621493	NOT_WT_LOST
SIM-05982	Benign	DDR_SIGNALING	ATR	-3.297815	NOT_WT_LOST
SIM-05983	Benign	DDR_SIGNALING	FANCM	0.133092	NOT_WT_LOST
SIM-05984	Benign	DDR_SIGNALING	FANCM	-0.072187	NOT_WT_LOST
SIM-05985	Benign	DDR_SIGNALING	ATR	-0.799489	NOT_WT_LOST
SIM-05986	Benign	DDR_SIGNALING	ATR	0.251262	NOT_WT_LOST
SIM-05987	Benign	DDR_SIGNALING	MRE11	-1.387599	NOT_WT_LOST
SIM-05988	Benign	DDR_SIGNALING	ATM	0.763937	WT_LOST
SIM-05989	Benign	DDR_SIGNALING	NBN	0.41755	WT_LOST
SIM-05990	Benign	DDR_SIGNALING	ATR	-0.614316	NOT_WT_LOST
SIM-05991	Benign	DDR_SIGNALING	ATM	-1.083815	NOT_WT_LOST
SIM-05992	Benign	DDR_SIGNALING	ATM	1.56768	WT_LOST
SIM-05993	Benign	DDR_SIGNALING	FANCM	-1.43644	NOT_WT_LOST
SIM-05994	Benign	DDR_SIGNALING	MRE11	-1.460212	NOT_WT_LOST
SIM-05995	Benign	DDR_SIGNALING	NBN	0.060822	NOT_WT_LOST
SIM-05996	Benign	DDR_SIGNALING	FANCM	-0.541821	NOT_WT_LOST
SIM-05997	Benign	DDR_SIGNALING	NBN	0.590173	NOT_WT_LOST
SIM-05998	Benign	DDR_SIGNALING	CHEK2	-1.426366	NOT_WT_LOST
SIM-05999	Benign	DDR_SIGNALING	FANCM	-0.78788	NOT_WT_LOST
SIM-06000	Benign	DDR_SIGNALING	CHEK1	0.311792	WT_LOST
SIM-06001	Benign	DDR_SIGNALING	RAD50	-0.408558	NOT_WT_LOST
SIM-06002	Benign	DDR_SIGNALING	NBN	-0.560805	NOT_WT_LOST
SIM-06003	Benign	DDR_SIGNALING	FANCM	-2.579146	NOT_WT_LOST
SIM-06004	Benign	DDR_SIGNALING	FANCM	0.406731	WT_LOST
SIM-06005	Benign	DDR_SIGNALING	ATM	0.057225	NOT_WT_LOST
SIM-06006	Benign	DDR_SIGNALING	ATR	-0.157967	NOT_WT_LOST
SIM-06007	Benign	DDR_SIGNALING	NBN	-0.124843	NOT_WT_LOST
SIM-06008	Benign	DDR_SIGNALING	RAD50	0.585038	WT_LOST
SIM-06009	Benign	DDR_SIGNALING	ATM	-0.514097	WT_LOST
SIM-06010	Benign	DDR_SIGNALING	MRE11	-0.932149	NOT_WT_LOST
SIM-06011	Benign	DDR_SIGNALING	FANCM	0.20759	NOT_WT_LOST
SIM-06012	Benign	DDR_SIGNALING	NBN	0.378168	WT_LOST
SIM-06013	Benign	DDR_SIGNALING	ATR	0.016663	NOT_WT_LOST
SIM-06014	Benign	DDR_SIGNALING	FANCM	-0.142626	WT_LOST
SIM-06015	Benign	DDR_SIGNALING	FANCM	0.244337	NOT_WT_LOST
SIM-06016	Benign	DDR_SIGNALING	CHEK2	-0.453545	NOT_WT_LOST
SIM-06017	Benign	DDR_SIGNALING	RAD50	-1.596731	NOT_WT_LOST
SIM-06018	Benign	DDR_SIGNALING	MRE11	-0.493104	NOT_WT_LOST
SIM-06019	Benign	DDR_SIGNALING	NBN	-1.343379	NOT_WT_LOST
SIM-06020	Benign	DDR_SIGNALING	ATM	0.411451	NOT_WT_LOST
SIM-06021	Benign	DDR_SIGNALING	RAD50	0.563826	WT_LOST
SIM-06022	Benign	DDR_SIGNALING	CHEK2	-1.109871	NOT_WT_LOST
SIM-06023	Benign	DDR_SIGNALING	ATM	-0.083284	NOT_WT_LOST
SIM-06024	Benign	DDR_SIGNALING	CHEK2	-1.566794	NOT_WT_LOST
SIM-06025	Benign	DDR_SIGNALING	NBN	-0.894916	NOT_WT_LOST
SIM-06026	Benign	DDR_SIGNALING	ATR	-0.434769	WT_LOST
SIM-06027	Benign	DDR_SIGNALING	CHEK2	-3.032097	NOT_WT_LOST
SIM-06028	Benign	DDR_SIGNALING	NBN	-0.485769	NOT_WT_LOST
SIM-06029	Benign	DDR_SIGNALING	ATM	-2.759082	NOT_WT_LOST
SIM-06030	Benign	DDR_SIGNALING	CHEK1	-0.635561	NOT_WT_LOST
SIM-06031	Benign	DDR_SIGNALING	MRE11	0.090708	WT_LOST
SIM-06032	Benign	DDR_SIGNALING	CHEK1	-2.950887	NOT_WT_LOST
SIM-06033	Benign	DDR_SIGNALING	CHEK1	1.192269	WT_LOST
SIM-06034	Benign	DDR_SIGNALING	FANCM	-0.523258	NOT_WT_LOST
SIM-06035	Benign	DDR_SIGNALING	FANCM	-1.296009	NOT_WT_LOST
SIM-06036	Benign	DDR_SIGNALING	CHEK2	-0.682981	WT_LOST
SIM-06037	Benign	DDR_SIGNALING	ATR	-0.491836	NOT_WT_LOST
SIM-06038	Benign	DDR_SIGNALING	MRE11	-0.788923	NOT_WT_LOST
SIM-06039	Benign	DDR_SIGNALING	ATM	-0.575017	NOT_WT_LOST
SIM-06040	Benign	DDR_SIGNALING	MRE11	-1.163907	NOT_WT_LOST
SIM-06041	Benign	DDR_SIGNALING	ATM	-0.940899	NOT_WT_LOST
SIM-06042	Benign	DDR_SIGNALING	ATM	-0.104736	NOT_WT_LOST
SIM-06043	Benign	DDR_SIGNALING	ATR	-0.828528	NOT_WT_LOST
SIM-06044	Benign	DDR_SIGNALING	FANCM	-1.054022	NOT_WT_LOST
SIM-06045	Benign	DDR_SIGNALING	CHEK1	0.194932	WT_LOST
SIM-06046	Benign	DDR_SIGNALING	FANCM	-0.832429	NOT_WT_LOST
SIM-06047	Benign	DDR_SIGNALING	RAD50	-0.351566	NOT_WT_LOST
SIM-06048	Benign	DDR_SIGNALING	ATM	-0.618656	WT_LOST
SIM-06049	Benign	DDR_SIGNALING	RAD50	0.417098	WT_LOST
SIM-06050	Benign	DDR_SIGNALING	ATM	1.400177	NOT_WT_LOST
SIM-06051	Benign	DDR_SIGNALING	FANCM	-0.120193	WT_LOST
SIM-06052	Benign	DDR_SIGNALING	MRE11	-0.713199	NOT_WT_LOST
SIM-06053	Benign	DDR_SIGNALING	MRE11	-0.665023	NOT_WT_LOST
SIM-06054	Benign	DDR_SIGNALING	CHEK2	0.15169	NOT_WT_LOST
SIM-06055	Benign	DDR_SIGNALING	MRE11	-0.139005	WT_LOST
SIM-06056	Benign	DDR_SIGNALING	ATR	-0.208582	NOT_WT_LOST
SIM-06057	Benign	DDR_SIGNALING	FANCM	-0.267101	WT_LOST
SIM-06058	Benign	DDR_SIGNALING	MRE11	-0.656592	NOT_WT_LOST
SIM-06059	Benign	DDR_SIGNALING	MRE11	-2.613825	NOT_WT_LOST
SIM-06060	Benign	DDR_SIGNALING	FANCM	-3.062212	NOT_WT_LOST
SIM-06061	Benign	DDR_SIGNALING	ATM	0.964097	NOT_WT_LOST
SIM-06062	Benign	DDR_SIGNALING	CHEK1	-0.004606	WT_LOST
SIM-06063	Benign	DDR_SIGNALING	CHEK1	-0.057018	WT_LOST
SIM-06064	Benign	DDR_SIGNALING	NBN	0.435294	WT_LOST
SIM-06065	Benign	DDR_SIGNALING	ATR	-0.511221	NOT_WT_LOST
SIM-06066	Benign	DDR_SIGNALING	ATR	-1.225827	NOT_WT_LOST
SIM-06067	Benign	DDR_SIGNALING	CHEK1	-0.205532	WT_LOST
SIM-06068	Benign	DDR_SIGNALING	CHEK1	1.386161	WT_LOST
SIM-06069	Benign	DDR_SIGNALING	RAD50	-0.091331	NOT_WT_LOST
SIM-06070	Benign	DDR_SIGNALING	ATR	-0.700348	NOT_WT_LOST
SIM-06071	Benign	DDR_SIGNALING	FANCM	1.000376	NOT_WT_LOST
SIM-06072	Benign	DDR_SIGNALING	FANCM	1.224692	NOT_WT_LOST
SIM-06073	Benign	DDR_SIGNALING	CHEK2	0.254776	WT_LOST
SIM-06074	Benign	DDR_SIGNALING	MRE11	-1.171311	NOT_WT_LOST
SIM-06075	Benign	DDR_SIGNALING	FANCM	-0.000149	NOT_WT_LOST
SIM-06076	Benign	DDR_SIGNALING	CHEK2	-3.404203	NOT_WT_LOST
SIM-06077	Benign	DDR_SIGNALING	MRE11	-0.046588	NOT_WT_LOST
SIM-06078	Benign	DDR_SIGNALING	RAD50	0.488824	NOT_WT_LOST
SIM-06079	Benign	DDR_SIGNALING	ATR	-2.327175	NOT_WT_LOST
SIM-06080	Benign	DDR_SIGNALING	ATM	1.058559	WT_LOST
SIM-06081	Benign	DDR_SIGNALING	CHEK2	-0.659756	WT_LOST
SIM-06082	Benign	DDR_SIGNALING	CHEK1	-1.328728	NOT_WT_LOST
SIM-06083	Benign	DDR_SIGNALING	CHEK1	-0.115783	NOT_WT_LOST
SIM-06084	Benign	DDR_SIGNALING	CHEK1	0.369897	NOT_WT_LOST
SIM-06085	Benign	DDR_SIGNALING	ATR	-0.089369	NOT_WT_LOST
SIM-06086	Benign	DDR_SIGNALING	RAD50	0.471896	NOT_WT_LOST
SIM-06087	Benign	DDR_SIGNALING	CHEK1	0.965881	NOT_WT_LOST
SIM-06088	Benign	DDR_SIGNALING	CHEK1	-0.583609	NOT_WT_LOST
SIM-06089	Benign	DDR_SIGNALING	MRE11	0.812835	WT_LOST
SIM-06090	Benign	DDR_SIGNALING	ATR	-0.340109	NOT_WT_LOST
SIM-06091	Benign	DDR_SIGNALING	NBN	-1.09149	NOT_WT_LOST
SIM-06092	Benign	DDR_SIGNALING	CHEK2	-0.576993	NOT_WT_LOST
SIM-06093	Benign	DDR_SIGNALING	ATR	-1.595257	NOT_WT_LOST
SIM-06094	Benign	DDR_SIGNALING	RAD50	0.582982	NOT_WT_LOST
SIM-06095	Benign	DDR_SIGNALING	ATM	1.168283	WT_LOST
SIM-06096	Benign	DDR_SIGNALING	MRE11	-0.219973	NOT_WT_LOST
SIM-06097	Benign	DDR_SIGNALING	FANCM	-0.214187	WT_LOST
SIM-06098	Benign	DDR_SIGNALING	NBN	-1.045247	NOT_WT_LOST
SIM-06099	Benign	DDR_SIGNALING	ATM	-0.939376	NOT_WT_LOST
SIM-06100	Benign	DDR_SIGNALING	CHEK2	-1.28463	WT_LOST
SIM-06101	Benign	DDR_SIGNALING	MRE11	0.015692	NOT_WT_LOST
SIM-06102	Benign	DDR_SIGNALING	ATR	-0.301604	NOT_WT_LOST
SIM-06103	Benign	DDR_SIGNALING	ATM	0.329325	WT_LOST
SIM-06104	Benign	DDR_SIGNALING	ATM	-0.199661	NOT_WT_LOST
SIM-06105	Benign	DDR_SIGNALING	FANCM	-0.140588	NOT_WT_LOST
SIM-06106	Benign	DDR_SIGNALING	CHEK2	-0.250081	WT_LOST
SIM-06107	Benign	DDR_SIGNALING	CHEK1	-0.981146	NOT_WT_LOST
SIM-06108	Benign	DDR_SIGNALING	NBN	-1.193074	NOT_WT_LOST
SIM-06109	Benign	DDR_SIGNALING	CHEK2	-0.356044	NOT_WT_LOST
SIM-06110	Benign	DDR_SIGNALING	RAD50	-0.538409	NOT_WT_LOST
SIM-06111	Benign	DDR_SIGNALING	ATM	-0.598421	NOT_WT_LOST
SIM-06112	Benign	DDR_SIGNALING	ATR	-2.054001	NOT_WT_LOST
SIM-06113	Benign	DDR_SIGNALING	FANCM	0.267919	NOT_WT_LOST
SIM-06114	Benign	DDR_SIGNALING	CHEK2	-0.80566	NOT_WT_LOST
SIM-06115	Benign	DDR_SIGNALING	ATR	-1.093402	NOT_WT_LOST
SIM-06116	Benign	DDR_SIGNALING	RAD50	-2.79245	NOT_WT_LOST
SIM-06117	Benign	DDR_SIGNALING	NBN	-1.303793	NOT_WT_LOST
SIM-06118	Benign	DDR_SIGNALING	CHEK1	-0.303254	NOT_WT_LOST
SIM-06119	Benign	DDR_SIGNALING	RAD50	-1.07411	NOT_WT_LOST
SIM-06120	Benign	DDR_SIGNALING	RAD50	-1.023531	NOT_WT_LOST
SIM-06121	Benign	DDR_SIGNALING	MRE11	-0.635118	NOT_WT_LOST
SIM-06122	Benign	DDR_SIGNALING	ATR	-0.568183	WT_LOST
SIM-06123	Benign	DDR_SIGNALING	MRE11	-0.321259	NOT_WT_LOST
SIM-06124	Benign	DDR_SIGNALING	NBN	1.030625	WT_LOST
SIM-06125	Benign	DDR_SIGNALING	CHEK1	1.016555	WT_LOST
SIM-06126	Benign	DDR_SIGNALING	FANCM	0.535538	NOT_WT_LOST
SIM-06127	Benign	DDR_SIGNALING	CHEK2	-0.615738	WT_LOST
SIM-06128	Benign	DDR_SIGNALING	ATM	-1.327142	NOT_WT_LOST
SIM-06129	Benign	DDR_SIGNALING	NBN	-0.027831	NOT_WT_LOST
SIM-06130	Benign	DDR_SIGNALING	ATR	-2.336509	NOT_WT_LOST
SIM-06131	Benign	DDR_SIGNALING	CHEK1	-0.664411	NOT_WT_LOST
SIM-06132	Benign	DDR_SIGNALING	NBN	-3.173325	NOT_WT_LOST
SIM-06133	Benign	DDR_SIGNALING	ATR	-1.229435	NOT_WT_LOST
SIM-06134	Benign	DDR_SIGNALING	CHEK2	-0.551436	NOT_WT_LOST
SIM-06135	Benign	DDR_SIGNALING	CHEK2	1.210719	NOT_WT_LOST
SIM-06136	Benign	DDR_SIGNALING	ATR	-1.049418	NOT_WT_LOST
SIM-06137	Benign	DDR_SIGNALING	FANCM	-0.644152	NOT_WT_LOST
SIM-06138	Benign	DDR_SIGNALING	NBN	0.625638	NOT_WT_LOST
SIM-06139	Benign	DDR_SIGNALING	MRE11	-0.090862	NOT_WT_LOST
SIM-06140	Benign	DDR_SIGNALING	ATM	-0.288561	NOT_WT_LOST
SIM-06141	Benign	DDR_SIGNALING	NBN	-0.732008	NOT_WT_LOST
SIM-06142	Benign	DDR_SIGNALING	CHEK2	-2.413657	NOT_WT_LOST
SIM-06143	Benign	DDR_SIGNALING	CHEK2	-0.482304	NOT_WT_LOST
SIM-06144	Benign	DDR_SIGNALING	NBN	-2.300828	NOT_WT_LOST
SIM-06145	Benign	DDR_SIGNALING	ATR	0.326507	WT_LOST
SIM-06146	Benign	DDR_SIGNALING	ATR	0.254536	NOT_WT_LOST
SIM-06147	Benign	DDR_SIGNALING	ATM	1.31932	WT_LOST
SIM-06148	Benign	DDR_SIGNALING	RAD50	-0.982604	NOT_WT_LOST
SIM-06149	Benign	DDR_SIGNALING	MRE11	-0.821206	NOT_WT_LOST
SIM-06150	Benign	DDR_SIGNALING	CHEK2	-0.747284	NOT_WT_LOST
SIM-06151	Benign	DDR_SIGNALING	MRE11	-0.00169	NOT_WT_LOST
SIM-06152	Benign	DDR_SIGNALING	ATR	-1.433678	WT_LOST
SIM-06153	Benign	DDR_SIGNALING	CHEK1	-2.210598	NOT_EVALUABLE
SIM-06154	Benign	DDR_SIGNALING	RAD50	-0.894966	NOT_EVALUABLE
SIM-06155	Benign	DDR_SIGNALING	CHEK2	-2.501601	NOT_EVALUABLE
SIM-06156	Benign	DDR_SIGNALING	FANCM	-0.654514	NOT_EVALUABLE
SIM-06157	Benign	DDR_SIGNALING	RAD50	0.29173	NOT_EVALUABLE
SIM-06158	Benign	DDR_SIGNALING	CHEK1	0.653354	NOT_EVALUABLE
SIM-06159	Benign	DDR_SIGNALING	CHEK2	0.075769	NOT_EVALUABLE
SIM-06160	Benign	DDR_SIGNALING	CHEK1	-2.302407	NOT_EVALUABLE
SIM-06161	Benign	DDR_SIGNALING	FANCM	-1.955108	NOT_WT_LOST
SIM-06162	Benign	DDR_SIGNALING	ATM	-1.101559	NOT_WT_LOST
SIM-06163	Benign	DDR_SIGNALING	NBN	-0.061092	NOT_WT_LOST
SIM-06164	Benign	DDR_SIGNALING	NBN	-1.01828	NOT_WT_LOST
SIM-06165	Benign	DDR_SIGNALING	CHEK1	-0.95217	NOT_WT_LOST
SIM-06166	Benign	DDR_SIGNALING	MRE11	0.653762	NOT_WT_LOST
SIM-06167	Benign	DDR_SIGNALING	NBN	-0.174548	NOT_WT_LOST
SIM-06168	Benign	DDR_SIGNALING	RAD50	-0.255522	WT_LOST
SIM-06169	Benign	DDR_SIGNALING	CHEK1	-0.359548	NOT_WT_LOST
SIM-06170	Benign	DDR_SIGNALING	CHEK1	-0.571414	NOT_WT_LOST
SIM-06171	Benign	DDR_SIGNALING	CHEK1	-0.28024	NOT_WT_LOST
SIM-06172	Benign	DDR_SIGNALING	RAD50	0.38891	WT_LOST
SIM-06173	Benign	DDR_SIGNALING	FANCM	0.489018	NOT_WT_LOST
SIM-06174	Benign	DDR_SIGNALING	ATM	0.08184	NOT_WT_LOST
SIM-06175	Benign	DDR_SIGNALING	MRE11	-1.232273	NOT_WT_LOST
SIM-06176	Benign	DDR_SIGNALING	RAD50	0.286284	NOT_WT_LOST
SIM-06177	Benign	DDR_SIGNALING	FANCM	-1.051827	NOT_WT_LOST
SIM-06178	Benign	DDR_SIGNALING	CHEK2	-0.209052	NOT_WT_LOST
SIM-06179	Benign	DDR_SIGNALING	ATM	-0.688244	NOT_WT_LOST
SIM-06180	Benign	DDR_SIGNALING	NBN	-1.003239	NOT_WT_LOST
SIM-06181	Benign	DDR_SIGNALING	CHEK2	0.069502	NOT_WT_LOST
SIM-06182	Benign	DDR_SIGNALING	NBN	-0.34134	NOT_WT_LOST
SIM-06183	Benign	DDR_SIGNALING	NBN	-1.016578	NOT_WT_LOST
SIM-06184	Benign	DDR_SIGNALING	FANCM	-0.127545	WT_LOST
SIM-06185	Benign	DDR_SIGNALING	ATR	-0.673951	NOT_WT_LOST
SIM-06186	Benign	DDR_SIGNALING	FANCM	-0.152244	NOT_WT_LOST
SIM-06187	Benign	DDR_SIGNALING	NBN	-2.777122	NOT_WT_LOST
SIM-06188	Benign	DDR_SIGNALING	RAD50	0.567171	WT_LOST
SIM-06189	Benign	DDR_SIGNALING	ATR	-0.76004	NOT_WT_LOST
SIM-06190	Benign	DDR_SIGNALING	FANCM	0.72477	WT_LOST
SIM-06191	Benign	DDR_SIGNALING	FANCM	-0.376048	WT_LOST
SIM-06192	Benign	DDR_SIGNALING	CHEK1	-1.030791	NOT_WT_LOST
SIM-06193	Benign	DDR_SIGNALING	FANCM	-0.608664	NOT_WT_LOST
SIM-06194	Benign	DDR_SIGNALING	MRE11	-2.714806	NOT_WT_LOST
SIM-06195	Benign	DDR_SIGNALING	CHEK1	-0.782992	NOT_WT_LOST
SIM-06196	Benign	DDR_SIGNALING	ATM	-0.705269	NOT_WT_LOST
SIM-06197	Benign	DDR_SIGNALING	CHEK2	-2.614818	NOT_WT_LOST
SIM-06198	Benign	DDR_SIGNALING	FANCM	-0.57935	NOT_WT_LOST
SIM-06199	Benign	DDR_SIGNALING	RAD50	-1.567849	NOT_WT_LOST
SIM-06200	Benign	DDR_SIGNALING	NBN	0.660307	WT_LOST
SIM-06201	Benign	DDR_SIGNALING	NBN	0.067085	NOT_WT_LOST
SIM-06202	Benign	DDR_SIGNALING	RAD50	-1.331914	NOT_WT_LOST
SIM-06203	Benign	DDR_SIGNALING	MRE11	-0.240868	NOT_WT_LOST
SIM-06204	Benign	DDR_SIGNALING	FANCM	-0.541961	NOT_WT_LOST
SIM-06205	Benign	DDR_SIGNALING	CHEK1	1.446901	WT_LOST
SIM-06206	Benign	DDR_SIGNALING	ATR	-0.243034	NOT_WT_LOST
SIM-06207	Benign	DDR_SIGNALING	ATM	-0.617324	NOT_WT_LOST
SIM-06208	Benign	DDR_SIGNALING	RAD50	-0.069918	WT_LOST
SIM-06209	Benign	DDR_SIGNALING	FANCM	-1.811084	NOT_WT_LOST
SIM-06210	Benign	DDR_SIGNALING	ATM	0.236292	NOT_WT_LOST
SIM-06211	Benign	DDR_SIGNALING	ATR	0.634719	NOT_WT_LOST
SIM-06212	Benign	DDR_SIGNALING	ATR	0.901781	WT_LOST
SIM-06213	Benign	DDR_SIGNALING	ATR	-0.289013	NOT_WT_LOST
SIM-06214	Benign	DDR_SIGNALING	RAD50	-0.541542	WT_LOST
SIM-06215	Benign	DDR_SIGNALING	CHEK2	0.486889	NOT_WT_LOST
SIM-06216	Benign	DDR_SIGNALING	MRE11	-1.221645	NOT_WT_LOST
SIM-06217	Benign	DDR_SIGNALING	CHEK2	-0.500057	NOT_WT_LOST
SIM-06218	Benign	DDR_SIGNALING	CHEK2	-0.928619	NOT_WT_LOST
SIM-06219	Benign	DDR_SIGNALING	CHEK2	-0.987417	NOT_WT_LOST
SIM-06220	Benign	DDR_SIGNALING	CHEK1	-2.140973	NOT_WT_LOST
SIM-06221	Benign	DDR_SIGNALING	FANCM	0.338664	NOT_WT_LOST
SIM-06222	Benign	DDR_SIGNALING	NBN	0.285477	NOT_WT_LOST
SIM-06223	Benign	DDR_SIGNALING	CHEK2	-0.208381	WT_LOST
SIM-06224	Benign	DDR_SIGNALING	MRE11	-1.103923	NOT_WT_LOST
SIM-06225	Benign	DDR_SIGNALING	MRE11	-0.426925	NOT_WT_LOST
SIM-06226	Benign	DDR_SIGNALING	FANCM	-0.446681	NOT_WT_LOST
SIM-06227	Benign	DDR_SIGNALING	CHEK2	-0.25824	NOT_WT_LOST
SIM-06228	Benign	DDR_SIGNALING	FANCM	-1.539455	NOT_WT_LOST
SIM-06229	Benign	DDR_SIGNALING	RAD50	1.03057	WT_LOST
SIM-06230	Benign	DDR_SIGNALING	MRE11	-0.542083	NOT_WT_LOST
SIM-06231	Benign	DDR_SIGNALING	RAD50	-0.722633	NOT_WT_LOST
SIM-06232	Benign	DDR_SIGNALING	FANCM	-2.498179	NOT_WT_LOST
SIM-06233	Benign	DDR_SIGNALING	FANCM	-3.385418	NOT_WT_LOST
SIM-06234	Benign	DDR_SIGNALING	CHEK2	-0.339193	NOT_WT_LOST
SIM-06235	Benign	DDR_SIGNALING	MRE11	0.242363	WT_LOST
SIM-06236	Benign	DDR_SIGNALING	MRE11	0.771842	WT_LOST
SIM-06237	Benign	DDR_SIGNALING	ATM	-3.322878	NOT_WT_LOST
SIM-06238	Benign	DDR_SIGNALING	NBN	-1.352792	NOT_WT_LOST
SIM-06239	Benign	DDR_SIGNALING	FANCM	1.228683	WT_LOST
SIM-06240	Benign	DDR_SIGNALING	RAD50	1.159651	WT_LOST
SIM-06241	Benign	DDR_SIGNALING	FANCM	-1.462421	NOT_WT_LOST
SIM-06242	Benign	DDR_SIGNALING	ATM	0.643407	NOT_WT_LOST
SIM-06243	Benign	DDR_SIGNALING	RAD50	-1.054047	NOT_WT_LOST
SIM-06244	Benign	DDR_SIGNALING	RAD50	-0.784245	NOT_WT_LOST
SIM-06245	Benign	DDR_SIGNALING	ATR	-0.421494	WT_LOST
SIM-06246	Benign	DDR_SIGNALING	CHEK1	-1.924298	NOT_WT_LOST
SIM-06247	Benign	DDR_SIGNALING	CHEK1	0.593724	NOT_WT_LOST
SIM-06248	Benign	DDR_SIGNALING	CHEK1	2.37678	WT_LOST
SIM-06249	Benign	DDR_SIGNALING	ATM	1.49774	WT_LOST
SIM-06250	Benign	DDR_SIGNALING	NBN	-1.428972	NOT_WT_LOST
SIM-06251	Benign	DDR_SIGNALING	RAD50	-1.853106	NOT_WT_LOST
SIM-06252	Benign	DDR_SIGNALING	MRE11	-1.341336	NOT_WT_LOST
SIM-06253	Benign	DDR_SIGNALING	MRE11	-1.047572	NOT_WT_LOST
SIM-06254	Benign	DDR_SIGNALING	CHEK2	-1.464384	NOT_WT_LOST
SIM-06255	Benign	DDR_SIGNALING	NBN	-0.751306	NOT_WT_LOST
SIM-06256	Benign	DDR_SIGNALING	ATR	0.258312	NOT_WT_LOST
SIM-06257	Benign	DDR_SIGNALING	MRE11	-1.333012	NOT_WT_LOST
SIM-06258	Benign	DDR_SIGNALING	FANCM	-0.501808	NOT_WT_LOST
SIM-06259	Benign	DDR_SIGNALING	MRE11	-0.640061	NOT_WT_LOST
SIM-06260	Benign	DDR_SIGNALING	CHEK1	0.343448	NOT_WT_LOST
SIM-06261	Benign	DDR_SIGNALING	FANCM	-0.010484	NOT_WT_LOST
SIM-06262	Benign	DDR_SIGNALING	CHEK2	-0.74329	NOT_WT_LOST
SIM-06263	Benign	DDR_SIGNALING	NBN	1.019107	WT_LOST
SIM-06264	Benign	DDR_SIGNALING	CHEK1	1.002413	WT_LOST
SIM-06265	Benign	DDR_SIGNALING	CHEK2	1.378339	WT_LOST
SIM-06266	Benign	DDR_SIGNALING	CHEK1	-0.690506	WT_LOST
SIM-06267	Benign	DDR_SIGNALING	FANCM	-0.290705	NOT_WT_LOST
SIM-06268	Benign	DDR_SIGNALING	FANCM	-0.986369	NOT_WT_LOST
SIM-06269	Benign	DDR_SIGNALING	NBN	-0.672577	NOT_WT_LOST
SIM-06270	Benign	DDR_SIGNALING	ATM	-0.830737	NOT_WT_LOST
SIM-06271	Benign	DDR_SIGNALING	ATR	-0.234866	NOT_WT_LOST
SIM-06272	Benign	DDR_SIGNALING	RAD50	-0.150095	NOT_WT_LOST
SIM-06273	Benign	DDR_SIGNALING	MRE11	-0.328826	NOT_WT_LOST
SIM-06274	Benign	DDR_SIGNALING	ATM	-0.692174	NOT_WT_LOST
SIM-06275	Benign	DDR_SIGNALING	CHEK2	-0.243174	NOT_WT_LOST
SIM-06276	Benign	DDR_SIGNALING	FANCM	-2.1213	NOT_WT_LOST
SIM-06277	Benign	DDR_SIGNALING	MRE11	-0.089664	NOT_WT_LOST
SIM-06278	Benign	DDR_SIGNALING	ATR	-0.784456	NOT_WT_LOST
SIM-06279	Benign	DDR_SIGNALING	CHEK2	0.517814	NOT_WT_LOST
SIM-06280	Benign	DDR_SIGNALING	MRE11	0.186589	NOT_WT_LOST
SIM-06281	Benign	DDR_SIGNALING	CHEK2	0.562967	NOT_WT_LOST
SIM-06282	Benign	DDR_SIGNALING	FANCM	-0.489573	WT_LOST
SIM-06283	Benign	DDR_SIGNALING	CHEK1	-1.297918	NOT_WT_LOST
SIM-06284	Benign	DDR_SIGNALING	CHEK2	-0.432133	NOT_WT_LOST
SIM-06285	Benign	DDR_SIGNALING	ATR	0.515388	WT_LOST
SIM-06286	Benign	DDR_SIGNALING	MRE11	-2.365595	NOT_WT_LOST
SIM-06287	Benign	DDR_SIGNALING	RAD50	-0.041309	NOT_WT_LOST
SIM-06288	Benign	DDR_SIGNALING	CHEK2	-1.19947	NOT_WT_LOST
SIM-06289	Benign	DDR_SIGNALING	ATR	0.760729	WT_LOST
SIM-06290	Benign	DDR_SIGNALING	CHEK2	0.545352	WT_LOST
SIM-06291	Benign	DDR_SIGNALING	CHEK2	-0.105289	NOT_WT_LOST
SIM-06292	Benign	DDR_SIGNALING	RAD50	-1.713768	NOT_WT_LOST
SIM-06293	Benign	DDR_SIGNALING	FANCM	-2.965207	NOT_WT_LOST
SIM-06294	Benign	DDR_SIGNALING	NBN	2.410299	WT_LOST
SIM-06295	Benign	DDR_SIGNALING	MRE11	-0.691366	NOT_WT_LOST
SIM-06296	Benign	DDR_SIGNALING	CHEK2	-0.09005	NOT_WT_LOST
SIM-06297	Benign	DDR_SIGNALING	ATR	0.17048	NOT_WT_LOST
SIM-06298	Benign	DDR_SIGNALING	ATR	-0.490825	NOT_WT_LOST
SIM-06299	Benign	DDR_SIGNALING	ATM	-0.815116	WT_LOST
SIM-06300	Benign	DDR_SIGNALING	NBN	-1.842512	NOT_WT_LOST
SIM-06301	Benign	DDR_SIGNALING	CHEK2	-1.23968	NOT_WT_LOST
SIM-06302	Benign	DDR_SIGNALING	MRE11	-1.04429	NOT_WT_LOST
SIM-06303	Benign	DDR_SIGNALING	RAD50	-0.932979	NOT_WT_LOST
SIM-06304	Benign	DDR_SIGNALING	NBN	-1.849779	NOT_WT_LOST
SIM-06305	Benign	DDR_SIGNALING	CHEK1	-0.805931	NOT_WT_LOST
SIM-06306	Benign	DDR_SIGNALING	CHEK1	-0.983014	NOT_WT_LOST
SIM-06307	Benign	DDR_SIGNALING	CHEK2	0.015262	NOT_WT_LOST
SIM-06308	Benign	DDR_SIGNALING	CHEK2	2.820019	WT_LOST
SIM-06309	Benign	DDR_SIGNALING	MRE11	-1.339081	NOT_WT_LOST
SIM-06310	Benign	DDR_SIGNALING	FANCM	-0.025324	NOT_WT_LOST
SIM-06311	Benign	DDR_SIGNALING	ATM	-2.881008	NOT_WT_LOST
SIM-06312	Benign	DDR_SIGNALING	ATM	0.347489	NOT_WT_LOST
SIM-06313	Benign	DDR_SIGNALING	CHEK1	-1.315924	NOT_WT_LOST
SIM-06314	Benign	DDR_SIGNALING	RAD50	0.138678	WT_LOST
SIM-06315	Benign	DDR_SIGNALING	ATM	-0.411099	NOT_WT_LOST
SIM-06316	Benign	DDR_SIGNALING	MRE11	0.913191	NOT_WT_LOST
SIM-06317	Benign	DDR_SIGNALING	NBN	0.464593	WT_LOST
SIM-06318	Benign	DDR_SIGNALING	CHEK1	0.69535	NOT_WT_LOST
SIM-06319	Benign	DDR_SIGNALING	NBN	0.552381	WT_LOST
SIM-06320	Benign	DDR_SIGNALING	NBN	-0.027088	NOT_WT_LOST
SIM-06321	Benign	DDR_SIGNALING	CHEK1	0.451378	WT_LOST
SIM-06322	Benign	DDR_SIGNALING	NBN	-1.434935	NOT_WT_LOST
SIM-06323	Benign	DDR_SIGNALING	ATM	0.402535	NOT_WT_LOST
SIM-06324	Benign	DDR_SIGNALING	MRE11	0.003401	WT_LOST
SIM-06325	Benign	DDR_SIGNALING	FANCM	1.79447	WT_LOST
SIM-06326	Benign	DDR_SIGNALING	MRE11	-1.377007	NOT_WT_LOST
SIM-06327	Benign	DDR_SIGNALING	FANCM	-0.169384	NOT_WT_LOST
SIM-06328	Benign	DDR_SIGNALING	RAD50	-1.99154	NOT_WT_LOST
SIM-06329	Benign	DDR_SIGNALING	CHEK1	-0.128098	NOT_WT_LOST
SIM-06330	Benign	DDR_SIGNALING	RAD50	0.522134	NOT_WT_LOST
SIM-06331	Benign	DDR_SIGNALING	MRE11	-0.085516	NOT_WT_LOST
SIM-06332	Benign	DDR_SIGNALING	CHEK2	-1.543131	NOT_WT_LOST
SIM-06333	Benign	DDR_SIGNALING	ATR	0.581925	NOT_WT_LOST
SIM-06334	Benign	DDR_SIGNALING	ATR	-0.019622	WT_LOST
SIM-06335	Benign	DDR_SIGNALING	CHEK1	1.122433	WT_LOST
SIM-06336	Benign	DDR_SIGNALING	MRE11	-1.616047	NOT_WT_LOST
SIM-06337	Benign	DDR_SIGNALING	ATR	-2.411938	NOT_WT_LOST
SIM-06338	Benign	DDR_SIGNALING	CHEK2	0.166547	NOT_WT_LOST
SIM-06339	Benign	DDR_SIGNALING	ATR	-0.692821	WT_LOST
SIM-06340	Benign	DDR_SIGNALING	ATM	0.471101	NOT_WT_LOST
SIM-06341	Benign	DDR_SIGNALING	CHEK1	0.159845	NOT_WT_LOST
SIM-06342	Benign	DDR_SIGNALING	NBN	-1.786827	NOT_WT_LOST
SIM-06343	Benign	DDR_SIGNALING	CHEK1	-0.259357	NOT_WT_LOST
SIM-06344	Benign	DDR_SIGNALING	ATR	-1.302227	NOT_WT_LOST
SIM-06345	Benign	DDR_SIGNALING	CHEK2	-0.177685	WT_LOST
SIM-06346	Benign	DDR_SIGNALING	NBN	-1.713738	WT_LOST
SIM-06347	Benign	DDR_SIGNALING	ATM	0.560992	NOT_WT_LOST
SIM-06348	Benign	DDR_SIGNALING	CHEK2	0.072056	NOT_WT_LOST
SIM-06349	Benign	DDR_SIGNALING	CHEK2	-2.494642	NOT_WT_LOST
SIM-06350	Benign	DDR_SIGNALING	MRE11	-1.045605	NOT_WT_LOST
SIM-06351	Benign	DDR_SIGNALING	FANCM	1.098474	WT_LOST
SIM-06352	Benign	DDR_SIGNALING	ATM	-0.478019	WT_LOST
SIM-06353	Benign	DDR_SIGNALING	ATR	-0.204568	WT_LOST
SIM-06354	Benign	DDR_SIGNALING	RAD50	-1.134518	NOT_WT_LOST
SIM-06355	Benign	DDR_SIGNALING	ATM	-0.237198	NOT_WT_LOST
SIM-06356	Benign	DDR_SIGNALING	NBN	-1.134846	NOT_WT_LOST
SIM-06357	Benign	DDR_SIGNALING	ATR	1.42382	NOT_WT_LOST
SIM-06358	Benign	DDR_SIGNALING	ATR	-3.962445	NOT_WT_LOST
SIM-06359	Benign	DDR_SIGNALING	CHEK2	-0.997775	NOT_WT_LOST
SIM-06360	Benign	DDR_SIGNALING	ATM	0.09607	NOT_WT_LOST
SIM-06361	Benign	DDR_SIGNALING	ATR	-0.568667	NOT_WT_LOST
SIM-06362	Benign	DDR_SIGNALING	MRE11	-1.3836	NOT_WT_LOST
SIM-06363	Benign	DDR_SIGNALING	NBN	-0.635389	NOT_WT_LOST
SIM-06364	Benign	DDR_SIGNALING	ATR	-2.435005	NOT_WT_LOST
SIM-06365	Benign	DDR_SIGNALING	ATR	-2.210109	WT_LOST
SIM-06366	Benign	DDR_SIGNALING	CHEK2	-1.367707	NOT_WT_LOST
SIM-06367	Benign	DDR_SIGNALING	NBN	-2.540269	NOT_WT_LOST
SIM-06368	Benign	DDR_SIGNALING	RAD50	0.947185	WT_LOST
SIM-06369	Benign	DDR_SIGNALING	CHEK2	-0.331701	NOT_WT_LOST
SIM-06370	Benign	DDR_SIGNALING	ATM	-1.375123	NOT_WT_LOST
SIM-06371	Benign	DDR_SIGNALING	FANCM	0.174262	WT_LOST
SIM-06372	Benign	DDR_SIGNALING	FANCM	0.232547	NOT_WT_LOST
SIM-06373	Benign	DDR_SIGNALING	CHEK2	-1.156436	NOT_WT_LOST
SIM-06374	Benign	DDR_SIGNALING	ATR	-0.241526	NOT_WT_LOST
SIM-06375	Benign	DDR_SIGNALING	MRE11	0.774018	NOT_WT_LOST
SIM-06376	Benign	DDR_SIGNALING	ATR	1.015335	NOT_WT_LOST
SIM-06377	Benign	DDR_SIGNALING	NBN	-0.190946	NOT_WT_LOST
SIM-06378	Benign	DDR_SIGNALING	NBN	-0.874701	NOT_WT_LOST
SIM-06379	Benign	DDR_SIGNALING	MRE11	-1.889836	NOT_WT_LOST
SIM-06380	Benign	DDR_SIGNALING	CHEK1	-0.13944	NOT_WT_LOST
SIM-06381	Benign	DDR_SIGNALING	MRE11	0.551306	NOT_WT_LOST
SIM-06382	Benign	DDR_SIGNALING	CHEK1	-0.346142	WT_LOST
SIM-06383	Benign	DDR_SIGNALING	FANCM	-1.493714	NOT_WT_LOST
SIM-06384	Benign	DDR_SIGNALING	CHEK1	-2.779174	NOT_WT_LOST
SIM-06385	Benign	DDR_SIGNALING	CHEK1	-3.665886	NOT_WT_LOST
SIM-06386	Benign	DDR_SIGNALING	RAD50	-0.638014	NOT_WT_LOST
SIM-06387	Benign	DDR_SIGNALING	RAD50	-0.176818	WT_LOST
SIM-06388	Benign	DDR_SIGNALING	ATR	0.408163	NOT_WT_LOST
SIM-06389	Benign	DDR_SIGNALING	FANCM	-2.645034	NOT_WT_LOST
SIM-06390	Benign	DDR_SIGNALING	RAD50	-1.250611	NOT_WT_LOST
SIM-06391	Benign	DDR_SIGNALING	MRE11	-0.081045	NOT_WT_LOST
SIM-06392	Benign	DDR_SIGNALING	ATR	-1.148824	NOT_WT_LOST
SIM-06393	Benign	DDR_SIGNALING	ATM	-0.408757	NOT_WT_LOST
SIM-06394	Benign	DDR_SIGNALING	FANCM	-0.628624	NOT_WT_LOST
SIM-06395	Benign	DDR_SIGNALING	MRE11	-0.901755	NOT_WT_LOST
SIM-06396	Benign	DDR_SIGNALING	FANCM	0.856186	WT_LOST
SIM-06397	Benign	DDR_SIGNALING	CHEK1	-2.657088	NOT_WT_LOST
SIM-06398	Benign	DDR_SIGNALING	CHEK2	1.012451	WT_LOST
SIM-06399	Benign	DDR_SIGNALING	ATM	-0.22352	NOT_WT_LOST
SIM-06400	Benign	DDR_SIGNALING	RAD50	-1.260258	NOT_WT_LOST
SIM-06401	Benign	DDR_SIGNALING	FANCM	-0.85841	NOT_WT_LOST
SIM-06402	Benign	DDR_SIGNALING	MRE11	0.191275	WT_LOST
SIM-06403	Benign	DDR_SIGNALING	CHEK1	-2.351412	NOT_WT_LOST
SIM-06404	Benign	DDR_SIGNALING	CHEK2	0.764819	NOT_WT_LOST
SIM-06405	Benign	DDR_SIGNALING	RAD50	0.16717	WT_LOST
SIM-06406	Benign	DDR_SIGNALING	FANCM	-0.14966	NOT_WT_LOST
SIM-06407	Benign	DDR_SIGNALING	ATR	-1.37691	NOT_WT_LOST
SIM-06408	Benign	DDR_SIGNALING	ATM	-2.336985	NOT_WT_LOST
SIM-06409	Benign	DDR_SIGNALING	CHEK2	-1.328345	NOT_WT_LOST
SIM-06410	Benign	DDR_SIGNALING	CHEK2	-1.292337	NOT_WT_LOST
SIM-06411	Benign	DDR_SIGNALING	FANCM	-0.845619	WT_LOST
SIM-06412	Benign	DDR_SIGNALING	RAD50	0.101314	NOT_WT_LOST
SIM-06413	Benign	DDR_SIGNALING	FANCM	-0.940331	NOT_WT_LOST
SIM-06414	Benign	DDR_SIGNALING	FANCM	-0.667932	NOT_WT_LOST
SIM-06415	Benign	DDR_SIGNALING	RAD50	0.99017	WT_LOST
SIM-06416	Benign	DDR_SIGNALING	CHEK1	-0.008725	NOT_WT_LOST
SIM-06417	Benign	DDR_SIGNALING	CHEK1	0.327488	NOT_WT_LOST
SIM-06418	Benign	DDR_SIGNALING	RAD50	-1.670978	NOT_WT_LOST
SIM-06419	Benign	DDR_SIGNALING	RAD50	-0.81646	NOT_WT_LOST
SIM-06420	Benign	DDR_SIGNALING	ATR	-0.599076	NOT_WT_LOST
SIM-06421	Benign	DDR_SIGNALING	CHEK2	-2.209242	NOT_WT_LOST
SIM-06422	Benign	DDR_SIGNALING	RAD50	-1.729886	NOT_WT_LOST
SIM-06423	Benign	DDR_SIGNALING	ATM	-0.443443	NOT_WT_LOST
SIM-06424	Benign	DDR_SIGNALING	RAD50	-0.741182	NOT_WT_LOST
SIM-06425	Benign	DDR_SIGNALING	CHEK1	-0.37472	NOT_WT_LOST
SIM-06426	Benign	DDR_SIGNALING	CHEK2	-0.985531	NOT_WT_LOST
SIM-06427	Benign	DDR_SIGNALING	MRE11	-0.775422	NOT_WT_LOST
SIM-06428	Benign	DDR_SIGNALING	CHEK2	-1.264192	NOT_WT_LOST
SIM-06429	Benign	DDR_SIGNALING	RAD50	-1.429266	NOT_WT_LOST
SIM-06430	Benign	DDR_SIGNALING	CHEK2	-0.259958	NOT_WT_LOST
SIM-06431	Benign	DDR_SIGNALING	RAD50	-0.557146	WT_LOST
SIM-06432	Benign	DDR_SIGNALING	ATM	1.643995	WT_LOST
SIM-06433	Benign	DDR_SIGNALING	MRE11	-1.391172	NOT_WT_LOST
SIM-06434	Benign	DDR_SIGNALING	RAD50	-1.454531	NOT_WT_LOST
SIM-06435	Benign	DDR_SIGNALING	CHEK1	-1.645619	NOT_WT_LOST
SIM-06436	Benign	DDR_SIGNALING	MRE11	-1.31877	NOT_WT_LOST
SIM-06437	Benign	DDR_SIGNALING	ATR	0.038197	WT_LOST
SIM-06438	Benign	DDR_SIGNALING	ATR	0.960135	WT_LOST
SIM-06439	Benign	DDR_SIGNALING	ATM	-0.542709	NOT_WT_LOST
SIM-06440	Benign	DDR_SIGNALING	CHEK1	-0.331017	NOT_WT_LOST
SIM-06441	Benign	DDR_SIGNALING	ATM	-1.894136	NOT_WT_LOST
SIM-06442	Benign	DDR_SIGNALING	ATM	-0.949349	NOT_WT_LOST
SIM-06443	Benign	DDR_SIGNALING	NBN	-0.576701	NOT_WT_LOST
SIM-06444	Benign	DDR_SIGNALING	CHEK2	0.570913	WT_LOST
SIM-06445	Benign	DDR_SIGNALING	NBN	1.160785	NOT_WT_LOST
SIM-06446	Benign	DDR_SIGNALING	NBN	-0.590172	NOT_WT_LOST
SIM-06447	Benign	DDR_SIGNALING	FANCM	-1.133437	NOT_WT_LOST
SIM-06448	Benign	DDR_SIGNALING	CHEK2	-0.329396	NOT_WT_LOST
SIM-06449	Benign	DDR_SIGNALING	CHEK2	0.713001	WT_LOST
SIM-06450	Benign	DDR_SIGNALING	RAD50	0.204067	WT_LOST
SIM-06451	Benign	DDR_SIGNALING	CHEK2	0.24247	NOT_WT_LOST
SIM-06452	Benign	DDR_SIGNALING	FANCM	0.00285	NOT_WT_LOST
SIM-06453	Benign	DDR_SIGNALING	ATR	0.984252	WT_LOST
SIM-06454	Benign	DDR_SIGNALING	RAD50	0.844879	NOT_WT_LOST
SIM-06455	Benign	DDR_SIGNALING	ATM	-0.429062	WT_LOST
SIM-06456	Benign	DDR_SIGNALING	FANCM	0.352444	NOT_WT_LOST
SIM-06457	Benign	DDR_SIGNALING	ATM	-1.849027	NOT_WT_LOST
SIM-06458	Benign	DDR_SIGNALING	CHEK1	-1.360293	NOT_WT_LOST
SIM-06459	Benign	DDR_SIGNALING	MRE11	-0.934987	WT_LOST
SIM-06460	Benign	DDR_SIGNALING	ATR	0.933006	WT_LOST
SIM-06461	Benign	DDR_SIGNALING	FANCM	-0.431873	NOT_WT_LOST
SIM-06462	Benign	DDR_SIGNALING	MRE11	0.249221	WT_LOST
SIM-06463	Benign	DDR_SIGNALING	NBN	-1.460537	WT_LOST
SIM-06464	Benign	DDR_SIGNALING	ATR	1.486429	NOT_WT_LOST
SIM-06465	Benign	DDR_SIGNALING	ATM	0.204675	NOT_WT_LOST
SIM-06466	Benign	DDR_SIGNALING	MRE11	-1.653501	NOT_WT_LOST
SIM-06467	Benign	DDR_SIGNALING	FANCM	-0.900652	NOT_WT_LOST
SIM-06468	Benign	DDR_SIGNALING	FANCM	-0.999781	NOT_WT_LOST
SIM-06469	Benign	DDR_SIGNALING	CHEK2	-0.59357	NOT_WT_LOST
SIM-06470	Benign	DDR_SIGNALING	ATM	-0.430614	NOT_WT_LOST
SIM-06471	Benign	DDR_SIGNALING	CHEK2	0.316987	WT_LOST
SIM-06472	Benign	DDR_SIGNALING	CHEK2	-1.569305	NOT_WT_LOST
SIM-06473	Benign	DDR_SIGNALING	ATR	-0.033207	WT_LOST
SIM-06474	Benign	DDR_SIGNALING	MRE11	-0.750018	NOT_WT_LOST
SIM-06475	Benign	DDR_SIGNALING	CHEK2	-1.368295	NOT_WT_LOST
SIM-06476	Benign	DDR_SIGNALING	NBN	-0.282026	NOT_WT_LOST
SIM-06477	Benign	DDR_SIGNALING	ATM	-0.157783	NOT_WT_LOST
SIM-06478	Benign	DDR_SIGNALING	CHEK1	-0.135098	NOT_WT_LOST
SIM-06479	Benign	DDR_SIGNALING	CHEK2	-2.544099	NOT_WT_LOST
SIM-06480	Benign	DDR_SIGNALING	CHEK2	0.450872	NOT_WT_LOST
SIM-06481	Benign	DDR_SIGNALING	RAD50	-2.674645	NOT_WT_LOST
SIM-06482	Benign	DDR_SIGNALING	ATR	-1.578517	NOT_WT_LOST
SIM-06483	Benign	DDR_SIGNALING	CHEK2	-1.692573	NOT_WT_LOST
SIM-06484	Benign	DDR_SIGNALING	ATM	-1.280185	NOT_WT_LOST
SIM-06485	Benign	DDR_SIGNALING	FANCM	-0.569067	NOT_WT_LOST
SIM-06486	Benign	DDR_SIGNALING	FANCM	-0.745296	NOT_WT_LOST
SIM-06487	Benign	DDR_SIGNALING	CHEK1	-0.019267	NOT_WT_LOST
SIM-06488	Benign	DDR_SIGNALING	ATM	-1.127934	NOT_WT_LOST
SIM-06489	Benign	DDR_SIGNALING	RAD50	-0.3849	NOT_WT_LOST
SIM-06490	Benign	DDR_SIGNALING	CHEK1	-0.76386	NOT_WT_LOST
SIM-06491	Benign	DDR_SIGNALING	ATM	-0.759736	WT_LOST
SIM-06492	Benign	DDR_SIGNALING	ATR	-0.961498	NOT_WT_LOST
SIM-06493	Benign	DDR_SIGNALING	ATR	-0.305127	NOT_WT_LOST
SIM-06494	Benign	DDR_SIGNALING	ATR	0.565057	WT_LOST
SIM-06495	Benign	DDR_SIGNALING	CHEK2	-0.531069	NOT_WT_LOST
SIM-06496	Benign	DDR_SIGNALING	NBN	-1.393611	NOT_WT_LOST
SIM-06497	Benign	DDR_SIGNALING	NBN	-0.247522	NOT_WT_LOST
SIM-06498	Benign	DDR_SIGNALING	RAD50	-0.333487	WT_LOST
SIM-06499	Benign	DDR_SIGNALING	ATR	-0.041983	NOT_WT_LOST
SIM-06500	Benign	DDR_SIGNALING	FANCM	-0.290224	NOT_WT_LOST
SIM-06501	Benign	DDR_SIGNALING	MRE11	0.746743	NOT_WT_LOST
SIM-06502	Benign	DDR_SIGNALING	ATR	1.01776	NOT_WT_LOST
SIM-06503	Benign	DDR_SIGNALING	ATR	-2.900317	NOT_WT_LOST
SIM-06504	Benign	DDR_SIGNALING	CHEK1	-0.740561	NOT_WT_LOST
SIM-06505	Benign	DDR_SIGNALING	FANCM	-2.38325	NOT_WT_LOST
SIM-06506	Benign	DDR_SIGNALING	RAD50	-1.52339	NOT_WT_LOST
SIM-06507	Benign	DDR_SIGNALING	ATM	-1.040383	NOT_WT_LOST
SIM-06508	Benign	DDR_SIGNALING	MRE11	-0.38447	NOT_WT_LOST
SIM-06509	Benign	DDR_SIGNALING	FANCM	-0.401778	NOT_WT_LOST
SIM-06510	Benign	DDR_SIGNALING	CHEK2	0.588184	NOT_WT_LOST
SIM-06511	Benign	DDR_SIGNALING	ATR	-1.981579	NOT_WT_LOST
SIM-06512	Benign	DDR_SIGNALING	NBN	-2.154437	NOT_WT_LOST
SIM-06513	Benign	DDR_SIGNALING	RAD50	-0.649325	WT_LOST
SIM-06514	Benign	DDR_SIGNALING	ATR	-0.967772	NOT_WT_LOST
SIM-06515	Benign	DDR_SIGNALING	ATM	-0.036428	NOT_WT_LOST
SIM-06516	Benign	DDR_SIGNALING	CHEK2	-2.587917	NOT_WT_LOST
SIM-06517	Benign	DDR_SIGNALING	RAD50	-0.337683	NOT_WT_LOST
SIM-06518	Benign	DDR_SIGNALING	CHEK1	-1.62209	NOT_WT_LOST
SIM-06519	Benign	DDR_SIGNALING	ATM	-0.703765	NOT_WT_LOST
SIM-06520	Benign	DDR_SIGNALING	RAD50	0.084578	NOT_WT_LOST
SIM-06521	Benign	DDR_SIGNALING	CHEK2	-1.623758	NOT_WT_LOST
SIM-06522	Benign	DDR_SIGNALING	FANCM	-2.207357	NOT_WT_LOST
SIM-06523	Benign	DDR_SIGNALING	CHEK1	-0.195251	NOT_WT_LOST
SIM-06524	Benign	DDR_SIGNALING	RAD50	-1.150552	WT_LOST
SIM-06525	Benign	DDR_SIGNALING	MRE11	-0.315254	NOT_WT_LOST
SIM-06526	Benign	DDR_SIGNALING	ATM	0.044644	NOT_WT_LOST
SIM-06527	Benign	DDR_SIGNALING	RAD50	-0.405447	WT_LOST
SIM-06528	Benign	DDR_SIGNALING	CHEK2	0.324666	WT_LOST
SIM-06529	Benign	DDR_SIGNALING	ATM	-0.964905	NOT_WT_LOST
SIM-06530	Benign	DDR_SIGNALING	ATR	0.553492	NOT_WT_LOST
SIM-06531	Benign	DDR_SIGNALING	ATR	0.322752	NOT_WT_LOST
SIM-06532	Benign	DDR_SIGNALING	ATM	0.240582	WT_LOST
SIM-06533	Benign	DDR_SIGNALING	MRE11	0.493591	NOT_WT_LOST
SIM-06534	Benign	DDR_SIGNALING	MRE11	0.296165	NOT_WT_LOST
SIM-06535	Benign	DDR_SIGNALING	CHEK2	-0.449615	WT_LOST
SIM-06536	Benign	DDR_SIGNALING	CHEK1	0.858498	NOT_WT_LOST
SIM-06537	Benign	DDR_SIGNALING	RAD50	-0.987832	NOT_WT_LOST
SIM-06538	Benign	DDR_SIGNALING	MRE11	0.532222	WT_LOST
SIM-06539	Benign	DDR_SIGNALING	ATR	-0.304572	NOT_WT_LOST
SIM-06540	Benign	DDR_SIGNALING	FANCM	-0.504413	NOT_WT_LOST
SIM-06541	Benign	DDR_SIGNALING	RAD50	0.975477	NOT_WT_LOST
SIM-06542	Benign	DDR_SIGNALING	NBN	-1.882594	NOT_WT_LOST
SIM-06543	Benign	DDR_SIGNALING	CHEK1	-0.60669	NOT_WT_LOST
SIM-06544	Benign	DDR_SIGNALING	RAD50	0.374406	NOT_WT_LOST
SIM-06545	Benign	DDR_SIGNALING	NBN	-1.245405	NOT_WT_LOST
SIM-06546	Benign	DDR_SIGNALING	CHEK1	1.143425	WT_LOST
SIM-06547	Benign	DDR_SIGNALING	FANCM	2.053999	WT_LOST
SIM-06548	Benign	DDR_SIGNALING	MRE11	-1.275093	NOT_WT_LOST
SIM-06549	Benign	DDR_SIGNALING	FANCM	-0.417195	NOT_WT_LOST
SIM-06550	Benign	DDR_SIGNALING	CHEK2	-1.626342	NOT_WT_LOST
SIM-06551	Benign	DDR_SIGNALING	ATM	-1.800883	NOT_WT_LOST
SIM-06552	Benign	DDR_SIGNALING	MRE11	0.171723	NOT_WT_LOST
SIM-06553	Benign	DDR_SIGNALING	RAD50	-1.733208	NOT_WT_LOST
SIM-06554	Benign	DDR_SIGNALING	RAD50	0.965671	WT_LOST
SIM-06555	Benign	DDR_SIGNALING	ATR	0.406645	WT_LOST
SIM-06556	Benign	DDR_SIGNALING	NBN	-0.338475	NOT_WT_LOST
SIM-06557	Benign	DDR_SIGNALING	CHEK2	-0.68182	WT_LOST
SIM-06558	Benign	DDR_SIGNALING	CHEK1	-1.503753	NOT_WT_LOST
SIM-06559	Benign	DDR_SIGNALING	MRE11	-0.986294	WT_LOST
SIM-06560	Benign	DDR_SIGNALING	NBN	1.175756	WT_LOST
SIM-06561	Benign	DDR_SIGNALING	CHEK1	1.195299	NOT_WT_LOST
SIM-06562	Benign	DDR_SIGNALING	RAD50	-2.185951	NOT_WT_LOST
SIM-06563	Benign	DDR_SIGNALING	CHEK2	-0.242683	WT_LOST
SIM-06564	Benign	DDR_SIGNALING	CHEK2	-3.955539	NOT_WT_LOST
SIM-06565	Benign	DDR_SIGNALING	CHEK2	1.053264	WT_LOST
SIM-06566	Benign	DDR_SIGNALING	ATR	-0.576522	WT_LOST
SIM-06567	Benign	DDR_SIGNALING	RAD50	-2.80941	NOT_WT_LOST
SIM-06568	Benign	DDR_SIGNALING	ATM	-1.59289	WT_LOST
SIM-06569	Benign	DDR_SIGNALING	CHEK2	-1.015446	NOT_WT_LOST
SIM-06570	Benign	DDR_SIGNALING	MRE11	-0.505951	NOT_WT_LOST
SIM-06571	Benign	DDR_SIGNALING	CHEK1	0.975628	WT_LOST
SIM-06572	Benign	DDR_SIGNALING	CHEK1	0.668702	WT_LOST
SIM-06573	Benign	DDR_SIGNALING	NBN	-0.560576	WT_LOST
SIM-06574	Benign	DDR_SIGNALING	ATM	0.375317	NOT_WT_LOST
SIM-06575	Benign	DDR_SIGNALING	ATR	0.209563	NOT_WT_LOST
SIM-06576	Benign	DDR_SIGNALING	RAD50	-0.268804	NOT_WT_LOST
SIM-06577	Benign	DDR_SIGNALING	CHEK2	0.176716	WT_LOST
SIM-06578	Benign	DDR_SIGNALING	FANCM	-1.851043	NOT_WT_LOST
SIM-06579	Benign	DDR_SIGNALING	ATR	-0.619531	WT_LOST
SIM-06580	Benign	DDR_SIGNALING	ATM	-1.639485	NOT_WT_LOST
SIM-06581	Benign	DDR_SIGNALING	FANCM	-0.364669	NOT_WT_LOST
SIM-06582	Benign	DDR_SIGNALING	FANCM	-1.025738	NOT_WT_LOST
SIM-06583	Benign	DDR_SIGNALING	CHEK1	-0.827353	NOT_WT_LOST
SIM-06584	Benign	DDR_SIGNALING	NBN	0.003282	WT_LOST
SIM-06585	Benign	DDR_SIGNALING	RAD50	-0.300705	NOT_WT_LOST
SIM-06586	Benign	DDR_SIGNALING	RAD50	-1.890511	NOT_WT_LOST
SIM-06587	Benign	DDR_SIGNALING	CHEK2	-0.669189	NOT_WT_LOST
SIM-06588	Benign	DDR_SIGNALING	RAD50	1.012728	NOT_WT_LOST
SIM-06589	Benign	DDR_SIGNALING	CHEK2	-0.534265	NOT_WT_LOST
SIM-06590	Benign	DDR_SIGNALING	NBN	-1.40601	NOT_WT_LOST
SIM-06591	Benign	DDR_SIGNALING	CHEK1	0.479645	NOT_WT_LOST
SIM-06592	Benign	DDR_SIGNALING	MRE11	0.370058	WT_LOST
SIM-06593	Benign	DDR_SIGNALING	RAD50	-2.545128	NOT_WT_LOST
SIM-06594	Benign	DDR_SIGNALING	MRE11	-0.726794	NOT_WT_LOST
SIM-06595	Benign	DDR_SIGNALING	RAD50	-0.168576	NOT_WT_LOST
SIM-06596	Benign	DDR_SIGNALING	ATM	-1.591141	NOT_WT_LOST
SIM-06597	Benign	DDR_SIGNALING	ATR	-1.307646	NOT_WT_LOST
SIM-06598	Benign	DDR_SIGNALING	ATR	0.19252	WT_LOST
SIM-06599	Benign	DDR_SIGNALING	FANCM	-0.824233	WT_LOST
SIM-06600	Benign	DDR_SIGNALING	CHEK1	-0.789572	NOT_WT_LOST
SIM-06601	Benign	DDR_SIGNALING	RAD50	-1.060484	NOT_WT_LOST
SIM-06602	Benign	DDR_SIGNALING	ATR	-0.061378	NOT_WT_LOST
SIM-06603	Benign	DDR_SIGNALING	MRE11	-0.576435	WT_LOST
SIM-06604	Benign	DDR_SIGNALING	CHEK1	-0.447181	NOT_WT_LOST
SIM-06605	Benign	DDR_SIGNALING	CHEK2	-1.08734	NOT_WT_LOST
SIM-06606	Benign	DDR_SIGNALING	ATR	-1.822934	NOT_WT_LOST
SIM-06607	Benign	DDR_SIGNALING	RAD50	-1.582052	NOT_WT_LOST
SIM-06608	Benign	DDR_SIGNALING	MRE11	1.857374	WT_LOST
SIM-06609	Benign	DDR_SIGNALING	NBN	-1.199185	NOT_WT_LOST
SIM-06610	Benign	DDR_SIGNALING	CHEK1	-0.513949	NOT_WT_LOST
SIM-06611	Benign	DDR_SIGNALING	CHEK1	1.291361	NOT_WT_LOST
SIM-06612	Benign	DDR_SIGNALING	RAD50	0.863585	WT_LOST
SIM-06613	Benign	DDR_SIGNALING	NBN	0.938127	NOT_WT_LOST
SIM-06614	Benign	DDR_SIGNALING	ATM	-0.569129	NOT_WT_LOST
SIM-06615	Benign	DDR_SIGNALING	FANCM	0.048262	NOT_WT_LOST
SIM-06616	Benign	DDR_SIGNALING	CHEK2	-0.624793	NOT_WT_LOST
SIM-06617	Benign	DDR_SIGNALING	CHEK1	-0.38343	WT_LOST
SIM-06618	Benign	DDR_SIGNALING	RAD50	-1.202547	NOT_WT_LOST
SIM-06619	Benign	DDR_SIGNALING	MRE11	-0.49602	NOT_WT_LOST
SIM-06620	Benign	DDR_SIGNALING	ATM	-1.297026	NOT_WT_LOST
SIM-06621	Benign	DDR_SIGNALING	ATR	-0.833289	NOT_WT_LOST
SIM-06622	Benign	DDR_SIGNALING	FANCM	-1.70965	NOT_WT_LOST
SIM-06623	Benign	DDR_SIGNALING	ATM	-0.305537	NOT_WT_LOST
SIM-06624	Benign	DDR_SIGNALING	ATR	-1.686669	NOT_WT_LOST
SIM-06625	Benign	DDR_SIGNALING	ATR	-1.310961	NOT_WT_LOST
SIM-06626	Benign	DDR_SIGNALING	FANCM	1.198601	WT_LOST
SIM-06627	Benign	DDR_SIGNALING	RAD50	-1.624169	NOT_WT_LOST
SIM-06628	Benign	DDR_SIGNALING	RAD50	-0.218561	NOT_WT_LOST
SIM-06629	Benign	DDR_SIGNALING	MRE11	-1.228655	NOT_WT_LOST
SIM-06630	Benign	DDR_SIGNALING	FANCM	-0.889434	NOT_WT_LOST
SIM-06631	Benign	DDR_SIGNALING	RAD50	-0.478398	NOT_WT_LOST
SIM-06632	Benign	DDR_SIGNALING	MRE11	-1.082459	NOT_WT_LOST
SIM-06633	Benign	DDR_SIGNALING	ATR	-0.383892	NOT_WT_LOST
SIM-06634	Benign	DDR_SIGNALING	MRE11	-0.250712	NOT_WT_LOST
SIM-06635	Benign	DDR_SIGNALING	CHEK1	-1.082753	NOT_WT_LOST
SIM-06636	Benign	DDR_SIGNALING	RAD50	-1.397566	WT_LOST
SIM-06637	Benign	DDR_SIGNALING	CHEK2	-0.4801	NOT_WT_LOST
SIM-06638	Benign	DDR_SIGNALING	ATM	1.898976	WT_LOST
SIM-06639	Benign	DDR_SIGNALING	ATM	0.948915	WT_LOST
SIM-06640	Benign	DDR_SIGNALING	RAD50	-0.153752	NOT_WT_LOST
SIM-06641	Benign	DDR_SIGNALING	ATR	2.00478	WT_LOST
SIM-06642	Benign	DDR_SIGNALING	ATR	0.927126	NOT_WT_LOST
SIM-06643	Benign	DDR_SIGNALING	RAD50	0.271939	NOT_WT_LOST
SIM-06644	Benign	DDR_SIGNALING	NBN	-0.215257	NOT_WT_LOST
SIM-06645	Benign	DDR_SIGNALING	NBN	0.582457	WT_LOST
SIM-06646	Benign	DDR_SIGNALING	CHEK1	0.715375	WT_LOST
SIM-06647	Benign	DDR_SIGNALING	ATM	-0.839294	NOT_WT_LOST
SIM-06648	Benign	DDR_SIGNALING	MRE11	-1.260802	NOT_WT_LOST
SIM-06649	Benign	DDR_SIGNALING	CHEK2	-0.827467	NOT_WT_LOST
SIM-06650	Benign	DDR_SIGNALING	FANCM	0.61008	WT_LOST
SIM-06651	Benign	DDR_SIGNALING	ATR	0.914136	NOT_WT_LOST
SIM-06652	Benign	DDR_SIGNALING	NBN	-0.574322	NOT_WT_LOST
SIM-06653	Benign	DDR_SIGNALING	FANCM	-1.799138	NOT_WT_LOST
SIM-06654	Benign	DDR_SIGNALING	FANCM	-0.281412	NOT_WT_LOST
SIM-06655	Benign	DDR_SIGNALING	NBN	0.206352	NOT_WT_LOST
SIM-06656	Benign	DDR_SIGNALING	ATM	-1.968377	WT_LOST
SIM-06657	Benign	DDR_SIGNALING	ATM	0.214649	NOT_WT_LOST
SIM-06658	Benign	DDR_SIGNALING	ATM	-0.838709	NOT_WT_LOST
SIM-06659	Benign	DDR_SIGNALING	CHEK2	0.50164	WT_LOST
SIM-06660	Benign	DDR_SIGNALING	CHEK1	1.115993	WT_LOST
SIM-06661	Benign	DDR_SIGNALING	ATM	-1.528352	NOT_WT_LOST
SIM-06662	Benign	DDR_SIGNALING	MRE11	-0.980736	NOT_WT_LOST
SIM-06663	Benign	DDR_SIGNALING	NBN	0.863635	NOT_WT_LOST
SIM-06664	Benign	DDR_SIGNALING	ATR	-1.84329	NOT_WT_LOST
SIM-06665	Benign	DDR_SIGNALING	CHEK1	-0.134368	NOT_WT_LOST
SIM-06666	Benign	DDR_SIGNALING	ATM	-0.89832	NOT_WT_LOST
SIM-06667	Benign	DDR_SIGNALING	NBN	0.544307	WT_LOST
SIM-06668	Benign	DDR_SIGNALING	CHEK2	-1.811809	NOT_WT_LOST
SIM-06669	Benign	DDR_SIGNALING	NBN	-1.128831	NOT_WT_LOST
SIM-06670	Benign	DDR_SIGNALING	CHEK2	-1.24799	NOT_WT_LOST
SIM-06671	Benign	DDR_SIGNALING	MRE11	-0.212375	NOT_WT_LOST
SIM-06672	Benign	DDR_SIGNALING	MRE11	0.650654	WT_LOST
SIM-06673	Benign	DDR_SIGNALING	CHEK1	-0.550234	WT_LOST
SIM-06674	Benign	DDR_SIGNALING	CHEK1	1.115184	WT_LOST
SIM-06675	Benign	DDR_SIGNALING	ATR	-1.117017	NOT_WT_LOST
SIM-06676	Benign	DDR_SIGNALING	ATR	-0.549477	NOT_WT_LOST
SIM-06677	Benign	DDR_SIGNALING	CHEK1	-0.694109	NOT_WT_LOST
SIM-06678	Benign	DDR_SIGNALING	CHEK2	0.687816	WT_LOST
SIM-06679	Benign	DDR_SIGNALING	ATR	-1.229945	NOT_WT_LOST
SIM-06680	Benign	DDR_SIGNALING	CHEK1	-1.600742	NOT_WT_LOST
SIM-06681	Benign	DDR_SIGNALING	RAD50	0.296548	NOT_WT_LOST
SIM-06682	Benign	DDR_SIGNALING	NBN	0.51803	NOT_WT_LOST
SIM-06683	Benign	DDR_SIGNALING	RAD50	-0.684215	NOT_WT_LOST
SIM-06684	Benign	DDR_SIGNALING	RAD50	0.096194	NOT_WT_LOST
SIM-06685	Benign	DDR_SIGNALING	RAD50	-1.626927	NOT_WT_LOST
SIM-06686	Benign	DDR_SIGNALING	RAD50	-0.431491	NOT_WT_LOST
SIM-06687	Benign	DDR_SIGNALING	NBN	-1.72564	NOT_WT_LOST
SIM-06688	Benign	DDR_SIGNALING	ATM	-0.443137	NOT_WT_LOST
SIM-06689	Benign	DDR_SIGNALING	RAD50	-0.246824	WT_LOST
SIM-06690	Benign	DDR_SIGNALING	RAD50	-1.037675	NOT_WT_LOST
SIM-06691	Benign	DDR_SIGNALING	CHEK1	-1.600233	NOT_WT_LOST
SIM-06692	Benign	DDR_SIGNALING	ATR	0.734942	WT_LOST
SIM-06693	Benign	DDR_SIGNALING	ATM	-2.140826	NOT_WT_LOST
SIM-06694	Benign	DDR_SIGNALING	ATR	-0.785201	NOT_WT_LOST
SIM-06695	Benign	DDR_SIGNALING	ATM	-0.884826	NOT_WT_LOST
SIM-06696	Benign	DDR_SIGNALING	RAD50	1.24382	WT_LOST
SIM-06697	Benign	DDR_SIGNALING	FANCM	-1.065018	NOT_WT_LOST
SIM-06698	Benign	DDR_SIGNALING	CHEK1	0.049764	NOT_WT_LOST
SIM-06699	Benign	DDR_SIGNALING	ATR	-0.542143	NOT_WT_LOST
SIM-06700	Benign	DDR_SIGNALING	ATM	-0.999521	NOT_WT_LOST
SIM-06701	Benign	DDR_SIGNALING	CHEK2	0.417928	WT_LOST
SIM-06702	Benign	DDR_SIGNALING	CHEK2	-0.962396	NOT_WT_LOST
SIM-06703	Benign	DDR_SIGNALING	CHEK1	-0.54399	NOT_WT_LOST
SIM-06704	Benign	DDR_SIGNALING	CHEK1	1.128472	NOT_WT_LOST
SIM-06705	Benign	DDR_SIGNALING	CHEK1	-1.349546	NOT_WT_LOST
SIM-06706	Benign	DDR_SIGNALING	RAD50	-1.92652	NOT_WT_LOST
SIM-06707	Benign	DDR_SIGNALING	ATR	0.508299	WT_LOST
SIM-06708	Benign	DDR_SIGNALING	ATR	0.774867	NOT_WT_LOST
SIM-06709	Benign	DDR_SIGNALING	MRE11	0.83088	NOT_WT_LOST
SIM-06710	Benign	DDR_SIGNALING	RAD50	-0.73255	NOT_WT_LOST
SIM-06711	Benign	DDR_SIGNALING	CHEK2	-3.750467	NOT_WT_LOST
SIM-06712	Benign	DDR_SIGNALING	RAD50	-0.616854	WT_LOST
SIM-06713	Benign	DDR_SIGNALING	NBN	-1.338639	NOT_WT_LOST
SIM-06714	Benign	DDR_SIGNALING	ATR	-1.742987	NOT_WT_LOST
SIM-06715	Benign	DDR_SIGNALING	CHEK1	-0.757448	NOT_WT_LOST
SIM-06716	Benign	DDR_SIGNALING	ATM	-1.299085	NOT_WT_LOST
SIM-06717	Benign	DDR_SIGNALING	NBN	0.19402	WT_LOST
SIM-06718	Benign	DDR_SIGNALING	ATR	-0.213928	NOT_WT_LOST
SIM-06719	Benign	DDR_SIGNALING	CHEK1	1.241787	NOT_WT_LOST
SIM-06720	Benign	DDR_SIGNALING	FANCM	0.525856	NOT_WT_LOST
SIM-06721	Benign	DDR_SIGNALING	CHEK2	-0.074936	NOT_WT_LOST
SIM-06722	Benign	DDR_SIGNALING	MRE11	1.414533	WT_LOST
SIM-06723	Benign	DDR_SIGNALING	RAD50	0.171661	NOT_WT_LOST
SIM-06724	Benign	DDR_SIGNALING	CHEK2	-0.37289	NOT_WT_LOST
SIM-06725	Benign	DDR_SIGNALING	ATR	-3.509656	NOT_WT_LOST
SIM-06726	Benign	DDR_SIGNALING	CHEK2	1.181604	WT_LOST
SIM-06727	Benign	DDR_SIGNALING	NBN	-1.870855	NOT_WT_LOST
SIM-06728	Benign	DDR_SIGNALING	FANCM	-0.325229	NOT_WT_LOST
SIM-06729	Benign	DDR_SIGNALING	MRE11	-0.244964	NOT_WT_LOST
SIM-06730	Benign	DDR_SIGNALING	MRE11	-0.714359	NOT_WT_LOST
SIM-06731	Benign	DDR_SIGNALING	ATM	-1.513363	NOT_WT_LOST
SIM-06732	Benign	DDR_SIGNALING	ATR	-1.583093	NOT_WT_LOST
SIM-06733	Benign	DDR_SIGNALING	CHEK1	0.245557	NOT_WT_LOST
SIM-06734	Benign	DDR_SIGNALING	ATM	-0.427662	NOT_WT_LOST
SIM-06735	Benign	DDR_SIGNALING	RAD50	-1.20746	NOT_WT_LOST
SIM-06736	Benign	DDR_SIGNALING	ATM	-0.12712	NOT_WT_LOST
SIM-06737	Benign	DDR_SIGNALING	ATR	0.649482	WT_LOST
SIM-06738	Benign	DDR_SIGNALING	ATM	-0.330583	WT_LOST
SIM-06739	Benign	DDR_SIGNALING	FANCM	0.273469	WT_LOST
SIM-06740	Benign	DDR_SIGNALING	ATR	0.151504	NOT_WT_LOST
SIM-06741	Benign	DDR_SIGNALING	RAD50	-2.339374	NOT_WT_LOST
SIM-06742	Benign	DDR_SIGNALING	MRE11	-1.335957	NOT_WT_LOST
SIM-06743	Benign	DDR_SIGNALING	MRE11	1.260545	NOT_WT_LOST
SIM-06744	Benign	DDR_SIGNALING	CHEK1	-1.594499	NOT_WT_LOST
SIM-06745	Benign	DDR_SIGNALING	NBN	-1.933716	NOT_WT_LOST
SIM-06746	Benign	DDR_SIGNALING	RAD50	-0.912326	NOT_WT_LOST
SIM-06747	Benign	DDR_SIGNALING	RAD50	-2.146349	NOT_WT_LOST
SIM-06748	Benign	DDR_SIGNALING	CHEK1	-1.160186	NOT_WT_LOST
SIM-06749	Benign	DDR_SIGNALING	ATR	-2.388675	NOT_WT_LOST
SIM-06750	Benign	DDR_SIGNALING	CHEK1	-0.062062	NOT_WT_LOST
SIM-06751	Benign	DDR_SIGNALING	NBN	-0.883929	NOT_WT_LOST
SIM-06752	Benign	DDR_SIGNALING	MRE11	0.151346	WT_LOST
SIM-06753	Benign	DDR_SIGNALING	CHEK1	-1.108253	NOT_WT_LOST
SIM-06754	Benign	DDR_SIGNALING	CHEK1	0.385655	WT_LOST
SIM-06755	Benign	DDR_SIGNALING	ATR	-1.27146	NOT_WT_LOST
SIM-06756	Benign	DDR_SIGNALING	MRE11	-0.752145	WT_LOST
SIM-06757	Benign	DDR_SIGNALING	MRE11	-1.685925	NOT_WT_LOST
SIM-06758	Benign	DDR_SIGNALING	NBN	-0.290576	NOT_WT_LOST
SIM-06759	Benign	DDR_SIGNALING	FANCM	-0.370771	NOT_WT_LOST
SIM-06760	Benign	DDR_SIGNALING	RAD50	-2.368163	NOT_WT_LOST
SIM-06761	Benign	DDR_SIGNALING	RAD50	-0.797669	NOT_WT_LOST
SIM-06762	Benign	DDR_SIGNALING	MRE11	-2.851279	NOT_WT_LOST
SIM-06763	Benign	DDR_SIGNALING	RAD50	-1.607286	NOT_WT_LOST
SIM-06764	Benign	DDR_SIGNALING	ATR	-0.126723	NOT_WT_LOST
SIM-06765	Benign	DDR_SIGNALING	ATR	0.187923	NOT_WT_LOST
SIM-06766	Benign	DDR_SIGNALING	FANCM	-0.197682	NOT_WT_LOST
SIM-06767	Benign	DDR_SIGNALING	ATM	-0.719146	WT_LOST
SIM-06768	Benign	DDR_SIGNALING	ATR	-0.071063	NOT_WT_LOST
SIM-06769	Benign	DDR_SIGNALING	FANCM	-2.150863	NOT_EVALUABLE
SIM-06770	Benign	DDR_SIGNALING	RAD50	-1.113051	NOT_EVALUABLE
SIM-06771	Benign	DDR_SIGNALING	MRE11	-0.848553	NOT_EVALUABLE
SIM-06772	Benign	DDR_SIGNALING	MRE11	-1.861767	NOT_EVALUABLE
SIM-06773	Benign	DDR_SIGNALING	CHEK2	-2.871229	NOT_EVALUABLE
SIM-06774	Benign	DDR_SIGNALING	MRE11	0.162673	NOT_EVALUABLE
SIM-06775	Benign	DDR_SIGNALING	RAD50	-1.318332	NOT_EVALUABLE
SIM-06776	Benign	DDR_SIGNALING	FANCM	-0.771517	NOT_EVALUABLE
SIM-06777	Benign	DDR_SIGNALING	FANCM	0.762912	NOT_WT_LOST
SIM-06778	Benign	DDR_SIGNALING	ATR	0.579786	NOT_WT_LOST
SIM-06779	Benign	DDR_SIGNALING	ATR	-0.004514	NOT_WT_LOST
SIM-06780	Benign	DDR_SIGNALING	ATR	-0.5182	NOT_WT_LOST
SIM-06781	Benign	DDR_SIGNALING	NBN	-1.405742	NOT_WT_LOST
SIM-06782	Benign	DDR_SIGNALING	RAD50	0.598022	WT_LOST
SIM-06783	Benign	DDR_SIGNALING	ATR	-1.183325	NOT_WT_LOST
SIM-06784	Benign	DDR_SIGNALING	MRE11	-1.415615	NOT_WT_LOST
SIM-06785	Benign	DDR_SIGNALING	NBN	-0.166017	WT_LOST
SIM-06786	Benign	DDR_SIGNALING	FANCM	0.912637	NOT_WT_LOST
SIM-06787	Benign	DDR_SIGNALING	NBN	0.155846	WT_LOST
SIM-06788	Benign	DDR_SIGNALING	CHEK2	-0.098233	NOT_WT_LOST
SIM-06789	Benign	DDR_SIGNALING	ATM	-1.043079	NOT_WT_LOST
SIM-06790	Benign	DDR_SIGNALING	FANCM	-0.747898	NOT_WT_LOST
SIM-06791	Benign	DDR_SIGNALING	NBN	-0.303446	WT_LOST
SIM-06792	Benign	DDR_SIGNALING	FANCM	-0.29809	NOT_WT_LOST
SIM-06793	Benign	DDR_SIGNALING	FANCM	-0.66595	NOT_WT_LOST
SIM-06794	Benign	DDR_SIGNALING	CHEK2	-0.792158	NOT_WT_LOST
SIM-06795	Benign	DDR_SIGNALING	ATM	-0.666065	WT_LOST
SIM-06796	Benign	DDR_SIGNALING	NBN	-0.295647	NOT_WT_LOST
SIM-06797	Benign	DDR_SIGNALING	FANCM	-0.76049	NOT_WT_LOST
SIM-06798	Benign	DDR_SIGNALING	CHEK2	-1.076297	NOT_WT_LOST
SIM-06799	Benign	DDR_SIGNALING	ATM	-0.867672	NOT_WT_LOST
SIM-06800	Benign	DDR_SIGNALING	ATR	-0.580857	NOT_WT_LOST
SIM-06801	Benign	DDR_SIGNALING	FANCM	-2.029555	NOT_WT_LOST
SIM-06802	Benign	DDR_SIGNALING	ATM	-1.163284	NOT_WT_LOST
SIM-06803	Benign	DDR_SIGNALING	CHEK1	0.278231	NOT_WT_LOST
SIM-06804	Benign	DDR_SIGNALING	MRE11	-0.208695	WT_LOST
SIM-06805	Benign	DDR_SIGNALING	CHEK2	-2.168171	NOT_WT_LOST
SIM-06806	Benign	DDR_SIGNALING	CHEK2	0.7904	NOT_WT_LOST
SIM-06807	Benign	DDR_SIGNALING	MRE11	0.704086	WT_LOST
SIM-06808	Benign	DDR_SIGNALING	RAD50	0.310314	NOT_WT_LOST
SIM-06809	Benign	DDR_SIGNALING	MRE11	1.297692	NOT_WT_LOST
SIM-06810	Benign	DDR_SIGNALING	RAD50	0.940556	WT_LOST
SIM-06811	Benign	DDR_SIGNALING	FANCM	-0.666296	NOT_WT_LOST
SIM-06812	Benign	DDR_SIGNALING	FANCM	-2.180265	NOT_WT_LOST
SIM-06813	Benign	DDR_SIGNALING	CHEK2	-0.684442	NOT_WT_LOST
SIM-06814	Benign	DDR_SIGNALING	NBN	0.127764	WT_LOST
SIM-06815	Benign	DDR_SIGNALING	FANCM	0.034022	NOT_WT_LOST
SIM-06816	Benign	DDR_SIGNALING	MRE11	0.36186	WT_LOST
SIM-06817	Benign	DDR_SIGNALING	FANCM	-0.928374	WT_LOST
SIM-06818	Benign	DDR_SIGNALING	RAD50	-0.980075	NOT_WT_LOST
SIM-06819	Benign	DDR_SIGNALING	NBN	-2.975887	NOT_WT_LOST
SIM-06820	Benign	DDR_SIGNALING	RAD50	-0.522073	WT_LOST
SIM-06821	Benign	DDR_SIGNALING	ATM	0.582906	WT_LOST
SIM-06822	Benign	DDR_SIGNALING	ATR	-0.722492	NOT_WT_LOST
SIM-06823	Benign	DDR_SIGNALING	CHEK1	-0.825405	WT_LOST
SIM-06824	Benign	DDR_SIGNALING	FANCM	-0.593321	NOT_WT_LOST
SIM-06825	Benign	DDR_SIGNALING	ATM	-2.153435	NOT_WT_LOST
SIM-06826	Benign	DDR_SIGNALING	RAD50	-0.492694	NOT_WT_LOST
SIM-06827	Benign	DDR_SIGNALING	CHEK2	-1.705053	NOT_WT_LOST
SIM-06828	Benign	DDR_SIGNALING	FANCM	-0.028062	WT_LOST
SIM-06829	Benign	DDR_SIGNALING	NBN	-0.635449	NOT_WT_LOST
SIM-06830	Benign	DDR_SIGNALING	CHEK2	-1.419236	WT_LOST
SIM-06831	Benign	DDR_SIGNALING	ATM	-0.512475	NOT_WT_LOST
SIM-06832	Benign	DDR_SIGNALING	CHEK1	-1.588661	NOT_WT_LOST
SIM-06833	Benign	DDR_SIGNALING	ATR	-1.018124	NOT_WT_LOST
SIM-06834	Benign	DDR_SIGNALING	RAD50	-0.187629	NOT_WT_LOST
SIM-06835	Benign	DDR_SIGNALING	RAD50	1.188269	NOT_WT_LOST
SIM-06836	Benign	DDR_SIGNALING	FANCM	-0.20728	NOT_WT_LOST
SIM-06837	Benign	DDR_SIGNALING	NBN	1.086643	WT_LOST
SIM-06838	Benign	DDR_SIGNALING	NBN	0.116378	NOT_WT_LOST
SIM-06839	Benign	DDR_SIGNALING	ATM	-1.637807	NOT_WT_LOST
SIM-06840	Benign	DDR_SIGNALING	NBN	0.386277	NOT_WT_LOST
SIM-06841	Benign	DDR_SIGNALING	FANCM	-0.589372	NOT_WT_LOST
SIM-06842	Benign	DDR_SIGNALING	ATM	0.158308	NOT_WT_LOST
SIM-06843	Benign	DDR_SIGNALING	CHEK1	-0.615847	NOT_WT_LOST
SIM-06844	Benign	DDR_SIGNALING	FANCM	-0.878311	NOT_WT_LOST
SIM-06845	Benign	DDR_SIGNALING	RAD50	-1.537673	NOT_WT_LOST
SIM-06846	Benign	DDR_SIGNALING	NBN	0.309989	NOT_WT_LOST
SIM-06847	Benign	DDR_SIGNALING	FANCM	1.01338	WT_LOST
SIM-06848	Benign	DDR_SIGNALING	MRE11	0.333715	WT_LOST
SIM-06849	Benign	DDR_SIGNALING	FANCM	0.177746	NOT_WT_LOST
SIM-06850	Benign	DDR_SIGNALING	FANCM	-1.194144	NOT_WT_LOST
SIM-06851	Benign	DDR_SIGNALING	CHEK1	0.129337	NOT_WT_LOST
SIM-06852	Benign	DDR_SIGNALING	CHEK2	-0.183665	NOT_WT_LOST
SIM-06853	Benign	DDR_SIGNALING	FANCM	-2.319339	NOT_WT_LOST
SIM-06854	Benign	DDR_SIGNALING	FANCM	-1.126879	NOT_WT_LOST
SIM-06855	Benign	DDR_SIGNALING	CHEK2	-0.031169	NOT_WT_LOST
SIM-06856	Benign	DDR_SIGNALING	MRE11	-2.152231	NOT_WT_LOST
SIM-06857	Benign	DDR_SIGNALING	MRE11	0.38807	WT_LOST
SIM-06858	Benign	DDR_SIGNALING	RAD50	0.068518	NOT_WT_LOST
SIM-06859	Benign	DDR_SIGNALING	NBN	-1.065663	NOT_WT_LOST
SIM-06860	Benign	DDR_SIGNALING	ATM	-1.980276	NOT_WT_LOST
SIM-06861	Benign	DDR_SIGNALING	ATM	-2.557424	NOT_WT_LOST
SIM-06862	Benign	DDR_SIGNALING	ATR	-0.842017	NOT_WT_LOST
SIM-06863	Benign	DDR_SIGNALING	MRE11	2.175003	NOT_WT_LOST
SIM-06864	Benign	DDR_SIGNALING	FANCM	-1.096583	NOT_WT_LOST
SIM-06865	Benign	DDR_SIGNALING	NBN	-0.887828	NOT_WT_LOST
SIM-06866	Benign	DDR_SIGNALING	RAD50	1.440341	WT_LOST
SIM-06867	Benign	DDR_SIGNALING	MRE11	-0.387944	NOT_WT_LOST
SIM-06868	Benign	DDR_SIGNALING	CHEK1	0.197862	NOT_WT_LOST
SIM-06869	Benign	DDR_SIGNALING	FANCM	0.618815	WT_LOST
SIM-06870	Benign	DDR_SIGNALING	ATR	-2.543524	NOT_WT_LOST
SIM-06871	Benign	DDR_SIGNALING	NBN	-1.828012	NOT_WT_LOST
SIM-06872	Benign	DDR_SIGNALING	CHEK1	-0.95156	NOT_WT_LOST
SIM-06873	Benign	DDR_SIGNALING	ATM	-0.514105	WT_LOST
SIM-06874	Benign	DDR_SIGNALING	NBN	-0.881874	NOT_WT_LOST
SIM-06875	Benign	DDR_SIGNALING	NBN	0.363156	NOT_WT_LOST
SIM-06876	Benign	DDR_SIGNALING	FANCM	0.546583	WT_LOST
SIM-06877	Benign	DDR_SIGNALING	RAD50	-2.277511	NOT_WT_LOST
SIM-06878	Benign	DDR_SIGNALING	MRE11	0.694855	NOT_WT_LOST
SIM-06879	Benign	DDR_SIGNALING	MRE11	-0.176792	WT_LOST
SIM-06880	Benign	DDR_SIGNALING	NBN	-1.740534	NOT_WT_LOST
SIM-06881	Benign	DDR_SIGNALING	FANCM	-0.288394	NOT_WT_LOST
SIM-06882	Benign	DDR_SIGNALING	CHEK1	-0.41842	NOT_WT_LOST
SIM-06883	Benign	DDR_SIGNALING	NBN	-0.300065	NOT_WT_LOST
SIM-06884	Benign	DDR_SIGNALING	MRE11	0.908321	WT_LOST
SIM-06885	Benign	DDR_SIGNALING	ATR	0.314914	NOT_WT_LOST
SIM-06886	Benign	DDR_SIGNALING	FANCM	0.326022	WT_LOST
SIM-06887	Benign	DDR_SIGNALING	CHEK1	-2.043925	NOT_WT_LOST
SIM-06888	Benign	DDR_SIGNALING	RAD50	-0.096668	NOT_WT_LOST
SIM-06889	Benign	DDR_SIGNALING	NBN	0.350771	NOT_WT_LOST
SIM-06890	Benign	DDR_SIGNALING	FANCM	-2.012682	NOT_WT_LOST
SIM-06891	Benign	DDR_SIGNALING	NBN	-1.605765	NOT_WT_LOST
SIM-06892	Benign	DDR_SIGNALING	ATR	-1.768767	NOT_WT_LOST
SIM-06893	Benign	DDR_SIGNALING	MRE11	-0.494398	NOT_WT_LOST
SIM-06894	Benign	DDR_SIGNALING	NBN	-0.784631	NOT_WT_LOST
SIM-06895	Benign	DDR_SIGNALING	ATM	1.955824	WT_LOST
SIM-06896	Benign	DDR_SIGNALING	CHEK2	-0.903346	NOT_WT_LOST
SIM-06897	Benign	DDR_SIGNALING	CHEK2	-0.629928	WT_LOST
SIM-06898	Benign	DDR_SIGNALING	ATM	0.607058	WT_LOST
SIM-06899	Benign	DDR_SIGNALING	MRE11	-0.655876	NOT_WT_LOST
SIM-06900	Benign	DDR_SIGNALING	MRE11	0.261883	NOT_WT_LOST
SIM-06901	Benign	DDR_SIGNALING	CHEK1	-0.610286	NOT_WT_LOST
SIM-06902	Benign	DDR_SIGNALING	MRE11	-2.007612	NOT_WT_LOST
SIM-06903	Benign	DDR_SIGNALING	FANCM	0.926752	WT_LOST
SIM-06904	Benign	DDR_SIGNALING	ATM	0.575228	WT_LOST
SIM-06905	Benign	DDR_SIGNALING	CHEK1	-0.681016	WT_LOST
SIM-06906	Benign	DDR_SIGNALING	FANCM	0.213289	NOT_WT_LOST
SIM-06907	Benign	DDR_SIGNALING	RAD50	-0.35471	NOT_WT_LOST
SIM-06908	Benign	DDR_SIGNALING	ATM	-0.427301	WT_LOST
SIM-06909	Benign	DDR_SIGNALING	ATM	-1.252079	NOT_WT_LOST
SIM-06910	Benign	DDR_SIGNALING	RAD50	-0.374027	NOT_WT_LOST
SIM-06911	Benign	DDR_SIGNALING	MRE11	0.703899	NOT_WT_LOST
SIM-06912	Benign	DDR_SIGNALING	FANCM	-0.047045	WT_LOST
SIM-06913	Benign	DDR_SIGNALING	CHEK1	0.381579	NOT_WT_LOST
SIM-06914	Benign	DDR_SIGNALING	ATM	-0.414989	NOT_WT_LOST
SIM-06915	Benign	DDR_SIGNALING	ATR	-2.773159	NOT_WT_LOST
SIM-06916	Benign	DDR_SIGNALING	RAD50	0.616067	WT_LOST
SIM-06917	Benign	DDR_SIGNALING	CHEK1	0.242481	NOT_WT_LOST
SIM-06918	Benign	DDR_SIGNALING	RAD50	-0.164801	WT_LOST
SIM-06919	Benign	DDR_SIGNALING	RAD50	-0.417318	NOT_WT_LOST
SIM-06920	Benign	DDR_SIGNALING	RAD50	-0.559788	NOT_WT_LOST
SIM-06921	Benign	DDR_SIGNALING	NBN	1.24592	NOT_WT_LOST
SIM-06922	Benign	DDR_SIGNALING	CHEK1	-0.462928	NOT_WT_LOST
SIM-06923	Benign	DDR_SIGNALING	FANCM	1.126611	WT_LOST
SIM-06924	Benign	DDR_SIGNALING	ATM	1.221134	WT_LOST
SIM-06925	Benign	DDR_SIGNALING	CHEK1	-0.49728	WT_LOST
SIM-06926	Benign	DDR_SIGNALING	RAD50	0.067788	WT_LOST
SIM-06927	Benign	DDR_SIGNALING	ATR	-1.993781	NOT_WT_LOST
SIM-06928	Benign	DDR_SIGNALING	CHEK1	0.324727	NOT_WT_LOST
SIM-06929	Benign	DDR_SIGNALING	CHEK1	-2.920075	NOT_WT_LOST
SIM-06930	Benign	DDR_SIGNALING	NBN	0.803746	WT_LOST
SIM-06931	Benign	DDR_SIGNALING	NBN	-1.366572	NOT_WT_LOST
SIM-06932	Benign	DDR_SIGNALING	CHEK1	-0.943641	NOT_WT_LOST
SIM-06933	Benign	DDR_SIGNALING	FANCM	-0.096571	NOT_WT_LOST
SIM-06934	Benign	DDR_SIGNALING	CHEK2	-1.476618	NOT_WT_LOST
SIM-06935	Benign	DDR_SIGNALING	ATM	-0.562582	NOT_WT_LOST
SIM-06936	Benign	DDR_SIGNALING	ATR	-0.429196	NOT_WT_LOST
SIM-06937	Benign	DDR_SIGNALING	MRE11	-1.199909	NOT_WT_LOST
SIM-06938	Benign	DDR_SIGNALING	FANCM	0.722573	NOT_WT_LOST
SIM-06939	Benign	DDR_SIGNALING	ATM	2.110852	WT_LOST
SIM-06940	Benign	DDR_SIGNALING	NBN	-2.804174	NOT_WT_LOST
SIM-06941	Benign	DDR_SIGNALING	NBN	-1.588632	NOT_WT_LOST
SIM-06942	Benign	DDR_SIGNALING	ATR	0.791596	WT_LOST
SIM-06943	Benign	DDR_SIGNALING	MRE11	0.539442	NOT_WT_LOST
SIM-06944	Benign	DDR_SIGNALING	ATM	0.714802	NOT_WT_LOST
SIM-06945	Benign	DDR_SIGNALING	NBN	-0.313531	NOT_WT_LOST
SIM-06946	Benign	DDR_SIGNALING	FANCM	-0.736944	NOT_WT_LOST
SIM-06947	Benign	DDR_SIGNALING	FANCM	-1.795009	NOT_WT_LOST
SIM-06948	Benign	DDR_SIGNALING	NBN	-1.564834	NOT_WT_LOST
SIM-06949	Benign	DDR_SIGNALING	ATM	-1.386937	NOT_WT_LOST
SIM-06950	Benign	DDR_SIGNALING	RAD50	-0.312932	NOT_WT_LOST
SIM-06951	Benign	DDR_SIGNALING	ATR	-1.142085	NOT_WT_LOST
SIM-06952	Benign	DDR_SIGNALING	CHEK1	-0.712325	NOT_WT_LOST
SIM-06953	Benign	DDR_SIGNALING	CHEK1	0.285202	NOT_WT_LOST
SIM-06954	Benign	DDR_SIGNALING	CHEK1	-0.62713	NOT_WT_LOST
SIM-06955	Benign	DDR_SIGNALING	ATM	0.521703	WT_LOST
SIM-06956	Benign	DDR_SIGNALING	FANCM	0.223052	NOT_WT_LOST
SIM-06957	Benign	DDR_SIGNALING	NBN	-1.498865	NOT_WT_LOST
SIM-06958	Benign	DDR_SIGNALING	ATM	-0.530865	WT_LOST
SIM-06959	Benign	DDR_SIGNALING	CHEK2	-0.82745	NOT_WT_LOST
SIM-06960	Benign	DDR_SIGNALING	ATM	-0.356067	NOT_WT_LOST
SIM-06961	Benign	DDR_SIGNALING	RAD50	0.409957	NOT_WT_LOST
SIM-06962	Benign	DDR_SIGNALING	RAD50	0.772958	WT_LOST
SIM-06963	Benign	DDR_SIGNALING	ATM	-1.788575	NOT_WT_LOST
SIM-06964	Benign	DDR_SIGNALING	CHEK2	-0.290903	NOT_WT_LOST
SIM-06965	Benign	DDR_SIGNALING	ATR	1.459065	NOT_WT_LOST
SIM-06966	Benign	DDR_SIGNALING	RAD50	-1.262493	WT_LOST
SIM-06967	Benign	DDR_SIGNALING	FANCM	-1.129762	NOT_WT_LOST
SIM-06968	Benign	DDR_SIGNALING	FANCM	0.022429	NOT_WT_LOST
SIM-06969	Benign	DDR_SIGNALING	NBN	0.557424	NOT_WT_LOST
SIM-06970	Benign	DDR_SIGNALING	NBN	0.109829	NOT_WT_LOST
SIM-06971	Benign	DDR_SIGNALING	NBN	-2.118826	NOT_WT_LOST
SIM-06972	Benign	DDR_SIGNALING	CHEK1	0.101817	WT_LOST
SIM-06973	Benign	DDR_SIGNALING	FANCM	0.584946	WT_LOST
SIM-06974	Benign	DDR_SIGNALING	ATM	-0.526891	NOT_WT_LOST
SIM-06975	Benign	DDR_SIGNALING	ATR	-0.011054	WT_LOST
SIM-06976	Benign	DDR_SIGNALING	CHEK1	-1.776508	NOT_WT_LOST
SIM-06977	Benign	DDR_SIGNALING	ATR	-0.925035	NOT_WT_LOST
SIM-06978	Benign	DDR_SIGNALING	RAD50	-1.416603	NOT_WT_LOST
SIM-06979	Benign	DDR_SIGNALING	ATR	0.83128	NOT_WT_LOST
SIM-06980	Benign	DDR_SIGNALING	CHEK2	-0.553673	NOT_WT_LOST
SIM-06981	Benign	DDR_SIGNALING	FANCM	-0.03018	NOT_WT_LOST
SIM-06982	Benign	DDR_SIGNALING	MRE11	-0.403237	WT_LOST
SIM-06983	Benign	DDR_SIGNALING	RAD50	0.057294	NOT_WT_LOST
SIM-06984	Benign	DDR_SIGNALING	NBN	0.082469	WT_LOST
SIM-06985	Benign	DDR_SIGNALING	MRE11	-0.6611	NOT_WT_LOST
SIM-06986	Benign	DDR_SIGNALING	CHEK1	-0.61359	NOT_WT_LOST
SIM-06987	Benign	DDR_SIGNALING	ATR	-0.519345	NOT_WT_LOST
SIM-06988	Benign	DDR_SIGNALING	ATR	0.278278	WT_LOST
SIM-06989	Benign	DDR_SIGNALING	RAD50	-0.739068	NOT_WT_LOST
SIM-06990	Benign	DDR_SIGNALING	CHEK1	-0.640232	NOT_WT_LOST
SIM-06991	Benign	DDR_SIGNALING	CHEK1	-1.408988	NOT_WT_LOST
SIM-06992	Benign	DDR_SIGNALING	MRE11	-0.196912	NOT_WT_LOST
SIM-06993	Benign	DDR_SIGNALING	FANCM	-1.807128	NOT_WT_LOST
SIM-06994	Benign	DDR_SIGNALING	ATR	-0.955817	NOT_WT_LOST
SIM-06995	Benign	DDR_SIGNALING	FANCM	-0.287342	WT_LOST
SIM-06996	Benign	DDR_SIGNALING	FANCM	-0.389389	NOT_WT_LOST
SIM-06997	Benign	DDR_SIGNALING	MRE11	0.187102	NOT_WT_LOST
SIM-06998	Benign	DDR_SIGNALING	FANCM	-1.80691	NOT_WT_LOST
SIM-06999	Benign	DDR_SIGNALING	CHEK2	0.734949	NOT_WT_LOST
SIM-07000	Benign	DDR_SIGNALING	RAD50	-0.679396	NOT_WT_LOST
SIM-07001	Benign	DDR_SIGNALING	RAD50	-0.659271	WT_LOST
SIM-07002	Benign	DDR_SIGNALING	CHEK2	-2.772925	NOT_WT_LOST
SIM-07003	Benign	DDR_SIGNALING	ATM	-1.463319	NOT_WT_LOST
SIM-07004	Benign	DDR_SIGNALING	CHEK2	-0.757049	NOT_WT_LOST
SIM-07005	Benign	DDR_SIGNALING	CHEK2	-0.058352	NOT_WT_LOST
SIM-07006	Benign	DDR_SIGNALING	CHEK1	-1.057117	NOT_WT_LOST
SIM-07007	Benign	DDR_SIGNALING	FANCM	-0.527827	WT_LOST
SIM-07008	Benign	DDR_SIGNALING	MRE11	-2.672969	NOT_WT_LOST
SIM-07009	Benign	DDR_SIGNALING	FANCM	1.044883	WT_LOST
SIM-07010	Benign	DDR_SIGNALING	FANCM	-0.53482	NOT_WT_LOST
SIM-07011	Benign	DDR_SIGNALING	NBN	-0.572939	NOT_WT_LOST
SIM-07012	Benign	DDR_SIGNALING	CHEK1	-0.108096	NOT_WT_LOST
SIM-07013	Benign	DDR_SIGNALING	ATR	-0.30176	NOT_WT_LOST
SIM-07014	Benign	DDR_SIGNALING	ATR	-1.155842	NOT_WT_LOST
SIM-07015	Benign	DDR_SIGNALING	CHEK2	-0.344983	NOT_WT_LOST
SIM-07016	Benign	DDR_SIGNALING	CHEK2	-0.259106	NOT_WT_LOST
SIM-07017	Benign	DDR_SIGNALING	CHEK2	-0.066515	NOT_WT_LOST
SIM-07018	Benign	DDR_SIGNALING	ATM	-0.775447	NOT_WT_LOST
SIM-07019	Benign	DDR_SIGNALING	ATR	-1.014876	WT_LOST
SIM-07020	Benign	DDR_SIGNALING	CHEK2	-0.054356	WT_LOST
SIM-07021	Benign	DDR_SIGNALING	RAD50	-1.110582	NOT_WT_LOST
SIM-07022	Benign	DDR_SIGNALING	ATR	-2.075751	NOT_WT_LOST
SIM-07023	Benign	DDR_SIGNALING	CHEK1	-0.111416	WT_LOST
SIM-07024	Benign	DDR_SIGNALING	RAD50	-0.511352	NOT_WT_LOST
SIM-07025	Benign	DDR_SIGNALING	FANCM	-0.230263	NOT_WT_LOST
SIM-07026	Benign	DDR_SIGNALING	FANCM	-0.519611	NOT_WT_LOST
SIM-07027	Benign	DDR_SIGNALING	FANCM	-0.409247	WT_LOST
SIM-07028	Benign	DDR_SIGNALING	ATM	-1.461145	NOT_WT_LOST
SIM-07029	Benign	DDR_SIGNALING	ATR	1.019806	WT_LOST
SIM-07030	Benign	DDR_SIGNALING	RAD50	1.456318	WT_LOST
SIM-07031	Benign	DDR_SIGNALING	CHEK2	1.403705	WT_LOST
SIM-07032	Benign	DDR_SIGNALING	MRE11	-1.216923	NOT_WT_LOST
SIM-07033	Benign	DDR_SIGNALING	RAD50	-1.449268	WT_LOST
SIM-07034	Benign	DDR_SIGNALING	FANCM	-0.33358	NOT_WT_LOST
SIM-07035	Benign	DDR_SIGNALING	NBN	-0.059313	NOT_WT_LOST
SIM-07036	Benign	DDR_SIGNALING	ATM	-1.246139	NOT_WT_LOST
SIM-07037	Benign	DDR_SIGNALING	NBN	-2.006169	NOT_WT_LOST
SIM-07038	Benign	DDR_SIGNALING	CHEK2	-0.656442	NOT_WT_LOST
SIM-07039	Benign	DDR_SIGNALING	RAD50	-1.47367	WT_LOST
SIM-07040	Benign	DDR_SIGNALING	NBN	-1.251778	NOT_WT_LOST
SIM-07041	Benign	DDR_SIGNALING	NBN	1.207446	NOT_WT_LOST
SIM-07042	Benign	DDR_SIGNALING	CHEK1	-0.091808	NOT_WT_LOST
SIM-07043	Benign	DDR_SIGNALING	ATM	-0.867422	WT_LOST
SIM-07044	Benign	DDR_SIGNALING	ATM	-1.163943	WT_LOST
SIM-07045	Benign	DDR_SIGNALING	CHEK1	-0.604619	WT_LOST
SIM-07046	Benign	DDR_SIGNALING	FANCM	-1.660564	NOT_WT_LOST
SIM-07047	Benign	DDR_SIGNALING	ATM	-0.550605	NOT_WT_LOST
SIM-07048	Benign	DDR_SIGNALING	CHEK1	-0.447789	NOT_WT_LOST
SIM-07049	Benign	DDR_SIGNALING	ATM	0.156732	WT_LOST
SIM-07050	Benign	DDR_SIGNALING	MRE11	0.33186	NOT_WT_LOST
SIM-07051	Benign	DDR_SIGNALING	MRE11	0.053723	NOT_WT_LOST
SIM-07052	Benign	DDR_SIGNALING	MRE11	-0.995372	NOT_WT_LOST
SIM-07053	Benign	DDR_SIGNALING	FANCM	-0.364279	NOT_WT_LOST
SIM-07054	Benign	DDR_SIGNALING	CHEK1	-1.013731	NOT_WT_LOST
SIM-07055	Benign	DDR_SIGNALING	ATM	-2.51115	NOT_WT_LOST
SIM-07056	Benign	DDR_SIGNALING	CHEK2	0.343114	WT_LOST
SIM-07057	Benign	DDR_SIGNALING	RAD50	0.551735	NOT_WT_LOST
SIM-07058	Benign	DDR_SIGNALING	MRE11	-1.636605	NOT_WT_LOST
SIM-07059	Benign	DDR_SIGNALING	RAD50	-0.055676	NOT_WT_LOST
SIM-07060	Benign	DDR_SIGNALING	ATR	-1.499455	NOT_WT_LOST
SIM-07061	Benign	DDR_SIGNALING	RAD50	-0.987129	NOT_WT_LOST
SIM-07062	Benign	DDR_SIGNALING	RAD50	-1.500662	NOT_WT_LOST
SIM-07063	Benign	DDR_SIGNALING	NBN	-0.193212	WT_LOST
SIM-07064	Benign	DDR_SIGNALING	FANCM	-0.132507	NOT_WT_LOST
SIM-07065	Benign	DDR_SIGNALING	NBN	-0.059029	NOT_WT_LOST
SIM-07066	Benign	DDR_SIGNALING	MRE11	-0.185202	NOT_WT_LOST
SIM-07067	Benign	DDR_SIGNALING	MRE11	1.000529	WT_LOST
SIM-07068	Benign	DDR_SIGNALING	NBN	0.13278	NOT_WT_LOST
SIM-07069	Benign	DDR_SIGNALING	NBN	0.16	NOT_WT_LOST
SIM-07070	Benign	DDR_SIGNALING	RAD50	0.741771	NOT_WT_LOST
SIM-07071	Benign	DDR_SIGNALING	CHEK1	1.245597	WT_LOST
SIM-07072	Benign	DDR_SIGNALING	FANCM	-0.509302	NOT_WT_LOST
SIM-07073	Benign	DDR_SIGNALING	MRE11	-1.219325	NOT_WT_LOST
SIM-07074	Benign	DDR_SIGNALING	FANCM	-1.138762	WT_LOST
SIM-07075	Benign	DDR_SIGNALING	ATR	-1.177079	WT_LOST
SIM-07076	Benign	DDR_SIGNALING	MRE11	-0.673836	NOT_WT_LOST
SIM-07077	Benign	DDR_SIGNALING	CHEK1	-1.235868	NOT_WT_LOST
SIM-07078	Benign	DDR_SIGNALING	RAD50	-0.735335	WT_LOST
SIM-07079	Benign	DDR_SIGNALING	FANCM	-1.643041	NOT_WT_LOST
SIM-07080	Benign	DDR_SIGNALING	CHEK1	-0.194084	WT_LOST
SIM-07081	Benign	DDR_SIGNALING	MRE11	1.019697	WT_LOST
SIM-07082	Benign	DDR_SIGNALING	CHEK1	-0.155934	NOT_WT_LOST
SIM-07083	Benign	DDR_SIGNALING	ATR	0.725926	WT_LOST
SIM-07084	Benign	DDR_SIGNALING	CHEK1	1.694916	WT_LOST
SIM-07085	Benign	DDR_SIGNALING	ATR	-0.664635	NOT_WT_LOST
SIM-07086	Benign	DDR_SIGNALING	CHEK2	-1.997288	NOT_WT_LOST
SIM-07087	Benign	DDR_SIGNALING	CHEK1	-1.189724	NOT_WT_LOST
SIM-07088	Benign	DDR_SIGNALING	CHEK1	-2.577039	NOT_WT_LOST
SIM-07089	Benign	DDR_SIGNALING	CHEK1	-2.440638	NOT_WT_LOST
SIM-07090	Benign	DDR_SIGNALING	FANCM	-0.772301	NOT_WT_LOST
SIM-07091	Benign	DDR_SIGNALING	NBN	-2.441864	NOT_WT_LOST
SIM-07092	Benign	DDR_SIGNALING	CHEK2	1.350901	WT_LOST
SIM-07093	Benign	DDR_SIGNALING	CHEK1	-0.535812	WT_LOST
SIM-07094	Benign	DDR_SIGNALING	MRE11	1.098693	WT_LOST
SIM-07095	Benign	DDR_SIGNALING	FANCM	-0.987358	NOT_WT_LOST
SIM-07096	Benign	DDR_SIGNALING	NBN	0.128095	NOT_WT_LOST
SIM-07097	Benign	DDR_SIGNALING	ATM	-0.326625	NOT_WT_LOST
SIM-07098	Benign	DDR_SIGNALING	CHEK2	1.06107	NOT_WT_LOST
SIM-07099	Benign	DDR_SIGNALING	ATR	-1.237232	NOT_WT_LOST
SIM-07100	Benign	DDR_SIGNALING	FANCM	-0.778387	NOT_WT_LOST
SIM-07101	Benign	DDR_SIGNALING	NBN	0.093705	NOT_WT_LOST
SIM-07102	Benign	DDR_SIGNALING	CHEK2	-1.490668	NOT_WT_LOST
SIM-07103	Benign	DDR_SIGNALING	MRE11	-2.273289	NOT_WT_LOST
SIM-07104	Benign	DDR_SIGNALING	FANCM	-0.849838	NOT_WT_LOST
SIM-07105	Benign	DDR_SIGNALING	CHEK1	2.081071	WT_LOST
SIM-07106	Benign	DDR_SIGNALING	FANCM	-0.21476	WT_LOST
SIM-07107	Benign	DDR_SIGNALING	ATR	0.009799	NOT_WT_LOST
SIM-07108	Benign	DDR_SIGNALING	NBN	1.094211	WT_LOST
SIM-07109	Benign	DDR_SIGNALING	RAD50	-0.516016	NOT_WT_LOST
SIM-07110	Benign	DDR_SIGNALING	CHEK2	0.504404	WT_LOST
SIM-07111	Benign	DDR_SIGNALING	ATR	-2.058745	NOT_WT_LOST
SIM-07112	Benign	DDR_SIGNALING	NBN	-0.599884	NOT_WT_LOST
SIM-07113	Benign	DDR_SIGNALING	FANCM	-2.365038	NOT_WT_LOST
SIM-07114	Benign	DDR_SIGNALING	FANCM	-1.276827	NOT_WT_LOST
SIM-07115	Benign	DDR_SIGNALING	ATM	0.177741	WT_LOST
SIM-07116	Benign	DDR_SIGNALING	MRE11	0.286806	WT_LOST
SIM-07117	Benign	DDR_SIGNALING	FANCM	-1.209351	NOT_WT_LOST
SIM-07118	Benign	DDR_SIGNALING	FANCM	-0.639176	NOT_WT_LOST
SIM-07119	Benign	DDR_SIGNALING	ATM	-0.991063	NOT_WT_LOST
SIM-07120	Benign	DDR_SIGNALING	NBN	-0.353224	WT_LOST
SIM-07121	Benign	DDR_SIGNALING	FANCM	0.356935	WT_LOST
SIM-07122	Benign	DDR_SIGNALING	ATM	-1.933085	NOT_WT_LOST
SIM-07123	Benign	DDR_SIGNALING	MRE11	-0.839038	NOT_WT_LOST
SIM-07124	Benign	DDR_SIGNALING	ATR	1.132321	WT_LOST
SIM-07125	Benign	DDR_SIGNALING	FANCM	-2.074325	WT_LOST
SIM-07126	Benign	DDR_SIGNALING	ATR	0.772174	NOT_WT_LOST
SIM-07127	Benign	DDR_SIGNALING	MRE11	-1.270803	NOT_WT_LOST
SIM-07128	Benign	DDR_SIGNALING	FANCM	0.05816	WT_LOST
SIM-07129	Benign	DDR_SIGNALING	ATR	-1.30766	NOT_WT_LOST
SIM-07130	Benign	DDR_SIGNALING	FANCM	-1.015862	NOT_WT_LOST
SIM-07131	Benign	DDR_SIGNALING	MRE11	-2.461428	NOT_WT_LOST
SIM-07132	Benign	DDR_SIGNALING	FANCM	-0.166154	NOT_WT_LOST
SIM-07133	Benign	DDR_SIGNALING	ATM	-0.24147	NOT_WT_LOST
SIM-07134	Benign	DDR_SIGNALING	MRE11	1.279905	WT_LOST
SIM-07135	Benign	DDR_SIGNALING	CHEK2	0.1228	WT_LOST
SIM-07136	Benign	DDR_SIGNALING	FANCM	1.099275	WT_LOST
SIM-07137	Benign	DDR_SIGNALING	RAD50	-1.381123	NOT_WT_LOST
SIM-07138	Benign	DDR_SIGNALING	FANCM	-3.124412	NOT_WT_LOST
SIM-07139	Benign	DDR_SIGNALING	ATR	1.707578	WT_LOST
SIM-07140	Benign	DDR_SIGNALING	RAD50	1.114496	WT_LOST
SIM-07141	Benign	DDR_SIGNALING	MRE11	-1.361463	NOT_WT_LOST
SIM-07142	Benign	DDR_SIGNALING	RAD50	-0.492781	NOT_WT_LOST
SIM-07143	Benign	DDR_SIGNALING	RAD50	-0.489676	NOT_WT_LOST
SIM-07144	Benign	DDR_SIGNALING	FANCM	-0.903521	NOT_WT_LOST
SIM-07145	Benign	DDR_SIGNALING	MRE11	0.562397	WT_LOST
SIM-07146	Benign	DDR_SIGNALING	ATR	-0.636637	NOT_WT_LOST
SIM-07147	Benign	DDR_SIGNALING	RAD50	-0.352735	NOT_WT_LOST
SIM-07148	Benign	DDR_SIGNALING	CHEK1	-2.00788	NOT_WT_LOST
SIM-07149	Benign	DDR_SIGNALING	ATR	0.121756	NOT_WT_LOST
SIM-07150	Benign	DDR_SIGNALING	ATM	-2.001675	NOT_WT_LOST
SIM-07151	Benign	DDR_SIGNALING	CHEK1	-2.286858	NOT_WT_LOST
SIM-07152	Benign	DDR_SIGNALING	ATM	0.420353	WT_LOST
SIM-07153	Benign	DDR_SIGNALING	RAD50	0.576092	WT_LOST
SIM-07154	Benign	DDR_SIGNALING	CHEK1	-0.405355	WT_LOST
SIM-07155	Benign	DDR_SIGNALING	FANCM	-0.435649	WT_LOST
SIM-07156	Benign	DDR_SIGNALING	ATM	-0.440204	NOT_WT_LOST
SIM-07157	Benign	DDR_SIGNALING	NBN	-1.284807	WT_LOST
SIM-07158	Benign	DDR_SIGNALING	RAD50	-0.931682	NOT_WT_LOST
SIM-07159	Benign	DDR_SIGNALING	RAD50	0.041093	NOT_WT_LOST
SIM-07160	Benign	DDR_SIGNALING	CHEK2	1.552994	WT_LOST
SIM-07161	Benign	DDR_SIGNALING	FANCM	-1.52354	NOT_WT_LOST
SIM-07162	Benign	DDR_SIGNALING	FANCM	0.25557	NOT_WT_LOST
SIM-07163	Benign	DDR_SIGNALING	NBN	0.278311	WT_LOST
SIM-07164	Benign	DDR_SIGNALING	NBN	0.965375	NOT_WT_LOST
SIM-07165	Benign	DDR_SIGNALING	ATR	0.929611	NOT_WT_LOST
SIM-07166	Benign	DDR_SIGNALING	NBN	1.25233	NOT_WT_LOST
SIM-07167	Benign	DDR_SIGNALING	FANCM	0.359817	NOT_WT_LOST
SIM-07168	Benign	DDR_SIGNALING	CHEK1	1.153509	NOT_WT_LOST
SIM-07169	Benign	DDR_SIGNALING	CHEK2	-0.583585	NOT_WT_LOST
SIM-07170	Benign	DDR_SIGNALING	ATR	-0.266719	WT_LOST
SIM-07171	Benign	DDR_SIGNALING	CHEK2	0.258316	WT_LOST
SIM-07172	Benign	DDR_SIGNALING	CHEK2	0.500948	WT_LOST
SIM-07173	Benign	DDR_SIGNALING	ATR	-1.393769	NOT_WT_LOST
SIM-07174	Benign	DDR_SIGNALING	FANCM	-0.358656	WT_LOST
SIM-07175	Benign	DDR_SIGNALING	FANCM	-1.757359	NOT_WT_LOST
SIM-07176	Benign	DDR_SIGNALING	MRE11	-0.815826	NOT_WT_LOST
SIM-07177	Benign	DDR_SIGNALING	CHEK1	0.336155	WT_LOST
SIM-07178	Benign	DDR_SIGNALING	ATR	-1.144849	NOT_WT_LOST
SIM-07179	Benign	DDR_SIGNALING	ATR	-0.700525	NOT_WT_LOST
SIM-07180	Benign	DDR_SIGNALING	MRE11	-1.488696	NOT_WT_LOST
SIM-07181	Benign	DDR_SIGNALING	CHEK2	-3.104547	NOT_WT_LOST
SIM-07182	Benign	DDR_SIGNALING	RAD50	0.043759	WT_LOST
SIM-07183	Benign	DDR_SIGNALING	RAD50	-0.561119	NOT_WT_LOST
SIM-07184	Benign	DDR_SIGNALING	NBN	-1.659714	NOT_WT_LOST
SIM-07185	Benign	DDR_SIGNALING	NBN	-1.400244	NOT_WT_LOST
SIM-07186	Benign	DDR_SIGNALING	FANCM	-1.848616	NOT_WT_LOST
SIM-07187	Benign	DDR_SIGNALING	MRE11	0.027763	WT_LOST
SIM-07188	Benign	DDR_SIGNALING	RAD50	-0.259182	WT_LOST
SIM-07189	Benign	DDR_SIGNALING	RAD50	-0.444568	NOT_WT_LOST
SIM-07190	Benign	DDR_SIGNALING	FANCM	-0.155472	NOT_WT_LOST
SIM-07191	Benign	DDR_SIGNALING	CHEK1	-2.066669	NOT_WT_LOST
SIM-07192	Benign	DDR_SIGNALING	MRE11	-0.470517	NOT_WT_LOST
SIM-07193	Benign	DDR_SIGNALING	NBN	-0.546889	NOT_WT_LOST
SIM-07194	Benign	DDR_SIGNALING	MRE11	-0.133985	NOT_WT_LOST
SIM-07195	Benign	DDR_SIGNALING	CHEK1	0.741694	NOT_WT_LOST
SIM-07196	Benign	DDR_SIGNALING	CHEK2	0.104659	NOT_WT_LOST
SIM-07197	Benign	DDR_SIGNALING	ATM	0.200818	WT_LOST
SIM-07198	Benign	DDR_SIGNALING	RAD50	-1.617426	NOT_WT_LOST
SIM-07199	Benign	DDR_SIGNALING	NBN	-1.241065	NOT_WT_LOST
SIM-07200	Benign	DDR_SIGNALING	CHEK1	-0.355883	NOT_WT_LOST
SIM-07201	Benign	DDR_SIGNALING	RAD50	0.982793	WT_LOST
SIM-07202	Benign	DDR_SIGNALING	FANCM	1.19575	WT_LOST
SIM-07203	Benign	DDR_SIGNALING	CHEK2	0.615508	NOT_WT_LOST
SIM-07204	Benign	DDR_SIGNALING	CHEK1	-1.380166	NOT_WT_LOST
SIM-07205	Benign	DDR_SIGNALING	RAD50	-1.206024	NOT_WT_LOST
SIM-07206	Benign	DDR_SIGNALING	FANCM	-0.553321	NOT_WT_LOST
SIM-07207	Benign	DDR_SIGNALING	RAD50	0.008031	NOT_WT_LOST
SIM-07208	Benign	DDR_SIGNALING	CHEK1	0.503749	NOT_WT_LOST
SIM-07209	Benign	DDR_SIGNALING	ATM	-0.566836	NOT_WT_LOST
SIM-07210	Benign	DDR_SIGNALING	CHEK2	-1.739174	NOT_WT_LOST
SIM-07211	Benign	DDR_SIGNALING	ATM	-0.145022	NOT_WT_LOST
SIM-07212	Benign	DDR_SIGNALING	ATM	-0.590067	NOT_WT_LOST
SIM-07213	Benign	DDR_SIGNALING	MRE11	0.590485	NOT_WT_LOST
SIM-07214	Benign	DDR_SIGNALING	FANCM	0.379892	NOT_WT_LOST
SIM-07215	Benign	DDR_SIGNALING	ATR	-1.12306	NOT_WT_LOST
SIM-07216	Benign	DDR_SIGNALING	MRE11	-1.172191	NOT_WT_LOST
SIM-07217	Benign	DDR_SIGNALING	FANCM	-1.193478	NOT_WT_LOST
SIM-07218	Benign	DDR_SIGNALING	CHEK1	0.319705	NOT_WT_LOST
SIM-07219	Benign	DDR_SIGNALING	RAD50	-0.549203	NOT_WT_LOST
SIM-07220	Benign	DDR_SIGNALING	CHEK2	-1.910243	NOT_WT_LOST
SIM-07221	Benign	DDR_SIGNALING	ATM	-0.412454	NOT_WT_LOST
SIM-07222	Benign	DDR_SIGNALING	MRE11	-0.077757	NOT_WT_LOST
SIM-07223	Benign	DDR_SIGNALING	NBN	-0.543414	NOT_WT_LOST
SIM-07224	Benign	DDR_SIGNALING	CHEK2	0.291534	NOT_WT_LOST
SIM-07225	Benign	DDR_SIGNALING	NBN	0.950336	NOT_WT_LOST
SIM-07226	Benign	DDR_SIGNALING	ATM	0.314706	WT_LOST
SIM-07227	Benign	DDR_SIGNALING	FANCM	-0.835005	NOT_WT_LOST
SIM-07228	Benign	DDR_SIGNALING	NBN	-0.66216	NOT_WT_LOST
SIM-07229	Benign	DDR_SIGNALING	NBN	-1.222229	NOT_WT_LOST
SIM-07230	Benign	DDR_SIGNALING	ATR	-0.079356	WT_LOST
SIM-07231	Benign	DDR_SIGNALING	CHEK1	0.157938	NOT_WT_LOST
SIM-07232	Benign	DDR_SIGNALING	CHEK2	-0.725169	NOT_WT_LOST
SIM-07233	Benign	DDR_SIGNALING	ATR	-1.842429	WT_LOST
SIM-07234	Benign	DDR_SIGNALING	RAD50	-2.074802	NOT_WT_LOST
SIM-07235	Benign	DDR_SIGNALING	CHEK2	-2.109291	NOT_WT_LOST
SIM-07236	Benign	DDR_SIGNALING	CHEK1	-0.959529	NOT_WT_LOST
SIM-07237	Benign	DDR_SIGNALING	CHEK2	-1.008893	NOT_WT_LOST
SIM-07238	Benign	DDR_SIGNALING	ATM	-2.077827	NOT_WT_LOST
SIM-07239	Benign	DDR_SIGNALING	CHEK2	-0.238936	WT_LOST
SIM-07240	Benign	DDR_SIGNALING	RAD50	-0.966177	NOT_WT_LOST
SIM-07241	Benign	DDR_SIGNALING	MRE11	-0.277006	NOT_WT_LOST
SIM-07242	Benign	DDR_SIGNALING	MRE11	0.696803	NOT_WT_LOST
SIM-07243	Benign	DDR_SIGNALING	CHEK2	-2.667951	NOT_WT_LOST
SIM-07244	Benign	DDR_SIGNALING	RAD50	-1.056134	NOT_WT_LOST
SIM-07245	Benign	DDR_SIGNALING	CHEK1	1.023371	NOT_WT_LOST
SIM-07246	Benign	DDR_SIGNALING	CHEK1	-1.33255	NOT_WT_LOST
SIM-07247	Benign	DDR_SIGNALING	CHEK2	-1.255015	NOT_WT_LOST
SIM-07248	Benign	DDR_SIGNALING	RAD50	-0.07097	NOT_WT_LOST
SIM-07249	Benign	DDR_SIGNALING	CHEK1	-0.107473	NOT_WT_LOST
SIM-07250	Benign	DDR_SIGNALING	FANCM	-1.219503	NOT_WT_LOST
SIM-07251	Benign	DDR_SIGNALING	FANCM	-0.982483	NOT_WT_LOST
SIM-07252	Benign	DDR_SIGNALING	RAD50	-0.550038	NOT_WT_LOST
SIM-07253	Benign	DDR_SIGNALING	MRE11	-0.516502	NOT_WT_LOST
SIM-07254	Benign	DDR_SIGNALING	CHEK2	-1.138228	NOT_WT_LOST
SIM-07255	Benign	DDR_SIGNALING	CHEK2	-0.758117	NOT_WT_LOST
SIM-07256	Benign	DDR_SIGNALING	CHEK2	1.361693	WT_LOST
SIM-07257	Benign	DDR_SIGNALING	CHEK1	-1.499043	WT_LOST
SIM-07258	Benign	DDR_SIGNALING	RAD50	-1.952191	NOT_WT_LOST
SIM-07259	Benign	DDR_SIGNALING	ATM	-0.664063	NOT_WT_LOST
SIM-07260	Benign	DDR_SIGNALING	CHEK1	-0.588733	NOT_WT_LOST
SIM-07261	Benign	DDR_SIGNALING	RAD50	0.457039	WT_LOST
SIM-07262	Benign	DDR_SIGNALING	ATM	-0.197148	NOT_WT_LOST
SIM-07263	Benign	DDR_SIGNALING	NBN	0.980062	NOT_WT_LOST
SIM-07264	Benign	DDR_SIGNALING	FANCM	-1.994561	NOT_WT_LOST
SIM-07265	Benign	DDR_SIGNALING	ATM	0.917858	NOT_WT_LOST
SIM-07266	Benign	DDR_SIGNALING	ATR	-1.503805	NOT_WT_LOST
SIM-07267	Benign	DDR_SIGNALING	RAD50	-0.975534	NOT_WT_LOST
SIM-07268	Benign	DDR_SIGNALING	RAD50	-0.649125	NOT_WT_LOST
SIM-07269	Benign	DDR_SIGNALING	RAD50	-0.600616	NOT_WT_LOST
SIM-07270	Benign	DDR_SIGNALING	CHEK2	-0.114174	NOT_WT_LOST
SIM-07271	Benign	DDR_SIGNALING	CHEK2	-1.206811	NOT_WT_LOST
SIM-07272	Benign	DDR_SIGNALING	CHEK1	-0.597562	NOT_WT_LOST
SIM-07273	Benign	DDR_SIGNALING	MRE11	-0.032563	NOT_WT_LOST
SIM-07274	Benign	DDR_SIGNALING	RAD50	-0.609189	NOT_WT_LOST
SIM-07275	Benign	DDR_SIGNALING	NBN	-0.338352	NOT_WT_LOST
SIM-07276	Benign	DDR_SIGNALING	ATR	-0.612958	NOT_WT_LOST
SIM-07277	Benign	DDR_SIGNALING	ATM	-0.206053	NOT_WT_LOST
SIM-07278	Benign	DDR_SIGNALING	NBN	-0.959614	NOT_WT_LOST
SIM-07279	Benign	DDR_SIGNALING	ATM	-1.476975	NOT_WT_LOST
SIM-07280	Benign	DDR_SIGNALING	FANCM	-0.216074	NOT_WT_LOST
SIM-07281	Benign	DDR_SIGNALING	RAD50	0.13518	NOT_WT_LOST
SIM-07282	Benign	DDR_SIGNALING	NBN	0.12185	NOT_WT_LOST
SIM-07283	Benign	DDR_SIGNALING	CHEK1	-1.058465	NOT_WT_LOST
SIM-07284	Benign	DDR_SIGNALING	ATM	-0.759652	NOT_WT_LOST
SIM-07285	Benign	DDR_SIGNALING	RAD50	-0.454998	NOT_WT_LOST
SIM-07286	Benign	DDR_SIGNALING	RAD50	0.257369	WT_LOST
SIM-07287	Benign	DDR_SIGNALING	ATM	-2.164157	NOT_WT_LOST
SIM-07288	Benign	DDR_SIGNALING	FANCM	-0.268543	NOT_WT_LOST
SIM-07289	Benign	DDR_SIGNALING	NBN	-0.405192	NOT_WT_LOST
SIM-07290	Benign	DDR_SIGNALING	ATR	-1.19285	NOT_WT_LOST
SIM-07291	Benign	DDR_SIGNALING	RAD50	-1.389566	NOT_WT_LOST
SIM-07292	Benign	DDR_SIGNALING	MRE11	-0.955724	NOT_WT_LOST
SIM-07293	Benign	DDR_SIGNALING	MRE11	-1.765066	NOT_WT_LOST
SIM-07294	Benign	DDR_SIGNALING	NBN	-0.907749	WT_LOST
SIM-07295	Benign	DDR_SIGNALING	NBN	-0.195973	NOT_WT_LOST
SIM-07296	Benign	DDR_SIGNALING	RAD50	-0.656186	NOT_WT_LOST
SIM-07297	Benign	DDR_SIGNALING	MRE11	0.248458	NOT_WT_LOST
SIM-07298	Benign	DDR_SIGNALING	RAD50	0.327226	WT_LOST
SIM-07299	Benign	DDR_SIGNALING	ATM	-0.706152	WT_LOST
SIM-07300	Benign	DDR_SIGNALING	RAD50	0.122335	WT_LOST
SIM-07301	Benign	DDR_SIGNALING	NBN	-0.407863	NOT_WT_LOST
SIM-07302	Benign	DDR_SIGNALING	RAD50	0.150742	NOT_WT_LOST
SIM-07303	Benign	DDR_SIGNALING	CHEK2	-0.046215	WT_LOST
SIM-07304	Benign	DDR_SIGNALING	ATR	-1.220359	NOT_WT_LOST
SIM-07305	Benign	DDR_SIGNALING	RAD50	-1.262548	NOT_WT_LOST
SIM-07306	Benign	DDR_SIGNALING	CHEK1	-0.594559	NOT_WT_LOST
SIM-07307	Benign	DDR_SIGNALING	RAD50	-0.766177	NOT_WT_LOST
SIM-07308	Benign	DDR_SIGNALING	ATR	-1.353444	NOT_WT_LOST
SIM-07309	Benign	DDR_SIGNALING	RAD50	-1.042987	NOT_WT_LOST
SIM-07310	Benign	DDR_SIGNALING	ATM	1.711727	WT_LOST
SIM-07311	Benign	DDR_SIGNALING	MRE11	-0.038298	WT_LOST
SIM-07312	Benign	DDR_SIGNALING	FANCM	0.823461	NOT_WT_LOST
SIM-07313	Benign	DDR_SIGNALING	ATR	0.680888	NOT_WT_LOST
SIM-07314	Benign	DDR_SIGNALING	RAD50	-0.384267	NOT_WT_LOST
SIM-07315	Benign	DDR_SIGNALING	RAD50	0.161462	NOT_WT_LOST
SIM-07316	Benign	DDR_SIGNALING	CHEK2	0.284051	NOT_WT_LOST
SIM-07317	Benign	DDR_SIGNALING	FANCM	-0.475694	NOT_WT_LOST
SIM-07318	Benign	DDR_SIGNALING	MRE11	-0.347873	WT_LOST
SIM-07319	Benign	DDR_SIGNALING	ATR	-2.471366	NOT_WT_LOST
SIM-07320	Benign	DDR_SIGNALING	ATR	-2.432446	NOT_WT_LOST
SIM-07321	Benign	DDR_SIGNALING	MRE11	-1.736954	NOT_WT_LOST
SIM-07322	Benign	DDR_SIGNALING	ATM	-0.407624	WT_LOST
SIM-07323	Benign	DDR_SIGNALING	CHEK2	1.19807	NOT_WT_LOST
SIM-07324	Benign	DDR_SIGNALING	NBN	0.055205	NOT_WT_LOST
SIM-07325	Benign	DDR_SIGNALING	RAD50	-2.36316	NOT_WT_LOST
SIM-07326	Benign	DDR_SIGNALING	FANCM	0.234755	NOT_WT_LOST
SIM-07327	Benign	DDR_SIGNALING	CHEK2	-0.91243	NOT_WT_LOST
SIM-07328	Benign	DDR_SIGNALING	CHEK1	-2.70263	NOT_WT_LOST
SIM-07329	Benign	DDR_SIGNALING	MRE11	-1.286521	NOT_WT_LOST
SIM-07330	Benign	DDR_SIGNALING	CHEK2	-0.402159	NOT_WT_LOST
SIM-07331	Benign	DDR_SIGNALING	MRE11	1.001457	NOT_WT_LOST
SIM-07332	Benign	DDR_SIGNALING	MRE11	-1.843387	NOT_WT_LOST
SIM-07333	Benign	DDR_SIGNALING	ATR	-0.288868	NOT_WT_LOST
SIM-07334	Benign	DDR_SIGNALING	CHEK2	-0.013925	NOT_WT_LOST
SIM-07335	Benign	DDR_SIGNALING	RAD50	-0.88966	NOT_WT_LOST
SIM-07336	Benign	DDR_SIGNALING	RAD50	1.992443	WT_LOST
SIM-07337	Benign	DDR_SIGNALING	ATM	-0.096892	NOT_WT_LOST
SIM-07338	Benign	DDR_SIGNALING	ATM	-0.620925	WT_LOST
SIM-07339	Benign	DDR_SIGNALING	MRE11	0.847984	WT_LOST
SIM-07340	Benign	DDR_SIGNALING	ATM	-1.860054	NOT_WT_LOST
SIM-07341	Benign	DDR_SIGNALING	NBN	-0.458147	NOT_WT_LOST
SIM-07342	Benign	DDR_SIGNALING	MRE11	-1.021848	NOT_WT_LOST
SIM-07343	Benign	DDR_SIGNALING	CHEK2	0.506056	WT_LOST
SIM-07344	Benign	DDR_SIGNALING	NBN	-1.037312	NOT_WT_LOST
SIM-07345	Benign	DDR_SIGNALING	RAD50	0.420476	NOT_WT_LOST
SIM-07346	Benign	DDR_SIGNALING	RAD50	-2.219889	NOT_WT_LOST
SIM-07347	Benign	DDR_SIGNALING	RAD50	-1.740267	NOT_WT_LOST
SIM-07348	Benign	DDR_SIGNALING	CHEK2	-1.21033	NOT_WT_LOST
SIM-07349	Benign	DDR_SIGNALING	NBN	-1.810582	WT_LOST
SIM-07350	Benign	DDR_SIGNALING	CHEK2	-0.857794	NOT_WT_LOST
SIM-07351	Benign	DDR_SIGNALING	ATM	-0.761187	NOT_WT_LOST
SIM-07352	Benign	DDR_SIGNALING	MRE11	-1.949939	NOT_WT_LOST
SIM-07353	Benign	DDR_SIGNALING	FANCM	-0.510537	NOT_WT_LOST
SIM-07354	Benign	DDR_SIGNALING	CHEK2	-1.977489	NOT_WT_LOST
SIM-07355	Benign	DDR_SIGNALING	ATR	-2.03834	NOT_WT_LOST
SIM-07356	Benign	DDR_SIGNALING	MRE11	0.016072	NOT_WT_LOST
SIM-07357	Benign	DDR_SIGNALING	ATR	-0.472377	NOT_WT_LOST
SIM-07358	Benign	DDR_SIGNALING	CHEK2	2.277971	WT_LOST
SIM-07359	Benign	DDR_SIGNALING	CHEK1	-1.978807	NOT_WT_LOST
SIM-07360	Benign	DDR_SIGNALING	CHEK2	0.246204	NOT_WT_LOST
SIM-07361	Benign	DDR_SIGNALING	NBN	-1.478168	NOT_WT_LOST
SIM-07362	Benign	DDR_SIGNALING	RAD50	0.508973	NOT_WT_LOST
SIM-07363	Benign	DDR_SIGNALING	FANCM	0.721159	NOT_WT_LOST
SIM-07364	Benign	DDR_SIGNALING	ATM	-0.346919	NOT_WT_LOST
SIM-07365	Benign	DDR_SIGNALING	RAD50	-0.500233	NOT_WT_LOST
SIM-07366	Benign	DDR_SIGNALING	FANCM	-2.129131	NOT_WT_LOST
SIM-07367	Benign	DDR_SIGNALING	NBN	1.043503	NOT_WT_LOST
SIM-07368	Benign	DDR_SIGNALING	CHEK2	-1.684222	NOT_WT_LOST
SIM-07369	Benign	DDR_SIGNALING	ATM	-0.194497	NOT_WT_LOST
SIM-07370	Benign	DDR_SIGNALING	ATR	0.908631	NOT_WT_LOST
SIM-07371	Benign	DDR_SIGNALING	CHEK1	-0.953612	NOT_WT_LOST
SIM-07372	Benign	DDR_SIGNALING	FANCM	-0.680403	NOT_WT_LOST
SIM-07373	Benign	DDR_SIGNALING	ATR	1.26204	NOT_WT_LOST
SIM-07374	Benign	DDR_SIGNALING	RAD50	0.25306	NOT_WT_LOST
SIM-07375	Benign	DDR_SIGNALING	CHEK2	0.988217	NOT_WT_LOST
SIM-07376	Benign	DDR_SIGNALING	RAD50	-0.579406	NOT_WT_LOST
SIM-07377	Benign	DDR_SIGNALING	ATR	0.69292	NOT_WT_LOST
SIM-07378	Benign	DDR_SIGNALING	ATR	-1.379476	WT_LOST
SIM-07379	Benign	DDR_SIGNALING	RAD50	-0.749472	NOT_WT_LOST
SIM-07380	Benign	DDR_SIGNALING	RAD50	-1.103859	NOT_WT_LOST
SIM-07381	Benign	DDR_SIGNALING	NBN	-0.330732	NOT_WT_LOST
SIM-07382	Benign	DDR_SIGNALING	MRE11	1.403435	NOT_WT_LOST
SIM-07383	Benign	DDR_SIGNALING	NBN	-0.954051	NOT_WT_LOST
SIM-07384	Benign	DDR_SIGNALING	MRE11	0.643412	NOT_WT_LOST
SIM-07385	Benign	DDR_SIGNALING	NBN	-0.148147	NOT_EVALUABLE
SIM-07386	Benign	DDR_SIGNALING	CHEK2	-0.419649	NOT_EVALUABLE
SIM-07387	Benign	DDR_SIGNALING	CHEK1	-1.25785	NOT_EVALUABLE
SIM-07388	Benign	DDR_SIGNALING	FANCM	-0.688951	NOT_EVALUABLE
SIM-07389	Benign	DDR_SIGNALING	FANCM	-0.423023	NOT_EVALUABLE
SIM-07390	Benign	DDR_SIGNALING	RAD50	2.30379	NOT_EVALUABLE
SIM-07391	Benign	DDR_SIGNALING	RAD50	-1.772	NOT_EVALUABLE
SIM-07392	Benign	DDR_SIGNALING	NBN	0.365809	NOT_EVALUABLE
SIM-07393	Pathogenic	NULL_ARM	ATR	-1.117372	NOT_WT_LOST
SIM-07394	Pathogenic	NULL_ARM	FANCM	0.519225	NOT_WT_LOST
SIM-07395	Pathogenic	NULL_ARM	ATR	-0.918863	NOT_WT_LOST
SIM-07396	Pathogenic	NULL_ARM	RAD50	-0.728154	NOT_WT_LOST
SIM-07397	Pathogenic	NULL_ARM	MRE11	0.475438	WT_LOST
SIM-07398	Pathogenic	NULL_ARM	ATM	0.180612	NOT_WT_LOST
SIM-07399	Pathogenic	NULL_ARM	MRE11	-0.240223	NOT_WT_LOST
SIM-07400	Pathogenic	NULL_ARM	ATR	-0.105177	NOT_WT_LOST
SIM-07401	Pathogenic	NULL_ARM	RAD50	0.873628	NOT_WT_LOST
SIM-07402	Pathogenic	NULL_ARM	CHEK2	0.416114	WT_LOST
SIM-07403	Pathogenic	NULL_ARM	ATR	1.658214	WT_LOST
SIM-07404	Pathogenic	NULL_ARM	CHEK1	-1.259	NOT_WT_LOST
SIM-07405	Pathogenic	NULL_ARM	NBN	-0.322978	NOT_WT_LOST
SIM-07406	Pathogenic	NULL_ARM	ATR	-0.385441	NOT_WT_LOST
SIM-07407	Pathogenic	NULL_ARM	CHEK2	1.327507	WT_LOST
SIM-07408	Pathogenic	NULL_ARM	ATR	0.123535	NOT_WT_LOST
SIM-07409	Pathogenic	NULL_ARM	CHEK2	-0.285529	NOT_WT_LOST
SIM-07410	Pathogenic	NULL_ARM	CHEK1	-0.927103	NOT_WT_LOST
SIM-07411	Pathogenic	NULL_ARM	ATR	-0.578768	NOT_WT_LOST
SIM-07412	Pathogenic	NULL_ARM	FANCM	-0.212125	NOT_WT_LOST
SIM-07413	Pathogenic	NULL_ARM	ATR	-0.622667	NOT_WT_LOST
SIM-07414	Pathogenic	NULL_ARM	ATR	1.481074	WT_LOST
SIM-07415	Pathogenic	NULL_ARM	FANCM	0.24166	WT_LOST
SIM-07416	Pathogenic	NULL_ARM	NBN	-2.913432	NOT_WT_LOST
SIM-07417	Pathogenic	NULL_ARM	NBN	0.257385	NOT_WT_LOST
SIM-07418	Pathogenic	NULL_ARM	CHEK2	0.374716	WT_LOST
SIM-07419	Pathogenic	NULL_ARM	CHEK2	0.30049	NOT_WT_LOST
SIM-07420	Pathogenic	NULL_ARM	FANCM	-0.396194	NOT_WT_LOST
SIM-07421	Pathogenic	NULL_ARM	CHEK1	-0.748226	NOT_WT_LOST
SIM-07422	Pathogenic	NULL_ARM	FANCM	-0.80242	NOT_WT_LOST
SIM-07423	Pathogenic	NULL_ARM	CHEK1	-0.477432	NOT_WT_LOST
SIM-07424	Pathogenic	NULL_ARM	NBN	-1.980888	NOT_WT_LOST
SIM-07425	Pathogenic	NULL_ARM	RAD50	0.852047	NOT_WT_LOST
SIM-07426	Pathogenic	NULL_ARM	NBN	-0.045617	NOT_WT_LOST
SIM-07427	Pathogenic	NULL_ARM	ATR	-2.084414	NOT_WT_LOST
SIM-07428	Pathogenic	NULL_ARM	CHEK1	0.954841	WT_LOST
SIM-07429	Pathogenic	NULL_ARM	RAD50	0.284703	NOT_WT_LOST
SIM-07430	Pathogenic	NULL_ARM	NBN	-2.609144	NOT_WT_LOST
SIM-07431	Pathogenic	NULL_ARM	FANCM	-0.160157	NOT_WT_LOST
SIM-07432	Pathogenic	NULL_ARM	ATR	1.321603	NOT_WT_LOST
SIM-07433	Pathogenic	NULL_ARM	ATM	-1.498721	NOT_WT_LOST
SIM-07434	Pathogenic	NULL_ARM	RAD50	0.23627	NOT_WT_LOST
SIM-07435	Pathogenic	NULL_ARM	MRE11	1.447616	WT_LOST
SIM-07436	Pathogenic	NULL_ARM	CHEK2	-0.166994	WT_LOST
SIM-07437	Pathogenic	NULL_ARM	RAD50	-0.56824	WT_LOST
SIM-07438	Pathogenic	NULL_ARM	CHEK1	1.182102	WT_LOST
SIM-07439	Pathogenic	NULL_ARM	FANCM	-0.784602	NOT_WT_LOST
SIM-07440	Pathogenic	NULL_ARM	CHEK2	1.214117	NOT_WT_LOST
SIM-07441	Pathogenic	NULL_ARM	ATM	-0.278701	WT_LOST
SIM-07442	Pathogenic	NULL_ARM	MRE11	0.529677	NOT_WT_LOST
SIM-07443	Pathogenic	NULL_ARM	RAD50	-1.314453	NOT_WT_LOST
SIM-07444	Pathogenic	NULL_ARM	ATR	1.21021	WT_LOST
SIM-07445	Pathogenic	NULL_ARM	CHEK2	-1.087655	NOT_WT_LOST
SIM-07446	Pathogenic	NULL_ARM	MRE11	-0.53717	NOT_WT_LOST
SIM-07447	Pathogenic	NULL_ARM	CHEK2	1.01292	NOT_WT_LOST
SIM-07448	Pathogenic	NULL_ARM	CHEK2	-0.221065	NOT_WT_LOST
SIM-07449	Pathogenic	NULL_ARM	CHEK1	0.314462	WT_LOST
SIM-07450	Pathogenic	NULL_ARM	FANCM	0.160676	WT_LOST
SIM-07451	Pathogenic	NULL_ARM	RAD50	1.148521	NOT_WT_LOST
SIM-07452	Pathogenic	NULL_ARM	RAD50	0.77164	NOT_WT_LOST
SIM-07453	Pathogenic	NULL_ARM	NBN	0.16438	WT_LOST
SIM-07454	Pathogenic	NULL_ARM	MRE11	0.234074	NOT_WT_LOST
SIM-07455	Pathogenic	NULL_ARM	ATM	1.257614	WT_LOST
SIM-07456	Pathogenic	NULL_ARM	ATM	-1.193479	NOT_WT_LOST
SIM-07457	Pathogenic	NULL_ARM	RAD50	0.747414	WT_LOST
SIM-07458	Pathogenic	NULL_ARM	FANCM	0.078435	NOT_WT_LOST
SIM-07459	Pathogenic	NULL_ARM	FANCM	-1.568453	NOT_WT_LOST
SIM-07460	Pathogenic	NULL_ARM	NBN	0.50726	WT_LOST
SIM-07461	Pathogenic	NULL_ARM	ATM	-0.505851	NOT_WT_LOST
SIM-07462	Pathogenic	NULL_ARM	ATR	0.909281	NOT_WT_LOST
SIM-07463	Pathogenic	NULL_ARM	CHEK1	2.200617	WT_LOST
SIM-07464	Pathogenic	NULL_ARM	RAD50	-0.709229	NOT_WT_LOST
SIM-07465	Pathogenic	NULL_ARM	FANCM	0.250325	WT_LOST
SIM-07466	Pathogenic	NULL_ARM	CHEK2	0.361931	WT_LOST
SIM-07467	Pathogenic	NULL_ARM	MRE11	-0.402218	NOT_WT_LOST
SIM-07468	Pathogenic	NULL_ARM	NBN	0.157167	NOT_WT_LOST
SIM-07469	Pathogenic	NULL_ARM	MRE11	0.347103	NOT_WT_LOST
SIM-07470	Pathogenic	NULL_ARM	MRE11	0.553849	NOT_WT_LOST
SIM-07471	Pathogenic	NULL_ARM	MRE11	1.437974	NOT_WT_LOST
SIM-07472	Pathogenic	NULL_ARM	ATR	1.627021	NOT_WT_LOST
SIM-07473	Pathogenic	NULL_ARM	FANCM	-0.268096	WT_LOST
SIM-07474	Pathogenic	NULL_ARM	MRE11	-1.16176	NOT_WT_LOST
SIM-07475	Pathogenic	NULL_ARM	CHEK2	-1.303082	NOT_WT_LOST
SIM-07476	Pathogenic	NULL_ARM	FANCM	-0.237107	WT_LOST
SIM-07477	Pathogenic	NULL_ARM	NBN	-0.826186	NOT_WT_LOST
SIM-07478	Pathogenic	NULL_ARM	FANCM	-0.274682	NOT_WT_LOST
SIM-07479	Pathogenic	NULL_ARM	FANCM	1.361529	WT_LOST
SIM-07480	Pathogenic	NULL_ARM	RAD50	1.588576	WT_LOST
SIM-07481	Pathogenic	NULL_ARM	MRE11	1.76058	WT_LOST
SIM-07482	Pathogenic	NULL_ARM	MRE11	-3.00576	NOT_WT_LOST
SIM-07483	Pathogenic	NULL_ARM	MRE11	1.219093	NOT_WT_LOST
SIM-07484	Pathogenic	NULL_ARM	FANCM	-3.385389	NOT_WT_LOST
SIM-07485	Pathogenic	NULL_ARM	FANCM	-0.272464	NOT_WT_LOST
SIM-07486	Pathogenic	NULL_ARM	NBN	0.133253	WT_LOST
SIM-07487	Pathogenic	NULL_ARM	FANCM	1.227444	NOT_WT_LOST
SIM-07488	Pathogenic	NULL_ARM	FANCM	0.02627	NOT_WT_LOST
SIM-07489	Pathogenic	NULL_ARM	ATR	-2.375439	NOT_WT_LOST
SIM-07490	Pathogenic	NULL_ARM	NBN	0.32657	WT_LOST
SIM-07491	Pathogenic	NULL_ARM	MRE11	0.276701	WT_LOST
SIM-07492	Pathogenic	NULL_ARM	MRE11	0.594841	NOT_WT_LOST
SIM-07493	Pathogenic	NULL_ARM	MRE11	1.321644	WT_LOST
SIM-07494	Pathogenic	NULL_ARM	ATR	0.165585	NOT_WT_LOST
SIM-07495	Pathogenic	NULL_ARM	CHEK2	-1.522417	NOT_WT_LOST
SIM-07496	Pathogenic	NULL_ARM	CHEK1	-0.359804	WT_LOST
SIM-07497	Pathogenic	NULL_ARM	ATM	-1.47129	NOT_WT_LOST
SIM-07498	Pathogenic	NULL_ARM	CHEK2	-2.349113	NOT_WT_LOST
SIM-07499	Pathogenic	NULL_ARM	MRE11	-1.499425	NOT_WT_LOST
SIM-07500	Pathogenic	NULL_ARM	CHEK2	-0.899457	NOT_WT_LOST
SIM-07501	Pathogenic	NULL_ARM	NBN	-1.2506	NOT_WT_LOST
SIM-07502	Pathogenic	NULL_ARM	CHEK1	0.400222	WT_LOST
SIM-07503	Pathogenic	NULL_ARM	RAD50	0.990704	WT_LOST
SIM-07504	Pathogenic	NULL_ARM	FANCM	1.512432	NOT_WT_LOST
SIM-07505	Pathogenic	NULL_ARM	ATM	1.095669	NOT_WT_LOST
SIM-07506	Pathogenic	NULL_ARM	RAD50	1.419005	NOT_WT_LOST
SIM-07507	Pathogenic	NULL_ARM	FANCM	0.570821	NOT_WT_LOST
SIM-07508	Pathogenic	NULL_ARM	NBN	1.030832	NOT_WT_LOST
SIM-07509	Pathogenic	NULL_ARM	NBN	-1.740791	NOT_WT_LOST
SIM-07510	Pathogenic	NULL_ARM	FANCM	1.206224	WT_LOST
SIM-07511	Pathogenic	NULL_ARM	ATM	1.15924	WT_LOST
SIM-07512	Pathogenic	NULL_ARM	CHEK1	-0.809405	NOT_WT_LOST
SIM-07513	Pathogenic	NULL_ARM	ATR	-1.248553	NOT_WT_LOST
SIM-07514	Pathogenic	NULL_ARM	NBN	-0.782016	NOT_WT_LOST
SIM-07515	Pathogenic	NULL_ARM	RAD50	0.035448	NOT_WT_LOST
SIM-07516	Pathogenic	NULL_ARM	CHEK2	-0.484427	NOT_WT_LOST
SIM-07517	Pathogenic	NULL_ARM	MRE11	-0.057768	NOT_WT_LOST
SIM-07518	Pathogenic	NULL_ARM	ATM	0.47842	WT_LOST
SIM-07519	Pathogenic	NULL_ARM	ATM	-0.337717	NOT_WT_LOST
SIM-07520	Pathogenic	NULL_ARM	RAD50	0.571997	WT_LOST
SIM-07521	Pathogenic	NULL_ARM	RAD50	1.193096	WT_LOST
SIM-07522	Pathogenic	NULL_ARM	CHEK1	-0.285398	WT_LOST
SIM-07523	Pathogenic	NULL_ARM	FANCM	-0.232138	NOT_WT_LOST
SIM-07524	Pathogenic	NULL_ARM	ATM	-1.699367	NOT_WT_LOST
SIM-07525	Pathogenic	NULL_ARM	FANCM	0.016732	NOT_WT_LOST
SIM-07526	Pathogenic	NULL_ARM	MRE11	2.181748	WT_LOST
SIM-07527	Pathogenic	NULL_ARM	CHEK2	-0.066427	NOT_WT_LOST
SIM-07528	Pathogenic	NULL_ARM	CHEK2	0.029304	NOT_WT_LOST
SIM-07529	Pathogenic	NULL_ARM	RAD50	-1.380634	NOT_WT_LOST
SIM-07530	Pathogenic	NULL_ARM	FANCM	-0.47449	NOT_WT_LOST
SIM-07531	Pathogenic	NULL_ARM	MRE11	-0.755699	NOT_WT_LOST
SIM-07532	Pathogenic	NULL_ARM	NBN	-0.919065	NOT_WT_LOST
SIM-07533	Pathogenic	NULL_ARM	NBN	-0.602154	NOT_WT_LOST
SIM-07534	Pathogenic	NULL_ARM	CHEK1	-1.520052	NOT_WT_LOST
SIM-07535	Pathogenic	NULL_ARM	ATR	-1.507712	NOT_WT_LOST
SIM-07536	Pathogenic	NULL_ARM	ATM	0.33996	WT_LOST
SIM-07537	Pathogenic	NULL_ARM	NBN	-3.199843	NOT_WT_LOST
SIM-07538	Pathogenic	NULL_ARM	MRE11	1.348817	WT_LOST
SIM-07539	Pathogenic	NULL_ARM	ATR	-0.063582	WT_LOST
SIM-07540	Pathogenic	NULL_ARM	NBN	-0.130693	NOT_WT_LOST
SIM-07541	Pathogenic	NULL_ARM	CHEK2	0.54958	WT_LOST
SIM-07542	Pathogenic	NULL_ARM	ATM	1.358806	NOT_WT_LOST
SIM-07543	Pathogenic	NULL_ARM	ATM	-0.414434	NOT_WT_LOST
SIM-07544	Pathogenic	NULL_ARM	RAD50	-3.865838	NOT_WT_LOST
SIM-07545	Pathogenic	NULL_ARM	CHEK2	-1.884366	NOT_WT_LOST
SIM-07546	Pathogenic	NULL_ARM	NBN	0.402081	NOT_WT_LOST
SIM-07547	Pathogenic	NULL_ARM	RAD50	0.874393	WT_LOST
SIM-07548	Pathogenic	NULL_ARM	ATM	-1.18458	WT_LOST
SIM-07549	Pathogenic	NULL_ARM	ATR	0.074237	NOT_WT_LOST
SIM-07550	Pathogenic	NULL_ARM	CHEK2	-1.607153	WT_LOST
SIM-07551	Pathogenic	NULL_ARM	CHEK1	-0.974646	NOT_WT_LOST
SIM-07552	Pathogenic	NULL_ARM	MRE11	-0.594124	NOT_WT_LOST
SIM-07553	Pathogenic	NULL_ARM	MRE11	-1.028562	NOT_WT_LOST
SIM-07554	Pathogenic	NULL_ARM	MRE11	-0.89737	WT_LOST
SIM-07555	Pathogenic	NULL_ARM	ATR	0.379685	WT_LOST
SIM-07556	Pathogenic	NULL_ARM	ATR	-1.606476	NOT_WT_LOST
SIM-07557	Pathogenic	NULL_ARM	MRE11	0.162803	NOT_WT_LOST
SIM-07558	Pathogenic	NULL_ARM	FANCM	-1.240489	NOT_WT_LOST
SIM-07559	Pathogenic	NULL_ARM	ATM	-2.082152	NOT_WT_LOST
SIM-07560	Pathogenic	NULL_ARM	NBN	0.014923	NOT_WT_LOST
SIM-07561	Pathogenic	NULL_ARM	RAD50	0.385326	NOT_WT_LOST
SIM-07562	Pathogenic	NULL_ARM	CHEK1	0.386535	NOT_WT_LOST
SIM-07563	Pathogenic	NULL_ARM	CHEK2	0.311713	NOT_WT_LOST
SIM-07564	Pathogenic	NULL_ARM	ATR	-0.250446	WT_LOST
SIM-07565	Pathogenic	NULL_ARM	FANCM	-2.409801	NOT_WT_LOST
SIM-07566	Pathogenic	NULL_ARM	RAD50	-0.760485	NOT_WT_LOST
SIM-07567	Pathogenic	NULL_ARM	ATR	0.658796	WT_LOST
SIM-07568	Pathogenic	NULL_ARM	NBN	0.547345	NOT_WT_LOST
SIM-07569	Pathogenic	NULL_ARM	ATM	-0.160679	WT_LOST
SIM-07570	Pathogenic	NULL_ARM	RAD50	-0.699645	NOT_WT_LOST
SIM-07571	Pathogenic	NULL_ARM	RAD50	-0.0656	NOT_WT_LOST
SIM-07572	Pathogenic	NULL_ARM	CHEK1	-0.85977	NOT_WT_LOST
SIM-07573	Pathogenic	NULL_ARM	CHEK1	0.379385	NOT_WT_LOST
SIM-07574	Pathogenic	NULL_ARM	MRE11	-0.532916	WT_LOST
SIM-07575	Pathogenic	NULL_ARM	RAD50	0.596528	NOT_WT_LOST
SIM-07576	Pathogenic	NULL_ARM	CHEK2	1.601084	NOT_WT_LOST
SIM-07577	Pathogenic	NULL_ARM	MRE11	1.554727	NOT_WT_LOST
SIM-07578	Pathogenic	NULL_ARM	ATR	1.174104	WT_LOST
SIM-07579	Pathogenic	NULL_ARM	RAD50	-0.077637	WT_LOST
SIM-07580	Pathogenic	NULL_ARM	ATR	0.736701	NOT_WT_LOST
SIM-07581	Pathogenic	NULL_ARM	FANCM	0.032238	NOT_WT_LOST
SIM-07582	Pathogenic	NULL_ARM	ATR	-0.507197	NOT_WT_LOST
SIM-07583	Pathogenic	NULL_ARM	NBN	0.256307	WT_LOST
SIM-07584	Pathogenic	NULL_ARM	MRE11	-0.338344	NOT_WT_LOST
SIM-07585	Pathogenic	NULL_ARM	ATR	-1.156757	NOT_WT_LOST
SIM-07586	Pathogenic	NULL_ARM	CHEK2	-0.976636	NOT_WT_LOST
SIM-07587	Pathogenic	NULL_ARM	NBN	0.189866	WT_LOST
SIM-07588	Pathogenic	NULL_ARM	CHEK2	0.856631	NOT_WT_LOST
SIM-07589	Pathogenic	NULL_ARM	ATM	-0.65328	NOT_WT_LOST
SIM-07590	Pathogenic	NULL_ARM	FANCM	0.383837	NOT_WT_LOST
SIM-07591	Pathogenic	NULL_ARM	NBN	0.271887	NOT_WT_LOST
SIM-07592	Pathogenic	NULL_ARM	RAD50	0.262739	WT_LOST
SIM-07593	Pathogenic	NULL_ARM	NBN	-0.145058	NOT_WT_LOST
SIM-07594	Pathogenic	NULL_ARM	MRE11	-1.07698	WT_LOST
SIM-07595	Pathogenic	NULL_ARM	NBN	-0.070825	WT_LOST
SIM-07596	Pathogenic	NULL_ARM	RAD50	-1.282481	NOT_WT_LOST
SIM-07597	Pathogenic	NULL_ARM	CHEK2	1.592254	WT_LOST
SIM-07598	Pathogenic	NULL_ARM	ATR	1.114238	WT_LOST
SIM-07599	Pathogenic	NULL_ARM	NBN	-0.435127	NOT_WT_LOST
SIM-07600	Pathogenic	NULL_ARM	CHEK1	-0.308495	NOT_WT_LOST
SIM-07601	Pathogenic	NULL_ARM	ATR	-0.209615	NOT_WT_LOST
SIM-07602	Pathogenic	NULL_ARM	ATM	1.456954	NOT_WT_LOST
SIM-07603	Pathogenic	NULL_ARM	FANCM	0.807672	WT_LOST
SIM-07604	Pathogenic	NULL_ARM	CHEK2	-0.92994	WT_LOST
SIM-07605	Pathogenic	NULL_ARM	ATM	0.161372	NOT_WT_LOST
SIM-07606	Pathogenic	NULL_ARM	MRE11	0.338015	NOT_WT_LOST
SIM-07607	Pathogenic	NULL_ARM	CHEK2	-0.082081	NOT_WT_LOST
SIM-07608	Pathogenic	NULL_ARM	NBN	-0.710287	NOT_WT_LOST
SIM-07609	Pathogenic	NULL_ARM	NBN	0.779221	NOT_WT_LOST
SIM-07610	Pathogenic	NULL_ARM	MRE11	1.009123	WT_LOST
SIM-07611	Pathogenic	NULL_ARM	ATM	-0.260687	NOT_WT_LOST
SIM-07612	Pathogenic	NULL_ARM	NBN	-0.396627	NOT_WT_LOST
SIM-07613	Pathogenic	NULL_ARM	RAD50	0.812966	NOT_WT_LOST
SIM-07614	Pathogenic	NULL_ARM	RAD50	-0.581209	NOT_WT_LOST
SIM-07615	Pathogenic	NULL_ARM	CHEK1	0.046292	WT_LOST
SIM-07616	Pathogenic	NULL_ARM	CHEK1	-1.46208	NOT_WT_LOST
SIM-07617	Pathogenic	NULL_ARM	CHEK1	0.9458	NOT_WT_LOST
SIM-07618	Pathogenic	NULL_ARM	MRE11	-0.496377	NOT_WT_LOST
SIM-07619	Pathogenic	NULL_ARM	ATR	-0.89596	WT_LOST
SIM-07620	Pathogenic	NULL_ARM	ATR	-0.304858	NOT_WT_LOST
SIM-07621	Pathogenic	NULL_ARM	ATM	-2.03249	NOT_WT_LOST
SIM-07622	Pathogenic	NULL_ARM	CHEK2	0.202107	WT_LOST
SIM-07623	Pathogenic	NULL_ARM	CHEK1	0.788635	NOT_WT_LOST
SIM-07624	Pathogenic	NULL_ARM	NBN	-0.278679	NOT_WT_LOST
SIM-07625	Pathogenic	NULL_ARM	NBN	-0.669257	WT_LOST
SIM-07626	Pathogenic	NULL_ARM	FANCM	1.024039	WT_LOST
SIM-07627	Pathogenic	NULL_ARM	CHEK2	-1.202483	NOT_WT_LOST
SIM-07628	Pathogenic	NULL_ARM	ATR	-0.006282	WT_LOST
SIM-07629	Pathogenic	NULL_ARM	ATM	0.837471	NOT_WT_LOST
SIM-07630	Pathogenic	NULL_ARM	ATM	0.368663	NOT_WT_LOST
SIM-07631	Pathogenic	NULL_ARM	MRE11	-0.396468	NOT_WT_LOST
SIM-07632	Pathogenic	NULL_ARM	FANCM	-1.577117	NOT_WT_LOST
SIM-07633	Pathogenic	NULL_ARM	NBN	-1.366104	NOT_WT_LOST
SIM-07634	Pathogenic	NULL_ARM	MRE11	1.904451	WT_LOST
SIM-07635	Pathogenic	NULL_ARM	CHEK1	-1.63236	NOT_WT_LOST
SIM-07636	Pathogenic	NULL_ARM	RAD50	-1.278718	NOT_WT_LOST
SIM-07637	Pathogenic	NULL_ARM	FANCM	-0.852487	NOT_WT_LOST
SIM-07638	Pathogenic	NULL_ARM	ATR	0.76837	WT_LOST
SIM-07639	Pathogenic	NULL_ARM	FANCM	0.392919	NOT_WT_LOST
SIM-07640	Pathogenic	NULL_ARM	FANCM	1.921027	NOT_WT_LOST
SIM-07641	Pathogenic	NULL_ARM	FANCM	0.300694	NOT_WT_LOST
SIM-07642	Pathogenic	NULL_ARM	CHEK2	-0.396879	NOT_WT_LOST
SIM-07643	Pathogenic	NULL_ARM	CHEK1	0.474358	NOT_WT_LOST
SIM-07644	Pathogenic	NULL_ARM	CHEK2	0.381177	WT_LOST
SIM-07645	Pathogenic	NULL_ARM	FANCM	-1.555527	NOT_WT_LOST
SIM-07646	Pathogenic	NULL_ARM	ATM	1.379276	WT_LOST
SIM-07647	Pathogenic	NULL_ARM	CHEK2	-0.147641	NOT_WT_LOST
SIM-07648	Pathogenic	NULL_ARM	CHEK1	0.186533	NOT_WT_LOST
SIM-07649	Pathogenic	NULL_ARM	FANCM	-1.435375	WT_LOST
SIM-07650	Pathogenic	NULL_ARM	CHEK1	-1.350335	NOT_WT_LOST
SIM-07651	Pathogenic	NULL_ARM	RAD50	-1.134179	NOT_WT_LOST
SIM-07652	Pathogenic	NULL_ARM	FANCM	-1.112159	NOT_WT_LOST
SIM-07653	Pathogenic	NULL_ARM	RAD50	0.393457	NOT_WT_LOST
SIM-07654	Pathogenic	NULL_ARM	CHEK2	0.357184	WT_LOST
SIM-07655	Pathogenic	NULL_ARM	ATM	1.380441	WT_LOST
SIM-07656	Pathogenic	NULL_ARM	ATR	-1.904431	NOT_WT_LOST
SIM-07657	Pathogenic	NULL_ARM	ATR	1.20159	NOT_WT_LOST
SIM-07658	Pathogenic	NULL_ARM	CHEK2	1.385728	WT_LOST
SIM-07659	Pathogenic	NULL_ARM	CHEK1	0.069178	NOT_WT_LOST
SIM-07660	Pathogenic	NULL_ARM	ATM	0.043175	NOT_WT_LOST
SIM-07661	Pathogenic	NULL_ARM	ATR	2.430559	WT_LOST
SIM-07662	Pathogenic	NULL_ARM	ATR	-0.198235	NOT_WT_LOST
SIM-07663	Pathogenic	NULL_ARM	MRE11	0.643652	WT_LOST
SIM-07664	Pathogenic	NULL_ARM	CHEK2	-1.786642	NOT_WT_LOST
SIM-07665	Pathogenic	NULL_ARM	ATM	0.309617	WT_LOST
SIM-07666	Pathogenic	NULL_ARM	NBN	-0.650282	WT_LOST
SIM-07667	Pathogenic	NULL_ARM	CHEK1	1.204053	WT_LOST
SIM-07668	Pathogenic	NULL_ARM	ATM	0.627099	NOT_WT_LOST
SIM-07669	Pathogenic	NULL_ARM	FANCM	-1.466665	NOT_WT_LOST
SIM-07670	Pathogenic	NULL_ARM	CHEK1	-1.50645	NOT_WT_LOST
SIM-07671	Pathogenic	NULL_ARM	FANCM	1.97437	NOT_WT_LOST
SIM-07672	Pathogenic	NULL_ARM	ATM	-1.843785	NOT_WT_LOST
SIM-07673	Pathogenic	NULL_ARM	FANCM	1.641371	WT_LOST
SIM-07674	Pathogenic	NULL_ARM	ATM	-0.679886	NOT_WT_LOST
SIM-07675	Pathogenic	NULL_ARM	ATR	0.499335	WT_LOST
SIM-07676	Pathogenic	NULL_ARM	MRE11	0.999833	WT_LOST
SIM-07677	Pathogenic	NULL_ARM	RAD50	1.308582	WT_LOST
SIM-07678	Pathogenic	NULL_ARM	RAD50	-0.077894	NOT_WT_LOST
SIM-07679	Pathogenic	NULL_ARM	RAD50	-0.282526	WT_LOST
SIM-07680	Pathogenic	NULL_ARM	NBN	-0.011689	NOT_WT_LOST
SIM-07681	Pathogenic	NULL_ARM	CHEK1	-0.030847	WT_LOST
SIM-07682	Pathogenic	NULL_ARM	CHEK1	2.056747	NOT_WT_LOST
SIM-07683	Pathogenic	NULL_ARM	NBN	-1.538294	WT_LOST
SIM-07684	Pathogenic	NULL_ARM	ATM	-0.442692	NOT_WT_LOST
SIM-07685	Pathogenic	NULL_ARM	RAD50	-0.092469	NOT_WT_LOST
SIM-07686	Pathogenic	NULL_ARM	RAD50	0.479976	WT_LOST
SIM-07687	Pathogenic	NULL_ARM	FANCM	-1.036135	NOT_WT_LOST
SIM-07688	Pathogenic	NULL_ARM	MRE11	-0.204786	NOT_WT_LOST
SIM-07689	Pathogenic	NULL_ARM	CHEK1	-0.647789	NOT_WT_LOST
SIM-07690	Pathogenic	NULL_ARM	NBN	0.574857	NOT_WT_LOST
SIM-07691	Pathogenic	NULL_ARM	RAD50	0.601597	WT_LOST
SIM-07692	Pathogenic	NULL_ARM	ATM	-0.003415	NOT_WT_LOST
SIM-07693	Pathogenic	NULL_ARM	NBN	0.176715	NOT_WT_LOST
SIM-07694	Pathogenic	NULL_ARM	MRE11	-0.779453	NOT_WT_LOST
SIM-07695	Pathogenic	NULL_ARM	FANCM	1.822845	WT_LOST
SIM-07696	Pathogenic	NULL_ARM	CHEK1	0.666714	NOT_WT_LOST
SIM-07697	Pathogenic	NULL_ARM	FANCM	0.451043	NOT_WT_LOST
SIM-07698	Pathogenic	NULL_ARM	CHEK2	1.141556	WT_LOST
SIM-07699	Pathogenic	NULL_ARM	NBN	1.382568	WT_LOST
SIM-07700	Pathogenic	NULL_ARM	ATM	1.948381	WT_LOST
SIM-07701	Pathogenic	NULL_ARM	ATM	0.636205	NOT_WT_LOST
SIM-07702	Pathogenic	NULL_ARM	FANCM	-1.167645	NOT_WT_LOST
SIM-07703	Pathogenic	NULL_ARM	CHEK1	-1.316743	NOT_WT_LOST
SIM-07704	Pathogenic	NULL_ARM	RAD50	1.36751	NOT_WT_LOST
SIM-07705	Pathogenic	NULL_ARM	ATM	0.062015	WT_LOST
SIM-07706	Pathogenic	NULL_ARM	FANCM	1.259186	WT_LOST
SIM-07707	Pathogenic	NULL_ARM	MRE11	-1.527571	NOT_WT_LOST
SIM-07708	Pathogenic	NULL_ARM	RAD50	1.352052	WT_LOST
SIM-07709	Pathogenic	NULL_ARM	CHEK2	1.481644	WT_LOST
SIM-07710	Pathogenic	NULL_ARM	RAD50	0.195239	NOT_WT_LOST
SIM-07711	Pathogenic	NULL_ARM	NBN	-0.207379	WT_LOST
SIM-07712	Pathogenic	NULL_ARM	CHEK1	0.713305	NOT_WT_LOST
SIM-07713	Pathogenic	NULL_ARM	NBN	-0.630473	NOT_WT_LOST
SIM-07714	Pathogenic	NULL_ARM	CHEK2	-0.818027	NOT_WT_LOST
SIM-07715	Pathogenic	NULL_ARM	MRE11	0.834761	WT_LOST
SIM-07716	Pathogenic	NULL_ARM	CHEK2	1.79081	WT_LOST
SIM-07717	Pathogenic	NULL_ARM	FANCM	-0.187785	NOT_WT_LOST
SIM-07718	Pathogenic	NULL_ARM	ATR	0.970833	WT_LOST
SIM-07719	Pathogenic	NULL_ARM	FANCM	-1.086288	NOT_WT_LOST
SIM-07720	Pathogenic	NULL_ARM	CHEK2	-1.038594	NOT_WT_LOST
SIM-07721	Pathogenic	NULL_ARM	NBN	0.254179	WT_LOST
SIM-07722	Pathogenic	NULL_ARM	MRE11	-1.552132	NOT_WT_LOST
SIM-07723	Pathogenic	NULL_ARM	RAD50	-0.484737	NOT_WT_LOST
SIM-07724	Pathogenic	NULL_ARM	CHEK1	0.641917	WT_LOST
SIM-07725	Pathogenic	NULL_ARM	FANCM	-2.069199	NOT_WT_LOST
SIM-07726	Pathogenic	NULL_ARM	NBN	0.962326	WT_LOST
SIM-07727	Pathogenic	NULL_ARM	NBN	-0.465747	NOT_WT_LOST
SIM-07728	Pathogenic	NULL_ARM	RAD50	-1.168247	NOT_WT_LOST
SIM-07729	Pathogenic	NULL_ARM	FANCM	-0.423429	NOT_WT_LOST
SIM-07730	Pathogenic	NULL_ARM	ATR	0.69858	WT_LOST
SIM-07731	Pathogenic	NULL_ARM	CHEK2	1.710567	NOT_WT_LOST
SIM-07732	Pathogenic	NULL_ARM	NBN	-0.254927	NOT_WT_LOST
SIM-07733	Pathogenic	NULL_ARM	ATM	-0.055597	WT_LOST
SIM-07734	Pathogenic	NULL_ARM	ATM	-0.841667	NOT_WT_LOST
SIM-07735	Pathogenic	NULL_ARM	RAD50	0.319769	WT_LOST
SIM-07736	Pathogenic	NULL_ARM	ATM	-0.188855	NOT_WT_LOST
SIM-07737	Pathogenic	NULL_ARM	FANCM	0.136046	NOT_WT_LOST
SIM-07738	Pathogenic	NULL_ARM	RAD50	0.021835	NOT_WT_LOST
SIM-07739	Pathogenic	NULL_ARM	ATR	-1.437058	NOT_WT_LOST
SIM-07740	Pathogenic	NULL_ARM	FANCM	-1.243766	NOT_WT_LOST
SIM-07741	Pathogenic	NULL_ARM	CHEK1	1.437615	WT_LOST
SIM-07742	Pathogenic	NULL_ARM	ATM	-0.222121	WT_LOST
SIM-07743	Pathogenic	NULL_ARM	FANCM	-0.397648	NOT_WT_LOST
SIM-07744	Pathogenic	NULL_ARM	RAD50	-0.221074	NOT_WT_LOST
SIM-07745	Pathogenic	NULL_ARM	CHEK1	-0.018472	NOT_WT_LOST
SIM-07746	Pathogenic	NULL_ARM	MRE11	-0.957233	NOT_WT_LOST
SIM-07747	Pathogenic	NULL_ARM	MRE11	-1.245516	NOT_WT_LOST
SIM-07748	Pathogenic	NULL_ARM	ATR	1.524641	WT_LOST
SIM-07749	Pathogenic	NULL_ARM	CHEK2	2.440544	WT_LOST
SIM-07750	Pathogenic	NULL_ARM	NBN	1.154288	WT_LOST
SIM-07751	Pathogenic	NULL_ARM	CHEK1	2.632655	WT_LOST
SIM-07752	Pathogenic	NULL_ARM	ATR	0.863376	NOT_WT_LOST
SIM-07753	Pathogenic	NULL_ARM	FANCM	-0.694098	NOT_WT_LOST
SIM-07754	Pathogenic	NULL_ARM	CHEK1	-0.429001	NOT_WT_LOST
SIM-07755	Pathogenic	NULL_ARM	CHEK2	1.73662	NOT_WT_LOST
SIM-07756	Pathogenic	NULL_ARM	FANCM	-0.092747	WT_LOST
SIM-07757	Pathogenic	NULL_ARM	CHEK1	0.5264	NOT_WT_LOST
SIM-07758	Pathogenic	NULL_ARM	CHEK1	0.223144	NOT_WT_LOST
SIM-07759	Pathogenic	NULL_ARM	CHEK2	-0.223071	NOT_WT_LOST
SIM-07760	Pathogenic	NULL_ARM	CHEK1	-1.257714	NOT_WT_LOST
SIM-07761	Pathogenic	NULL_ARM	NBN	-0.30049	NOT_WT_LOST
SIM-07762	Pathogenic	NULL_ARM	FANCM	-0.265282	NOT_WT_LOST
SIM-07763	Pathogenic	NULL_ARM	MRE11	0.871472	WT_LOST
SIM-07764	Pathogenic	NULL_ARM	CHEK2	1.394711	NOT_WT_LOST
SIM-07765	Pathogenic	NULL_ARM	ATM	-0.261108	NOT_WT_LOST
SIM-07766	Pathogenic	NULL_ARM	ATR	2.121888	WT_LOST
SIM-07767	Pathogenic	NULL_ARM	ATM	1.156869	WT_LOST
SIM-07768	Pathogenic	NULL_ARM	CHEK1	0.77928	NOT_WT_LOST
SIM-07769	Pathogenic	NULL_ARM	FANCM	-0.347708	WT_LOST
SIM-07770	Pathogenic	NULL_ARM	RAD50	-0.305427	NOT_WT_LOST
SIM-07771	Pathogenic	NULL_ARM	ATM	0.676832	NOT_WT_LOST
SIM-07772	Pathogenic	NULL_ARM	CHEK2	0.074116	NOT_WT_LOST
SIM-07773	Pathogenic	NULL_ARM	ATM	0.017998	WT_LOST
SIM-07774	Pathogenic	NULL_ARM	ATR	-0.133578	WT_LOST
SIM-07775	Pathogenic	NULL_ARM	FANCM	0.727066	NOT_WT_LOST
SIM-07776	Pathogenic	NULL_ARM	RAD50	0.866357	WT_LOST
SIM-07777	Pathogenic	NULL_ARM	RAD50	-1.585079	NOT_WT_LOST
SIM-07778	Pathogenic	NULL_ARM	ATM	1.607187	WT_LOST
SIM-07779	Pathogenic	NULL_ARM	CHEK1	1.363852	NOT_WT_LOST
SIM-07780	Pathogenic	NULL_ARM	ATM	-2.076668	NOT_WT_LOST
SIM-07781	Pathogenic	NULL_ARM	NBN	-0.263349	NOT_WT_LOST
SIM-07782	Pathogenic	NULL_ARM	ATR	0.974928	WT_LOST
SIM-07783	Pathogenic	NULL_ARM	NBN	0.345204	WT_LOST
SIM-07784	Pathogenic	NULL_ARM	ATR	0.58185	NOT_WT_LOST
SIM-07785	Pathogenic	NULL_ARM	ATR	-0.568958	WT_LOST
SIM-07786	Pathogenic	NULL_ARM	ATR	0.404334	WT_LOST
SIM-07787	Pathogenic	NULL_ARM	NBN	1.001269	WT_LOST
SIM-07788	Pathogenic	NULL_ARM	CHEK1	-1.017598	NOT_WT_LOST
SIM-07789	Pathogenic	NULL_ARM	CHEK2	0.487502	WT_LOST
SIM-07790	Pathogenic	NULL_ARM	FANCM	-0.203754	NOT_WT_LOST
SIM-07791	Pathogenic	NULL_ARM	FANCM	0.576401	WT_LOST
SIM-07792	Pathogenic	NULL_ARM	NBN	-0.778649	NOT_WT_LOST
SIM-07793	Pathogenic	NULL_ARM	ATM	1.571149	WT_LOST
SIM-07794	Pathogenic	NULL_ARM	ATR	1.152984	WT_LOST
SIM-07795	Pathogenic	NULL_ARM	CHEK1	-0.083461	WT_LOST
SIM-07796	Pathogenic	NULL_ARM	RAD50	1.058928	WT_LOST
SIM-07797	Pathogenic	NULL_ARM	CHEK1	-1.224298	NOT_WT_LOST
SIM-07798	Pathogenic	NULL_ARM	NBN	-0.726393	NOT_WT_LOST
SIM-07799	Pathogenic	NULL_ARM	MRE11	-0.190107	NOT_WT_LOST
SIM-07800	Pathogenic	NULL_ARM	RAD50	-1.760428	NOT_WT_LOST
SIM-07801	Pathogenic	NULL_ARM	ATM	0.58748	NOT_WT_LOST
SIM-07802	Pathogenic	NULL_ARM	CHEK1	1.024065	WT_LOST
SIM-07803	Pathogenic	NULL_ARM	ATM	-0.192788	NOT_WT_LOST
SIM-07804	Pathogenic	NULL_ARM	CHEK2	0.559691	NOT_WT_LOST
SIM-07805	Pathogenic	NULL_ARM	NBN	0.733415	NOT_WT_LOST
SIM-07806	Pathogenic	NULL_ARM	CHEK2	0.34292	NOT_WT_LOST
SIM-07807	Pathogenic	NULL_ARM	MRE11	-0.338571	NOT_WT_LOST
SIM-07808	Pathogenic	NULL_ARM	MRE11	-2.175522	NOT_WT_LOST
SIM-07809	Pathogenic	NULL_ARM	MRE11	1.28778	WT_LOST
SIM-07810	Pathogenic	NULL_ARM	ATM	0.474783	WT_LOST
SIM-07811	Pathogenic	NULL_ARM	MRE11	2.079166	WT_LOST
SIM-07812	Pathogenic	NULL_ARM	RAD50	-0.899485	NOT_WT_LOST
SIM-07813	Pathogenic	NULL_ARM	FANCM	-0.158131	WT_LOST
SIM-07814	Pathogenic	NULL_ARM	NBN	0.085845	NOT_WT_LOST
SIM-07815	Pathogenic	NULL_ARM	ATR	-0.159674	NOT_WT_LOST
SIM-07816	Pathogenic	NULL_ARM	MRE11	-0.573321	NOT_WT_LOST
SIM-07817	Pathogenic	NULL_ARM	ATR	-1.887207	NOT_WT_LOST
SIM-07818	Pathogenic	NULL_ARM	CHEK1	-0.352295	NOT_WT_LOST
SIM-07819	Pathogenic	NULL_ARM	CHEK2	0.454329	NOT_WT_LOST
SIM-07820	Pathogenic	NULL_ARM	NBN	0.275337	NOT_WT_LOST
SIM-07821	Pathogenic	NULL_ARM	ATR	0.184874	WT_LOST
SIM-07822	Pathogenic	NULL_ARM	RAD50	2.223332	WT_LOST
SIM-07823	Pathogenic	NULL_ARM	ATM	-0.355381	NOT_WT_LOST
SIM-07824	Pathogenic	NULL_ARM	NBN	0.227313	NOT_WT_LOST
SIM-07825	Pathogenic	NULL_ARM	RAD50	0.248241	WT_LOST
SIM-07826	Pathogenic	NULL_ARM	ATR	-1.427841	NOT_WT_LOST
SIM-07827	Pathogenic	NULL_ARM	CHEK1	0.81929	WT_LOST
SIM-07828	Pathogenic	NULL_ARM	MRE11	0.249952	WT_LOST
SIM-07829	Pathogenic	NULL_ARM	MRE11	-0.021222	NOT_WT_LOST
SIM-07830	Pathogenic	NULL_ARM	NBN	-0.752005	NOT_WT_LOST
SIM-07831	Pathogenic	NULL_ARM	ATR	-0.421471	NOT_WT_LOST
SIM-07832	Pathogenic	NULL_ARM	FANCM	-0.195995	NOT_WT_LOST
SIM-07833	Pathogenic	NULL_ARM	FANCM	-0.594279	NOT_WT_LOST
SIM-07834	Pathogenic	NULL_ARM	MRE11	-0.705526	NOT_WT_LOST
SIM-07835	Pathogenic	NULL_ARM	MRE11	0.03623	NOT_WT_LOST
SIM-07836	Pathogenic	NULL_ARM	MRE11	1.72867	NOT_WT_LOST
SIM-07837	Pathogenic	NULL_ARM	ATR	0.203526	NOT_WT_LOST
SIM-07838	Pathogenic	NULL_ARM	ATR	-0.575018	WT_LOST
SIM-07839	Pathogenic	NULL_ARM	CHEK1	0.999273	WT_LOST
SIM-07840	Pathogenic	NULL_ARM	FANCM	1.599647	NOT_WT_LOST
SIM-07841	Pathogenic	NULL_ARM	RAD50	-1.361186	NOT_WT_LOST
SIM-07842	Pathogenic	NULL_ARM	ATR	-0.026444	WT_LOST
SIM-07843	Pathogenic	NULL_ARM	ATR	0.06662	NOT_WT_LOST
SIM-07844	Pathogenic	NULL_ARM	MRE11	0.73655	WT_LOST
SIM-07845	Pathogenic	NULL_ARM	ATR	1.321854	WT_LOST
SIM-07846	Pathogenic	NULL_ARM	ATM	-1.602122	NOT_WT_LOST
SIM-07847	Pathogenic	NULL_ARM	CHEK2	-0.913283	NOT_WT_LOST
SIM-07848	Pathogenic	NULL_ARM	ATR	0.566997	NOT_WT_LOST
SIM-07849	Pathogenic	NULL_ARM	MRE11	2.079791	WT_LOST
SIM-07850	Pathogenic	NULL_ARM	ATR	-0.417981	NOT_WT_LOST
SIM-07851	Pathogenic	NULL_ARM	FANCM	-1.167432	NOT_WT_LOST
SIM-07852	Pathogenic	NULL_ARM	FANCM	-1.515848	NOT_WT_LOST
SIM-07853	Pathogenic	NULL_ARM	MRE11	1.74628	NOT_WT_LOST
SIM-07854	Pathogenic	NULL_ARM	CHEK2	-0.500072	NOT_WT_LOST
SIM-07855	Pathogenic	NULL_ARM	CHEK2	1.228768	NOT_WT_LOST
SIM-07856	Pathogenic	NULL_ARM	ATR	-0.782753	NOT_WT_LOST
SIM-07857	Pathogenic	NULL_ARM	NBN	0.151401	WT_LOST
SIM-07858	Pathogenic	NULL_ARM	CHEK1	-1.851504	NOT_WT_LOST
SIM-07859	Pathogenic	NULL_ARM	CHEK2	1.217687	WT_LOST
SIM-07860	Pathogenic	NULL_ARM	RAD50	-0.813679	NOT_WT_LOST
SIM-07861	Pathogenic	NULL_ARM	ATR	0.31295	NOT_WT_LOST
SIM-07862	Pathogenic	NULL_ARM	CHEK1	0.225661	NOT_WT_LOST
SIM-07863	Pathogenic	NULL_ARM	NBN	-0.229561	NOT_WT_LOST
SIM-07864	Pathogenic	NULL_ARM	RAD50	0.743494	NOT_WT_LOST
SIM-07865	Pathogenic	NULL_ARM	CHEK2	-1.4011	WT_LOST
SIM-07866	Pathogenic	NULL_ARM	CHEK1	0.554082	NOT_WT_LOST
SIM-07867	Pathogenic	NULL_ARM	MRE11	-0.347411	WT_LOST
SIM-07868	Pathogenic	NULL_ARM	NBN	1.235255	WT_LOST
SIM-07869	Pathogenic	NULL_ARM	ATM	-0.022802	WT_LOST
SIM-07870	Pathogenic	NULL_ARM	ATR	-1.108414	NOT_WT_LOST
SIM-07871	Pathogenic	NULL_ARM	MRE11	-0.539862	NOT_WT_LOST
SIM-07872	Pathogenic	NULL_ARM	RAD50	-0.629227	NOT_WT_LOST
SIM-07873	Pathogenic	NULL_ARM	MRE11	0.758194	WT_LOST
SIM-07874	Pathogenic	NULL_ARM	CHEK2	-1.467854	WT_LOST
SIM-07875	Pathogenic	NULL_ARM	CHEK2	1.168946	WT_LOST
SIM-07876	Pathogenic	NULL_ARM	MRE11	-0.190392	WT_LOST
SIM-07877	Pathogenic	NULL_ARM	ATR	-0.322942	WT_LOST
SIM-07878	Pathogenic	NULL_ARM	MRE11	-0.134351	WT_LOST
SIM-07879	Pathogenic	NULL_ARM	ATR	0.12344	NOT_WT_LOST
SIM-07880	Pathogenic	NULL_ARM	CHEK2	-0.758298	NOT_WT_LOST
SIM-07881	Pathogenic	NULL_ARM	CHEK2	-0.441123	NOT_WT_LOST
SIM-07882	Pathogenic	NULL_ARM	ATM	-0.20735	NOT_WT_LOST
SIM-07883	Pathogenic	NULL_ARM	ATM	0.983902	WT_LOST
SIM-07884	Pathogenic	NULL_ARM	ATR	0.186941	NOT_WT_LOST
SIM-07885	Pathogenic	NULL_ARM	FANCM	-0.364787	NOT_WT_LOST
SIM-07886	Pathogenic	NULL_ARM	NBN	1.990221	WT_LOST
SIM-07887	Pathogenic	NULL_ARM	MRE11	0.94259	WT_LOST
SIM-07888	Pathogenic	NULL_ARM	FANCM	-0.673834	NOT_WT_LOST
SIM-07889	Pathogenic	NULL_ARM	NBN	-0.635827	NOT_WT_LOST
SIM-07890	Pathogenic	NULL_ARM	NBN	-0.411933	NOT_WT_LOST
SIM-07891	Pathogenic	NULL_ARM	NBN	-0.959663	NOT_WT_LOST
SIM-07892	Pathogenic	NULL_ARM	MRE11	-0.165459	NOT_WT_LOST
SIM-07893	Pathogenic	NULL_ARM	MRE11	0.248253	NOT_WT_LOST
SIM-07894	Pathogenic	NULL_ARM	CHEK1	0.016749	NOT_WT_LOST
SIM-07895	Pathogenic	NULL_ARM	ATR	0.662025	WT_LOST
SIM-07896	Pathogenic	NULL_ARM	NBN	0.880086	WT_LOST
SIM-07897	Pathogenic	NULL_ARM	CHEK2	1.232439	WT_LOST
SIM-07898	Pathogenic	NULL_ARM	ATR	-0.403287	NOT_WT_LOST
SIM-07899	Pathogenic	NULL_ARM	FANCM	0.353101	WT_LOST
SIM-07900	Pathogenic	NULL_ARM	ATR	0.032226	WT_LOST
SIM-07901	Pathogenic	NULL_ARM	MRE11	0.332797	NOT_WT_LOST
SIM-07902	Pathogenic	NULL_ARM	CHEK1	-2.098149	NOT_WT_LOST
SIM-07903	Pathogenic	NULL_ARM	NBN	-0.715938	NOT_WT_LOST
SIM-07904	Pathogenic	NULL_ARM	CHEK2	-0.416593	WT_LOST
SIM-07905	Pathogenic	NULL_ARM	MRE11	0.597179	NOT_WT_LOST
SIM-07906	Pathogenic	NULL_ARM	RAD50	0.05727	NOT_WT_LOST
SIM-07907	Pathogenic	NULL_ARM	ATM	-0.15817	NOT_WT_LOST
SIM-07908	Pathogenic	NULL_ARM	FANCM	0.427169	NOT_WT_LOST
SIM-07909	Pathogenic	NULL_ARM	NBN	0.601912	NOT_WT_LOST
SIM-07910	Pathogenic	NULL_ARM	CHEK2	-0.129486	WT_LOST
SIM-07911	Pathogenic	NULL_ARM	FANCM	0.488786	WT_LOST
SIM-07912	Pathogenic	NULL_ARM	RAD50	-1.526698	NOT_WT_LOST
SIM-07913	Pathogenic	NULL_ARM	ATR	0.248448	NOT_WT_LOST
SIM-07914	Pathogenic	NULL_ARM	NBN	1.562242	WT_LOST
SIM-07915	Pathogenic	NULL_ARM	NBN	-0.302907	NOT_WT_LOST
SIM-07916	Pathogenic	NULL_ARM	CHEK1	1.665177	WT_LOST
SIM-07917	Pathogenic	NULL_ARM	ATR	0.300394	WT_LOST
SIM-07918	Pathogenic	NULL_ARM	ATR	-0.039261	NOT_WT_LOST
SIM-07919	Pathogenic	NULL_ARM	RAD50	0.531377	NOT_WT_LOST
SIM-07920	Pathogenic	NULL_ARM	CHEK1	0.316244	NOT_WT_LOST
SIM-07921	Pathogenic	NULL_ARM	RAD50	0.560274	WT_LOST
SIM-07922	Pathogenic	NULL_ARM	MRE11	-0.560275	NOT_WT_LOST
SIM-07923	Pathogenic	NULL_ARM	ATR	0.899174	WT_LOST
SIM-07924	Pathogenic	NULL_ARM	RAD50	0.376676	WT_LOST
SIM-07925	Pathogenic	NULL_ARM	MRE11	0.548629	WT_LOST
SIM-07926	Pathogenic	NULL_ARM	RAD50	0.769724	WT_LOST
SIM-07927	Pathogenic	NULL_ARM	CHEK2	-0.295157	NOT_WT_LOST
SIM-07928	Pathogenic	NULL_ARM	ATM	-0.065249	NOT_WT_LOST
SIM-07929	Pathogenic	NULL_ARM	ATM	0.08973	NOT_WT_LOST
SIM-07930	Pathogenic	NULL_ARM	ATM	0.752705	WT_LOST
SIM-07931	Pathogenic	NULL_ARM	CHEK2	-0.766728	NOT_WT_LOST
SIM-07932	Pathogenic	NULL_ARM	RAD50	0.643428	WT_LOST
SIM-07933	Pathogenic	NULL_ARM	FANCM	1.150001	NOT_WT_LOST
SIM-07934	Pathogenic	NULL_ARM	CHEK1	2.272588	WT_LOST
SIM-07935	Pathogenic	NULL_ARM	ATR	-0.432373	NOT_WT_LOST
SIM-07936	Pathogenic	NULL_ARM	NBN	-1.363932	NOT_WT_LOST
SIM-07937	Pathogenic	NULL_ARM	CHEK1	0.659314	WT_LOST
SIM-07938	Pathogenic	NULL_ARM	CHEK1	-0.207057	NOT_WT_LOST
SIM-07939	Pathogenic	NULL_ARM	NBN	-0.868507	WT_LOST
SIM-07940	Pathogenic	NULL_ARM	RAD50	-0.667524	WT_LOST
SIM-07941	Pathogenic	NULL_ARM	CHEK1	0.17742	WT_LOST
SIM-07942	Pathogenic	NULL_ARM	CHEK1	0.334715	WT_LOST
SIM-07943	Pathogenic	NULL_ARM	ATM	1.408294	WT_LOST
SIM-07944	Pathogenic	NULL_ARM	ATR	-0.581708	NOT_WT_LOST
SIM-07945	Pathogenic	NULL_ARM	ATR	-0.443774	WT_LOST
SIM-07946	Pathogenic	NULL_ARM	ATR	-1.472978	NOT_WT_LOST
SIM-07947	Pathogenic	NULL_ARM	MRE11	-0.409165	NOT_WT_LOST
SIM-07948	Pathogenic	NULL_ARM	NBN	0.244872	WT_LOST
SIM-07949	Pathogenic	NULL_ARM	NBN	-0.018618	NOT_WT_LOST
SIM-07950	Pathogenic	NULL_ARM	ATR	1.233503	NOT_WT_LOST
SIM-07951	Pathogenic	NULL_ARM	NBN	-0.035164	NOT_WT_LOST
SIM-07952	Pathogenic	NULL_ARM	ATR	-0.339314	NOT_WT_LOST
SIM-07953	Pathogenic	NULL_ARM	ATR	1.117211	NOT_WT_LOST
SIM-07954	Pathogenic	NULL_ARM	CHEK1	-0.936949	NOT_WT_LOST
SIM-07955	Pathogenic	NULL_ARM	ATM	1.048808	NOT_WT_LOST
SIM-07956	Pathogenic	NULL_ARM	ATR	0.46747	WT_LOST
SIM-07957	Pathogenic	NULL_ARM	CHEK2	0.104301	WT_LOST
SIM-07958	Pathogenic	NULL_ARM	ATR	1.317086	WT_LOST
SIM-07959	Pathogenic	NULL_ARM	NBN	0.301891	NOT_WT_LOST
SIM-07960	Pathogenic	NULL_ARM	CHEK1	-2.098525	NOT_WT_LOST
SIM-07961	Pathogenic	NULL_ARM	MRE11	0.490651	WT_LOST
SIM-07962	Pathogenic	NULL_ARM	CHEK1	0.283015	NOT_WT_LOST
SIM-07963	Pathogenic	NULL_ARM	RAD50	1.902787	WT_LOST
SIM-07964	Pathogenic	NULL_ARM	FANCM	-1.356437	NOT_WT_LOST
SIM-07965	Pathogenic	NULL_ARM	NBN	-0.092916	NOT_WT_LOST
SIM-07966	Pathogenic	NULL_ARM	FANCM	1.798476	NOT_WT_LOST
SIM-07967	Pathogenic	NULL_ARM	CHEK2	-0.231262	NOT_WT_LOST
SIM-07968	Pathogenic	NULL_ARM	RAD50	-0.952956	NOT_WT_LOST
SIM-07969	Pathogenic	NULL_ARM	NBN	-0.094307	NOT_WT_LOST
SIM-07970	Pathogenic	NULL_ARM	ATR	0.937437	NOT_WT_LOST
SIM-07971	Pathogenic	NULL_ARM	CHEK1	0.559778	NOT_WT_LOST
SIM-07972	Pathogenic	NULL_ARM	CHEK2	-0.296858	WT_LOST
SIM-07973	Pathogenic	NULL_ARM	NBN	-0.016384	NOT_WT_LOST
SIM-07974	Pathogenic	NULL_ARM	ATM	-0.044768	NOT_WT_LOST
SIM-07975	Pathogenic	NULL_ARM	RAD50	0.580614	NOT_WT_LOST
SIM-07976	Pathogenic	NULL_ARM	NBN	-0.92033	NOT_WT_LOST
SIM-07977	Pathogenic	NULL_ARM	FANCM	1.004336	NOT_WT_LOST
SIM-07978	Pathogenic	NULL_ARM	MRE11	-0.392256	NOT_WT_LOST
SIM-07979	Pathogenic	NULL_ARM	CHEK2	0.104244	WT_LOST
SIM-07980	Pathogenic	NULL_ARM	NBN	-1.534917	NOT_WT_LOST
SIM-07981	Pathogenic	NULL_ARM	ATM	1.092022	WT_LOST
SIM-07982	Pathogenic	NULL_ARM	FANCM	2.19362	WT_LOST
SIM-07983	Pathogenic	NULL_ARM	ATR	0.600508	NOT_WT_LOST
SIM-07984	Pathogenic	NULL_ARM	MRE11	-0.73769	NOT_WT_LOST
SIM-07985	Pathogenic	NULL_ARM	RAD50	-0.461515	NOT_WT_LOST
SIM-07986	Pathogenic	NULL_ARM	ATM	0.574764	WT_LOST
SIM-07987	Pathogenic	NULL_ARM	FANCM	0.190413	NOT_WT_LOST
SIM-07988	Pathogenic	NULL_ARM	MRE11	1.24031	NOT_WT_LOST
SIM-07989	Pathogenic	NULL_ARM	NBN	-0.294498	NOT_WT_LOST
SIM-07990	Pathogenic	NULL_ARM	FANCM	-0.868306	NOT_WT_LOST
SIM-07991	Pathogenic	NULL_ARM	NBN	-0.871859	NOT_WT_LOST
SIM-07992	Pathogenic	NULL_ARM	CHEK2	0.475424	WT_LOST
SIM-07993	Pathogenic	NULL_ARM	CHEK2	1.888021	WT_LOST
SIM-07994	Pathogenic	NULL_ARM	ATM	0.923458	NOT_WT_LOST
SIM-07995	Pathogenic	NULL_ARM	NBN	-1.39906	WT_LOST
SIM-07996	Pathogenic	NULL_ARM	FANCM	0.149317	NOT_WT_LOST
SIM-07997	Pathogenic	NULL_ARM	ATM	-1.611649	NOT_WT_LOST
SIM-07998	Pathogenic	NULL_ARM	FANCM	-0.474	NOT_WT_LOST
SIM-07999	Pathogenic	NULL_ARM	CHEK1	1.658326	WT_LOST
SIM-08000	Pathogenic	NULL_ARM	ATR	0.6265	NOT_WT_LOST
SIM-08001	Pathogenic	NULL_ARM	ATR	0.893376	NOT_EVALUABLE
SIM-08002	Pathogenic	NULL_ARM	CHEK1	1.197597	NOT_EVALUABLE
SIM-08003	Pathogenic	NULL_ARM	CHEK1	0.563305	NOT_EVALUABLE
SIM-08004	Pathogenic	NULL_ARM	RAD50	-1.366853	NOT_EVALUABLE
SIM-08005	Pathogenic	NULL_ARM	FANCM	0.242342	NOT_EVALUABLE
SIM-08006	Pathogenic	NULL_ARM	NBN	-0.239028	NOT_EVALUABLE
SIM-08007	Pathogenic	NULL_ARM	MRE11	0.788592	NOT_EVALUABLE
SIM-08008	Pathogenic	NULL_ARM	RAD50	-0.256953	NOT_EVALUABLE
SIM-08009	Pathogenic	NULL_ARM	CHEK2	1.375696	WT_LOST
SIM-08010	Pathogenic	NULL_ARM	ATM	-0.760939	NOT_WT_LOST
SIM-08011	Pathogenic	NULL_ARM	CHEK2	-0.705846	NOT_WT_LOST
SIM-08012	Pathogenic	NULL_ARM	ATR	-0.926146	NOT_WT_LOST
SIM-08013	Pathogenic	NULL_ARM	NBN	-1.805071	NOT_WT_LOST
SIM-08014	Pathogenic	NULL_ARM	ATM	-1.192109	NOT_WT_LOST
SIM-08015	Pathogenic	NULL_ARM	ATR	-0.742399	NOT_WT_LOST
SIM-08016	Pathogenic	NULL_ARM	RAD50	0.727982	NOT_WT_LOST
SIM-08017	Pathogenic	NULL_ARM	ATM	0.123938	NOT_WT_LOST
SIM-08018	Pathogenic	NULL_ARM	CHEK2	-0.357275	WT_LOST
SIM-08019	Pathogenic	NULL_ARM	ATR	0.561631	NOT_WT_LOST
SIM-08020	Pathogenic	NULL_ARM	RAD50	-2.493818	NOT_WT_LOST
SIM-08021	Pathogenic	NULL_ARM	NBN	-0.243541	WT_LOST
SIM-08022	Pathogenic	NULL_ARM	ATM	-1.049008	NOT_WT_LOST
SIM-08023	Pathogenic	NULL_ARM	ATM	0.882484	WT_LOST
SIM-08024	Pathogenic	NULL_ARM	ATM	0.325094	NOT_WT_LOST
SIM-08025	Pathogenic	NULL_ARM	ATR	-1.962585	NOT_WT_LOST
SIM-08026	Pathogenic	NULL_ARM	CHEK1	-0.264588	WT_LOST
SIM-08027	Pathogenic	NULL_ARM	ATR	0.663961	NOT_WT_LOST
SIM-08028	Pathogenic	NULL_ARM	NBN	-1.714127	NOT_WT_LOST
SIM-08029	Pathogenic	NULL_ARM	MRE11	1.326345	WT_LOST
SIM-08030	Pathogenic	NULL_ARM	MRE11	-0.527257	NOT_WT_LOST
SIM-08031	Pathogenic	NULL_ARM	FANCM	0.97707	WT_LOST
SIM-08032	Pathogenic	NULL_ARM	RAD50	-2.053135	NOT_WT_LOST
SIM-08033	Pathogenic	NULL_ARM	MRE11	-0.585146	NOT_WT_LOST
SIM-08034	Pathogenic	NULL_ARM	FANCM	-0.164998	WT_LOST
SIM-08035	Pathogenic	NULL_ARM	CHEK1	0.103792	NOT_WT_LOST
SIM-08036	Pathogenic	NULL_ARM	MRE11	-0.109299	NOT_WT_LOST
SIM-08037	Pathogenic	NULL_ARM	ATM	0.76682	NOT_WT_LOST
SIM-08038	Pathogenic	NULL_ARM	ATR	-2.905511	NOT_WT_LOST
SIM-08039	Pathogenic	NULL_ARM	RAD50	0.107241	WT_LOST
SIM-08040	Pathogenic	NULL_ARM	RAD50	1.438255	NOT_WT_LOST
SIM-08041	Pathogenic	NULL_ARM	ATM	0.859495	WT_LOST
SIM-08042	Pathogenic	NULL_ARM	RAD50	-0.438794	NOT_WT_LOST
SIM-08043	Pathogenic	NULL_ARM	NBN	0.873464	WT_LOST
SIM-08044	Pathogenic	NULL_ARM	CHEK2	0.903234	NOT_WT_LOST
SIM-08045	Pathogenic	NULL_ARM	ATR	1.948987	WT_LOST
SIM-08046	Pathogenic	NULL_ARM	MRE11	0.355373	WT_LOST
SIM-08047	Pathogenic	NULL_ARM	FANCM	-0.421421	NOT_WT_LOST
SIM-08048	Pathogenic	NULL_ARM	MRE11	2.446605	WT_LOST
SIM-08049	Pathogenic	NULL_ARM	ATM	0.228982	NOT_WT_LOST
SIM-08050	Pathogenic	NULL_ARM	NBN	0.9955	WT_LOST
SIM-08051	Pathogenic	NULL_ARM	CHEK2	-0.906763	NOT_WT_LOST
SIM-08052	Pathogenic	NULL_ARM	ATM	-1.106341	NOT_WT_LOST
SIM-08053	Pathogenic	NULL_ARM	NBN	-0.883885	NOT_WT_LOST
SIM-08054	Pathogenic	NULL_ARM	RAD50	0.051268	NOT_WT_LOST
SIM-08055	Pathogenic	NULL_ARM	CHEK1	0.16634	NOT_WT_LOST
SIM-08056	Pathogenic	NULL_ARM	ATM	-1.568617	NOT_WT_LOST
SIM-08057	Pathogenic	NULL_ARM	NBN	-1.55454	WT_LOST
SIM-08058	Pathogenic	NULL_ARM	RAD50	-0.202874	NOT_WT_LOST
SIM-08059	Pathogenic	NULL_ARM	RAD50	-1.425077	NOT_WT_LOST
SIM-08060	Pathogenic	NULL_ARM	ATR	-1.979765	NOT_WT_LOST
SIM-08061	Pathogenic	NULL_ARM	FANCM	-0.62689	NOT_WT_LOST
SIM-08062	Pathogenic	NULL_ARM	ATR	-0.439736	NOT_WT_LOST
SIM-08063	Pathogenic	NULL_ARM	FANCM	-0.076099	NOT_WT_LOST
SIM-08064	Pathogenic	NULL_ARM	RAD50	-0.309601	NOT_WT_LOST
SIM-08065	Pathogenic	NULL_ARM	RAD50	-0.294293	NOT_WT_LOST
SIM-08066	Pathogenic	NULL_ARM	FANCM	-0.325363	NOT_WT_LOST
SIM-08067	Pathogenic	NULL_ARM	CHEK2	0.449617	NOT_WT_LOST
SIM-08068	Pathogenic	NULL_ARM	ATR	-0.391591	NOT_WT_LOST
SIM-08069	Pathogenic	NULL_ARM	MRE11	0.714155	NOT_WT_LOST
SIM-08070	Pathogenic	NULL_ARM	CHEK1	-1.222923	NOT_WT_LOST
SIM-08071	Pathogenic	NULL_ARM	MRE11	0.761972	WT_LOST
SIM-08072	Pathogenic	NULL_ARM	CHEK1	-1.680003	NOT_WT_LOST
SIM-08073	Pathogenic	NULL_ARM	MRE11	1.291826	WT_LOST
SIM-08074	Pathogenic	NULL_ARM	RAD50	0.180752	WT_LOST
SIM-08075	Pathogenic	NULL_ARM	ATR	-1.052976	NOT_WT_LOST
SIM-08076	Pathogenic	NULL_ARM	ATM	-0.220804	NOT_WT_LOST
SIM-08077	Pathogenic	NULL_ARM	NBN	0.85573	NOT_WT_LOST
SIM-08078	Pathogenic	NULL_ARM	FANCM	0.540535	NOT_WT_LOST
SIM-08079	Pathogenic	NULL_ARM	RAD50	-0.069879	WT_LOST
SIM-08080	Pathogenic	NULL_ARM	ATR	-0.134411	NOT_WT_LOST
SIM-08081	Pathogenic	NULL_ARM	CHEK2	0.321951	NOT_WT_LOST
SIM-08082	Pathogenic	NULL_ARM	RAD50	-0.410146	NOT_WT_LOST
SIM-08083	Pathogenic	NULL_ARM	ATM	-1.081585	NOT_WT_LOST
SIM-08084	Pathogenic	NULL_ARM	CHEK1	-0.205916	WT_LOST
SIM-08085	Pathogenic	NULL_ARM	NBN	-0.324636	WT_LOST
SIM-08086	Pathogenic	NULL_ARM	ATM	-0.845069	NOT_WT_LOST
SIM-08087	Pathogenic	NULL_ARM	RAD50	0.932169	WT_LOST
SIM-08088	Pathogenic	NULL_ARM	CHEK2	0.996784	NOT_WT_LOST
SIM-08089	Pathogenic	NULL_ARM	MRE11	-0.03375	NOT_WT_LOST
SIM-08090	Pathogenic	NULL_ARM	MRE11	-1.157705	NOT_WT_LOST
SIM-08091	Pathogenic	NULL_ARM	FANCM	-0.286673	WT_LOST
SIM-08092	Pathogenic	NULL_ARM	ATM	2.159939	WT_LOST
SIM-08093	Pathogenic	NULL_ARM	MRE11	-0.661906	NOT_WT_LOST
SIM-08094	Pathogenic	NULL_ARM	CHEK1	0.432761	NOT_WT_LOST
SIM-08095	Pathogenic	NULL_ARM	NBN	0.980683	WT_LOST
SIM-08096	Pathogenic	NULL_ARM	NBN	-0.659618	WT_LOST
SIM-08097	Pathogenic	NULL_ARM	MRE11	0.597819	WT_LOST
SIM-08098	Pathogenic	NULL_ARM	FANCM	0.289293	NOT_WT_LOST
SIM-08099	Pathogenic	NULL_ARM	NBN	-0.948875	NOT_WT_LOST
SIM-08100	Pathogenic	NULL_ARM	ATR	-0.79377	NOT_WT_LOST
SIM-08101	Pathogenic	NULL_ARM	FANCM	-0.336951	NOT_WT_LOST
SIM-08102	Pathogenic	NULL_ARM	ATR	0.78971	WT_LOST
SIM-08103	Pathogenic	NULL_ARM	NBN	-0.828191	NOT_WT_LOST
SIM-08104	Pathogenic	NULL_ARM	FANCM	-1.9613	NOT_WT_LOST
SIM-08105	Pathogenic	NULL_ARM	NBN	0.192607	WT_LOST
SIM-08106	Pathogenic	NULL_ARM	ATR	-0.437232	NOT_WT_LOST
SIM-08107	Pathogenic	NULL_ARM	ATM	1.358221	NOT_WT_LOST
SIM-08108	Pathogenic	NULL_ARM	RAD50	-1.310879	NOT_WT_LOST
SIM-08109	Pathogenic	NULL_ARM	RAD50	-0.982674	WT_LOST
SIM-08110	Pathogenic	NULL_ARM	MRE11	0.736678	WT_LOST
SIM-08111	Pathogenic	NULL_ARM	CHEK1	-1.150308	WT_LOST
SIM-08112	Pathogenic	NULL_ARM	CHEK2	-0.62939	NOT_WT_LOST
SIM-08113	Pathogenic	NULL_ARM	NBN	0.7989	WT_LOST
SIM-08114	Pathogenic	NULL_ARM	ATR	0.069733	NOT_WT_LOST
SIM-08115	Pathogenic	NULL_ARM	FANCM	-0.514103	NOT_WT_LOST
SIM-08116	Pathogenic	NULL_ARM	CHEK1	1.502733	NOT_WT_LOST
SIM-08117	Pathogenic	NULL_ARM	CHEK2	-0.842407	NOT_WT_LOST
SIM-08118	Pathogenic	NULL_ARM	CHEK2	-0.35567	NOT_WT_LOST
SIM-08119	Pathogenic	NULL_ARM	RAD50	-0.263803	WT_LOST
SIM-08120	Pathogenic	NULL_ARM	RAD50	2.578222	WT_LOST
SIM-08121	Pathogenic	NULL_ARM	CHEK2	0.935793	WT_LOST
SIM-08122	Pathogenic	NULL_ARM	ATM	-0.602409	NOT_WT_LOST
SIM-08123	Pathogenic	NULL_ARM	NBN	-0.912565	NOT_WT_LOST
SIM-08124	Pathogenic	NULL_ARM	CHEK1	0.304572	NOT_WT_LOST
SIM-08125	Pathogenic	NULL_ARM	MRE11	-0.206321	NOT_WT_LOST
SIM-08126	Pathogenic	NULL_ARM	MRE11	0.203672	WT_LOST
SIM-08127	Pathogenic	NULL_ARM	NBN	0.454631	WT_LOST
SIM-08128	Pathogenic	NULL_ARM	CHEK2	1.978706	WT_LOST
SIM-08129	Pathogenic	NULL_ARM	NBN	-2.023077	NOT_WT_LOST
SIM-08130	Pathogenic	NULL_ARM	RAD50	-2.164275	NOT_WT_LOST
SIM-08131	Pathogenic	NULL_ARM	ATM	1.316645	WT_LOST
SIM-08132	Pathogenic	NULL_ARM	RAD50	0.614082	NOT_WT_LOST
SIM-08133	Pathogenic	NULL_ARM	ATM	1.051226	WT_LOST
SIM-08134	Pathogenic	NULL_ARM	ATM	-0.996222	NOT_WT_LOST
SIM-08135	Pathogenic	NULL_ARM	NBN	-0.695562	NOT_WT_LOST
SIM-08136	Pathogenic	NULL_ARM	NBN	-1.066568	NOT_WT_LOST
SIM-08137	Pathogenic	NULL_ARM	NBN	1.36784	WT_LOST
SIM-08138	Pathogenic	NULL_ARM	ATM	0.137749	NOT_WT_LOST
SIM-08139	Pathogenic	NULL_ARM	NBN	-0.167911	NOT_WT_LOST
SIM-08140	Pathogenic	NULL_ARM	CHEK1	0.938268	WT_LOST
SIM-08141	Pathogenic	NULL_ARM	ATR	-0.074387	WT_LOST
SIM-08142	Pathogenic	NULL_ARM	CHEK2	-0.96953	WT_LOST
SIM-08143	Pathogenic	NULL_ARM	NBN	-0.244469	WT_LOST
SIM-08144	Pathogenic	NULL_ARM	CHEK1	-0.723776	NOT_WT_LOST
SIM-08145	Pathogenic	NULL_ARM	RAD50	-1.575324	NOT_WT_LOST
SIM-08146	Pathogenic	NULL_ARM	FANCM	0.329343	WT_LOST
SIM-08147	Pathogenic	NULL_ARM	RAD50	0.615771	WT_LOST
SIM-08148	Pathogenic	NULL_ARM	FANCM	0.109092	WT_LOST
SIM-08149	Pathogenic	NULL_ARM	NBN	0.324046	WT_LOST
SIM-08150	Pathogenic	NULL_ARM	ATR	-0.65376	NOT_WT_LOST
SIM-08151	Pathogenic	NULL_ARM	MRE11	0.958978	NOT_WT_LOST
SIM-08152	Pathogenic	NULL_ARM	ATR	-0.416076	WT_LOST
SIM-08153	Pathogenic	NULL_ARM	MRE11	0.750474	NOT_WT_LOST
SIM-08154	Pathogenic	NULL_ARM	NBN	1.658626	WT_LOST
SIM-08155	Pathogenic	NULL_ARM	ATM	0.876315	WT_LOST
SIM-08156	Pathogenic	NULL_ARM	NBN	-1.629897	NOT_WT_LOST
SIM-08157	Pathogenic	NULL_ARM	CHEK2	1.265262	NOT_WT_LOST
SIM-08158	Pathogenic	NULL_ARM	CHEK1	1.218074	NOT_WT_LOST
SIM-08159	Pathogenic	NULL_ARM	ATM	1.629646	WT_LOST
SIM-08160	Pathogenic	NULL_ARM	ATM	-0.822541	NOT_WT_LOST
SIM-08161	Pathogenic	NULL_ARM	MRE11	1.002558	WT_LOST
SIM-08162	Pathogenic	NULL_ARM	ATM	0.23729	WT_LOST
SIM-08163	Pathogenic	NULL_ARM	MRE11	-0.988521	NOT_WT_LOST
SIM-08164	Pathogenic	NULL_ARM	NBN	0.404565	NOT_WT_LOST
SIM-08165	Pathogenic	NULL_ARM	CHEK2	-1.45268	NOT_WT_LOST
SIM-08166	Pathogenic	NULL_ARM	MRE11	0.630573	WT_LOST
SIM-08167	Pathogenic	NULL_ARM	RAD50	-0.218606	WT_LOST
SIM-08168	Pathogenic	NULL_ARM	MRE11	0.129157	NOT_WT_LOST
SIM-08169	Pathogenic	NULL_ARM	ATM	0.975609	NOT_WT_LOST
SIM-08170	Pathogenic	NULL_ARM	FANCM	-0.032094	WT_LOST
SIM-08171	Pathogenic	NULL_ARM	ATR	-2.226552	NOT_WT_LOST
SIM-08172	Pathogenic	NULL_ARM	RAD50	0.215321	NOT_WT_LOST
SIM-08173	Pathogenic	NULL_ARM	RAD50	0.065276	NOT_WT_LOST
SIM-08174	Pathogenic	NULL_ARM	FANCM	-0.276517	NOT_WT_LOST
SIM-08175	Pathogenic	NULL_ARM	RAD50	0.811893	NOT_WT_LOST
SIM-08176	Pathogenic	NULL_ARM	NBN	0.446848	WT_LOST
SIM-08177	Pathogenic	NULL_ARM	FANCM	0.364942	WT_LOST
SIM-08178	Pathogenic	NULL_ARM	MRE11	-0.064809	WT_LOST
SIM-08179	Pathogenic	NULL_ARM	ATM	-0.627538	NOT_WT_LOST
SIM-08180	Pathogenic	NULL_ARM	NBN	-1.837151	NOT_WT_LOST
SIM-08181	Pathogenic	NULL_ARM	CHEK1	0.640006	NOT_WT_LOST
SIM-08182	Pathogenic	NULL_ARM	RAD50	0.580944	WT_LOST
SIM-08183	Pathogenic	NULL_ARM	RAD50	-1.559277	NOT_WT_LOST
SIM-08184	Pathogenic	NULL_ARM	FANCM	-1.865819	NOT_WT_LOST
SIM-08185	Pathogenic	NULL_ARM	RAD50	-0.542124	NOT_WT_LOST
SIM-08186	Pathogenic	NULL_ARM	RAD50	0.67471	NOT_WT_LOST
SIM-08187	Pathogenic	NULL_ARM	MRE11	-0.215304	NOT_WT_LOST
SIM-08188	Pathogenic	NULL_ARM	MRE11	0.345602	WT_LOST
SIM-08189	Pathogenic	NULL_ARM	NBN	-0.156392	WT_LOST
SIM-08190	Pathogenic	NULL_ARM	MRE11	1.060303	NOT_WT_LOST
SIM-08191	Pathogenic	NULL_ARM	ATR	-0.640145	WT_LOST
SIM-08192	Pathogenic	NULL_ARM	MRE11	0.848947	NOT_WT_LOST
SIM-08193	Pathogenic	NULL_ARM	NBN	-1.418657	NOT_WT_LOST
SIM-08194	Pathogenic	NULL_ARM	RAD50	1.185858	WT_LOST
SIM-08195	Pathogenic	NULL_ARM	NBN	0.422442	WT_LOST
SIM-08196	Pathogenic	NULL_ARM	ATM	1.136246	WT_LOST
SIM-08197	Pathogenic	NULL_ARM	CHEK1	-1.361392	NOT_WT_LOST
SIM-08198	Pathogenic	NULL_ARM	RAD50	-0.629566	NOT_WT_LOST
SIM-08199	Pathogenic	NULL_ARM	ATR	-1.422801	NOT_WT_LOST
SIM-08200	Pathogenic	NULL_ARM	CHEK1	-1.426446	NOT_WT_LOST
SIM-08201	Pathogenic	NULL_ARM	NBN	-0.105778	NOT_WT_LOST
SIM-08202	Pathogenic	NULL_ARM	RAD50	1.383913	WT_LOST
SIM-08203	Pathogenic	NULL_ARM	NBN	0.946978	NOT_WT_LOST
SIM-08204	Pathogenic	NULL_ARM	ATR	-0.790601	NOT_WT_LOST
SIM-08205	Pathogenic	NULL_ARM	RAD50	0.800441	WT_LOST
SIM-08206	Pathogenic	NULL_ARM	NBN	-0.145139	NOT_WT_LOST
SIM-08207	Pathogenic	NULL_ARM	CHEK1	-0.346954	NOT_WT_LOST
SIM-08208	Pathogenic	NULL_ARM	CHEK2	-0.673184	NOT_WT_LOST
SIM-08209	Pathogenic	NULL_ARM	CHEK1	1.548603	WT_LOST
SIM-08210	Pathogenic	NULL_ARM	CHEK2	-0.202372	NOT_WT_LOST
SIM-08211	Pathogenic	NULL_ARM	RAD50	-1.237229	NOT_WT_LOST
SIM-08212	Pathogenic	NULL_ARM	MRE11	-0.39523	NOT_WT_LOST
SIM-08213	Pathogenic	NULL_ARM	FANCM	-0.842589	NOT_WT_LOST
SIM-08214	Pathogenic	NULL_ARM	FANCM	-0.565696	NOT_WT_LOST
SIM-08215	Pathogenic	NULL_ARM	RAD50	-0.976527	NOT_WT_LOST
SIM-08216	Pathogenic	NULL_ARM	ATR	0.673449	WT_LOST
SIM-08217	Pathogenic	NULL_ARM	NBN	-0.446866	NOT_WT_LOST
SIM-08218	Pathogenic	NULL_ARM	ATR	0.044102	NOT_WT_LOST
SIM-08219	Pathogenic	NULL_ARM	CHEK2	-0.169174	NOT_WT_LOST
SIM-08220	Pathogenic	NULL_ARM	ATM	0.369861	WT_LOST
SIM-08221	Pathogenic	NULL_ARM	NBN	-0.132784	WT_LOST
SIM-08222	Pathogenic	NULL_ARM	CHEK2	-1.578342	NOT_WT_LOST
SIM-08223	Pathogenic	NULL_ARM	ATR	-0.092814	NOT_WT_LOST
SIM-08224	Pathogenic	NULL_ARM	RAD50	-0.202993	NOT_WT_LOST
SIM-08225	Pathogenic	NULL_ARM	MRE11	-0.359061	NOT_WT_LOST
SIM-08226	Pathogenic	NULL_ARM	FANCM	-1.600906	NOT_WT_LOST
SIM-08227	Pathogenic	NULL_ARM	ATR	-0.826304	NOT_WT_LOST
SIM-08228	Pathogenic	NULL_ARM	FANCM	-0.820006	NOT_WT_LOST
SIM-08229	Pathogenic	NULL_ARM	ATM	0.39344	WT_LOST
SIM-08230	Pathogenic	NULL_ARM	ATM	0.45667	WT_LOST
SIM-08231	Pathogenic	NULL_ARM	CHEK1	1.543301	NOT_WT_LOST
SIM-08232	Pathogenic	NULL_ARM	ATM	-0.49328	NOT_WT_LOST
SIM-08233	Pathogenic	NULL_ARM	RAD50	-0.482736	NOT_WT_LOST
SIM-08234	Pathogenic	NULL_ARM	ATM	1.594925	WT_LOST
SIM-08235	Pathogenic	NULL_ARM	ATM	0.025397	NOT_WT_LOST
SIM-08236	Pathogenic	NULL_ARM	RAD50	-0.871252	NOT_WT_LOST
SIM-08237	Pathogenic	NULL_ARM	NBN	-1.757618	NOT_WT_LOST
SIM-08238	Pathogenic	NULL_ARM	CHEK1	0.106701	WT_LOST
SIM-08239	Pathogenic	NULL_ARM	ATR	0.863904	NOT_WT_LOST
SIM-08240	Pathogenic	NULL_ARM	CHEK1	-0.16979	NOT_WT_LOST
SIM-08241	Pathogenic	NULL_ARM	MRE11	-2.35986	NOT_WT_LOST
SIM-08242	Pathogenic	NULL_ARM	ATM	-1.522398	NOT_WT_LOST
SIM-08243	Pathogenic	NULL_ARM	FANCM	-2.793825	NOT_WT_LOST
SIM-08244	Pathogenic	NULL_ARM	FANCM	1.659563	WT_LOST
SIM-08245	Pathogenic	NULL_ARM	CHEK1	-0.053709	NOT_WT_LOST
SIM-08246	Pathogenic	NULL_ARM	CHEK1	-1.446302	NOT_WT_LOST
SIM-08247	Pathogenic	NULL_ARM	ATR	0.523697	NOT_WT_LOST
SIM-08248	Pathogenic	NULL_ARM	ATM	1.877176	WT_LOST
SIM-08249	Pathogenic	NULL_ARM	CHEK1	-0.773408	NOT_WT_LOST
SIM-08250	Pathogenic	NULL_ARM	CHEK2	-0.284768	NOT_WT_LOST
SIM-08251	Pathogenic	NULL_ARM	RAD50	1.597557	WT_LOST
SIM-08252	Pathogenic	NULL_ARM	NBN	-1.252572	NOT_WT_LOST
SIM-08253	Pathogenic	NULL_ARM	NBN	-0.396172	NOT_WT_LOST
SIM-08254	Pathogenic	NULL_ARM	CHEK1	1.211924	WT_LOST
SIM-08255	Pathogenic	NULL_ARM	NBN	-0.025265	WT_LOST
SIM-08256	Pathogenic	NULL_ARM	MRE11	-0.575364	NOT_WT_LOST
SIM-08257	Pathogenic	NULL_ARM	NBN	0.500102	WT_LOST
SIM-08258	Pathogenic	NULL_ARM	RAD50	-0.947598	WT_LOST
SIM-08259	Pathogenic	NULL_ARM	MRE11	0.922846	WT_LOST
SIM-08260	Pathogenic	NULL_ARM	MRE11	0.42624	NOT_WT_LOST
SIM-08261	Pathogenic	NULL_ARM	RAD50	-0.328558	NOT_WT_LOST
SIM-08262	Pathogenic	NULL_ARM	ATM	-0.823324	NOT_WT_LOST
SIM-08263	Pathogenic	NULL_ARM	ATR	0.501378	WT_LOST
SIM-08264	Pathogenic	NULL_ARM	CHEK1	-0.847357	NOT_WT_LOST
SIM-08265	Pathogenic	NULL_ARM	CHEK1	-0.906155	NOT_WT_LOST
SIM-08266	Pathogenic	NULL_ARM	NBN	0.478856	NOT_WT_LOST
SIM-08267	Pathogenic	NULL_ARM	CHEK2	-0.362604	NOT_WT_LOST
SIM-08268	Pathogenic	NULL_ARM	FANCM	-0.039017	NOT_WT_LOST
SIM-08269	Pathogenic	NULL_ARM	ATM	-0.695645	NOT_WT_LOST
SIM-08270	Pathogenic	NULL_ARM	ATR	-0.442285	NOT_WT_LOST
SIM-08271	Pathogenic	NULL_ARM	RAD50	-0.38517	NOT_WT_LOST
SIM-08272	Pathogenic	NULL_ARM	CHEK1	-0.75339	NOT_WT_LOST
SIM-08273	Pathogenic	NULL_ARM	MRE11	-0.38756	NOT_WT_LOST
SIM-08274	Pathogenic	NULL_ARM	RAD50	-0.300352	NOT_WT_LOST
SIM-08275	Pathogenic	NULL_ARM	RAD50	0.302577	WT_LOST
SIM-08276	Pathogenic	NULL_ARM	NBN	-0.68691	WT_LOST
SIM-08277	Pathogenic	NULL_ARM	MRE11	1.240321	WT_LOST
SIM-08278	Pathogenic	NULL_ARM	FANCM	1.131789	NOT_WT_LOST
SIM-08279	Pathogenic	NULL_ARM	CHEK1	-0.090762	WT_LOST
SIM-08280	Pathogenic	NULL_ARM	NBN	0.231313	NOT_WT_LOST
SIM-08281	Pathogenic	NULL_ARM	RAD50	-0.921914	NOT_WT_LOST
SIM-08282	Pathogenic	NULL_ARM	CHEK1	1.058605	NOT_WT_LOST
SIM-08283	Pathogenic	NULL_ARM	ATR	1.096146	NOT_WT_LOST
SIM-08284	Pathogenic	NULL_ARM	MRE11	0.843139	NOT_WT_LOST
SIM-08285	Pathogenic	NULL_ARM	FANCM	0.806223	NOT_WT_LOST
SIM-08286	Pathogenic	NULL_ARM	CHEK2	-1.346963	NOT_WT_LOST
SIM-08287	Pathogenic	NULL_ARM	NBN	0.001254	NOT_WT_LOST
SIM-08288	Pathogenic	NULL_ARM	FANCM	-0.998217	NOT_WT_LOST
SIM-08289	Pathogenic	NULL_ARM	CHEK2	-0.53431	NOT_WT_LOST
SIM-08290	Pathogenic	NULL_ARM	CHEK1	-0.424578	NOT_WT_LOST
SIM-08291	Pathogenic	NULL_ARM	RAD50	-1.050115	NOT_WT_LOST
SIM-08292	Pathogenic	NULL_ARM	ATM	0.152595	WT_LOST
SIM-08293	Pathogenic	NULL_ARM	CHEK2	0.719711	NOT_WT_LOST
SIM-08294	Pathogenic	NULL_ARM	ATR	1.045616	NOT_WT_LOST
SIM-08295	Pathogenic	NULL_ARM	ATR	0.090176	WT_LOST
SIM-08296	Pathogenic	NULL_ARM	MRE11	-1.260175	NOT_WT_LOST
SIM-08297	Pathogenic	NULL_ARM	RAD50	0.090866	WT_LOST
SIM-08298	Pathogenic	NULL_ARM	CHEK2	0.758848	NOT_WT_LOST
SIM-08299	Pathogenic	NULL_ARM	RAD50	-0.428012	NOT_WT_LOST
SIM-08300	Pathogenic	NULL_ARM	CHEK1	1.305616	WT_LOST
SIM-08301	Pathogenic	NULL_ARM	ATM	1.219016	WT_LOST
SIM-08302	Pathogenic	NULL_ARM	FANCM	-0.329488	NOT_WT_LOST
SIM-08303	Pathogenic	NULL_ARM	MRE11	-1.170919	NOT_WT_LOST
SIM-08304	Pathogenic	NULL_ARM	NBN	-0.25617	WT_LOST
SIM-08305	Pathogenic	NULL_ARM	RAD50	-0.92739	WT_LOST
SIM-08306	Pathogenic	NULL_ARM	ATM	-0.503309	NOT_WT_LOST
SIM-08307	Pathogenic	NULL_ARM	MRE11	-0.874416	NOT_WT_LOST
SIM-08308	Pathogenic	NULL_ARM	CHEK2	1.265214	WT_LOST
SIM-08309	Pathogenic	NULL_ARM	RAD50	-0.362765	NOT_WT_LOST
SIM-08310	Pathogenic	NULL_ARM	CHEK2	0.150066	WT_LOST
SIM-08311	Pathogenic	NULL_ARM	CHEK1	0.540682	WT_LOST
SIM-08312	Pathogenic	NULL_ARM	NBN	-0.78348	NOT_WT_LOST
SIM-08313	Pathogenic	NULL_ARM	CHEK2	1.787201	WT_LOST
SIM-08314	Pathogenic	NULL_ARM	FANCM	0.560472	WT_LOST
SIM-08315	Pathogenic	NULL_ARM	NBN	0.079251	WT_LOST
SIM-08316	Pathogenic	NULL_ARM	FANCM	1.210819	NOT_WT_LOST
SIM-08317	Pathogenic	NULL_ARM	ATR	-0.720171	WT_LOST
SIM-08318	Pathogenic	NULL_ARM	MRE11	1.203891	WT_LOST
SIM-08319	Pathogenic	NULL_ARM	MRE11	0.498395	WT_LOST
SIM-08320	Pathogenic	NULL_ARM	CHEK1	-0.536242	WT_LOST
SIM-08321	Pathogenic	NULL_ARM	CHEK1	-0.711799	NOT_WT_LOST
SIM-08322	Pathogenic	NULL_ARM	FANCM	1.968423	WT_LOST
SIM-08323	Pathogenic	NULL_ARM	CHEK1	-1.540957	NOT_WT_LOST
SIM-08324	Pathogenic	NULL_ARM	CHEK1	1.160704	WT_LOST
SIM-08325	Pathogenic	NULL_ARM	ATR	-1.161172	NOT_WT_LOST
SIM-08326	Pathogenic	NULL_ARM	ATM	0.538089	NOT_WT_LOST
SIM-08327	Pathogenic	NULL_ARM	RAD50	0.724178	WT_LOST
SIM-08328	Pathogenic	NULL_ARM	CHEK1	-0.635555	NOT_WT_LOST
SIM-08329	Pathogenic	NULL_ARM	FANCM	0.234775	NOT_WT_LOST
SIM-08330	Pathogenic	NULL_ARM	NBN	-0.406013	NOT_WT_LOST
SIM-08331	Pathogenic	NULL_ARM	FANCM	0.93784	WT_LOST
SIM-08332	Pathogenic	NULL_ARM	ATR	1.865195	WT_LOST
SIM-08333	Pathogenic	NULL_ARM	RAD50	0.626374	WT_LOST
SIM-08334	Pathogenic	NULL_ARM	FANCM	0.717669	WT_LOST
SIM-08335	Pathogenic	NULL_ARM	CHEK1	0.1012	NOT_WT_LOST
SIM-08336	Pathogenic	NULL_ARM	MRE11	-0.163536	NOT_WT_LOST
SIM-08337	Pathogenic	NULL_ARM	CHEK2	0.477174	NOT_WT_LOST
SIM-08338	Pathogenic	NULL_ARM	CHEK2	0.849693	NOT_WT_LOST
SIM-08339	Pathogenic	NULL_ARM	CHEK1	-0.603049	NOT_WT_LOST
SIM-08340	Pathogenic	NULL_ARM	FANCM	-0.541323	NOT_WT_LOST
SIM-08341	Pathogenic	NULL_ARM	CHEK2	0.615844	WT_LOST
SIM-08342	Pathogenic	NULL_ARM	NBN	-0.769942	WT_LOST
SIM-08343	Pathogenic	NULL_ARM	RAD50	0.449977	NOT_WT_LOST
SIM-08344	Pathogenic	NULL_ARM	RAD50	1.276938	WT_LOST
SIM-08345	Pathogenic	NULL_ARM	ATR	0.888079	NOT_WT_LOST
SIM-08346	Pathogenic	NULL_ARM	CHEK2	0.653166	NOT_WT_LOST
SIM-08347	Pathogenic	NULL_ARM	FANCM	1.539994	WT_LOST
SIM-08348	Pathogenic	NULL_ARM	ATR	-0.022456	NOT_WT_LOST
SIM-08349	Pathogenic	NULL_ARM	FANCM	-0.64126	NOT_WT_LOST
SIM-08350	Pathogenic	NULL_ARM	ATM	-0.851566	NOT_WT_LOST
SIM-08351	Pathogenic	NULL_ARM	CHEK1	0.031097	WT_LOST
SIM-08352	Pathogenic	NULL_ARM	MRE11	1.116421	WT_LOST
SIM-08353	Pathogenic	NULL_ARM	ATM	-0.614484	NOT_WT_LOST
SIM-08354	Pathogenic	NULL_ARM	CHEK2	0.070903	NOT_WT_LOST
SIM-08355	Pathogenic	NULL_ARM	NBN	-1.063914	NOT_WT_LOST
SIM-08356	Pathogenic	NULL_ARM	MRE11	-1.178089	NOT_WT_LOST
SIM-08357	Pathogenic	NULL_ARM	ATR	0.949089	WT_LOST
SIM-08358	Pathogenic	NULL_ARM	CHEK1	-2.550996	NOT_WT_LOST
SIM-08359	Pathogenic	NULL_ARM	CHEK2	0.596423	WT_LOST
SIM-08360	Pathogenic	NULL_ARM	CHEK2	0.977506	NOT_WT_LOST
SIM-08361	Pathogenic	NULL_ARM	MRE11	0.522495	NOT_WT_LOST
SIM-08362	Pathogenic	NULL_ARM	NBN	-0.346842	NOT_WT_LOST
SIM-08363	Pathogenic	NULL_ARM	NBN	-0.440281	NOT_WT_LOST
SIM-08364	Pathogenic	NULL_ARM	RAD50	1.935011	WT_LOST
SIM-08365	Pathogenic	NULL_ARM	NBN	1.311556	WT_LOST
SIM-08366	Pathogenic	NULL_ARM	ATM	-1.001567	NOT_WT_LOST
SIM-08367	Pathogenic	NULL_ARM	RAD50	0.007787	WT_LOST
SIM-08368	Pathogenic	NULL_ARM	ATM	0.226738	NOT_WT_LOST
SIM-08369	Pathogenic	NULL_ARM	RAD50	-0.444715	NOT_WT_LOST
SIM-08370	Pathogenic	NULL_ARM	RAD50	-0.549738	NOT_WT_LOST
SIM-08371	Pathogenic	NULL_ARM	NBN	0.35767	NOT_WT_LOST
SIM-08372	Pathogenic	NULL_ARM	FANCM	-2.162053	NOT_WT_LOST
SIM-08373	Pathogenic	NULL_ARM	CHEK1	-1.764398	NOT_WT_LOST
SIM-08374	Pathogenic	NULL_ARM	ATR	-0.769898	NOT_WT_LOST
SIM-08375	Pathogenic	NULL_ARM	NBN	-0.209057	NOT_WT_LOST
SIM-08376	Pathogenic	NULL_ARM	FANCM	-0.377401	NOT_WT_LOST
SIM-08377	Pathogenic	NULL_ARM	RAD50	0.232772	NOT_WT_LOST
SIM-08378	Pathogenic	NULL_ARM	RAD50	-0.859961	WT_LOST
SIM-08379	Pathogenic	NULL_ARM	RAD50	1.709252	NOT_WT_LOST
SIM-08380	Pathogenic	NULL_ARM	MRE11	-0.780243	NOT_WT_LOST
SIM-08381	Pathogenic	NULL_ARM	NBN	0.06663	WT_LOST
SIM-08382	Pathogenic	NULL_ARM	ATM	1.140171	WT_LOST
SIM-08383	Pathogenic	NULL_ARM	CHEK1	-0.120211	NOT_WT_LOST
SIM-08384	Pathogenic	NULL_ARM	RAD50	0.263157	WT_LOST
SIM-08385	Pathogenic	NULL_ARM	MRE11	-1.019229	NOT_WT_LOST
SIM-08386	Pathogenic	NULL_ARM	RAD50	-1.265749	NOT_WT_LOST
SIM-08387	Pathogenic	NULL_ARM	CHEK1	-0.928749	NOT_WT_LOST
SIM-08388	Pathogenic	NULL_ARM	ATR	0.860532	WT_LOST
SIM-08389	Pathogenic	NULL_ARM	NBN	1.150595	WT_LOST
SIM-08390	Pathogenic	NULL_ARM	FANCM	1.22491	WT_LOST
SIM-08391	Pathogenic	NULL_ARM	CHEK1	-1.542536	NOT_WT_LOST
SIM-08392	Pathogenic	NULL_ARM	NBN	0.823924	NOT_WT_LOST
SIM-08393	Pathogenic	NULL_ARM	CHEK2	0.29542	NOT_WT_LOST
SIM-08394	Pathogenic	NULL_ARM	RAD50	0.141225	NOT_WT_LOST
SIM-08395	Pathogenic	NULL_ARM	MRE11	-0.247294	NOT_WT_LOST
SIM-08396	Pathogenic	NULL_ARM	RAD50	0.138195	NOT_WT_LOST
SIM-08397	Pathogenic	NULL_ARM	MRE11	0.434719	WT_LOST
SIM-08398	Pathogenic	NULL_ARM	CHEK2	-1.381181	NOT_WT_LOST
SIM-08399	Pathogenic	NULL_ARM	FANCM	-0.712286	NOT_WT_LOST
SIM-08400	Pathogenic	NULL_ARM	ATM	0.171903	NOT_WT_LOST
SIM-08401	Pathogenic	NULL_ARM	NBN	0.971562	WT_LOST
SIM-08402	Pathogenic	NULL_ARM	ATM	-0.587828	NOT_WT_LOST
SIM-08403	Pathogenic	NULL_ARM	ATM	0.348209	WT_LOST
SIM-08404	Pathogenic	NULL_ARM	ATR	0.791174	WT_LOST
SIM-08405	Pathogenic	NULL_ARM	RAD50	2.347975	WT_LOST
SIM-08406	Pathogenic	NULL_ARM	CHEK2	-0.737092	NOT_WT_LOST
SIM-08407	Pathogenic	NULL_ARM	RAD50	0.315373	WT_LOST
SIM-08408	Pathogenic	NULL_ARM	CHEK2	-0.131274	WT_LOST
SIM-08409	Pathogenic	NULL_ARM	FANCM	0.761968	WT_LOST
SIM-08410	Pathogenic	NULL_ARM	RAD50	-2.026994	NOT_WT_LOST
SIM-08411	Pathogenic	NULL_ARM	CHEK1	-0.71974	NOT_WT_LOST
SIM-08412	Pathogenic	NULL_ARM	CHEK2	-1.009501	NOT_WT_LOST
SIM-08413	Pathogenic	NULL_ARM	MRE11	0.459862	WT_LOST
SIM-08414	Pathogenic	NULL_ARM	ATR	-0.320446	NOT_WT_LOST
SIM-08415	Pathogenic	NULL_ARM	ATR	-0.791168	WT_LOST
SIM-08416	Pathogenic	NULL_ARM	CHEK2	-0.599676	NOT_WT_LOST
SIM-08417	Pathogenic	NULL_ARM	ATM	0.168493	NOT_WT_LOST
SIM-08418	Pathogenic	NULL_ARM	MRE11	0.747595	WT_LOST
SIM-08419	Pathogenic	NULL_ARM	CHEK2	-0.272618	NOT_WT_LOST
SIM-08420	Pathogenic	NULL_ARM	CHEK2	-0.689283	NOT_WT_LOST
SIM-08421	Pathogenic	NULL_ARM	CHEK2	-1.467445	NOT_WT_LOST
SIM-08422	Pathogenic	NULL_ARM	ATM	1.071864	WT_LOST
SIM-08423	Pathogenic	NULL_ARM	ATR	0.816585	NOT_WT_LOST
SIM-08424	Pathogenic	NULL_ARM	RAD50	-1.15546	NOT_WT_LOST
SIM-08425	Pathogenic	NULL_ARM	MRE11	1.699402	NOT_WT_LOST
SIM-08426	Pathogenic	NULL_ARM	MRE11	-1.945124	NOT_WT_LOST
SIM-08427	Pathogenic	NULL_ARM	NBN	-1.039708	NOT_WT_LOST
SIM-08428	Pathogenic	NULL_ARM	ATR	-1.41175	NOT_WT_LOST
SIM-08429	Pathogenic	NULL_ARM	CHEK2	0.948923	WT_LOST
SIM-08430	Pathogenic	NULL_ARM	CHEK1	-0.610938	NOT_WT_LOST
SIM-08431	Pathogenic	NULL_ARM	FANCM	0.083053	WT_LOST
SIM-08432	Pathogenic	NULL_ARM	NBN	1.115464	NOT_WT_LOST
SIM-08433	Pathogenic	NULL_ARM	MRE11	0.500148	WT_LOST
SIM-08434	Pathogenic	NULL_ARM	ATR	-1.550906	NOT_WT_LOST
SIM-08435	Pathogenic	NULL_ARM	CHEK2	0.381984	NOT_WT_LOST
SIM-08436	Pathogenic	NULL_ARM	CHEK1	1.752042	WT_LOST
SIM-08437	Pathogenic	NULL_ARM	FANCM	-0.472453	WT_LOST
SIM-08438	Pathogenic	NULL_ARM	FANCM	-0.854415	NOT_WT_LOST
SIM-08439	Pathogenic	NULL_ARM	MRE11	-0.091673	NOT_WT_LOST
SIM-08440	Pathogenic	NULL_ARM	CHEK2	-0.086721	WT_LOST
SIM-08441	Pathogenic	NULL_ARM	CHEK2	0.21054	NOT_WT_LOST
SIM-08442	Pathogenic	NULL_ARM	CHEK1	-2.020235	NOT_WT_LOST
SIM-08443	Pathogenic	NULL_ARM	ATR	0.305505	WT_LOST
SIM-08444	Pathogenic	NULL_ARM	CHEK2	0.453233	WT_LOST
SIM-08445	Pathogenic	NULL_ARM	ATR	-1.93826	NOT_WT_LOST
SIM-08446	Pathogenic	NULL_ARM	MRE11	0.092819	NOT_WT_LOST
SIM-08447	Pathogenic	NULL_ARM	NBN	-1.124615	NOT_WT_LOST
SIM-08448	Pathogenic	NULL_ARM	CHEK2	0.321413	WT_LOST
SIM-08449	Pathogenic	NULL_ARM	NBN	0.35676	WT_LOST
SIM-08450	Pathogenic	NULL_ARM	MRE11	0.601682	NOT_WT_LOST
SIM-08451	Pathogenic	NULL_ARM	RAD50	0.745733	WT_LOST
SIM-08452	Pathogenic	NULL_ARM	ATM	0.690182	NOT_WT_LOST
SIM-08453	Pathogenic	NULL_ARM	NBN	0.377443	NOT_WT_LOST
SIM-08454	Pathogenic	NULL_ARM	RAD50	-1.02385	NOT_WT_LOST
SIM-08455	Pathogenic	NULL_ARM	MRE11	0.506858	NOT_WT_LOST
SIM-08456	Pathogenic	NULL_ARM	ATR	1.50923	NOT_WT_LOST
SIM-08457	Pathogenic	NULL_ARM	FANCM	-0.606829	NOT_WT_LOST
SIM-08458	Pathogenic	NULL_ARM	ATM	0.297618	NOT_WT_LOST
SIM-08459	Pathogenic	NULL_ARM	ATR	0.142784	WT_LOST
SIM-08460	Pathogenic	NULL_ARM	NBN	0.805027	NOT_WT_LOST
SIM-08461	Pathogenic	NULL_ARM	ATM	0.464466	WT_LOST
SIM-08462	Pathogenic	NULL_ARM	RAD50	0.134679	NOT_WT_LOST
SIM-08463	Pathogenic	NULL_ARM	CHEK1	-0.905926	NOT_WT_LOST
SIM-08464	Pathogenic	NULL_ARM	FANCM	-0.533436	NOT_WT_LOST
SIM-08465	Pathogenic	NULL_ARM	CHEK1	-2.112874	NOT_WT_LOST
SIM-08466	Pathogenic	NULL_ARM	ATR	1.97842	WT_LOST
SIM-08467	Pathogenic	NULL_ARM	MRE11	1.990329	NOT_WT_LOST
SIM-08468	Pathogenic	NULL_ARM	FANCM	-1.425723	NOT_WT_LOST
SIM-08469	Pathogenic	NULL_ARM	ATM	0.598037	WT_LOST
SIM-08470	Pathogenic	NULL_ARM	ATR	0.227529	NOT_WT_LOST
SIM-08471	Pathogenic	NULL_ARM	CHEK2	0.875085	NOT_WT_LOST
SIM-08472	Pathogenic	NULL_ARM	RAD50	0.337109	WT_LOST
SIM-08473	Pathogenic	NULL_ARM	CHEK2	1.735312	WT_LOST
SIM-08474	Pathogenic	NULL_ARM	ATR	0.810544	NOT_WT_LOST
SIM-08475	Pathogenic	NULL_ARM	RAD50	-0.609966	NOT_WT_LOST
SIM-08476	Pathogenic	NULL_ARM	RAD50	1.38137	NOT_WT_LOST
SIM-08477	Pathogenic	NULL_ARM	CHEK2	-0.212524	NOT_WT_LOST
SIM-08478	Pathogenic	NULL_ARM	ATM	-0.081977	NOT_WT_LOST
SIM-08479	Pathogenic	NULL_ARM	ATR	1.546324	WT_LOST
SIM-08480	Pathogenic	NULL_ARM	MRE11	2.4644	WT_LOST
SIM-08481	Pathogenic	NULL_ARM	RAD50	-0.545301	NOT_WT_LOST
SIM-08482	Pathogenic	NULL_ARM	RAD50	-0.872978	NOT_WT_LOST
SIM-08483	Pathogenic	NULL_ARM	CHEK2	-2.240021	NOT_WT_LOST
SIM-08484	Pathogenic	NULL_ARM	ATR	1.866604	NOT_WT_LOST
SIM-08485	Pathogenic	NULL_ARM	ATM	1.084613	WT_LOST
SIM-08486	Pathogenic	NULL_ARM	CHEK2	-0.226934	NOT_WT_LOST
SIM-08487	Pathogenic	NULL_ARM	FANCM	-1.44053	NOT_WT_LOST
SIM-08488	Pathogenic	NULL_ARM	CHEK1	0.848201	WT_LOST
SIM-08489	Pathogenic	NULL_ARM	RAD50	3.638625	WT_LOST
SIM-08490	Pathogenic	NULL_ARM	FANCM	0.478936	NOT_WT_LOST
SIM-08491	Pathogenic	NULL_ARM	NBN	-1.263336	NOT_WT_LOST
SIM-08492	Pathogenic	NULL_ARM	RAD50	0.115237	NOT_WT_LOST
SIM-08493	Pathogenic	NULL_ARM	NBN	0.726634	WT_LOST
SIM-08494	Pathogenic	NULL_ARM	ATR	-0.403145	NOT_WT_LOST
SIM-08495	Pathogenic	NULL_ARM	MRE11	-0.529924	NOT_WT_LOST
SIM-08496	Pathogenic	NULL_ARM	CHEK1	1.406705	WT_LOST
SIM-08497	Pathogenic	NULL_ARM	ATR	0.27561	NOT_WT_LOST
SIM-08498	Pathogenic	NULL_ARM	CHEK1	0.289592	NOT_WT_LOST
SIM-08499	Pathogenic	NULL_ARM	MRE11	0.316356	WT_LOST
SIM-08500	Pathogenic	NULL_ARM	ATM	0.102602	WT_LOST
SIM-08501	Pathogenic	NULL_ARM	NBN	-0.929423	NOT_WT_LOST
SIM-08502	Pathogenic	NULL_ARM	MRE11	0.618653	NOT_WT_LOST
SIM-08503	Pathogenic	NULL_ARM	ATM	-0.620944	NOT_WT_LOST
SIM-08504	Pathogenic	NULL_ARM	CHEK1	-1.369792	NOT_WT_LOST
SIM-08505	Pathogenic	NULL_ARM	CHEK1	1.542559	NOT_WT_LOST
SIM-08506	Pathogenic	NULL_ARM	ATM	1.711817	WT_LOST
SIM-08507	Pathogenic	NULL_ARM	CHEK1	0.401323	NOT_WT_LOST
SIM-08508	Pathogenic	NULL_ARM	FANCM	-0.311143	NOT_WT_LOST
SIM-08509	Pathogenic	NULL_ARM	ATM	-1.410621	NOT_WT_LOST
SIM-08510	Pathogenic	NULL_ARM	NBN	-2.036126	NOT_WT_LOST
SIM-08511	Pathogenic	NULL_ARM	NBN	-1.248336	NOT_WT_LOST
SIM-08512	Pathogenic	NULL_ARM	FANCM	0.664125	WT_LOST
SIM-08513	Pathogenic	NULL_ARM	ATM	0.665865	WT_LOST
SIM-08514	Pathogenic	NULL_ARM	MRE11	-1.783042	NOT_WT_LOST
SIM-08515	Pathogenic	NULL_ARM	ATR	-0.182649	NOT_WT_LOST
SIM-08516	Pathogenic	NULL_ARM	ATM	-0.36292	NOT_WT_LOST
SIM-08517	Pathogenic	NULL_ARM	RAD50	0.828425	WT_LOST
SIM-08518	Pathogenic	NULL_ARM	FANCM	0.472262	NOT_WT_LOST
SIM-08519	Pathogenic	NULL_ARM	FANCM	0.684246	WT_LOST
SIM-08520	Pathogenic	NULL_ARM	FANCM	0.047881	NOT_WT_LOST
SIM-08521	Pathogenic	NULL_ARM	ATR	1.396574	NOT_WT_LOST
SIM-08522	Pathogenic	NULL_ARM	ATR	1.373454	WT_LOST
SIM-08523	Pathogenic	NULL_ARM	ATR	-0.280171	NOT_WT_LOST
SIM-08524	Pathogenic	NULL_ARM	CHEK1	-0.818544	WT_LOST
SIM-08525	Pathogenic	NULL_ARM	ATM	-0.890655	NOT_WT_LOST
SIM-08526	Pathogenic	NULL_ARM	CHEK1	-2.464595	NOT_WT_LOST
SIM-08527	Pathogenic	NULL_ARM	FANCM	-0.739862	NOT_WT_LOST
SIM-08528	Pathogenic	NULL_ARM	RAD50	0.595817	WT_LOST
SIM-08529	Pathogenic	NULL_ARM	CHEK2	0.462677	WT_LOST
SIM-08530	Pathogenic	NULL_ARM	ATM	0.095532	WT_LOST
SIM-08531	Pathogenic	NULL_ARM	ATM	-1.791951	NOT_WT_LOST
SIM-08532	Pathogenic	NULL_ARM	NBN	0.557015	NOT_WT_LOST
SIM-08533	Pathogenic	NULL_ARM	ATM	1.217112	WT_LOST
SIM-08534	Pathogenic	NULL_ARM	ATR	1.800971	WT_LOST
SIM-08535	Pathogenic	NULL_ARM	RAD50	-0.055419	NOT_WT_LOST
SIM-08536	Pathogenic	NULL_ARM	MRE11	-0.144807	NOT_WT_LOST
SIM-08537	Pathogenic	NULL_ARM	CHEK2	0.242569	WT_LOST
SIM-08538	Pathogenic	NULL_ARM	RAD50	-0.924293	NOT_WT_LOST
SIM-08539	Pathogenic	NULL_ARM	CHEK1	-0.092338	NOT_WT_LOST
SIM-08540	Pathogenic	NULL_ARM	FANCM	-0.796904	NOT_WT_LOST
SIM-08541	Pathogenic	NULL_ARM	RAD50	1.203692	NOT_WT_LOST
SIM-08542	Pathogenic	NULL_ARM	CHEK2	-0.760508	NOT_WT_LOST
SIM-08543	Pathogenic	NULL_ARM	CHEK2	0.70475	NOT_WT_LOST
SIM-08544	Pathogenic	NULL_ARM	CHEK1	0.1546	NOT_WT_LOST
SIM-08545	Pathogenic	NULL_ARM	FANCM	-2.150937	NOT_WT_LOST
SIM-08546	Pathogenic	NULL_ARM	RAD50	0.455535	NOT_WT_LOST
SIM-08547	Pathogenic	NULL_ARM	RAD50	-0.597488	WT_LOST
SIM-08548	Pathogenic	NULL_ARM	CHEK1	1.306634	NOT_WT_LOST
SIM-08549	Pathogenic	NULL_ARM	RAD50	1.589454	WT_LOST
SIM-08550	Pathogenic	NULL_ARM	ATM	-0.798987	NOT_WT_LOST
SIM-08551	Pathogenic	NULL_ARM	ATM	0.822472	NOT_WT_LOST
SIM-08552	Pathogenic	NULL_ARM	NBN	-1.31258	NOT_WT_LOST
SIM-08553	Pathogenic	NULL_ARM	MRE11	0.273356	NOT_WT_LOST
SIM-08554	Pathogenic	NULL_ARM	ATM	-0.046983	NOT_WT_LOST
SIM-08555	Pathogenic	NULL_ARM	MRE11	0.871673	NOT_WT_LOST
SIM-08556	Pathogenic	NULL_ARM	MRE11	-2.198985	NOT_WT_LOST
SIM-08557	Pathogenic	NULL_ARM	RAD50	0.175549	NOT_WT_LOST
SIM-08558	Pathogenic	NULL_ARM	ATM	-0.915691	WT_LOST
SIM-08559	Pathogenic	NULL_ARM	CHEK2	1.066625	NOT_WT_LOST
SIM-08560	Pathogenic	NULL_ARM	FANCM	-2.349579	NOT_WT_LOST
SIM-08561	Pathogenic	NULL_ARM	CHEK1	-1.648463	NOT_WT_LOST
SIM-08562	Pathogenic	NULL_ARM	ATM	0.900396	NOT_WT_LOST
SIM-08563	Pathogenic	NULL_ARM	CHEK1	-0.911006	NOT_WT_LOST
SIM-08564	Pathogenic	NULL_ARM	MRE11	-0.338649	NOT_WT_LOST
SIM-08565	Pathogenic	NULL_ARM	ATR	0.528255	NOT_WT_LOST
SIM-08566	Pathogenic	NULL_ARM	MRE11	0.373522	NOT_WT_LOST
SIM-08567	Pathogenic	NULL_ARM	RAD50	0.959719	WT_LOST
SIM-08568	Pathogenic	NULL_ARM	ATM	0.430051	NOT_WT_LOST
SIM-08569	Pathogenic	NULL_ARM	ATM	-0.724011	WT_LOST
SIM-08570	Pathogenic	NULL_ARM	MRE11	-0.206415	NOT_WT_LOST
SIM-08571	Pathogenic	NULL_ARM	RAD50	-0.734557	NOT_WT_LOST
SIM-08572	Pathogenic	NULL_ARM	RAD50	1.447414	NOT_WT_LOST
SIM-08573	Pathogenic	NULL_ARM	ATM	-0.357201	NOT_WT_LOST
SIM-08574	Pathogenic	NULL_ARM	CHEK1	-1.046119	NOT_WT_LOST
SIM-08575	Pathogenic	NULL_ARM	FANCM	0.112918	NOT_WT_LOST
SIM-08576	Pathogenic	NULL_ARM	FANCM	0.625545	NOT_WT_LOST
SIM-08577	Pathogenic	NULL_ARM	ATR	-1.395197	NOT_WT_LOST
SIM-08578	Pathogenic	NULL_ARM	RAD50	-1.521473	NOT_WT_LOST
SIM-08579	Pathogenic	NULL_ARM	ATM	0.326476	NOT_WT_LOST
SIM-08580	Pathogenic	NULL_ARM	ATR	-1.980721	NOT_WT_LOST
SIM-08581	Pathogenic	NULL_ARM	ATM	-0.999241	NOT_WT_LOST
SIM-08582	Pathogenic	NULL_ARM	RAD50	-1.335234	NOT_WT_LOST
SIM-08583	Pathogenic	NULL_ARM	ATM	-0.820535	NOT_WT_LOST
SIM-08584	Pathogenic	NULL_ARM	CHEK2	-0.606625	NOT_WT_LOST
SIM-08585	Pathogenic	NULL_ARM	RAD50	0.30742	WT_LOST
SIM-08586	Pathogenic	NULL_ARM	ATM	0.278262	NOT_WT_LOST
SIM-08587	Pathogenic	NULL_ARM	FANCM	0.380938	WT_LOST
SIM-08588	Pathogenic	NULL_ARM	ATM	0.69036	NOT_WT_LOST
SIM-08589	Pathogenic	NULL_ARM	ATR	0.475246	NOT_WT_LOST
SIM-08590	Pathogenic	NULL_ARM	RAD50	-1.781013	NOT_WT_LOST
SIM-08591	Pathogenic	NULL_ARM	NBN	-0.385866	NOT_WT_LOST
SIM-08592	Pathogenic	NULL_ARM	ATR	-0.418788	NOT_WT_LOST
SIM-08593	Pathogenic	NULL_ARM	RAD50	1.234227	WT_LOST
SIM-08594	Pathogenic	NULL_ARM	NBN	1.109953	NOT_WT_LOST
SIM-08595	Pathogenic	NULL_ARM	ATM	0.740428	NOT_WT_LOST
SIM-08596	Pathogenic	NULL_ARM	NBN	0.55086	NOT_WT_LOST
SIM-08597	Pathogenic	NULL_ARM	RAD50	-1.660486	NOT_WT_LOST
SIM-08598	Pathogenic	NULL_ARM	NBN	-1.085119	NOT_WT_LOST
SIM-08599	Pathogenic	NULL_ARM	ATR	0.123381	NOT_WT_LOST
SIM-08600	Pathogenic	NULL_ARM	CHEK2	-0.4133	NOT_WT_LOST
SIM-08601	Pathogenic	NULL_ARM	ATR	1.420192	WT_LOST
SIM-08602	Pathogenic	NULL_ARM	CHEK2	1.153367	WT_LOST
SIM-08603	Pathogenic	NULL_ARM	CHEK2	0.190082	NOT_WT_LOST
SIM-08604	Pathogenic	NULL_ARM	MRE11	0.992367	WT_LOST
SIM-08605	Pathogenic	NULL_ARM	ATR	-0.759901	NOT_WT_LOST
SIM-08606	Pathogenic	NULL_ARM	NBN	0.681446	NOT_WT_LOST
SIM-08607	Pathogenic	NULL_ARM	FANCM	0.275197	NOT_WT_LOST
SIM-08608	Pathogenic	NULL_ARM	MRE11	0.577937	WT_LOST
SIM-08609	Pathogenic	NULL_ARM	CHEK1	-0.502746	NOT_WT_LOST
SIM-08610	Pathogenic	NULL_ARM	ATM	-0.928367	WT_LOST
SIM-08611	Pathogenic	NULL_ARM	CHEK1	0.359046	WT_LOST
SIM-08612	Pathogenic	NULL_ARM	CHEK1	2.832989	WT_LOST
SIM-08613	Pathogenic	NULL_ARM	MRE11	-1.515122	NOT_WT_LOST
SIM-08614	Pathogenic	NULL_ARM	MRE11	-0.059098	NOT_WT_LOST
SIM-08615	Pathogenic	NULL_ARM	NBN	1.092469	NOT_WT_LOST
SIM-08616	Pathogenic	NULL_ARM	CHEK2	-0.702294	NOT_WT_LOST
SIM-08617	Pathogenic	NULL_ARM	CHEK1	-0.549884	NOT_EVALUABLE
SIM-08618	Pathogenic	NULL_ARM	MRE11	1.104203	NOT_EVALUABLE
SIM-08619	Pathogenic	NULL_ARM	MRE11	-0.057364	NOT_EVALUABLE
SIM-08620	Pathogenic	NULL_ARM	CHEK2	0.098011	NOT_EVALUABLE
SIM-08621	Pathogenic	NULL_ARM	MRE11	0.353294	NOT_EVALUABLE
SIM-08622	Pathogenic	NULL_ARM	FANCM	1.018685	NOT_EVALUABLE
SIM-08623	Pathogenic	NULL_ARM	NBN	0.684327	NOT_EVALUABLE
SIM-08624	Pathogenic	NULL_ARM	CHEK2	1.073333	NOT_EVALUABLE
SIM-08625	Pathogenic	NULL_ARM	FANCM	0.563648	WT_LOST
SIM-08626	Pathogenic	NULL_ARM	CHEK2	1.228143	WT_LOST
SIM-08627	Pathogenic	NULL_ARM	RAD50	-0.187736	NOT_WT_LOST
SIM-08628	Pathogenic	NULL_ARM	NBN	-0.384666	NOT_WT_LOST
SIM-08629	Pathogenic	NULL_ARM	CHEK2	-0.115182	WT_LOST
SIM-08630	Pathogenic	NULL_ARM	CHEK2	0.813222	NOT_WT_LOST
SIM-08631	Pathogenic	NULL_ARM	CHEK1	0.31934	NOT_WT_LOST
SIM-08632	Pathogenic	NULL_ARM	ATR	-0.314556	NOT_WT_LOST
SIM-08633	Pathogenic	NULL_ARM	NBN	-1.161676	NOT_WT_LOST
SIM-08634	Pathogenic	NULL_ARM	ATM	-0.032687	WT_LOST
SIM-08635	Pathogenic	NULL_ARM	NBN	2.340206	WT_LOST
SIM-08636	Pathogenic	NULL_ARM	NBN	1.887818	WT_LOST
SIM-08637	Pathogenic	NULL_ARM	FANCM	0.324188	WT_LOST
SIM-08638	Pathogenic	NULL_ARM	FANCM	0.126129	NOT_WT_LOST
SIM-08639	Pathogenic	NULL_ARM	CHEK2	-0.048295	NOT_WT_LOST
SIM-08640	Pathogenic	NULL_ARM	MRE11	1.082611	WT_LOST
SIM-08641	Pathogenic	NULL_ARM	CHEK2	1.152487	WT_LOST
SIM-08642	Pathogenic	NULL_ARM	MRE11	-0.02678	NOT_WT_LOST
SIM-08643	Pathogenic	NULL_ARM	CHEK2	0.706201	WT_LOST
SIM-08644	Pathogenic	NULL_ARM	FANCM	-0.128281	NOT_WT_LOST
SIM-08645	Pathogenic	NULL_ARM	NBN	-0.251309	NOT_WT_LOST
SIM-08646	Pathogenic	NULL_ARM	CHEK1	0.213641	WT_LOST
SIM-08647	Pathogenic	NULL_ARM	CHEK2	1.709256	WT_LOST
SIM-08648	Pathogenic	NULL_ARM	NBN	1.043698	WT_LOST
SIM-08649	Pathogenic	NULL_ARM	NBN	0.637679	WT_LOST
SIM-08650	Pathogenic	NULL_ARM	RAD50	0.398916	NOT_WT_LOST
SIM-08651	Pathogenic	NULL_ARM	NBN	0.099429	NOT_WT_LOST
SIM-08652	Pathogenic	NULL_ARM	NBN	0.535365	WT_LOST
SIM-08653	Pathogenic	NULL_ARM	FANCM	-0.44296	WT_LOST
SIM-08654	Pathogenic	NULL_ARM	FANCM	-0.80258	NOT_WT_LOST
SIM-08655	Pathogenic	NULL_ARM	ATR	-0.713695	WT_LOST
SIM-08656	Pathogenic	NULL_ARM	ATR	0.159096	NOT_WT_LOST
SIM-08657	Pathogenic	NULL_ARM	MRE11	0.617033	NOT_WT_LOST
SIM-08658	Pathogenic	NULL_ARM	MRE11	-1.25185	NOT_WT_LOST
SIM-08659	Pathogenic	NULL_ARM	FANCM	0.295781	NOT_WT_LOST
SIM-08660	Pathogenic	NULL_ARM	RAD50	-0.958339	NOT_WT_LOST
SIM-08661	Pathogenic	NULL_ARM	ATM	0.159386	NOT_WT_LOST
SIM-08662	Pathogenic	NULL_ARM	MRE11	-0.786744	NOT_WT_LOST
SIM-08663	Pathogenic	NULL_ARM	MRE11	-1.171501	NOT_WT_LOST
SIM-08664	Pathogenic	NULL_ARM	RAD50	2.246823	WT_LOST
SIM-08665	Pathogenic	NULL_ARM	CHEK2	0.696631	NOT_WT_LOST
SIM-08666	Pathogenic	NULL_ARM	CHEK1	0.958247	WT_LOST
SIM-08667	Pathogenic	NULL_ARM	CHEK2	-0.000291	NOT_WT_LOST
SIM-08668	Pathogenic	NULL_ARM	FANCM	0.390591	WT_LOST
SIM-08669	Pathogenic	NULL_ARM	CHEK2	0.802861	NOT_WT_LOST
SIM-08670	Pathogenic	NULL_ARM	MRE11	0.574543	NOT_WT_LOST
SIM-08671	Pathogenic	NULL_ARM	CHEK1	-1.324475	WT_LOST
SIM-08672	Pathogenic	NULL_ARM	NBN	0.038095	NOT_WT_LOST
SIM-08673	Pathogenic	NULL_ARM	CHEK2	-0.146238	NOT_WT_LOST
SIM-08674	Pathogenic	NULL_ARM	RAD50	-0.353164	NOT_WT_LOST
SIM-08675	Pathogenic	NULL_ARM	ATM	-0.39628	NOT_WT_LOST
SIM-08676	Pathogenic	NULL_ARM	MRE11	-0.571935	NOT_WT_LOST
SIM-08677	Pathogenic	NULL_ARM	ATR	0.93881	WT_LOST
SIM-08678	Pathogenic	NULL_ARM	RAD50	-0.845565	NOT_WT_LOST
SIM-08679	Pathogenic	NULL_ARM	ATM	1.077496	WT_LOST
SIM-08680	Pathogenic	NULL_ARM	CHEK2	-1.292563	NOT_WT_LOST
SIM-08681	Pathogenic	NULL_ARM	FANCM	0.799962	NOT_WT_LOST
SIM-08682	Pathogenic	NULL_ARM	NBN	0.746104	NOT_WT_LOST
SIM-08683	Pathogenic	NULL_ARM	MRE11	0.944355	WT_LOST
SIM-08684	Pathogenic	NULL_ARM	RAD50	-0.069636	WT_LOST
SIM-08685	Pathogenic	NULL_ARM	RAD50	0.080003	WT_LOST
SIM-08686	Pathogenic	NULL_ARM	MRE11	0.296449	WT_LOST
SIM-08687	Pathogenic	NULL_ARM	MRE11	-0.178529	WT_LOST
SIM-08688	Pathogenic	NULL_ARM	MRE11	-0.035458	NOT_WT_LOST
SIM-08689	Pathogenic	NULL_ARM	CHEK2	0.057622	NOT_WT_LOST
SIM-08690	Pathogenic	NULL_ARM	ATM	0.17533	NOT_WT_LOST
SIM-08691	Pathogenic	NULL_ARM	CHEK2	0.563104	NOT_WT_LOST
SIM-08692	Pathogenic	NULL_ARM	NBN	-0.058898	NOT_WT_LOST
SIM-08693	Pathogenic	NULL_ARM	FANCM	0.223093	WT_LOST
SIM-08694	Pathogenic	NULL_ARM	MRE11	-0.417649	NOT_WT_LOST
SIM-08695	Pathogenic	NULL_ARM	ATM	-0.976347	NOT_WT_LOST
SIM-08696	Pathogenic	NULL_ARM	RAD50	-1.269898	NOT_WT_LOST
SIM-08697	Pathogenic	NULL_ARM	CHEK2	-0.011083	WT_LOST
SIM-08698	Pathogenic	NULL_ARM	RAD50	1.477219	WT_LOST
SIM-08699	Pathogenic	NULL_ARM	CHEK2	0.966645	NOT_WT_LOST
SIM-08700	Pathogenic	NULL_ARM	NBN	-0.279238	NOT_WT_LOST
SIM-08701	Pathogenic	NULL_ARM	MRE11	-0.123611	WT_LOST
SIM-08702	Pathogenic	NULL_ARM	RAD50	0.316358	NOT_WT_LOST
SIM-08703	Pathogenic	NULL_ARM	FANCM	0.057517	NOT_WT_LOST
SIM-08704	Pathogenic	NULL_ARM	NBN	0.244419	WT_LOST
SIM-08705	Pathogenic	NULL_ARM	CHEK1	1.278637	NOT_WT_LOST
SIM-08706	Pathogenic	NULL_ARM	FANCM	0.292032	NOT_WT_LOST
SIM-08707	Pathogenic	NULL_ARM	CHEK2	-0.197344	NOT_WT_LOST
SIM-08708	Pathogenic	NULL_ARM	FANCM	-0.304852	NOT_WT_LOST
SIM-08709	Pathogenic	NULL_ARM	MRE11	0.496444	NOT_WT_LOST
SIM-08710	Pathogenic	NULL_ARM	MRE11	1.290463	NOT_WT_LOST
SIM-08711	Pathogenic	NULL_ARM	FANCM	1.271494	WT_LOST
SIM-08712	Pathogenic	NULL_ARM	NBN	-1.258952	NOT_WT_LOST
SIM-08713	Pathogenic	NULL_ARM	CHEK2	-0.744114	NOT_WT_LOST
SIM-08714	Pathogenic	NULL_ARM	ATR	-1.648291	NOT_WT_LOST
SIM-08715	Pathogenic	NULL_ARM	RAD50	0.61516	NOT_WT_LOST
SIM-08716	Pathogenic	NULL_ARM	ATR	0.735443	NOT_WT_LOST
SIM-08717	Pathogenic	NULL_ARM	ATM	0.571819	NOT_WT_LOST
SIM-08718	Pathogenic	NULL_ARM	MRE11	1.876795	WT_LOST
SIM-08719	Pathogenic	NULL_ARM	CHEK1	1.306775	WT_LOST
SIM-08720	Pathogenic	NULL_ARM	CHEK2	-1.353666	NOT_WT_LOST
SIM-08721	Pathogenic	NULL_ARM	MRE11	-0.429176	NOT_WT_LOST
SIM-08722	Pathogenic	NULL_ARM	ATM	0.573481	WT_LOST
SIM-08723	Pathogenic	NULL_ARM	CHEK1	1.919164	WT_LOST
SIM-08724	Pathogenic	NULL_ARM	RAD50	0.234413	NOT_WT_LOST
SIM-08725	Pathogenic	NULL_ARM	RAD50	-0.106372	WT_LOST
SIM-08726	Pathogenic	NULL_ARM	NBN	0.677514	WT_LOST
SIM-08727	Pathogenic	NULL_ARM	RAD50	1.832238	WT_LOST
SIM-08728	Pathogenic	NULL_ARM	CHEK2	-0.993515	WT_LOST
SIM-08729	Pathogenic	NULL_ARM	CHEK2	0.644438	WT_LOST
SIM-08730	Pathogenic	NULL_ARM	CHEK1	-1.207401	NOT_WT_LOST
SIM-08731	Pathogenic	NULL_ARM	ATR	-0.841465	WT_LOST
SIM-08732	Pathogenic	NULL_ARM	RAD50	1.818042	WT_LOST
SIM-08733	Pathogenic	NULL_ARM	RAD50	-1.04322	NOT_WT_LOST
SIM-08734	Pathogenic	NULL_ARM	CHEK2	-0.026781	NOT_WT_LOST
SIM-08735	Pathogenic	NULL_ARM	FANCM	-1.433561	NOT_WT_LOST
SIM-08736	Pathogenic	NULL_ARM	NBN	-1.444601	NOT_WT_LOST
SIM-08737	Pathogenic	NULL_ARM	ATR	0.734389	NOT_WT_LOST
SIM-08738	Pathogenic	NULL_ARM	CHEK2	-0.107632	NOT_WT_LOST
SIM-08739	Pathogenic	NULL_ARM	RAD50	-0.844647	NOT_WT_LOST
SIM-08740	Pathogenic	NULL_ARM	MRE11	1.002418	WT_LOST
SIM-08741	Pathogenic	NULL_ARM	MRE11	0.119906	NOT_WT_LOST
SIM-08742	Pathogenic	NULL_ARM	FANCM	-0.92734	NOT_WT_LOST
SIM-08743	Pathogenic	NULL_ARM	RAD50	0.848882	NOT_WT_LOST
SIM-08744	Pathogenic	NULL_ARM	RAD50	-1.177827	NOT_WT_LOST
SIM-08745	Pathogenic	NULL_ARM	RAD50	0.133074	NOT_WT_LOST
SIM-08746	Pathogenic	NULL_ARM	CHEK1	-0.018522	NOT_WT_LOST
SIM-08747	Pathogenic	NULL_ARM	MRE11	3.041825	WT_LOST
SIM-08748	Pathogenic	NULL_ARM	MRE11	-0.192659	NOT_WT_LOST
SIM-08749	Pathogenic	NULL_ARM	FANCM	0.244839	NOT_WT_LOST
SIM-08750	Pathogenic	NULL_ARM	ATR	1.03024	NOT_WT_LOST
SIM-08751	Pathogenic	NULL_ARM	NBN	-0.00787	NOT_WT_LOST
SIM-08752	Pathogenic	NULL_ARM	ATR	1.150634	WT_LOST
SIM-08753	Pathogenic	NULL_ARM	ATR	0.809076	NOT_WT_LOST
SIM-08754	Pathogenic	NULL_ARM	CHEK1	1.534188	WT_LOST
SIM-08755	Pathogenic	NULL_ARM	MRE11	2.627276	WT_LOST
SIM-08756	Pathogenic	NULL_ARM	RAD50	-0.84009	NOT_WT_LOST
SIM-08757	Pathogenic	NULL_ARM	CHEK2	-0.010964	NOT_WT_LOST
SIM-08758	Pathogenic	NULL_ARM	CHEK1	-1.192443	NOT_WT_LOST
SIM-08759	Pathogenic	NULL_ARM	FANCM	0.234223	NOT_WT_LOST
SIM-08760	Pathogenic	NULL_ARM	MRE11	-0.368062	NOT_WT_LOST
SIM-08761	Pathogenic	NULL_ARM	CHEK1	0.651135	WT_LOST
SIM-08762	Pathogenic	NULL_ARM	FANCM	1.720828	WT_LOST
SIM-08763	Pathogenic	NULL_ARM	NBN	1.124038	WT_LOST
SIM-08764	Pathogenic	NULL_ARM	NBN	-0.38843	NOT_WT_LOST
SIM-08765	Pathogenic	NULL_ARM	NBN	-1.735204	NOT_WT_LOST
SIM-08766	Pathogenic	NULL_ARM	RAD50	0.752201	WT_LOST
SIM-08767	Pathogenic	NULL_ARM	ATM	0.256799	NOT_WT_LOST
SIM-08768	Pathogenic	NULL_ARM	NBN	0.693898	WT_LOST
SIM-08769	Pathogenic	NULL_ARM	CHEK1	-0.780066	NOT_WT_LOST
SIM-08770	Pathogenic	NULL_ARM	CHEK2	-0.782037	NOT_WT_LOST
SIM-08771	Pathogenic	NULL_ARM	ATR	1.326255	NOT_WT_LOST
SIM-08772	Pathogenic	NULL_ARM	RAD50	0.357067	NOT_WT_LOST
SIM-08773	Pathogenic	NULL_ARM	NBN	2.159418	WT_LOST
SIM-08774	Pathogenic	NULL_ARM	RAD50	-0.628325	NOT_WT_LOST
SIM-08775	Pathogenic	NULL_ARM	FANCM	0.168871	NOT_WT_LOST
SIM-08776	Pathogenic	NULL_ARM	ATM	-1.15154	NOT_WT_LOST
SIM-08777	Pathogenic	NULL_ARM	RAD50	0.544501	WT_LOST
SIM-08778	Pathogenic	NULL_ARM	CHEK2	-0.978632	NOT_WT_LOST
SIM-08779	Pathogenic	NULL_ARM	FANCM	0.187799	NOT_WT_LOST
SIM-08780	Pathogenic	NULL_ARM	CHEK2	0.397069	WT_LOST
SIM-08781	Pathogenic	NULL_ARM	FANCM	-0.070359	WT_LOST
SIM-08782	Pathogenic	NULL_ARM	ATR	-0.067561	WT_LOST
SIM-08783	Pathogenic	NULL_ARM	ATR	-1.415884	NOT_WT_LOST
SIM-08784	Pathogenic	NULL_ARM	ATM	-0.140397	NOT_WT_LOST
SIM-08785	Pathogenic	NULL_ARM	ATR	1.627289	WT_LOST
SIM-08786	Pathogenic	NULL_ARM	NBN	-0.421813	NOT_WT_LOST
SIM-08787	Pathogenic	NULL_ARM	ATR	-0.583651	NOT_WT_LOST
SIM-08788	Pathogenic	NULL_ARM	MRE11	-1.119407	NOT_WT_LOST
SIM-08789	Pathogenic	NULL_ARM	ATR	0.687004	NOT_WT_LOST
SIM-08790	Pathogenic	NULL_ARM	CHEK1	0.608493	NOT_WT_LOST
SIM-08791	Pathogenic	NULL_ARM	RAD50	-1.365223	WT_LOST
SIM-08792	Pathogenic	NULL_ARM	ATM	0.045863	WT_LOST
SIM-08793	Pathogenic	NULL_ARM	FANCM	0.736526	WT_LOST
SIM-08794	Pathogenic	NULL_ARM	FANCM	0.725616	NOT_WT_LOST
SIM-08795	Pathogenic	NULL_ARM	CHEK2	0.497083	NOT_WT_LOST
SIM-08796	Pathogenic	NULL_ARM	NBN	-0.644797	WT_LOST
SIM-08797	Pathogenic	NULL_ARM	MRE11	0.312829	NOT_WT_LOST
SIM-08798	Pathogenic	NULL_ARM	CHEK1	0.768893	NOT_WT_LOST
SIM-08799	Pathogenic	NULL_ARM	CHEK1	0.007186	NOT_WT_LOST
SIM-08800	Pathogenic	NULL_ARM	CHEK2	0.597048	NOT_WT_LOST
SIM-08801	Pathogenic	NULL_ARM	ATR	-0.485119	NOT_WT_LOST
SIM-08802	Pathogenic	NULL_ARM	CHEK2	-0.984483	NOT_WT_LOST
SIM-08803	Pathogenic	NULL_ARM	RAD50	0.729154	WT_LOST
SIM-08804	Pathogenic	NULL_ARM	CHEK1	-0.65446	NOT_WT_LOST
SIM-08805	Pathogenic	NULL_ARM	NBN	0.062798	WT_LOST
SIM-08806	Pathogenic	NULL_ARM	RAD50	1.174944	NOT_WT_LOST
SIM-08807	Pathogenic	NULL_ARM	CHEK2	0.215642	NOT_WT_LOST
SIM-08808	Pathogenic	NULL_ARM	NBN	-0.638654	NOT_WT_LOST
SIM-08809	Pathogenic	NULL_ARM	CHEK1	-1.371051	WT_LOST
SIM-08810	Pathogenic	NULL_ARM	ATM	0.648229	NOT_WT_LOST
SIM-08811	Pathogenic	NULL_ARM	FANCM	1.013158	WT_LOST
SIM-08812	Pathogenic	NULL_ARM	RAD50	-1.477695	NOT_WT_LOST
SIM-08813	Pathogenic	NULL_ARM	CHEK2	-1.028854	NOT_WT_LOST
SIM-08814	Pathogenic	NULL_ARM	MRE11	1.016287	NOT_WT_LOST
SIM-08815	Pathogenic	NULL_ARM	ATR	0.38026	NOT_WT_LOST
SIM-08816	Pathogenic	NULL_ARM	CHEK1	0.651032	NOT_WT_LOST
SIM-08817	Pathogenic	NULL_ARM	ATM	-0.464262	NOT_WT_LOST
SIM-08818	Pathogenic	NULL_ARM	CHEK1	2.644327	WT_LOST
SIM-08819	Pathogenic	NULL_ARM	NBN	0.090381	WT_LOST
SIM-08820	Pathogenic	NULL_ARM	RAD50	1.419079	NOT_WT_LOST
SIM-08821	Pathogenic	NULL_ARM	NBN	1.422645	WT_LOST
SIM-08822	Pathogenic	NULL_ARM	FANCM	-1.972595	NOT_WT_LOST
SIM-08823	Pathogenic	NULL_ARM	MRE11	-1.343226	NOT_WT_LOST
SIM-08824	Pathogenic	NULL_ARM	RAD50	1.244908	WT_LOST
SIM-08825	Pathogenic	NULL_ARM	ATR	-0.554638	NOT_WT_LOST
SIM-08826	Pathogenic	NULL_ARM	ATM	0.37111	WT_LOST
SIM-08827	Pathogenic	NULL_ARM	NBN	1.082995	WT_LOST
SIM-08828	Pathogenic	NULL_ARM	NBN	-1.524317	NOT_WT_LOST
SIM-08829	Pathogenic	NULL_ARM	CHEK2	0.280384	WT_LOST
SIM-08830	Pathogenic	NULL_ARM	ATR	-1.578246	WT_LOST
SIM-08831	Pathogenic	NULL_ARM	ATR	-1.17437	NOT_WT_LOST
SIM-08832	Pathogenic	NULL_ARM	MRE11	0.419893	WT_LOST
SIM-08833	Pathogenic	NULL_ARM	CHEK1	1.106523	WT_LOST
SIM-08834	Pathogenic	NULL_ARM	CHEK2	0.411844	WT_LOST
SIM-08835	Pathogenic	NULL_ARM	CHEK2	0.607514	WT_LOST
SIM-08836	Pathogenic	NULL_ARM	CHEK2	-0.777926	WT_LOST
SIM-08837	Pathogenic	NULL_ARM	ATM	0.521288	WT_LOST
SIM-08838	Pathogenic	NULL_ARM	CHEK2	-0.909875	WT_LOST
SIM-08839	Pathogenic	NULL_ARM	RAD50	0.631912	WT_LOST
SIM-08840	Pathogenic	NULL_ARM	ATM	-0.482801	NOT_WT_LOST
SIM-08841	Pathogenic	NULL_ARM	MRE11	1.236646	WT_LOST
SIM-08842	Pathogenic	NULL_ARM	RAD50	1.410448	NOT_WT_LOST
SIM-08843	Pathogenic	NULL_ARM	RAD50	-0.617675	WT_LOST
SIM-08844	Pathogenic	NULL_ARM	NBN	1.775603	NOT_WT_LOST
SIM-08845	Pathogenic	NULL_ARM	FANCM	1.035693	WT_LOST
SIM-08846	Pathogenic	NULL_ARM	CHEK1	-0.302418	NOT_WT_LOST
SIM-08847	Pathogenic	NULL_ARM	RAD50	1.973628	WT_LOST
SIM-08848	Pathogenic	NULL_ARM	CHEK2	-0.405967	WT_LOST
SIM-08849	Pathogenic	NULL_ARM	NBN	-1.309623	NOT_WT_LOST
SIM-08850	Pathogenic	NULL_ARM	CHEK1	-0.385402	WT_LOST
SIM-08851	Pathogenic	NULL_ARM	RAD50	-0.543382	NOT_WT_LOST
SIM-08852	Pathogenic	NULL_ARM	CHEK2	-0.451808	NOT_WT_LOST
SIM-08853	Pathogenic	NULL_ARM	CHEK1	-0.092092	NOT_WT_LOST
SIM-08854	Pathogenic	NULL_ARM	MRE11	-0.825517	WT_LOST
SIM-08855	Pathogenic	NULL_ARM	CHEK2	-2.13865	NOT_WT_LOST
SIM-08856	Pathogenic	NULL_ARM	RAD50	-1.234201	NOT_WT_LOST
SIM-08857	Pathogenic	NULL_ARM	MRE11	-0.461391	NOT_WT_LOST
SIM-08858	Pathogenic	NULL_ARM	RAD50	-0.135941	WT_LOST
SIM-08859	Pathogenic	NULL_ARM	MRE11	0.857914	WT_LOST
SIM-08860	Pathogenic	NULL_ARM	ATM	0.806666	WT_LOST
SIM-08861	Pathogenic	NULL_ARM	RAD50	-1.516313	NOT_WT_LOST
SIM-08862	Pathogenic	NULL_ARM	RAD50	0.89427	NOT_WT_LOST
SIM-08863	Pathogenic	NULL_ARM	NBN	-0.128864	NOT_WT_LOST
SIM-08864	Pathogenic	NULL_ARM	RAD50	1.724247	WT_LOST
SIM-08865	Pathogenic	NULL_ARM	FANCM	-1.123957	NOT_WT_LOST
SIM-08866	Pathogenic	NULL_ARM	ATM	1.09179	NOT_WT_LOST
SIM-08867	Pathogenic	NULL_ARM	MRE11	-0.206665	WT_LOST
SIM-08868	Pathogenic	NULL_ARM	ATM	0.753265	WT_LOST
SIM-08869	Pathogenic	NULL_ARM	CHEK2	-0.227461	NOT_WT_LOST
SIM-08870	Pathogenic	NULL_ARM	FANCM	0.809086	WT_LOST
SIM-08871	Pathogenic	NULL_ARM	NBN	0.0425	NOT_WT_LOST
SIM-08872	Pathogenic	NULL_ARM	RAD50	0.086007	WT_LOST
SIM-08873	Pathogenic	NULL_ARM	MRE11	-0.806005	WT_LOST
SIM-08874	Pathogenic	NULL_ARM	ATM	-0.360658	NOT_WT_LOST
SIM-08875	Pathogenic	NULL_ARM	CHEK2	-1.976744	NOT_WT_LOST
SIM-08876	Pathogenic	NULL_ARM	RAD50	0.525268	NOT_WT_LOST
SIM-08877	Pathogenic	NULL_ARM	CHEK1	-0.84771	NOT_WT_LOST
SIM-08878	Pathogenic	NULL_ARM	MRE11	-0.459206	NOT_WT_LOST
SIM-08879	Pathogenic	NULL_ARM	CHEK2	0.243925	NOT_WT_LOST
SIM-08880	Pathogenic	NULL_ARM	NBN	0.687268	WT_LOST
SIM-08881	Pathogenic	NULL_ARM	RAD50	1.331485	WT_LOST
SIM-08882	Pathogenic	NULL_ARM	ATM	-0.616893	NOT_WT_LOST
SIM-08883	Pathogenic	NULL_ARM	NBN	-0.676348	WT_LOST
SIM-08884	Pathogenic	NULL_ARM	ATM	0.480836	NOT_WT_LOST
SIM-08885	Pathogenic	NULL_ARM	CHEK1	-0.02995	NOT_WT_LOST
SIM-08886	Pathogenic	NULL_ARM	NBN	0.520985	WT_LOST
SIM-08887	Pathogenic	NULL_ARM	FANCM	-0.195836	WT_LOST
SIM-08888	Pathogenic	NULL_ARM	NBN	0.85145	NOT_WT_LOST
SIM-08889	Pathogenic	NULL_ARM	CHEK1	-0.236397	NOT_WT_LOST
SIM-08890	Pathogenic	NULL_ARM	CHEK2	-0.651196	WT_LOST
SIM-08891	Pathogenic	NULL_ARM	RAD50	0.002237	WT_LOST
SIM-08892	Pathogenic	NULL_ARM	NBN	0.190656	WT_LOST
SIM-08893	Pathogenic	NULL_ARM	FANCM	-0.923281	NOT_WT_LOST
SIM-08894	Pathogenic	NULL_ARM	NBN	-0.65476	NOT_WT_LOST
SIM-08895	Pathogenic	NULL_ARM	CHEK1	1.062207	NOT_WT_LOST
SIM-08896	Pathogenic	NULL_ARM	MRE11	-0.17643	WT_LOST
SIM-08897	Pathogenic	NULL_ARM	FANCM	-0.933918	NOT_WT_LOST
SIM-08898	Pathogenic	NULL_ARM	ATR	-1.001799	NOT_WT_LOST
SIM-08899	Pathogenic	NULL_ARM	ATR	0.441956	NOT_WT_LOST
SIM-08900	Pathogenic	NULL_ARM	CHEK2	-0.605753	WT_LOST
SIM-08901	Pathogenic	NULL_ARM	FANCM	-0.925047	NOT_WT_LOST
SIM-08902	Pathogenic	NULL_ARM	CHEK1	0.760549	NOT_WT_LOST
SIM-08903	Pathogenic	NULL_ARM	FANCM	0.260006	WT_LOST
SIM-08904	Pathogenic	NULL_ARM	NBN	-0.068378	WT_LOST
SIM-08905	Pathogenic	NULL_ARM	CHEK1	-0.021868	NOT_WT_LOST
SIM-08906	Pathogenic	NULL_ARM	ATM	-2.287047	NOT_WT_LOST
SIM-08907	Pathogenic	NULL_ARM	NBN	0.270659	NOT_WT_LOST
SIM-08908	Pathogenic	NULL_ARM	ATR	-0.626492	NOT_WT_LOST
SIM-08909	Pathogenic	NULL_ARM	ATR	0.451515	WT_LOST
SIM-08910	Pathogenic	NULL_ARM	FANCM	0.648921	NOT_WT_LOST
SIM-08911	Pathogenic	NULL_ARM	MRE11	0.073049	WT_LOST
SIM-08912	Pathogenic	NULL_ARM	NBN	-0.263546	NOT_WT_LOST
SIM-08913	Pathogenic	NULL_ARM	ATM	-0.177126	WT_LOST
SIM-08914	Pathogenic	NULL_ARM	ATR	-0.689569	NOT_WT_LOST
SIM-08915	Pathogenic	NULL_ARM	ATM	0.565025	WT_LOST
SIM-08916	Pathogenic	NULL_ARM	CHEK1	1.000924	WT_LOST
SIM-08917	Pathogenic	NULL_ARM	MRE11	-0.44119	NOT_WT_LOST
SIM-08918	Pathogenic	NULL_ARM	NBN	0.259266	NOT_WT_LOST
SIM-08919	Pathogenic	NULL_ARM	MRE11	-0.294783	NOT_WT_LOST
SIM-08920	Pathogenic	NULL_ARM	ATR	-0.715718	NOT_WT_LOST
SIM-08921	Pathogenic	NULL_ARM	CHEK1	-0.395681	NOT_WT_LOST
SIM-08922	Pathogenic	NULL_ARM	MRE11	-1.327378	NOT_WT_LOST
SIM-08923	Pathogenic	NULL_ARM	ATM	0.84684	NOT_WT_LOST
SIM-08924	Pathogenic	NULL_ARM	ATR	0.010075	NOT_WT_LOST
SIM-08925	Pathogenic	NULL_ARM	MRE11	1.027694	WT_LOST
SIM-08926	Pathogenic	NULL_ARM	MRE11	-0.292876	NOT_WT_LOST
SIM-08927	Pathogenic	NULL_ARM	CHEK2	-0.360899	NOT_WT_LOST
SIM-08928	Pathogenic	NULL_ARM	CHEK2	1.184742	WT_LOST
SIM-08929	Pathogenic	NULL_ARM	RAD50	-0.378062	NOT_WT_LOST
SIM-08930	Pathogenic	NULL_ARM	ATR	1.426039	WT_LOST
SIM-08931	Pathogenic	NULL_ARM	CHEK1	-0.271837	WT_LOST
SIM-08932	Pathogenic	NULL_ARM	NBN	0.723286	WT_LOST
SIM-08933	Pathogenic	NULL_ARM	NBN	0.021856	NOT_WT_LOST
SIM-08934	Pathogenic	NULL_ARM	NBN	-1.67009	NOT_WT_LOST
SIM-08935	Pathogenic	NULL_ARM	MRE11	-0.394464	NOT_WT_LOST
SIM-08936	Pathogenic	NULL_ARM	RAD50	-0.210557	NOT_WT_LOST
SIM-08937	Pathogenic	NULL_ARM	CHEK1	0.30042	NOT_WT_LOST
SIM-08938	Pathogenic	NULL_ARM	NBN	0.543777	WT_LOST
SIM-08939	Pathogenic	NULL_ARM	CHEK1	1.306756	WT_LOST
SIM-08940	Pathogenic	NULL_ARM	CHEK2	0.294983	NOT_WT_LOST
SIM-08941	Pathogenic	NULL_ARM	ATR	-0.172321	NOT_WT_LOST
SIM-08942	Pathogenic	NULL_ARM	ATM	-0.437748	WT_LOST
SIM-08943	Pathogenic	NULL_ARM	ATM	-0.046794	NOT_WT_LOST
SIM-08944	Pathogenic	NULL_ARM	CHEK1	2.602046	WT_LOST
SIM-08945	Pathogenic	NULL_ARM	FANCM	0.04217	NOT_WT_LOST
SIM-08946	Pathogenic	NULL_ARM	ATM	-1.077529	NOT_WT_LOST
SIM-08947	Pathogenic	NULL_ARM	NBN	0.366096	WT_LOST
SIM-08948	Pathogenic	NULL_ARM	ATR	-1.334567	NOT_WT_LOST
SIM-08949	Pathogenic	NULL_ARM	RAD50	-0.698222	NOT_WT_LOST
SIM-08950	Pathogenic	NULL_ARM	RAD50	1.400113	WT_LOST
SIM-08951	Pathogenic	NULL_ARM	ATR	-1.331273	NOT_WT_LOST
SIM-08952	Pathogenic	NULL_ARM	NBN	0.110858	WT_LOST
SIM-08953	Pathogenic	NULL_ARM	ATM	-2.126312	NOT_WT_LOST
SIM-08954	Pathogenic	NULL_ARM	CHEK2	-0.30279	NOT_WT_LOST
SIM-08955	Pathogenic	NULL_ARM	MRE11	1.460719	NOT_WT_LOST
SIM-08956	Pathogenic	NULL_ARM	ATR	0.96413	NOT_WT_LOST
SIM-08957	Pathogenic	NULL_ARM	RAD50	-0.855687	NOT_WT_LOST
SIM-08958	Pathogenic	NULL_ARM	RAD50	-1.2733	WT_LOST
SIM-08959	Pathogenic	NULL_ARM	RAD50	-1.31833	NOT_WT_LOST
SIM-08960	Pathogenic	NULL_ARM	FANCM	1.67449	NOT_WT_LOST
SIM-08961	Pathogenic	NULL_ARM	RAD50	1.691676	WT_LOST
SIM-08962	Pathogenic	NULL_ARM	CHEK2	0.907008	WT_LOST
SIM-08963	Pathogenic	NULL_ARM	ATM	0.538449	WT_LOST
SIM-08964	Pathogenic	NULL_ARM	CHEK1	0.588881	WT_LOST
SIM-08965	Pathogenic	NULL_ARM	MRE11	-0.241877	NOT_WT_LOST
SIM-08966	Pathogenic	NULL_ARM	CHEK2	0.551429	NOT_WT_LOST
SIM-08967	Pathogenic	NULL_ARM	ATR	2.017724	WT_LOST
SIM-08968	Pathogenic	NULL_ARM	MRE11	-2.791202	NOT_WT_LOST
SIM-08969	Pathogenic	NULL_ARM	CHEK1	0.226338	WT_LOST
SIM-08970	Pathogenic	NULL_ARM	ATM	0.34681	NOT_WT_LOST
SIM-08971	Pathogenic	NULL_ARM	ATM	-1.437051	NOT_WT_LOST
SIM-08972	Pathogenic	NULL_ARM	NBN	0.962214	WT_LOST
SIM-08973	Pathogenic	NULL_ARM	ATM	-1.664653	NOT_WT_LOST
SIM-08974	Pathogenic	NULL_ARM	ATR	0.274148	NOT_WT_LOST
SIM-08975	Pathogenic	NULL_ARM	CHEK2	1.974992	WT_LOST
SIM-08976	Pathogenic	NULL_ARM	CHEK1	0.733178	WT_LOST
SIM-08977	Pathogenic	NULL_ARM	MRE11	0.746973	NOT_WT_LOST
SIM-08978	Pathogenic	NULL_ARM	ATR	1.439991	WT_LOST
SIM-08979	Pathogenic	NULL_ARM	NBN	1.423463	WT_LOST
SIM-08980	Pathogenic	NULL_ARM	ATM	0.910922	WT_LOST
SIM-08981	Pathogenic	NULL_ARM	FANCM	-1.308188	NOT_WT_LOST
SIM-08982	Pathogenic	NULL_ARM	CHEK1	-0.389154	NOT_WT_LOST
SIM-08983	Pathogenic	NULL_ARM	FANCM	1.035066	NOT_WT_LOST
SIM-08984	Pathogenic	NULL_ARM	MRE11	-1.328955	NOT_WT_LOST
SIM-08985	Pathogenic	NULL_ARM	NBN	0.43536	NOT_WT_LOST
SIM-08986	Pathogenic	NULL_ARM	CHEK1	1.57716	WT_LOST
SIM-08987	Pathogenic	NULL_ARM	CHEK1	0.280495	NOT_WT_LOST
SIM-08988	Pathogenic	NULL_ARM	ATM	1.411012	WT_LOST
SIM-08989	Pathogenic	NULL_ARM	NBN	-0.830946	NOT_WT_LOST
SIM-08990	Pathogenic	NULL_ARM	CHEK1	-1.219526	NOT_WT_LOST
SIM-08991	Pathogenic	NULL_ARM	MRE11	0.67916	WT_LOST
SIM-08992	Pathogenic	NULL_ARM	CHEK2	0.684696	NOT_WT_LOST
SIM-08993	Pathogenic	NULL_ARM	NBN	-1.138782	NOT_WT_LOST
SIM-08994	Pathogenic	NULL_ARM	MRE11	-1.384279	NOT_WT_LOST
SIM-08995	Pathogenic	NULL_ARM	NBN	1.050444	WT_LOST
SIM-08996	Pathogenic	NULL_ARM	CHEK1	0.386224	WT_LOST
SIM-08997	Pathogenic	NULL_ARM	MRE11	0.582415	WT_LOST
SIM-08998	Pathogenic	NULL_ARM	ATR	-0.166312	NOT_WT_LOST
SIM-08999	Pathogenic	NULL_ARM	ATM	-0.346595	WT_LOST
SIM-09000	Pathogenic	NULL_ARM	RAD50	-0.018975	NOT_WT_LOST
SIM-09001	Pathogenic	NULL_ARM	FANCM	1.090441	NOT_WT_LOST
SIM-09002	Pathogenic	NULL_ARM	MRE11	-0.137473	NOT_WT_LOST
SIM-09003	Pathogenic	NULL_ARM	MRE11	0.654549	NOT_WT_LOST
SIM-09004	Pathogenic	NULL_ARM	RAD50	0.809827	WT_LOST
SIM-09005	Pathogenic	NULL_ARM	ATR	-1.679948	NOT_WT_LOST
SIM-09006	Pathogenic	NULL_ARM	RAD50	0.99928	WT_LOST
SIM-09007	Pathogenic	NULL_ARM	FANCM	-0.711818	NOT_WT_LOST
SIM-09008	Pathogenic	NULL_ARM	FANCM	0.160729	NOT_WT_LOST
SIM-09009	Pathogenic	NULL_ARM	ATM	-0.292303	NOT_WT_LOST
SIM-09010	Pathogenic	NULL_ARM	ATR	0.745346	NOT_WT_LOST
SIM-09011	Pathogenic	NULL_ARM	FANCM	-2.010905	NOT_WT_LOST
SIM-09012	Pathogenic	NULL_ARM	RAD50	0.236417	WT_LOST
SIM-09013	Pathogenic	NULL_ARM	NBN	-1.090743	NOT_WT_LOST
SIM-09014	Pathogenic	NULL_ARM	CHEK1	2.571717	WT_LOST
SIM-09015	Pathogenic	NULL_ARM	NBN	0.612716	NOT_WT_LOST
SIM-09016	Pathogenic	NULL_ARM	CHEK2	1.399026	WT_LOST
SIM-09017	Pathogenic	NULL_ARM	ATM	-1.46017	NOT_WT_LOST
SIM-09018	Pathogenic	NULL_ARM	CHEK2	0.869308	WT_LOST
SIM-09019	Pathogenic	NULL_ARM	MRE11	0.171171	WT_LOST
SIM-09020	Pathogenic	NULL_ARM	FANCM	-1.505391	NOT_WT_LOST
SIM-09021	Pathogenic	NULL_ARM	RAD50	-1.548512	NOT_WT_LOST
SIM-09022	Pathogenic	NULL_ARM	RAD50	0.02113	NOT_WT_LOST
SIM-09023	Pathogenic	NULL_ARM	FANCM	2.582757	WT_LOST
SIM-09024	Pathogenic	NULL_ARM	CHEK1	-0.825497	WT_LOST
SIM-09025	Pathogenic	NULL_ARM	CHEK2	-0.639584	WT_LOST
SIM-09026	Pathogenic	NULL_ARM	ATR	-0.59571	NOT_WT_LOST
SIM-09027	Pathogenic	NULL_ARM	CHEK1	-1.442182	NOT_WT_LOST
SIM-09028	Pathogenic	NULL_ARM	CHEK1	1.442868	WT_LOST
SIM-09029	Pathogenic	NULL_ARM	CHEK2	1.443474	WT_LOST
SIM-09030	Pathogenic	NULL_ARM	CHEK2	0.372978	NOT_WT_LOST
SIM-09031	Pathogenic	NULL_ARM	NBN	0.138793	NOT_WT_LOST
SIM-09032	Pathogenic	NULL_ARM	RAD50	1.732531	WT_LOST
SIM-09033	Pathogenic	NULL_ARM	NBN	0.472107	WT_LOST
SIM-09034	Pathogenic	NULL_ARM	NBN	-0.296476	NOT_WT_LOST
SIM-09035	Pathogenic	NULL_ARM	FANCM	0.795382	WT_LOST
SIM-09036	Pathogenic	NULL_ARM	CHEK2	0.768706	WT_LOST
SIM-09037	Pathogenic	NULL_ARM	RAD50	1.519995	WT_LOST
SIM-09038	Pathogenic	NULL_ARM	ATR	-0.981957	NOT_WT_LOST
SIM-09039	Pathogenic	NULL_ARM	ATM	-0.256048	NOT_WT_LOST
SIM-09040	Pathogenic	NULL_ARM	MRE11	1.361401	NOT_WT_LOST
SIM-09041	Pathogenic	NULL_ARM	ATM	1.348488	NOT_WT_LOST
SIM-09042	Pathogenic	NULL_ARM	FANCM	0.489725	NOT_WT_LOST
SIM-09043	Pathogenic	NULL_ARM	ATM	-1.077542	NOT_WT_LOST
SIM-09044	Pathogenic	NULL_ARM	RAD50	0.90384	NOT_WT_LOST
SIM-09045	Pathogenic	NULL_ARM	ATM	0.907577	NOT_WT_LOST
SIM-09046	Pathogenic	NULL_ARM	NBN	0.446402	NOT_WT_LOST
SIM-09047	Pathogenic	NULL_ARM	MRE11	-0.155931	NOT_WT_LOST
SIM-09048	Pathogenic	NULL_ARM	CHEK1	1.09796	WT_LOST
SIM-09049	Pathogenic	NULL_ARM	ATR	0.490979	NOT_WT_LOST
SIM-09050	Pathogenic	NULL_ARM	ATM	-0.258335	NOT_WT_LOST
SIM-09051	Pathogenic	NULL_ARM	MRE11	1.332822	NOT_WT_LOST
SIM-09052	Pathogenic	NULL_ARM	NBN	-0.615736	NOT_WT_LOST
SIM-09053	Pathogenic	NULL_ARM	RAD50	-0.627777	NOT_WT_LOST
SIM-09054	Pathogenic	NULL_ARM	RAD50	-0.027665	WT_LOST
SIM-09055	Pathogenic	NULL_ARM	NBN	-0.786029	WT_LOST
SIM-09056	Pathogenic	NULL_ARM	FANCM	-0.87859	NOT_WT_LOST
SIM-09057	Pathogenic	NULL_ARM	ATM	-1.898119	NOT_WT_LOST
SIM-09058	Pathogenic	NULL_ARM	CHEK2	-0.901105	NOT_WT_LOST
SIM-09059	Pathogenic	NULL_ARM	ATM	0.070291	WT_LOST
SIM-09060	Pathogenic	NULL_ARM	MRE11	0.043649	NOT_WT_LOST
SIM-09061	Pathogenic	NULL_ARM	FANCM	-0.156185	WT_LOST
SIM-09062	Pathogenic	NULL_ARM	ATR	-0.399226	NOT_WT_LOST
SIM-09063	Pathogenic	NULL_ARM	CHEK2	-0.348484	WT_LOST
SIM-09064	Pathogenic	NULL_ARM	NBN	-0.366104	NOT_WT_LOST
SIM-09065	Pathogenic	NULL_ARM	FANCM	1.611331	NOT_WT_LOST
SIM-09066	Pathogenic	NULL_ARM	CHEK1	0.776117	NOT_WT_LOST
SIM-09067	Pathogenic	NULL_ARM	RAD50	0.46091	WT_LOST
SIM-09068	Pathogenic	NULL_ARM	MRE11	0.221866	NOT_WT_LOST
SIM-09069	Pathogenic	NULL_ARM	MRE11	-0.364777	NOT_WT_LOST
SIM-09070	Pathogenic	NULL_ARM	FANCM	0.409166	NOT_WT_LOST
SIM-09071	Pathogenic	NULL_ARM	MRE11	-0.476278	NOT_WT_LOST
SIM-09072	Pathogenic	NULL_ARM	MRE11	-0.252879	NOT_WT_LOST
SIM-09073	Pathogenic	NULL_ARM	MRE11	0.354564	WT_LOST
SIM-09074	Pathogenic	NULL_ARM	ATR	0.628028	WT_LOST
SIM-09075	Pathogenic	NULL_ARM	MRE11	-1.312728	NOT_WT_LOST
SIM-09076	Pathogenic	NULL_ARM	FANCM	-0.769361	NOT_WT_LOST
SIM-09077	Pathogenic	NULL_ARM	CHEK2	-0.790606	NOT_WT_LOST
SIM-09078	Pathogenic	NULL_ARM	ATM	-0.994744	NOT_WT_LOST
SIM-09079	Pathogenic	NULL_ARM	CHEK2	0.216674	NOT_WT_LOST
SIM-09080	Pathogenic	NULL_ARM	ATR	0.366789	WT_LOST
SIM-09081	Pathogenic	NULL_ARM	FANCM	0.361781	NOT_WT_LOST
SIM-09082	Pathogenic	NULL_ARM	ATM	0.275567	WT_LOST
SIM-09083	Pathogenic	NULL_ARM	ATM	1.260885	WT_LOST
SIM-09084	Pathogenic	NULL_ARM	MRE11	-0.325019	NOT_WT_LOST
SIM-09085	Pathogenic	NULL_ARM	CHEK2	-0.107703	NOT_WT_LOST
SIM-09086	Pathogenic	NULL_ARM	CHEK1	0.240476	WT_LOST
SIM-09087	Pathogenic	NULL_ARM	ATR	0.133902	WT_LOST
SIM-09088	Pathogenic	NULL_ARM	MRE11	1.555478	NOT_WT_LOST
SIM-09089	Pathogenic	NULL_ARM	RAD50	-1.510234	NOT_WT_LOST
SIM-09090	Pathogenic	NULL_ARM	ATM	-1.755644	NOT_WT_LOST
SIM-09091	Pathogenic	NULL_ARM	FANCM	-1.045361	NOT_WT_LOST
SIM-09092	Pathogenic	NULL_ARM	CHEK2	-0.55464	NOT_WT_LOST
SIM-09093	Pathogenic	NULL_ARM	FANCM	-0.785789	NOT_WT_LOST
SIM-09094	Pathogenic	NULL_ARM	NBN	1.363017	WT_LOST
SIM-09095	Pathogenic	NULL_ARM	MRE11	-0.413943	NOT_WT_LOST
SIM-09096	Pathogenic	NULL_ARM	FANCM	0.057397	WT_LOST
SIM-09097	Pathogenic	NULL_ARM	FANCM	1.064513	NOT_WT_LOST
SIM-09098	Pathogenic	NULL_ARM	CHEK1	-0.976996	NOT_WT_LOST
SIM-09099	Pathogenic	NULL_ARM	CHEK1	-1.014738	NOT_WT_LOST
SIM-09100	Pathogenic	NULL_ARM	MRE11	-0.45223	WT_LOST
SIM-09101	Pathogenic	NULL_ARM	MRE11	-2.106638	NOT_WT_LOST
SIM-09102	Pathogenic	NULL_ARM	CHEK1	-0.380105	NOT_WT_LOST
SIM-09103	Pathogenic	NULL_ARM	NBN	-0.764486	NOT_WT_LOST
SIM-09104	Pathogenic	NULL_ARM	MRE11	-0.480116	NOT_WT_LOST
SIM-09105	Pathogenic	NULL_ARM	ATM	0.953203	WT_LOST
SIM-09106	Pathogenic	NULL_ARM	RAD50	-1.583264	NOT_WT_LOST
SIM-09107	Pathogenic	NULL_ARM	ATM	0.447181	NOT_WT_LOST
SIM-09108	Pathogenic	NULL_ARM	ATM	-1.426946	NOT_WT_LOST
SIM-09109	Pathogenic	NULL_ARM	MRE11	1.686069	WT_LOST
SIM-09110	Pathogenic	NULL_ARM	ATM	0.279419	NOT_WT_LOST
SIM-09111	Pathogenic	NULL_ARM	ATR	0.636805	NOT_WT_LOST
SIM-09112	Pathogenic	NULL_ARM	ATR	0.751415	WT_LOST
SIM-09113	Pathogenic	NULL_ARM	ATR	1.120539	WT_LOST
SIM-09114	Pathogenic	NULL_ARM	RAD50	0.087632	NOT_WT_LOST
SIM-09115	Pathogenic	NULL_ARM	RAD50	1.475181	WT_LOST
SIM-09116	Pathogenic	NULL_ARM	NBN	-0.613241	WT_LOST
SIM-09117	Pathogenic	NULL_ARM	FANCM	0.868416	WT_LOST
SIM-09118	Pathogenic	NULL_ARM	CHEK1	0.252199	NOT_WT_LOST
SIM-09119	Pathogenic	NULL_ARM	CHEK1	-0.410318	NOT_WT_LOST
SIM-09120	Pathogenic	NULL_ARM	ATR	-0.561347	WT_LOST
SIM-09121	Pathogenic	NULL_ARM	MRE11	1.051178	WT_LOST
SIM-09122	Pathogenic	NULL_ARM	CHEK1	0.267143	NOT_WT_LOST
SIM-09123	Pathogenic	NULL_ARM	NBN	-2.312252	NOT_WT_LOST
SIM-09124	Pathogenic	NULL_ARM	CHEK1	-1.021039	NOT_WT_LOST
SIM-09125	Pathogenic	NULL_ARM	ATR	1.028467	WT_LOST
SIM-09126	Pathogenic	NULL_ARM	RAD50	1.347066	WT_LOST
SIM-09127	Pathogenic	NULL_ARM	NBN	-2.491633	NOT_WT_LOST
SIM-09128	Pathogenic	NULL_ARM	MRE11	0.467395	NOT_WT_LOST
SIM-09129	Pathogenic	NULL_ARM	MRE11	-1.742733	NOT_WT_LOST
SIM-09130	Pathogenic	NULL_ARM	ATR	-1.761179	NOT_WT_LOST
SIM-09131	Pathogenic	NULL_ARM	NBN	-0.951822	NOT_WT_LOST
SIM-09132	Pathogenic	NULL_ARM	ATM	0.430688	NOT_WT_LOST
SIM-09133	Pathogenic	NULL_ARM	FANCM	-0.043201	NOT_WT_LOST
SIM-09134	Pathogenic	NULL_ARM	CHEK2	-1.157902	WT_LOST
SIM-09135	Pathogenic	NULL_ARM	ATR	-1.209194	NOT_WT_LOST
SIM-09136	Pathogenic	NULL_ARM	RAD50	-2.094682	NOT_WT_LOST
SIM-09137	Pathogenic	NULL_ARM	ATR	-0.981072	NOT_WT_LOST
SIM-09138	Pathogenic	NULL_ARM	CHEK1	-0.631783	NOT_WT_LOST
SIM-09139	Pathogenic	NULL_ARM	NBN	0.565976	WT_LOST
SIM-09140	Pathogenic	NULL_ARM	NBN	-1.294503	NOT_WT_LOST
SIM-09141	Pathogenic	NULL_ARM	MRE11	1.777332	WT_LOST
SIM-09142	Pathogenic	NULL_ARM	ATR	0.627352	NOT_WT_LOST
SIM-09143	Pathogenic	NULL_ARM	CHEK2	-1.390222	NOT_WT_LOST
SIM-09144	Pathogenic	NULL_ARM	CHEK1	0.66714	WT_LOST
SIM-09145	Pathogenic	NULL_ARM	ATM	-0.459109	NOT_WT_LOST
SIM-09146	Pathogenic	NULL_ARM	MRE11	0.054327	NOT_WT_LOST
SIM-09147	Pathogenic	NULL_ARM	CHEK1	0.944719	WT_LOST
SIM-09148	Pathogenic	NULL_ARM	CHEK1	0.374688	NOT_WT_LOST
SIM-09149	Pathogenic	NULL_ARM	MRE11	-0.633757	WT_LOST
SIM-09150	Pathogenic	NULL_ARM	NBN	-0.987932	WT_LOST
SIM-09151	Pathogenic	NULL_ARM	FANCM	1.399187	WT_LOST
SIM-09152	Pathogenic	NULL_ARM	ATM	0.203931	WT_LOST
SIM-09153	Pathogenic	NULL_ARM	NBN	0.28426	NOT_WT_LOST
SIM-09154	Pathogenic	NULL_ARM	FANCM	-1.700096	NOT_WT_LOST
SIM-09155	Pathogenic	NULL_ARM	MRE11	-0.293016	NOT_WT_LOST
SIM-09156	Pathogenic	NULL_ARM	CHEK2	0.399971	NOT_WT_LOST
SIM-09157	Pathogenic	NULL_ARM	FANCM	0.267969	NOT_WT_LOST
SIM-09158	Pathogenic	NULL_ARM	MRE11	-0.328199	NOT_WT_LOST
SIM-09159	Pathogenic	NULL_ARM	ATM	-0.99644	NOT_WT_LOST
SIM-09160	Pathogenic	NULL_ARM	ATR	-0.12535	NOT_WT_LOST
SIM-09161	Pathogenic	NULL_ARM	CHEK1	-0.464884	NOT_WT_LOST
SIM-09162	Pathogenic	NULL_ARM	RAD50	-0.336359	NOT_WT_LOST
SIM-09163	Pathogenic	NULL_ARM	NBN	1.599084	WT_LOST
SIM-09164	Pathogenic	NULL_ARM	FANCM	-0.311403	NOT_WT_LOST
SIM-09165	Pathogenic	NULL_ARM	ATM	0.80458	NOT_WT_LOST
SIM-09166	Pathogenic	NULL_ARM	FANCM	-0.059149	NOT_WT_LOST
SIM-09167	Pathogenic	NULL_ARM	RAD50	-0.146643	WT_LOST
SIM-09168	Pathogenic	NULL_ARM	FANCM	-1.653052	NOT_WT_LOST
SIM-09169	Pathogenic	NULL_ARM	NBN	1.210436	WT_LOST
SIM-09170	Pathogenic	NULL_ARM	CHEK1	-0.253022	WT_LOST
SIM-09171	Pathogenic	NULL_ARM	CHEK2	0.841272	WT_LOST
SIM-09172	Pathogenic	NULL_ARM	ATM	-0.946648	NOT_WT_LOST
SIM-09173	Pathogenic	NULL_ARM	ATR	-0.647683	NOT_WT_LOST
SIM-09174	Pathogenic	NULL_ARM	CHEK2	0.425616	NOT_WT_LOST
SIM-09175	Pathogenic	NULL_ARM	CHEK2	-0.229345	NOT_WT_LOST
SIM-09176	Pathogenic	NULL_ARM	RAD50	0.201275	NOT_WT_LOST
SIM-09177	Pathogenic	NULL_ARM	ATM	-0.31964	WT_LOST
SIM-09178	Pathogenic	NULL_ARM	FANCM	-0.255871	NOT_WT_LOST
SIM-09179	Pathogenic	NULL_ARM	ATM	0.980294	NOT_WT_LOST
SIM-09180	Pathogenic	NULL_ARM	RAD50	-0.24628	NOT_WT_LOST
SIM-09181	Pathogenic	NULL_ARM	NBN	-0.145923	NOT_WT_LOST
SIM-09182	Pathogenic	NULL_ARM	NBN	-0.169883	NOT_WT_LOST
SIM-09183	Pathogenic	NULL_ARM	CHEK2	-1.699177	NOT_WT_LOST
SIM-09184	Pathogenic	NULL_ARM	CHEK2	-0.825333	NOT_WT_LOST
SIM-09185	Pathogenic	NULL_ARM	RAD50	1.258162	WT_LOST
SIM-09186	Pathogenic	NULL_ARM	ATM	-2.131266	NOT_WT_LOST
SIM-09187	Pathogenic	NULL_ARM	MRE11	-1.042885	WT_LOST
SIM-09188	Pathogenic	NULL_ARM	CHEK2	0.587022	WT_LOST
SIM-09189	Pathogenic	NULL_ARM	CHEK1	0.651082	WT_LOST
SIM-09190	Pathogenic	NULL_ARM	NBN	0.016449	NOT_WT_LOST
SIM-09191	Pathogenic	NULL_ARM	RAD50	-1.008305	NOT_WT_LOST
SIM-09192	Pathogenic	NULL_ARM	NBN	0.085326	WT_LOST
SIM-09193	Pathogenic	NULL_ARM	MRE11	-1.397431	NOT_WT_LOST
SIM-09194	Pathogenic	NULL_ARM	CHEK1	0.429569	NOT_WT_LOST
SIM-09195	Pathogenic	NULL_ARM	ATR	-0.508928	NOT_WT_LOST
SIM-09196	Pathogenic	NULL_ARM	ATR	-0.290483	NOT_WT_LOST
SIM-09197	Pathogenic	NULL_ARM	CHEK1	-0.093749	NOT_WT_LOST
SIM-09198	Pathogenic	NULL_ARM	CHEK1	0.287752	WT_LOST
SIM-09199	Pathogenic	NULL_ARM	CHEK1	1.165605	WT_LOST
SIM-09200	Pathogenic	NULL_ARM	ATM	-0.044428	WT_LOST
SIM-09201	Pathogenic	NULL_ARM	CHEK2	0.718521	NOT_WT_LOST
SIM-09202	Pathogenic	NULL_ARM	FANCM	-0.97441	NOT_WT_LOST
SIM-09203	Pathogenic	NULL_ARM	ATR	1.257792	WT_LOST
SIM-09204	Pathogenic	NULL_ARM	ATM	-0.012867	WT_LOST
SIM-09205	Pathogenic	NULL_ARM	CHEK1	-1.082335	NOT_WT_LOST
SIM-09206	Pathogenic	NULL_ARM	ATR	0.89056	WT_LOST
SIM-09207	Pathogenic	NULL_ARM	RAD50	-0.003384	NOT_WT_LOST
SIM-09208	Pathogenic	NULL_ARM	ATM	-1.883069	NOT_WT_LOST
SIM-09209	Pathogenic	NULL_ARM	NBN	-0.919618	NOT_WT_LOST
SIM-09210	Pathogenic	NULL_ARM	RAD50	-2.646389	NOT_WT_LOST
SIM-09211	Pathogenic	NULL_ARM	MRE11	-0.515801	NOT_WT_LOST
SIM-09212	Pathogenic	NULL_ARM	NBN	0.857504	NOT_WT_LOST
SIM-09213	Pathogenic	NULL_ARM	NBN	-0.20642	WT_LOST
SIM-09214	Pathogenic	NULL_ARM	NBN	-0.90553	NOT_WT_LOST
SIM-09215	Pathogenic	NULL_ARM	FANCM	0.008815	NOT_WT_LOST
SIM-09216	Pathogenic	NULL_ARM	ATR	1.633178	WT_LOST
SIM-09217	Pathogenic	NULL_ARM	RAD50	0.074138	NOT_WT_LOST
SIM-09218	Pathogenic	NULL_ARM	FANCM	-0.995452	NOT_WT_LOST
SIM-09219	Pathogenic	NULL_ARM	NBN	-0.993809	NOT_WT_LOST
SIM-09220	Pathogenic	NULL_ARM	MRE11	-1.757218	NOT_WT_LOST
SIM-09221	Pathogenic	NULL_ARM	FANCM	-0.29294	WT_LOST
SIM-09222	Pathogenic	NULL_ARM	CHEK1	0.606008	NOT_WT_LOST
SIM-09223	Pathogenic	NULL_ARM	ATR	1.227751	WT_LOST
SIM-09224	Pathogenic	NULL_ARM	ATM	-0.734991	NOT_WT_LOST
SIM-09225	Pathogenic	NULL_ARM	ATR	0.048652	WT_LOST
SIM-09226	Pathogenic	NULL_ARM	ATM	0.542279	NOT_WT_LOST
SIM-09227	Pathogenic	NULL_ARM	CHEK1	0.989928	WT_LOST
SIM-09228	Pathogenic	NULL_ARM	MRE11	1.254778	NOT_WT_LOST
SIM-09229	Pathogenic	NULL_ARM	MRE11	0.478337	NOT_WT_LOST
SIM-09230	Pathogenic	NULL_ARM	ATM	0.008686	NOT_WT_LOST
SIM-09231	Pathogenic	NULL_ARM	RAD50	-0.469611	NOT_WT_LOST
SIM-09232	Pathogenic	NULL_ARM	RAD50	0.722065	NOT_WT_LOST
SIM-09233	Pathogenic	NULL_ARM	RAD50	-0.704849	NOT_EVALUABLE
SIM-09234	Pathogenic	NULL_ARM	ATM	-0.464005	NOT_EVALUABLE
SIM-09235	Pathogenic	NULL_ARM	MRE11	-0.64388	NOT_EVALUABLE
SIM-09236	Pathogenic	NULL_ARM	FANCM	-1.299024	NOT_EVALUABLE
SIM-09237	Pathogenic	NULL_ARM	CHEK2	1.461447	NOT_EVALUABLE
SIM-09238	Pathogenic	NULL_ARM	FANCM	-0.208506	NOT_EVALUABLE
SIM-09239	Pathogenic	NULL_ARM	RAD50	-2.67941	NOT_EVALUABLE
SIM-09240	Pathogenic	NULL_ARM	CHEK2	-0.560027	NOT_EVALUABLE
SIM-09241	Benign	NULL_ARM	CHEK1	0.176392	NOT_WT_LOST
SIM-09242	Benign	NULL_ARM	ATM	-0.768011	WT_LOST
SIM-09243	Benign	NULL_ARM	ATR	0.851668	WT_LOST
SIM-09244	Benign	NULL_ARM	ATM	-0.055026	NOT_WT_LOST
SIM-09245	Benign	NULL_ARM	MRE11	1.093933	WT_LOST
SIM-09246	Benign	NULL_ARM	CHEK1	-0.613571	NOT_WT_LOST
SIM-09247	Benign	NULL_ARM	MRE11	0.718952	NOT_WT_LOST
SIM-09248	Benign	NULL_ARM	ATM	0.423768	NOT_WT_LOST
SIM-09249	Benign	NULL_ARM	ATR	1.245493	NOT_WT_LOST
SIM-09250	Benign	NULL_ARM	CHEK2	-0.332182	NOT_WT_LOST
SIM-09251	Benign	NULL_ARM	CHEK1	-0.667394	NOT_WT_LOST
SIM-09252	Benign	NULL_ARM	FANCM	1.137419	NOT_WT_LOST
SIM-09253	Benign	NULL_ARM	FANCM	-1.993291	NOT_WT_LOST
SIM-09254	Benign	NULL_ARM	RAD50	-0.262298	NOT_WT_LOST
SIM-09255	Benign	NULL_ARM	CHEK2	-1.34569	NOT_WT_LOST
SIM-09256	Benign	NULL_ARM	FANCM	1.258305	WT_LOST
SIM-09257	Benign	NULL_ARM	NBN	0.518026	NOT_WT_LOST
SIM-09258	Benign	NULL_ARM	CHEK2	-0.140232	NOT_WT_LOST
SIM-09259	Benign	NULL_ARM	ATM	-0.836233	NOT_WT_LOST
SIM-09260	Benign	NULL_ARM	ATM	-0.420143	NOT_WT_LOST
SIM-09261	Benign	NULL_ARM	ATR	-0.564742	WT_LOST
SIM-09262	Benign	NULL_ARM	FANCM	-0.813779	NOT_WT_LOST
SIM-09263	Benign	NULL_ARM	CHEK2	-0.47402	NOT_WT_LOST
SIM-09264	Benign	NULL_ARM	MRE11	0.425005	WT_LOST
SIM-09265	Benign	NULL_ARM	NBN	1.359185	NOT_WT_LOST
SIM-09266	Benign	NULL_ARM	CHEK1	-0.419959	NOT_WT_LOST
SIM-09267	Benign	NULL_ARM	ATR	1.069416	NOT_WT_LOST
SIM-09268	Benign	NULL_ARM	RAD50	-0.463167	WT_LOST
SIM-09269	Benign	NULL_ARM	MRE11	-0.511454	NOT_WT_LOST
SIM-09270	Benign	NULL_ARM	MRE11	-2.392504	NOT_WT_LOST
SIM-09271	Benign	NULL_ARM	FANCM	2.107982	WT_LOST
SIM-09272	Benign	NULL_ARM	ATR	-0.109696	NOT_WT_LOST
SIM-09273	Benign	NULL_ARM	RAD50	0.99365	NOT_WT_LOST
SIM-09274	Benign	NULL_ARM	RAD50	-1.086261	NOT_WT_LOST
SIM-09275	Benign	NULL_ARM	CHEK2	0.187872	WT_LOST
SIM-09276	Benign	NULL_ARM	RAD50	0.460192	WT_LOST
SIM-09277	Benign	NULL_ARM	RAD50	0.344575	NOT_WT_LOST
SIM-09278	Benign	NULL_ARM	RAD50	0.71002	WT_LOST
SIM-09279	Benign	NULL_ARM	FANCM	-0.444406	NOT_WT_LOST
SIM-09280	Benign	NULL_ARM	CHEK2	0.49297	WT_LOST
SIM-09281	Benign	NULL_ARM	FANCM	0.382649	NOT_WT_LOST
SIM-09282	Benign	NULL_ARM	ATR	0.867829	NOT_WT_LOST
SIM-09283	Benign	NULL_ARM	NBN	-0.149331	WT_LOST
SIM-09284	Benign	NULL_ARM	NBN	-0.982283	NOT_WT_LOST
SIM-09285	Benign	NULL_ARM	RAD50	-0.586703	NOT_WT_LOST
SIM-09286	Benign	NULL_ARM	MRE11	-2.625907	NOT_WT_LOST
SIM-09287	Benign	NULL_ARM	ATR	0.408804	NOT_WT_LOST
SIM-09288	Benign	NULL_ARM	MRE11	0.970793	NOT_WT_LOST
SIM-09289	Benign	NULL_ARM	CHEK2	0.642939	NOT_WT_LOST
SIM-09290	Benign	NULL_ARM	NBN	1.145428	NOT_WT_LOST
SIM-09291	Benign	NULL_ARM	CHEK2	0.224554	WT_LOST
SIM-09292	Benign	NULL_ARM	CHEK1	0.550046	NOT_WT_LOST
SIM-09293	Benign	NULL_ARM	FANCM	0.59397	WT_LOST
SIM-09294	Benign	NULL_ARM	ATR	-0.064341	NOT_WT_LOST
SIM-09295	Benign	NULL_ARM	MRE11	1.098403	WT_LOST
SIM-09296	Benign	NULL_ARM	ATR	1.638658	WT_LOST
SIM-09297	Benign	NULL_ARM	NBN	-0.594495	NOT_WT_LOST
SIM-09298	Benign	NULL_ARM	NBN	-0.419038	NOT_WT_LOST
SIM-09299	Benign	NULL_ARM	MRE11	-0.538315	NOT_WT_LOST
SIM-09300	Benign	NULL_ARM	CHEK1	0.283335	WT_LOST
SIM-09301	Benign	NULL_ARM	RAD50	-1.742399	NOT_WT_LOST
SIM-09302	Benign	NULL_ARM	CHEK1	-1.422654	NOT_WT_LOST
SIM-09303	Benign	NULL_ARM	ATR	0.611137	WT_LOST
SIM-09304	Benign	NULL_ARM	CHEK1	-0.181806	NOT_WT_LOST
SIM-09305	Benign	NULL_ARM	CHEK1	-0.030883	WT_LOST
SIM-09306	Benign	NULL_ARM	NBN	-0.540054	NOT_WT_LOST
SIM-09307	Benign	NULL_ARM	FANCM	-1.583523	NOT_WT_LOST
SIM-09308	Benign	NULL_ARM	NBN	0.030731	NOT_WT_LOST
SIM-09309	Benign	NULL_ARM	ATR	1.734253	NOT_WT_LOST
SIM-09310	Benign	NULL_ARM	MRE11	0.597046	WT_LOST
SIM-09311	Benign	NULL_ARM	ATM	-1.59085	NOT_WT_LOST
SIM-09312	Benign	NULL_ARM	ATM	0.27712	WT_LOST
SIM-09313	Benign	NULL_ARM	RAD50	-0.459448	NOT_WT_LOST
SIM-09314	Benign	NULL_ARM	FANCM	0.474625	NOT_WT_LOST
SIM-09315	Benign	NULL_ARM	RAD50	-0.188627	WT_LOST
SIM-09316	Benign	NULL_ARM	MRE11	0.600004	NOT_WT_LOST
SIM-09317	Benign	NULL_ARM	ATR	0.427627	NOT_WT_LOST
SIM-09318	Benign	NULL_ARM	NBN	0.021746	NOT_WT_LOST
SIM-09319	Benign	NULL_ARM	ATM	-0.301674	WT_LOST
SIM-09320	Benign	NULL_ARM	NBN	1.464733	WT_LOST
SIM-09321	Benign	NULL_ARM	MRE11	-1.299446	NOT_WT_LOST
SIM-09322	Benign	NULL_ARM	NBN	-1.358513	NOT_WT_LOST
SIM-09323	Benign	NULL_ARM	CHEK2	-0.622449	NOT_WT_LOST
SIM-09324	Benign	NULL_ARM	FANCM	0.894861	NOT_WT_LOST
SIM-09325	Benign	NULL_ARM	ATR	-1.026422	NOT_WT_LOST
SIM-09326	Benign	NULL_ARM	CHEK2	-0.027873	NOT_WT_LOST
SIM-09327	Benign	NULL_ARM	CHEK2	-0.426464	WT_LOST
SIM-09328	Benign	NULL_ARM	MRE11	0.954577	WT_LOST
SIM-09329	Benign	NULL_ARM	ATR	-0.118436	WT_LOST
SIM-09330	Benign	NULL_ARM	FANCM	0.841036	WT_LOST
SIM-09331	Benign	NULL_ARM	NBN	-0.68082	WT_LOST
SIM-09332	Benign	NULL_ARM	RAD50	0.375099	NOT_WT_LOST
SIM-09333	Benign	NULL_ARM	CHEK2	1.057763	NOT_WT_LOST
SIM-09334	Benign	NULL_ARM	MRE11	1.153774	NOT_WT_LOST
SIM-09335	Benign	NULL_ARM	CHEK2	2.444826	WT_LOST
SIM-09336	Benign	NULL_ARM	CHEK1	-1.418329	NOT_WT_LOST
SIM-09337	Benign	NULL_ARM	MRE11	1.138441	WT_LOST
SIM-09338	Benign	NULL_ARM	RAD50	0.128188	WT_LOST
SIM-09339	Benign	NULL_ARM	ATM	0.446156	NOT_WT_LOST
SIM-09340	Benign	NULL_ARM	RAD50	0.105439	NOT_WT_LOST
SIM-09341	Benign	NULL_ARM	MRE11	-1.061957	WT_LOST
SIM-09342	Benign	NULL_ARM	MRE11	-0.799863	NOT_WT_LOST
SIM-09343	Benign	NULL_ARM	MRE11	0.809842	NOT_WT_LOST
SIM-09344	Benign	NULL_ARM	NBN	-0.325255	NOT_WT_LOST
SIM-09345	Benign	NULL_ARM	MRE11	-0.21769	NOT_WT_LOST
SIM-09346	Benign	NULL_ARM	MRE11	1.757346	WT_LOST
SIM-09347	Benign	NULL_ARM	ATR	0.181364	WT_LOST
SIM-09348	Benign	NULL_ARM	RAD50	-0.590791	NOT_WT_LOST
SIM-09349	Benign	NULL_ARM	MRE11	-0.604771	NOT_WT_LOST
SIM-09350	Benign	NULL_ARM	ATR	-0.039412	WT_LOST
SIM-09351	Benign	NULL_ARM	RAD50	-0.942262	NOT_WT_LOST
SIM-09352	Benign	NULL_ARM	ATR	0.272684	WT_LOST
SIM-09353	Benign	NULL_ARM	CHEK2	0.076915	NOT_WT_LOST
SIM-09354	Benign	NULL_ARM	CHEK2	-2.816374	NOT_WT_LOST
SIM-09355	Benign	NULL_ARM	ATR	-0.093999	NOT_WT_LOST
SIM-09356	Benign	NULL_ARM	RAD50	-0.92586	NOT_WT_LOST
SIM-09357	Benign	NULL_ARM	NBN	-0.549387	NOT_WT_LOST
SIM-09358	Benign	NULL_ARM	FANCM	-0.327456	NOT_WT_LOST
SIM-09359	Benign	NULL_ARM	CHEK2	-0.529692	NOT_WT_LOST
SIM-09360	Benign	NULL_ARM	ATR	1.390527	WT_LOST
SIM-09361	Benign	NULL_ARM	NBN	-0.555145	NOT_WT_LOST
SIM-09362	Benign	NULL_ARM	NBN	1.706297	WT_LOST
SIM-09363	Benign	NULL_ARM	CHEK2	-1.628762	NOT_WT_LOST
SIM-09364	Benign	NULL_ARM	ATR	-0.417874	NOT_WT_LOST
SIM-09365	Benign	NULL_ARM	NBN	0.627785	NOT_WT_LOST
SIM-09366	Benign	NULL_ARM	RAD50	0.046758	NOT_WT_LOST
SIM-09367	Benign	NULL_ARM	RAD50	-0.614031	NOT_WT_LOST
SIM-09368	Benign	NULL_ARM	ATR	-0.24276	NOT_WT_LOST
SIM-09369	Benign	NULL_ARM	MRE11	0.162951	NOT_WT_LOST
SIM-09370	Benign	NULL_ARM	CHEK1	-0.146974	NOT_WT_LOST
SIM-09371	Benign	NULL_ARM	MRE11	-0.766182	NOT_WT_LOST
SIM-09372	Benign	NULL_ARM	RAD50	0.520909	NOT_WT_LOST
SIM-09373	Benign	NULL_ARM	CHEK2	-0.46646	NOT_WT_LOST
SIM-09374	Benign	NULL_ARM	NBN	-1.915133	NOT_WT_LOST
SIM-09375	Benign	NULL_ARM	RAD50	-1.415336	NOT_WT_LOST
SIM-09376	Benign	NULL_ARM	FANCM	2.538451	WT_LOST
SIM-09377	Benign	NULL_ARM	FANCM	-0.590169	NOT_WT_LOST
SIM-09378	Benign	NULL_ARM	ATM	-0.005964	NOT_WT_LOST
SIM-09379	Benign	NULL_ARM	CHEK2	-0.166628	WT_LOST
SIM-09380	Benign	NULL_ARM	FANCM	-0.323273	WT_LOST
SIM-09381	Benign	NULL_ARM	RAD50	-0.128389	NOT_WT_LOST
SIM-09382	Benign	NULL_ARM	FANCM	-0.734037	NOT_WT_LOST
SIM-09383	Benign	NULL_ARM	CHEK2	-1.0579	NOT_WT_LOST
SIM-09384	Benign	NULL_ARM	ATM	-0.617699	WT_LOST
SIM-09385	Benign	NULL_ARM	ATM	0.226911	WT_LOST
SIM-09386	Benign	NULL_ARM	CHEK2	1.031032	NOT_WT_LOST
SIM-09387	Benign	NULL_ARM	CHEK1	0.739854	WT_LOST
SIM-09388	Benign	NULL_ARM	CHEK1	0.121375	WT_LOST
SIM-09389	Benign	NULL_ARM	RAD50	0.364959	WT_LOST
SIM-09390	Benign	NULL_ARM	ATM	-1.275062	NOT_WT_LOST
SIM-09391	Benign	NULL_ARM	FANCM	0.96925	WT_LOST
SIM-09392	Benign	NULL_ARM	ATM	1.98498	WT_LOST
SIM-09393	Benign	NULL_ARM	RAD50	-1.171967	NOT_WT_LOST
SIM-09394	Benign	NULL_ARM	FANCM	0.627433	WT_LOST
SIM-09395	Benign	NULL_ARM	RAD50	-1.584664	NOT_WT_LOST
SIM-09396	Benign	NULL_ARM	RAD50	-1.003985	NOT_WT_LOST
SIM-09397	Benign	NULL_ARM	NBN	-0.761771	NOT_WT_LOST
SIM-09398	Benign	NULL_ARM	FANCM	-0.925705	WT_LOST
SIM-09399	Benign	NULL_ARM	ATM	-0.159311	WT_LOST
SIM-09400	Benign	NULL_ARM	CHEK1	-0.199006	NOT_WT_LOST
SIM-09401	Benign	NULL_ARM	CHEK1	0.687784	WT_LOST
SIM-09402	Benign	NULL_ARM	ATR	-0.754695	NOT_WT_LOST
SIM-09403	Benign	NULL_ARM	NBN	-0.328799	NOT_WT_LOST
SIM-09404	Benign	NULL_ARM	ATR	-0.647382	NOT_WT_LOST
SIM-09405	Benign	NULL_ARM	MRE11	-1.223769	NOT_WT_LOST
SIM-09406	Benign	NULL_ARM	CHEK1	-0.82409	NOT_WT_LOST
SIM-09407	Benign	NULL_ARM	ATM	-0.536846	NOT_WT_LOST
SIM-09408	Benign	NULL_ARM	CHEK2	-0.719445	NOT_WT_LOST
SIM-09409	Benign	NULL_ARM	MRE11	0.62755	WT_LOST
SIM-09410	Benign	NULL_ARM	MRE11	-0.646499	NOT_WT_LOST
SIM-09411	Benign	NULL_ARM	CHEK2	0.630529	WT_LOST
SIM-09412	Benign	NULL_ARM	FANCM	-1.982749	NOT_WT_LOST
SIM-09413	Benign	NULL_ARM	NBN	1.16088	NOT_WT_LOST
SIM-09414	Benign	NULL_ARM	ATR	2.089401	WT_LOST
SIM-09415	Benign	NULL_ARM	FANCM	0.747222	NOT_WT_LOST
SIM-09416	Benign	NULL_ARM	NBN	-0.084379	NOT_WT_LOST
SIM-09417	Benign	NULL_ARM	ATM	0.161331	NOT_WT_LOST
SIM-09418	Benign	NULL_ARM	CHEK2	-0.537208	NOT_WT_LOST
SIM-09419	Benign	NULL_ARM	NBN	0.062406	WT_LOST
SIM-09420	Benign	NULL_ARM	FANCM	-0.225375	NOT_WT_LOST
SIM-09421	Benign	NULL_ARM	ATM	-0.113811	NOT_WT_LOST
SIM-09422	Benign	NULL_ARM	RAD50	0.861022	NOT_WT_LOST
SIM-09423	Benign	NULL_ARM	NBN	-0.130583	NOT_WT_LOST
SIM-09424	Benign	NULL_ARM	NBN	-1.111133	NOT_WT_LOST
SIM-09425	Benign	NULL_ARM	ATR	-0.697113	NOT_WT_LOST
SIM-09426	Benign	NULL_ARM	ATM	-0.744652	NOT_WT_LOST
SIM-09427	Benign	NULL_ARM	MRE11	1.438241	NOT_WT_LOST
SIM-09428	Benign	NULL_ARM	MRE11	-1.113065	NOT_WT_LOST
SIM-09429	Benign	NULL_ARM	ATR	0.287672	WT_LOST
SIM-09430	Benign	NULL_ARM	NBN	-0.964948	NOT_WT_LOST
SIM-09431	Benign	NULL_ARM	FANCM	-0.22517	WT_LOST
SIM-09432	Benign	NULL_ARM	MRE11	1.427423	WT_LOST
SIM-09433	Benign	NULL_ARM	FANCM	-0.301922	NOT_WT_LOST
SIM-09434	Benign	NULL_ARM	MRE11	0.264402	WT_LOST
SIM-09435	Benign	NULL_ARM	ATM	-0.35777	NOT_WT_LOST
SIM-09436	Benign	NULL_ARM	CHEK2	-0.254058	NOT_WT_LOST
SIM-09437	Benign	NULL_ARM	ATR	1.118231	WT_LOST
SIM-09438	Benign	NULL_ARM	MRE11	0.104093	WT_LOST
SIM-09439	Benign	NULL_ARM	CHEK2	1.579154	NOT_WT_LOST
SIM-09440	Benign	NULL_ARM	MRE11	1.04495	WT_LOST
SIM-09441	Benign	NULL_ARM	CHEK1	-0.2383	NOT_WT_LOST
SIM-09442	Benign	NULL_ARM	ATM	1.861288	WT_LOST
SIM-09443	Benign	NULL_ARM	CHEK2	2.007275	WT_LOST
SIM-09444	Benign	NULL_ARM	CHEK2	-0.44553	NOT_WT_LOST
SIM-09445	Benign	NULL_ARM	NBN	-2.93739	NOT_WT_LOST
SIM-09446	Benign	NULL_ARM	CHEK2	-0.019369	NOT_WT_LOST
SIM-09447	Benign	NULL_ARM	FANCM	-0.455495	NOT_WT_LOST
SIM-09448	Benign	NULL_ARM	ATM	-0.387781	WT_LOST
SIM-09449	Benign	NULL_ARM	MRE11	-0.646111	NOT_WT_LOST
SIM-09450	Benign	NULL_ARM	CHEK1	1.396097	NOT_WT_LOST
SIM-09451	Benign	NULL_ARM	NBN	2.212302	WT_LOST
SIM-09452	Benign	NULL_ARM	MRE11	1.04184	NOT_WT_LOST
SIM-09453	Benign	NULL_ARM	MRE11	0.508789	NOT_WT_LOST
SIM-09454	Benign	NULL_ARM	MRE11	0.604377	WT_LOST
SIM-09455	Benign	NULL_ARM	RAD50	-1.415395	NOT_WT_LOST
SIM-09456	Benign	NULL_ARM	CHEK1	-0.72312	NOT_WT_LOST
SIM-09457	Benign	NULL_ARM	ATR	-0.757082	NOT_WT_LOST
SIM-09458	Benign	NULL_ARM	FANCM	1.100657	NOT_WT_LOST
SIM-09459	Benign	NULL_ARM	FANCM	-2.137405	NOT_WT_LOST
SIM-09460	Benign	NULL_ARM	CHEK1	0.61407	NOT_WT_LOST
SIM-09461	Benign	NULL_ARM	MRE11	2.75446	WT_LOST
SIM-09462	Benign	NULL_ARM	NBN	-0.173485	NOT_WT_LOST
SIM-09463	Benign	NULL_ARM	CHEK1	0.213302	WT_LOST
SIM-09464	Benign	NULL_ARM	ATR	-0.408517	WT_LOST
SIM-09465	Benign	NULL_ARM	MRE11	-0.673793	NOT_WT_LOST
SIM-09466	Benign	NULL_ARM	ATM	0.712046	NOT_WT_LOST
SIM-09467	Benign	NULL_ARM	ATM	0.068326	NOT_WT_LOST
SIM-09468	Benign	NULL_ARM	ATR	-0.512386	WT_LOST
SIM-09469	Benign	NULL_ARM	ATR	-1.861609	NOT_WT_LOST
SIM-09470	Benign	NULL_ARM	ATM	0.133148	NOT_WT_LOST
SIM-09471	Benign	NULL_ARM	FANCM	0.616872	WT_LOST
SIM-09472	Benign	NULL_ARM	CHEK1	0.136665	WT_LOST
SIM-09473	Benign	NULL_ARM	MRE11	-0.167396	WT_LOST
SIM-09474	Benign	NULL_ARM	CHEK1	-1.067357	NOT_WT_LOST
SIM-09475	Benign	NULL_ARM	RAD50	-0.117013	NOT_WT_LOST
SIM-09476	Benign	NULL_ARM	NBN	1.90192	NOT_WT_LOST
SIM-09477	Benign	NULL_ARM	CHEK2	1.417248	WT_LOST
SIM-09478	Benign	NULL_ARM	CHEK1	0.103619	WT_LOST
SIM-09479	Benign	NULL_ARM	NBN	0.04758	NOT_WT_LOST
SIM-09480	Benign	NULL_ARM	NBN	2.182599	WT_LOST
SIM-09481	Benign	NULL_ARM	MRE11	-0.880834	NOT_WT_LOST
SIM-09482	Benign	NULL_ARM	ATM	-0.84673	NOT_WT_LOST
SIM-09483	Benign	NULL_ARM	ATR	-0.061072	NOT_WT_LOST
SIM-09484	Benign	NULL_ARM	CHEK2	1.388344	NOT_WT_LOST
SIM-09485	Benign	NULL_ARM	ATR	1.386173	WT_LOST
SIM-09486	Benign	NULL_ARM	CHEK2	-0.432046	WT_LOST
SIM-09487	Benign	NULL_ARM	CHEK1	-0.813208	WT_LOST
SIM-09488	Benign	NULL_ARM	NBN	2.03923	WT_LOST
SIM-09489	Benign	NULL_ARM	CHEK1	-0.923899	NOT_WT_LOST
SIM-09490	Benign	NULL_ARM	MRE11	1.650578	WT_LOST
SIM-09491	Benign	NULL_ARM	MRE11	2.362038	WT_LOST
SIM-09492	Benign	NULL_ARM	CHEK1	0.40724	NOT_WT_LOST
SIM-09493	Benign	NULL_ARM	MRE11	0.302318	WT_LOST
SIM-09494	Benign	NULL_ARM	ATM	1.061038	WT_LOST
SIM-09495	Benign	NULL_ARM	NBN	0.120823	NOT_WT_LOST
SIM-09496	Benign	NULL_ARM	CHEK2	-0.466665	NOT_WT_LOST
SIM-09497	Benign	NULL_ARM	MRE11	1.076139	WT_LOST
SIM-09498	Benign	NULL_ARM	CHEK2	-0.065934	NOT_WT_LOST
SIM-09499	Benign	NULL_ARM	CHEK2	0.713644	NOT_WT_LOST
SIM-09500	Benign	NULL_ARM	RAD50	-0.667904	NOT_WT_LOST
SIM-09501	Benign	NULL_ARM	CHEK2	0.642793	NOT_WT_LOST
SIM-09502	Benign	NULL_ARM	CHEK2	-0.031866	NOT_WT_LOST
SIM-09503	Benign	NULL_ARM	FANCM	1.57872	WT_LOST
SIM-09504	Benign	NULL_ARM	MRE11	0.483668	WT_LOST
SIM-09505	Benign	NULL_ARM	FANCM	0.990179	WT_LOST
SIM-09506	Benign	NULL_ARM	FANCM	1.512976	WT_LOST
SIM-09507	Benign	NULL_ARM	CHEK1	1.179166	WT_LOST
SIM-09508	Benign	NULL_ARM	NBN	-0.497849	NOT_WT_LOST
SIM-09509	Benign	NULL_ARM	FANCM	-0.144153	NOT_WT_LOST
SIM-09510	Benign	NULL_ARM	RAD50	-1.130721	NOT_WT_LOST
SIM-09511	Benign	NULL_ARM	FANCM	0.115502	NOT_WT_LOST
SIM-09512	Benign	NULL_ARM	NBN	0.5865	NOT_WT_LOST
SIM-09513	Benign	NULL_ARM	MRE11	-0.622925	NOT_WT_LOST
SIM-09514	Benign	NULL_ARM	MRE11	0.470923	WT_LOST
SIM-09515	Benign	NULL_ARM	ATM	2.463838	NOT_WT_LOST
SIM-09516	Benign	NULL_ARM	RAD50	0.632306	NOT_WT_LOST
SIM-09517	Benign	NULL_ARM	MRE11	0.673782	NOT_WT_LOST
SIM-09518	Benign	NULL_ARM	ATM	-0.280855	NOT_WT_LOST
SIM-09519	Benign	NULL_ARM	MRE11	-0.135499	NOT_WT_LOST
SIM-09520	Benign	NULL_ARM	FANCM	0.266698	WT_LOST
SIM-09521	Benign	NULL_ARM	MRE11	0.71187	WT_LOST
SIM-09522	Benign	NULL_ARM	NBN	0.427974	WT_LOST
SIM-09523	Benign	NULL_ARM	ATM	-0.281811	WT_LOST
SIM-09524	Benign	NULL_ARM	MRE11	0.774067	WT_LOST
SIM-09525	Benign	NULL_ARM	ATM	0.233735	NOT_WT_LOST
SIM-09526	Benign	NULL_ARM	FANCM	-0.644249	NOT_WT_LOST
SIM-09527	Benign	NULL_ARM	CHEK1	-0.537826	NOT_WT_LOST
SIM-09528	Benign	NULL_ARM	NBN	0.117621	WT_LOST
SIM-09529	Benign	NULL_ARM	ATR	0.064891	NOT_WT_LOST
SIM-09530	Benign	NULL_ARM	RAD50	-1.155587	NOT_WT_LOST
SIM-09531	Benign	NULL_ARM	FANCM	-0.76487	NOT_WT_LOST
SIM-09532	Benign	NULL_ARM	MRE11	0.307551	WT_LOST
SIM-09533	Benign	NULL_ARM	MRE11	0.408436	WT_LOST
SIM-09534	Benign	NULL_ARM	RAD50	-0.679413	NOT_WT_LOST
SIM-09535	Benign	NULL_ARM	FANCM	0.050499	NOT_WT_LOST
SIM-09536	Benign	NULL_ARM	CHEK2	-0.404586	NOT_WT_LOST
SIM-09537	Benign	NULL_ARM	MRE11	-0.741572	WT_LOST
SIM-09538	Benign	NULL_ARM	CHEK2	-0.659989	NOT_WT_LOST
SIM-09539	Benign	NULL_ARM	FANCM	-1.18052	NOT_WT_LOST
SIM-09540	Benign	NULL_ARM	ATM	0.156519	WT_LOST
SIM-09541	Benign	NULL_ARM	ATM	-0.72114	NOT_WT_LOST
SIM-09542	Benign	NULL_ARM	NBN	-0.674505	NOT_WT_LOST
SIM-09543	Benign	NULL_ARM	FANCM	0.912784	WT_LOST
SIM-09544	Benign	NULL_ARM	NBN	-1.672708	NOT_WT_LOST
SIM-09545	Benign	NULL_ARM	FANCM	0.136158	NOT_WT_LOST
SIM-09546	Benign	NULL_ARM	NBN	-0.121283	NOT_WT_LOST
SIM-09547	Benign	NULL_ARM	RAD50	1.63005	WT_LOST
SIM-09548	Benign	NULL_ARM	RAD50	-0.53718	WT_LOST
SIM-09549	Benign	NULL_ARM	FANCM	0.042106	NOT_WT_LOST
SIM-09550	Benign	NULL_ARM	MRE11	1.156947	WT_LOST
SIM-09551	Benign	NULL_ARM	MRE11	0.382101	NOT_WT_LOST
SIM-09552	Benign	NULL_ARM	FANCM	-0.450231	NOT_WT_LOST
SIM-09553	Benign	NULL_ARM	CHEK1	-1.999243	NOT_WT_LOST
SIM-09554	Benign	NULL_ARM	CHEK2	0.176507	NOT_WT_LOST
SIM-09555	Benign	NULL_ARM	RAD50	0.215135	NOT_WT_LOST
SIM-09556	Benign	NULL_ARM	CHEK1	-0.460035	NOT_WT_LOST
SIM-09557	Benign	NULL_ARM	CHEK1	-2.481285	NOT_WT_LOST
SIM-09558	Benign	NULL_ARM	ATM	1.562211	WT_LOST
SIM-09559	Benign	NULL_ARM	NBN	0.331523	NOT_WT_LOST
SIM-09560	Benign	NULL_ARM	CHEK1	-0.897689	NOT_WT_LOST
SIM-09561	Benign	NULL_ARM	ATR	1.275043	NOT_WT_LOST
SIM-09562	Benign	NULL_ARM	CHEK2	-1.043684	NOT_WT_LOST
SIM-09563	Benign	NULL_ARM	RAD50	-0.783477	NOT_WT_LOST
SIM-09564	Benign	NULL_ARM	ATR	-0.360348	NOT_WT_LOST
SIM-09565	Benign	NULL_ARM	CHEK2	-0.700791	NOT_WT_LOST
SIM-09566	Benign	NULL_ARM	CHEK2	1.16411	NOT_WT_LOST
SIM-09567	Benign	NULL_ARM	FANCM	1.076367	WT_LOST
SIM-09568	Benign	NULL_ARM	NBN	-0.514469	NOT_WT_LOST
SIM-09569	Benign	NULL_ARM	FANCM	-0.60039	NOT_WT_LOST
SIM-09570	Benign	NULL_ARM	MRE11	2.890884	WT_LOST
SIM-09571	Benign	NULL_ARM	MRE11	0.354687	NOT_WT_LOST
SIM-09572	Benign	NULL_ARM	ATM	0.857622	WT_LOST
SIM-09573	Benign	NULL_ARM	CHEK1	0.985343	WT_LOST
SIM-09574	Benign	NULL_ARM	NBN	-0.872733	NOT_WT_LOST
SIM-09575	Benign	NULL_ARM	CHEK2	-0.445815	NOT_WT_LOST
SIM-09576	Benign	NULL_ARM	ATM	-0.927623	WT_LOST
SIM-09577	Benign	NULL_ARM	ATM	0.51157	WT_LOST
SIM-09578	Benign	NULL_ARM	CHEK1	0.687386	NOT_WT_LOST
SIM-09579	Benign	NULL_ARM	MRE11	1.183887	WT_LOST
SIM-09580	Benign	NULL_ARM	MRE11	0.068927	WT_LOST
SIM-09581	Benign	NULL_ARM	FANCM	0.071498	NOT_WT_LOST
SIM-09582	Benign	NULL_ARM	RAD50	-1.841882	NOT_WT_LOST
SIM-09583	Benign	NULL_ARM	FANCM	-0.464453	WT_LOST
SIM-09584	Benign	NULL_ARM	CHEK1	-0.399775	NOT_WT_LOST
SIM-09585	Benign	NULL_ARM	MRE11	-0.051061	NOT_WT_LOST
SIM-09586	Benign	NULL_ARM	RAD50	0.509965	WT_LOST
SIM-09587	Benign	NULL_ARM	MRE11	-1.250373	NOT_WT_LOST
SIM-09588	Benign	NULL_ARM	NBN	-0.504075	WT_LOST
SIM-09589	Benign	NULL_ARM	ATM	-0.988046	WT_LOST
SIM-09590	Benign	NULL_ARM	RAD50	-1.634528	NOT_WT_LOST
SIM-09591	Benign	NULL_ARM	ATM	-2.048642	NOT_WT_LOST
SIM-09592	Benign	NULL_ARM	NBN	-0.703562	WT_LOST
SIM-09593	Benign	NULL_ARM	ATM	-1.762384	NOT_WT_LOST
SIM-09594	Benign	NULL_ARM	CHEK2	-0.117393	NOT_WT_LOST
SIM-09595	Benign	NULL_ARM	ATM	-0.145341	NOT_WT_LOST
SIM-09596	Benign	NULL_ARM	CHEK2	1.196401	WT_LOST
SIM-09597	Benign	NULL_ARM	CHEK1	-0.459185	NOT_WT_LOST
SIM-09598	Benign	NULL_ARM	MRE11	-1.477008	NOT_WT_LOST
SIM-09599	Benign	NULL_ARM	ATM	-0.479823	NOT_WT_LOST
SIM-09600	Benign	NULL_ARM	ATR	0.588912	NOT_WT_LOST
SIM-09601	Benign	NULL_ARM	CHEK2	0.476888	NOT_WT_LOST
SIM-09602	Benign	NULL_ARM	FANCM	-0.079932	NOT_WT_LOST
SIM-09603	Benign	NULL_ARM	NBN	-0.961266	NOT_WT_LOST
SIM-09604	Benign	NULL_ARM	MRE11	1.014896	WT_LOST
SIM-09605	Benign	NULL_ARM	FANCM	0.42822	WT_LOST
SIM-09606	Benign	NULL_ARM	ATR	-0.070084	WT_LOST
SIM-09607	Benign	NULL_ARM	ATR	1.04685	WT_LOST
SIM-09608	Benign	NULL_ARM	NBN	-1.581706	NOT_WT_LOST
SIM-09609	Benign	NULL_ARM	MRE11	0.718466	NOT_WT_LOST
SIM-09610	Benign	NULL_ARM	RAD50	0.513353	NOT_WT_LOST
SIM-09611	Benign	NULL_ARM	NBN	-1.21799	NOT_WT_LOST
SIM-09612	Benign	NULL_ARM	NBN	1.351743	WT_LOST
SIM-09613	Benign	NULL_ARM	RAD50	-0.13607	NOT_WT_LOST
SIM-09614	Benign	NULL_ARM	ATR	2.026858	WT_LOST
SIM-09615	Benign	NULL_ARM	MRE11	0.328358	WT_LOST
SIM-09616	Benign	NULL_ARM	FANCM	0.39721	NOT_WT_LOST
SIM-09617	Benign	NULL_ARM	RAD50	-1.371104	NOT_WT_LOST
SIM-09618	Benign	NULL_ARM	ATM	1.263936	WT_LOST
SIM-09619	Benign	NULL_ARM	RAD50	-0.692891	NOT_WT_LOST
SIM-09620	Benign	NULL_ARM	NBN	1.719509	WT_LOST
SIM-09621	Benign	NULL_ARM	CHEK1	-1.95426	NOT_WT_LOST
SIM-09622	Benign	NULL_ARM	CHEK2	-2.020745	NOT_WT_LOST
SIM-09623	Benign	NULL_ARM	FANCM	0.210624	NOT_WT_LOST
SIM-09624	Benign	NULL_ARM	ATR	1.957874	WT_LOST
SIM-09625	Benign	NULL_ARM	ATR	0.216616	NOT_WT_LOST
SIM-09626	Benign	NULL_ARM	ATM	0.085091	NOT_WT_LOST
SIM-09627	Benign	NULL_ARM	ATR	-1.050609	NOT_WT_LOST
SIM-09628	Benign	NULL_ARM	FANCM	0.742275	NOT_WT_LOST
SIM-09629	Benign	NULL_ARM	FANCM	0.737228	NOT_WT_LOST
SIM-09630	Benign	NULL_ARM	NBN	1.414823	WT_LOST
SIM-09631	Benign	NULL_ARM	ATM	0.000261	WT_LOST
SIM-09632	Benign	NULL_ARM	ATM	0.385482	NOT_WT_LOST
SIM-09633	Benign	NULL_ARM	CHEK2	0.68884	NOT_WT_LOST
SIM-09634	Benign	NULL_ARM	CHEK2	-1.774854	NOT_WT_LOST
SIM-09635	Benign	NULL_ARM	NBN	0.401615	NOT_WT_LOST
SIM-09636	Benign	NULL_ARM	CHEK1	1.136946	WT_LOST
SIM-09637	Benign	NULL_ARM	ATR	-1.77858	NOT_WT_LOST
SIM-09638	Benign	NULL_ARM	ATR	-0.124061	NOT_WT_LOST
SIM-09639	Benign	NULL_ARM	MRE11	-0.336101	NOT_WT_LOST
SIM-09640	Benign	NULL_ARM	NBN	0.636411	WT_LOST
SIM-09641	Benign	NULL_ARM	MRE11	1.717153	WT_LOST
SIM-09642	Benign	NULL_ARM	FANCM	0.445503	WT_LOST
SIM-09643	Benign	NULL_ARM	MRE11	-0.872897	WT_LOST
SIM-09644	Benign	NULL_ARM	ATR	0.642594	WT_LOST
SIM-09645	Benign	NULL_ARM	CHEK1	-0.346667	NOT_WT_LOST
SIM-09646	Benign	NULL_ARM	FANCM	1.311556	NOT_WT_LOST
SIM-09647	Benign	NULL_ARM	NBN	0.666689	NOT_WT_LOST
SIM-09648	Benign	NULL_ARM	CHEK2	0.079097	WT_LOST
SIM-09649	Benign	NULL_ARM	FANCM	-1.418738	NOT_WT_LOST
SIM-09650	Benign	NULL_ARM	FANCM	-2.486458	NOT_WT_LOST
SIM-09651	Benign	NULL_ARM	CHEK2	-1.121527	NOT_WT_LOST
SIM-09652	Benign	NULL_ARM	NBN	-0.037752	NOT_WT_LOST
SIM-09653	Benign	NULL_ARM	CHEK1	1.224636	WT_LOST
SIM-09654	Benign	NULL_ARM	CHEK1	1.521021	WT_LOST
SIM-09655	Benign	NULL_ARM	NBN	-0.905727	NOT_WT_LOST
SIM-09656	Benign	NULL_ARM	FANCM	-0.258315	WT_LOST
SIM-09657	Benign	NULL_ARM	MRE11	1.608481	WT_LOST
SIM-09658	Benign	NULL_ARM	CHEK2	-0.686623	NOT_WT_LOST
SIM-09659	Benign	NULL_ARM	ATR	-0.98985	NOT_WT_LOST
SIM-09660	Benign	NULL_ARM	ATM	0.932281	WT_LOST
SIM-09661	Benign	NULL_ARM	CHEK2	1.224121	WT_LOST
SIM-09662	Benign	NULL_ARM	RAD50	1.606519	WT_LOST
SIM-09663	Benign	NULL_ARM	CHEK2	1.666759	WT_LOST
SIM-09664	Benign	NULL_ARM	ATM	-0.388784	NOT_WT_LOST
SIM-09665	Benign	NULL_ARM	ATR	-0.201624	NOT_WT_LOST
SIM-09666	Benign	NULL_ARM	MRE11	1.610567	WT_LOST
SIM-09667	Benign	NULL_ARM	NBN	0.905149	WT_LOST
SIM-09668	Benign	NULL_ARM	ATR	2.607614	NOT_WT_LOST
SIM-09669	Benign	NULL_ARM	CHEK1	-0.647948	NOT_WT_LOST
SIM-09670	Benign	NULL_ARM	CHEK1	-0.924309	NOT_WT_LOST
SIM-09671	Benign	NULL_ARM	NBN	0.223171	NOT_WT_LOST
SIM-09672	Benign	NULL_ARM	ATR	-0.779738	WT_LOST
SIM-09673	Benign	NULL_ARM	ATM	0.525955	NOT_WT_LOST
SIM-09674	Benign	NULL_ARM	ATM	-0.566147	NOT_WT_LOST
SIM-09675	Benign	NULL_ARM	CHEK2	-0.477494	NOT_WT_LOST
SIM-09676	Benign	NULL_ARM	ATR	1.188845	NOT_WT_LOST
SIM-09677	Benign	NULL_ARM	NBN	-0.339331	NOT_WT_LOST
SIM-09678	Benign	NULL_ARM	CHEK2	-1.575769	NOT_WT_LOST
SIM-09679	Benign	NULL_ARM	NBN	0.136456	WT_LOST
SIM-09680	Benign	NULL_ARM	RAD50	1.242889	WT_LOST
SIM-09681	Benign	NULL_ARM	CHEK1	-0.865047	NOT_WT_LOST
SIM-09682	Benign	NULL_ARM	ATR	-0.012518	WT_LOST
SIM-09683	Benign	NULL_ARM	CHEK1	0.545611	NOT_WT_LOST
SIM-09684	Benign	NULL_ARM	RAD50	-1.254398	NOT_WT_LOST
SIM-09685	Benign	NULL_ARM	NBN	0.412718	WT_LOST
SIM-09686	Benign	NULL_ARM	NBN	-0.066558	NOT_WT_LOST
SIM-09687	Benign	NULL_ARM	ATM	-0.713538	NOT_WT_LOST
SIM-09688	Benign	NULL_ARM	NBN	0.388926	NOT_WT_LOST
SIM-09689	Benign	NULL_ARM	CHEK1	0.655179	NOT_WT_LOST
SIM-09690	Benign	NULL_ARM	ATM	0.107399	WT_LOST
SIM-09691	Benign	NULL_ARM	NBN	-0.881561	WT_LOST
SIM-09692	Benign	NULL_ARM	NBN	0.853239	NOT_WT_LOST
SIM-09693	Benign	NULL_ARM	MRE11	0.36698	WT_LOST
SIM-09694	Benign	NULL_ARM	ATR	0.794616	NOT_WT_LOST
SIM-09695	Benign	NULL_ARM	ATR	0.069511	WT_LOST
SIM-09696	Benign	NULL_ARM	ATR	0.864083	NOT_WT_LOST
SIM-09697	Benign	NULL_ARM	NBN	0.457002	NOT_WT_LOST
SIM-09698	Benign	NULL_ARM	ATR	0.174856	NOT_WT_LOST
SIM-09699	Benign	NULL_ARM	FANCM	0.927852	NOT_WT_LOST
SIM-09700	Benign	NULL_ARM	MRE11	-1.114501	NOT_WT_LOST
SIM-09701	Benign	NULL_ARM	NBN	0.355008	NOT_WT_LOST
SIM-09702	Benign	NULL_ARM	NBN	-1.229395	NOT_WT_LOST
SIM-09703	Benign	NULL_ARM	ATR	0.091212	NOT_WT_LOST
SIM-09704	Benign	NULL_ARM	RAD50	1.194124	NOT_WT_LOST
SIM-09705	Benign	NULL_ARM	MRE11	0.602611	NOT_WT_LOST
SIM-09706	Benign	NULL_ARM	MRE11	-0.919763	NOT_WT_LOST
SIM-09707	Benign	NULL_ARM	MRE11	-0.03104	NOT_WT_LOST
SIM-09708	Benign	NULL_ARM	NBN	-0.274556	NOT_WT_LOST
SIM-09709	Benign	NULL_ARM	ATM	0.179275	WT_LOST
SIM-09710	Benign	NULL_ARM	CHEK2	0.336469	NOT_WT_LOST
SIM-09711	Benign	NULL_ARM	CHEK1	-0.015854	NOT_WT_LOST
SIM-09712	Benign	NULL_ARM	CHEK1	-1.168816	NOT_WT_LOST
SIM-09713	Benign	NULL_ARM	CHEK2	0.52534	NOT_WT_LOST
SIM-09714	Benign	NULL_ARM	ATM	1.199698	WT_LOST
SIM-09715	Benign	NULL_ARM	RAD50	0.022489	WT_LOST
SIM-09716	Benign	NULL_ARM	FANCM	-2.050625	NOT_WT_LOST
SIM-09717	Benign	NULL_ARM	ATR	1.936181	WT_LOST
SIM-09718	Benign	NULL_ARM	CHEK1	0.34016	WT_LOST
SIM-09719	Benign	NULL_ARM	CHEK2	0.054362	NOT_WT_LOST
SIM-09720	Benign	NULL_ARM	ATM	1.082031	WT_LOST
SIM-09721	Benign	NULL_ARM	MRE11	0.134551	NOT_WT_LOST
SIM-09722	Benign	NULL_ARM	CHEK1	0.001981	WT_LOST
SIM-09723	Benign	NULL_ARM	RAD50	-1.267691	NOT_WT_LOST
SIM-09724	Benign	NULL_ARM	ATM	1.582164	WT_LOST
SIM-09725	Benign	NULL_ARM	ATR	0.154717	NOT_WT_LOST
SIM-09726	Benign	NULL_ARM	NBN	-0.637608	NOT_WT_LOST
SIM-09727	Benign	NULL_ARM	MRE11	1.540458	WT_LOST
SIM-09728	Benign	NULL_ARM	CHEK1	1.526138	WT_LOST
SIM-09729	Benign	NULL_ARM	ATM	0.656454	NOT_WT_LOST
SIM-09730	Benign	NULL_ARM	CHEK1	-0.17504	NOT_WT_LOST
SIM-09731	Benign	NULL_ARM	CHEK1	-1.008994	NOT_WT_LOST
SIM-09732	Benign	NULL_ARM	RAD50	1.142873	WT_LOST
SIM-09733	Benign	NULL_ARM	MRE11	0.705853	WT_LOST
SIM-09734	Benign	NULL_ARM	CHEK1	-0.01445	NOT_WT_LOST
SIM-09735	Benign	NULL_ARM	CHEK2	0.307474	NOT_WT_LOST
SIM-09736	Benign	NULL_ARM	ATR	0.108805	NOT_WT_LOST
SIM-09737	Benign	NULL_ARM	ATR	-1.0105	NOT_WT_LOST
SIM-09738	Benign	NULL_ARM	CHEK2	1.450418	NOT_WT_LOST
SIM-09739	Benign	NULL_ARM	FANCM	0.625421	WT_LOST
SIM-09740	Benign	NULL_ARM	ATR	0.226842	WT_LOST
SIM-09741	Benign	NULL_ARM	ATR	1.213812	WT_LOST
SIM-09742	Benign	NULL_ARM	MRE11	-1.657069	NOT_WT_LOST
SIM-09743	Benign	NULL_ARM	NBN	0.711638	NOT_WT_LOST
SIM-09744	Benign	NULL_ARM	ATR	-1.392053	NOT_WT_LOST
SIM-09745	Benign	NULL_ARM	ATM	0.342066	WT_LOST
SIM-09746	Benign	NULL_ARM	CHEK1	1.088968	WT_LOST
SIM-09747	Benign	NULL_ARM	FANCM	-0.587253	WT_LOST
SIM-09748	Benign	NULL_ARM	ATM	-0.560752	NOT_WT_LOST
SIM-09749	Benign	NULL_ARM	ATM	-0.585287	NOT_WT_LOST
SIM-09750	Benign	NULL_ARM	NBN	1.148577	NOT_WT_LOST
SIM-09751	Benign	NULL_ARM	CHEK2	-0.028228	NOT_WT_LOST
SIM-09752	Benign	NULL_ARM	RAD50	0.594663	NOT_WT_LOST
SIM-09753	Benign	NULL_ARM	CHEK1	0.897353	NOT_WT_LOST
SIM-09754	Benign	NULL_ARM	RAD50	-0.024576	WT_LOST
SIM-09755	Benign	NULL_ARM	MRE11	0.789577	NOT_WT_LOST
SIM-09756	Benign	NULL_ARM	FANCM	-0.395268	WT_LOST
SIM-09757	Benign	NULL_ARM	NBN	-0.795566	NOT_WT_LOST
SIM-09758	Benign	NULL_ARM	CHEK2	0.422484	WT_LOST
SIM-09759	Benign	NULL_ARM	MRE11	-1.205208	NOT_WT_LOST
SIM-09760	Benign	NULL_ARM	NBN	1.666906	WT_LOST
SIM-09761	Benign	NULL_ARM	RAD50	-0.593792	NOT_WT_LOST
SIM-09762	Benign	NULL_ARM	ATR	-0.840308	NOT_WT_LOST
SIM-09763	Benign	NULL_ARM	FANCM	0.532346	WT_LOST
SIM-09764	Benign	NULL_ARM	FANCM	0.276203	WT_LOST
SIM-09765	Benign	NULL_ARM	ATM	-1.037918	NOT_WT_LOST
SIM-09766	Benign	NULL_ARM	RAD50	0.068604	NOT_WT_LOST
SIM-09767	Benign	NULL_ARM	FANCM	-0.204472	NOT_WT_LOST
SIM-09768	Benign	NULL_ARM	ATR	-0.884695	NOT_WT_LOST
SIM-09769	Benign	NULL_ARM	ATR	-0.571767	NOT_WT_LOST
SIM-09770	Benign	NULL_ARM	ATM	0.311046	NOT_WT_LOST
SIM-09771	Benign	NULL_ARM	NBN	0.17122	WT_LOST
SIM-09772	Benign	NULL_ARM	MRE11	0.788451	WT_LOST
SIM-09773	Benign	NULL_ARM	ATM	0.655256	WT_LOST
SIM-09774	Benign	NULL_ARM	RAD50	-0.75563	NOT_WT_LOST
SIM-09775	Benign	NULL_ARM	FANCM	0.841153	WT_LOST
SIM-09776	Benign	NULL_ARM	ATR	-0.80063	NOT_WT_LOST
SIM-09777	Benign	NULL_ARM	FANCM	-1.092347	NOT_WT_LOST
SIM-09778	Benign	NULL_ARM	RAD50	2.568311	WT_LOST
SIM-09779	Benign	NULL_ARM	MRE11	-0.389559	NOT_WT_LOST
SIM-09780	Benign	NULL_ARM	RAD50	-0.805114	NOT_WT_LOST
SIM-09781	Benign	NULL_ARM	CHEK1	-1.064619	NOT_WT_LOST
SIM-09782	Benign	NULL_ARM	ATR	0.154679	NOT_WT_LOST
SIM-09783	Benign	NULL_ARM	MRE11	0.117659	NOT_WT_LOST
SIM-09784	Benign	NULL_ARM	CHEK1	0.818923	WT_LOST
SIM-09785	Benign	NULL_ARM	ATM	-0.471164	NOT_WT_LOST
SIM-09786	Benign	NULL_ARM	ATM	-0.003521	WT_LOST
SIM-09787	Benign	NULL_ARM	ATR	-0.756528	WT_LOST
SIM-09788	Benign	NULL_ARM	CHEK1	0.915866	NOT_WT_LOST
SIM-09789	Benign	NULL_ARM	NBN	-1.864402	NOT_WT_LOST
SIM-09790	Benign	NULL_ARM	FANCM	0.054158	WT_LOST
SIM-09791	Benign	NULL_ARM	CHEK1	-0.698883	NOT_WT_LOST
SIM-09792	Benign	NULL_ARM	MRE11	0.040617	NOT_WT_LOST
SIM-09793	Benign	NULL_ARM	NBN	-1.445329	NOT_WT_LOST
SIM-09794	Benign	NULL_ARM	FANCM	-0.753415	NOT_WT_LOST
SIM-09795	Benign	NULL_ARM	ATR	0.127604	WT_LOST
SIM-09796	Benign	NULL_ARM	NBN	-0.424627	NOT_WT_LOST
SIM-09797	Benign	NULL_ARM	ATM	1.947866	WT_LOST
SIM-09798	Benign	NULL_ARM	CHEK1	1.211018	WT_LOST
SIM-09799	Benign	NULL_ARM	CHEK2	0.829708	NOT_WT_LOST
SIM-09800	Benign	NULL_ARM	CHEK2	0.696108	NOT_WT_LOST
SIM-09801	Benign	NULL_ARM	CHEK2	-0.354412	NOT_WT_LOST
SIM-09802	Benign	NULL_ARM	CHEK1	1.72064	NOT_WT_LOST
SIM-09803	Benign	NULL_ARM	MRE11	-0.931021	NOT_WT_LOST
SIM-09804	Benign	NULL_ARM	ATM	1.217237	WT_LOST
SIM-09805	Benign	NULL_ARM	CHEK1	-0.015527	NOT_WT_LOST
SIM-09806	Benign	NULL_ARM	ATM	0.235955	WT_LOST
SIM-09807	Benign	NULL_ARM	FANCM	-0.208709	NOT_WT_LOST
SIM-09808	Benign	NULL_ARM	RAD50	1.066551	WT_LOST
SIM-09809	Benign	NULL_ARM	NBN	-0.070821	WT_LOST
SIM-09810	Benign	NULL_ARM	CHEK1	-0.541956	WT_LOST
SIM-09811	Benign	NULL_ARM	MRE11	0.524366	WT_LOST
SIM-09812	Benign	NULL_ARM	ATR	-0.330256	NOT_WT_LOST
SIM-09813	Benign	NULL_ARM	MRE11	0.429739	NOT_WT_LOST
SIM-09814	Benign	NULL_ARM	MRE11	-1.711481	NOT_WT_LOST
SIM-09815	Benign	NULL_ARM	MRE11	0.573975	NOT_WT_LOST
SIM-09816	Benign	NULL_ARM	CHEK2	0.307273	WT_LOST
SIM-09817	Benign	NULL_ARM	ATR	0.43629	NOT_WT_LOST
SIM-09818	Benign	NULL_ARM	FANCM	-0.388048	NOT_WT_LOST
SIM-09819	Benign	NULL_ARM	CHEK2	0.462491	NOT_WT_LOST
SIM-09820	Benign	NULL_ARM	NBN	-0.05226	WT_LOST
SIM-09821	Benign	NULL_ARM	ATM	0.773552	NOT_WT_LOST
SIM-09822	Benign	NULL_ARM	NBN	1.466052	WT_LOST
SIM-09823	Benign	NULL_ARM	FANCM	-1.761842	NOT_WT_LOST
SIM-09824	Benign	NULL_ARM	RAD50	0.167275	WT_LOST
SIM-09825	Benign	NULL_ARM	MRE11	-1.548876	NOT_WT_LOST
SIM-09826	Benign	NULL_ARM	CHEK2	0.750027	NOT_WT_LOST
SIM-09827	Benign	NULL_ARM	MRE11	0.627296	WT_LOST
SIM-09828	Benign	NULL_ARM	MRE11	-0.359264	NOT_WT_LOST
SIM-09829	Benign	NULL_ARM	NBN	1.206905	WT_LOST
SIM-09830	Benign	NULL_ARM	ATR	0.05478	NOT_WT_LOST
SIM-09831	Benign	NULL_ARM	ATM	0.553703	NOT_WT_LOST
SIM-09832	Benign	NULL_ARM	FANCM	-0.70657	NOT_WT_LOST
SIM-09833	Benign	NULL_ARM	MRE11	-0.269634	NOT_WT_LOST
SIM-09834	Benign	NULL_ARM	FANCM	-1.605533	NOT_WT_LOST
SIM-09835	Benign	NULL_ARM	ATR	-0.561481	NOT_WT_LOST
SIM-09836	Benign	NULL_ARM	FANCM	-1.435725	NOT_WT_LOST
SIM-09837	Benign	NULL_ARM	ATM	-0.840644	NOT_WT_LOST
SIM-09838	Benign	NULL_ARM	ATM	0.911543	NOT_WT_LOST
SIM-09839	Benign	NULL_ARM	ATM	0.666122	WT_LOST
SIM-09840	Benign	NULL_ARM	FANCM	-0.113246	NOT_WT_LOST
SIM-09841	Benign	NULL_ARM	ATM	0.238434	WT_LOST
SIM-09842	Benign	NULL_ARM	RAD50	2.389426	NOT_WT_LOST
SIM-09843	Benign	NULL_ARM	ATR	-0.220763	NOT_WT_LOST
SIM-09844	Benign	NULL_ARM	ATR	0.539779	WT_LOST
SIM-09845	Benign	NULL_ARM	CHEK2	0.262514	NOT_WT_LOST
SIM-09846	Benign	NULL_ARM	ATR	-1.294457	NOT_WT_LOST
SIM-09847	Benign	NULL_ARM	ATM	-0.278111	WT_LOST
SIM-09848	Benign	NULL_ARM	MRE11	1.506129	WT_LOST
SIM-09849	Benign	NULL_ARM	CHEK1	-0.694139	NOT_EVALUABLE
SIM-09850	Benign	NULL_ARM	RAD50	1.778483	NOT_EVALUABLE
SIM-09851	Benign	NULL_ARM	ATM	-0.811548	NOT_EVALUABLE
SIM-09852	Benign	NULL_ARM	ATM	-0.829583	NOT_EVALUABLE
SIM-09853	Benign	NULL_ARM	CHEK2	0.85565	NOT_EVALUABLE
SIM-09854	Benign	NULL_ARM	ATM	-1.353826	NOT_EVALUABLE
SIM-09855	Benign	NULL_ARM	ATM	2.242481	NOT_EVALUABLE
SIM-09856	Benign	NULL_ARM	FANCM	0.210632	NOT_EVALUABLE
SIM-09857	Benign	NULL_ARM	MRE11	-2.161008	NOT_WT_LOST
SIM-09858	Benign	NULL_ARM	RAD50	2.196166	WT_LOST
SIM-09859	Benign	NULL_ARM	MRE11	-0.023331	NOT_WT_LOST
SIM-09860	Benign	NULL_ARM	CHEK1	-0.438633	NOT_WT_LOST
SIM-09861	Benign	NULL_ARM	NBN	-0.210623	NOT_WT_LOST
SIM-09862	Benign	NULL_ARM	CHEK2	-1.847016	NOT_WT_LOST
SIM-09863	Benign	NULL_ARM	RAD50	-1.415297	NOT_WT_LOST
SIM-09864	Benign	NULL_ARM	NBN	-0.694381	NOT_WT_LOST
SIM-09865	Benign	NULL_ARM	FANCM	0.504592	NOT_WT_LOST
SIM-09866	Benign	NULL_ARM	RAD50	-0.263804	WT_LOST
SIM-09867	Benign	NULL_ARM	ATM	1.52603	WT_LOST
SIM-09868	Benign	NULL_ARM	RAD50	0.556476	NOT_WT_LOST
SIM-09869	Benign	NULL_ARM	ATM	-0.190434	NOT_WT_LOST
SIM-09870	Benign	NULL_ARM	ATR	-0.465695	NOT_WT_LOST
SIM-09871	Benign	NULL_ARM	CHEK1	-1.143437	NOT_WT_LOST
SIM-09872	Benign	NULL_ARM	CHEK1	-0.986022	NOT_WT_LOST
SIM-09873	Benign	NULL_ARM	RAD50	-1.367824	NOT_WT_LOST
SIM-09874	Benign	NULL_ARM	FANCM	-0.916876	NOT_WT_LOST
SIM-09875	Benign	NULL_ARM	ATM	1.928186	WT_LOST
SIM-09876	Benign	NULL_ARM	MRE11	0.099444	NOT_WT_LOST
SIM-09877	Benign	NULL_ARM	ATM	-1.497241	NOT_WT_LOST
SIM-09878	Benign	NULL_ARM	RAD50	-1.147362	NOT_WT_LOST
SIM-09879	Benign	NULL_ARM	FANCM	0.291896	WT_LOST
SIM-09880	Benign	NULL_ARM	ATM	-1.659571	NOT_WT_LOST
SIM-09881	Benign	NULL_ARM	NBN	0.625845	NOT_WT_LOST
SIM-09882	Benign	NULL_ARM	CHEK2	0.685027	NOT_WT_LOST
SIM-09883	Benign	NULL_ARM	ATM	0.333498	WT_LOST
SIM-09884	Benign	NULL_ARM	ATM	-0.664111	NOT_WT_LOST
SIM-09885	Benign	NULL_ARM	MRE11	-0.464196	NOT_WT_LOST
SIM-09886	Benign	NULL_ARM	NBN	0.061152	NOT_WT_LOST
SIM-09887	Benign	NULL_ARM	MRE11	-0.647505	NOT_WT_LOST
SIM-09888	Benign	NULL_ARM	ATR	0.439113	WT_LOST
SIM-09889	Benign	NULL_ARM	FANCM	0.16016	NOT_WT_LOST
SIM-09890	Benign	NULL_ARM	CHEK2	1.046415	WT_LOST
SIM-09891	Benign	NULL_ARM	CHEK2	-0.583619	NOT_WT_LOST
SIM-09892	Benign	NULL_ARM	CHEK1	-1.324429	NOT_WT_LOST
SIM-09893	Benign	NULL_ARM	CHEK1	1.036629	WT_LOST
SIM-09894	Benign	NULL_ARM	ATR	-0.076652	NOT_WT_LOST
SIM-09895	Benign	NULL_ARM	FANCM	-0.002917	NOT_WT_LOST
SIM-09896	Benign	NULL_ARM	FANCM	-0.859818	WT_LOST
SIM-09897	Benign	NULL_ARM	ATM	-0.691497	NOT_WT_LOST
SIM-09898	Benign	NULL_ARM	ATM	1.388536	NOT_WT_LOST
SIM-09899	Benign	NULL_ARM	NBN	1.49096	NOT_WT_LOST
SIM-09900	Benign	NULL_ARM	RAD50	1.11145	WT_LOST
SIM-09901	Benign	NULL_ARM	ATM	0.376488	NOT_WT_LOST
SIM-09902	Benign	NULL_ARM	CHEK2	0.087126	WT_LOST
SIM-09903	Benign	NULL_ARM	CHEK1	-0.557151	NOT_WT_LOST
SIM-09904	Benign	NULL_ARM	CHEK2	1.440527	WT_LOST
SIM-09905	Benign	NULL_ARM	MRE11	-0.593925	NOT_WT_LOST
SIM-09906	Benign	NULL_ARM	MRE11	1.807651	NOT_WT_LOST
SIM-09907	Benign	NULL_ARM	CHEK1	-2.408531	NOT_WT_LOST
SIM-09908	Benign	NULL_ARM	ATM	0.667355	WT_LOST
SIM-09909	Benign	NULL_ARM	NBN	0.167917	NOT_WT_LOST
SIM-09910	Benign	NULL_ARM	MRE11	1.103891	WT_LOST
SIM-09911	Benign	NULL_ARM	RAD50	1.666255	WT_LOST
SIM-09912	Benign	NULL_ARM	CHEK2	-1.099273	NOT_WT_LOST
SIM-09913	Benign	NULL_ARM	NBN	-0.176215	NOT_WT_LOST
SIM-09914	Benign	NULL_ARM	CHEK2	0.67034	WT_LOST
SIM-09915	Benign	NULL_ARM	RAD50	-0.033774	NOT_WT_LOST
SIM-09916	Benign	NULL_ARM	CHEK2	1.533101	WT_LOST
SIM-09917	Benign	NULL_ARM	CHEK1	-0.041944	WT_LOST
SIM-09918	Benign	NULL_ARM	RAD50	-0.449628	WT_LOST
SIM-09919	Benign	NULL_ARM	MRE11	1.395812	WT_LOST
SIM-09920	Benign	NULL_ARM	ATR	-0.552173	WT_LOST
SIM-09921	Benign	NULL_ARM	FANCM	-0.11526	WT_LOST
SIM-09922	Benign	NULL_ARM	ATM	1.944679	WT_LOST
SIM-09923	Benign	NULL_ARM	RAD50	0.018759	NOT_WT_LOST
SIM-09924	Benign	NULL_ARM	MRE11	1.270309	WT_LOST
SIM-09925	Benign	NULL_ARM	MRE11	0.332748	WT_LOST
SIM-09926	Benign	NULL_ARM	FANCM	-0.004439	NOT_WT_LOST
SIM-09927	Benign	NULL_ARM	CHEK1	-0.195096	WT_LOST
SIM-09928	Benign	NULL_ARM	FANCM	-1.047505	NOT_WT_LOST
SIM-09929	Benign	NULL_ARM	FANCM	-1.02399	NOT_WT_LOST
SIM-09930	Benign	NULL_ARM	NBN	-0.86558	NOT_WT_LOST
SIM-09931	Benign	NULL_ARM	CHEK2	-1.001978	NOT_WT_LOST
SIM-09932	Benign	NULL_ARM	ATM	-0.953028	NOT_WT_LOST
SIM-09933	Benign	NULL_ARM	MRE11	-0.258688	NOT_WT_LOST
SIM-09934	Benign	NULL_ARM	CHEK1	-1.915663	NOT_WT_LOST
SIM-09935	Benign	NULL_ARM	ATR	-0.453802	NOT_WT_LOST
SIM-09936	Benign	NULL_ARM	ATR	-1.251465	NOT_WT_LOST
SIM-09937	Benign	NULL_ARM	MRE11	1.378838	NOT_WT_LOST
SIM-09938	Benign	NULL_ARM	RAD50	0.64493	NOT_WT_LOST
SIM-09939	Benign	NULL_ARM	CHEK1	0.798604	WT_LOST
SIM-09940	Benign	NULL_ARM	NBN	-0.520039	NOT_WT_LOST
SIM-09941	Benign	NULL_ARM	ATR	1.336961	NOT_WT_LOST
SIM-09942	Benign	NULL_ARM	ATR	-0.366918	NOT_WT_LOST
SIM-09943	Benign	NULL_ARM	MRE11	-0.578724	NOT_WT_LOST
SIM-09944	Benign	NULL_ARM	CHEK1	-0.636673	NOT_WT_LOST
SIM-09945	Benign	NULL_ARM	CHEK1	-2.713352	NOT_WT_LOST
SIM-09946	Benign	NULL_ARM	MRE11	-2.236419	NOT_WT_LOST
SIM-09947	Benign	NULL_ARM	ATR	-0.743814	NOT_WT_LOST
SIM-09948	Benign	NULL_ARM	CHEK1	0.643364	NOT_WT_LOST
SIM-09949	Benign	NULL_ARM	ATR	0.392038	NOT_WT_LOST
SIM-09950	Benign	NULL_ARM	ATR	-1.797888	NOT_WT_LOST
SIM-09951	Benign	NULL_ARM	CHEK2	-0.431229	WT_LOST
SIM-09952	Benign	NULL_ARM	NBN	-1.268644	NOT_WT_LOST
SIM-09953	Benign	NULL_ARM	ATR	-0.118408	NOT_WT_LOST
SIM-09954	Benign	NULL_ARM	FANCM	0.121176	NOT_WT_LOST
SIM-09955	Benign	NULL_ARM	ATM	0.309188	NOT_WT_LOST
SIM-09956	Benign	NULL_ARM	FANCM	0.225627	NOT_WT_LOST
SIM-09957	Benign	NULL_ARM	ATM	-0.12317	NOT_WT_LOST
SIM-09958	Benign	NULL_ARM	FANCM	-1.500135	NOT_WT_LOST
SIM-09959	Benign	NULL_ARM	MRE11	-1.893041	NOT_WT_LOST
SIM-09960	Benign	NULL_ARM	ATR	-0.284765	WT_LOST
SIM-09961	Benign	NULL_ARM	FANCM	-1.35498	NOT_WT_LOST
SIM-09962	Benign	NULL_ARM	NBN	-0.95459	NOT_WT_LOST
SIM-09963	Benign	NULL_ARM	MRE11	-2.489668	NOT_WT_LOST
SIM-09964	Benign	NULL_ARM	FANCM	-1.394937	NOT_WT_LOST
SIM-09965	Benign	NULL_ARM	CHEK2	-0.388579	NOT_WT_LOST
SIM-09966	Benign	NULL_ARM	ATR	-0.873898	WT_LOST
SIM-09967	Benign	NULL_ARM	CHEK2	-0.659464	NOT_WT_LOST
SIM-09968	Benign	NULL_ARM	CHEK1	0.418384	WT_LOST
SIM-09969	Benign	NULL_ARM	ATR	0.101814	WT_LOST
SIM-09970	Benign	NULL_ARM	CHEK1	0.111059	WT_LOST
SIM-09971	Benign	NULL_ARM	CHEK1	-0.177145	NOT_WT_LOST
SIM-09972	Benign	NULL_ARM	CHEK2	-0.296944	NOT_WT_LOST
SIM-09973	Benign	NULL_ARM	RAD50	-0.65649	NOT_WT_LOST
SIM-09974	Benign	NULL_ARM	NBN	-0.293592	NOT_WT_LOST
SIM-09975	Benign	NULL_ARM	ATR	-0.453291	NOT_WT_LOST
SIM-09976	Benign	NULL_ARM	CHEK1	-2.827743	NOT_WT_LOST
SIM-09977	Benign	NULL_ARM	FANCM	0.146782	WT_LOST
SIM-09978	Benign	NULL_ARM	FANCM	2.164082	WT_LOST
SIM-09979	Benign	NULL_ARM	NBN	2.184582	NOT_WT_LOST
SIM-09980	Benign	NULL_ARM	CHEK2	1.135147	NOT_WT_LOST
SIM-09981	Benign	NULL_ARM	CHEK1	0.421004	NOT_WT_LOST
SIM-09982	Benign	NULL_ARM	ATM	0.691221	NOT_WT_LOST
SIM-09983	Benign	NULL_ARM	CHEK1	1.001959	WT_LOST
SIM-09984	Benign	NULL_ARM	ATR	1.002882	WT_LOST
SIM-09985	Benign	NULL_ARM	NBN	1.306754	WT_LOST
SIM-09986	Benign	NULL_ARM	CHEK1	-0.330636	NOT_WT_LOST
SIM-09987	Benign	NULL_ARM	RAD50	1.78009	WT_LOST
SIM-09988	Benign	NULL_ARM	NBN	0.359109	WT_LOST
SIM-09989	Benign	NULL_ARM	RAD50	0.91706	NOT_WT_LOST
SIM-09990	Benign	NULL_ARM	ATM	1.359909	NOT_WT_LOST
SIM-09991	Benign	NULL_ARM	FANCM	-0.308831	NOT_WT_LOST
SIM-09992	Benign	NULL_ARM	ATM	0.943241	WT_LOST
SIM-09993	Benign	NULL_ARM	RAD50	-1.080333	NOT_WT_LOST
SIM-09994	Benign	NULL_ARM	FANCM	0.029374	WT_LOST
SIM-09995	Benign	NULL_ARM	CHEK1	-1.618719	NOT_WT_LOST
SIM-09996	Benign	NULL_ARM	ATR	-0.850321	NOT_WT_LOST
SIM-09997	Benign	NULL_ARM	NBN	-0.847449	NOT_WT_LOST
SIM-09998	Benign	NULL_ARM	NBN	-0.045295	NOT_WT_LOST
SIM-09999	Benign	NULL_ARM	CHEK1	-0.359155	WT_LOST
SIM-10000	Benign	NULL_ARM	CHEK1	-0.568147	WT_LOST
SIM-10001	Benign	NULL_ARM	ATM	0.117968	NOT_WT_LOST
SIM-10002	Benign	NULL_ARM	CHEK2	0.762907	NOT_WT_LOST
SIM-10003	Benign	NULL_ARM	RAD50	1.179082	WT_LOST
SIM-10004	Benign	NULL_ARM	RAD50	-1.090176	NOT_WT_LOST
SIM-10005	Benign	NULL_ARM	RAD50	-0.865832	NOT_WT_LOST
SIM-10006	Benign	NULL_ARM	FANCM	-0.738151	NOT_WT_LOST
SIM-10007	Benign	NULL_ARM	CHEK2	0.804254	NOT_WT_LOST
SIM-10008	Benign	NULL_ARM	RAD50	-0.650416	NOT_WT_LOST
SIM-10009	Benign	NULL_ARM	ATM	1.647871	NOT_WT_LOST
SIM-10010	Benign	NULL_ARM	ATM	0.115757	NOT_WT_LOST
SIM-10011	Benign	NULL_ARM	FANCM	-0.246668	WT_LOST
SIM-10012	Benign	NULL_ARM	NBN	0.241057	WT_LOST
SIM-10013	Benign	NULL_ARM	FANCM	-0.744846	NOT_WT_LOST
SIM-10014	Benign	NULL_ARM	CHEK2	-1.243157	NOT_WT_LOST
SIM-10015	Benign	NULL_ARM	RAD50	-1.495158	WT_LOST
SIM-10016	Benign	NULL_ARM	NBN	1.512683	WT_LOST
SIM-10017	Benign	NULL_ARM	NBN	-1.06075	NOT_WT_LOST
SIM-10018	Benign	NULL_ARM	CHEK2	0.109622	WT_LOST
SIM-10019	Benign	NULL_ARM	CHEK1	-0.095282	WT_LOST
SIM-10020	Benign	NULL_ARM	CHEK2	1.386278	WT_LOST
SIM-10021	Benign	NULL_ARM	CHEK1	1.799244	WT_LOST
SIM-10022	Benign	NULL_ARM	ATR	0.806871	NOT_WT_LOST
SIM-10023	Benign	NULL_ARM	RAD50	-0.133651	NOT_WT_LOST
SIM-10024	Benign	NULL_ARM	FANCM	0.292526	NOT_WT_LOST
SIM-10025	Benign	NULL_ARM	MRE11	-0.188442	NOT_WT_LOST
SIM-10026	Benign	NULL_ARM	ATM	0.426249	WT_LOST
SIM-10027	Benign	NULL_ARM	ATR	1.044702	NOT_WT_LOST
SIM-10028	Benign	NULL_ARM	NBN	-0.326889	WT_LOST
SIM-10029	Benign	NULL_ARM	CHEK1	0.748587	NOT_WT_LOST
SIM-10030	Benign	NULL_ARM	NBN	0.504239	NOT_WT_LOST
SIM-10031	Benign	NULL_ARM	CHEK1	1.225451	WT_LOST
SIM-10032	Benign	NULL_ARM	ATM	-2.027545	NOT_WT_LOST
SIM-10033	Benign	NULL_ARM	CHEK2	0.812881	WT_LOST
SIM-10034	Benign	NULL_ARM	NBN	-0.943395	NOT_WT_LOST
SIM-10035	Benign	NULL_ARM	FANCM	-0.455537	WT_LOST
SIM-10036	Benign	NULL_ARM	RAD50	1.567335	WT_LOST
SIM-10037	Benign	NULL_ARM	ATM	0.131138	WT_LOST
SIM-10038	Benign	NULL_ARM	FANCM	2.074519	NOT_WT_LOST
SIM-10039	Benign	NULL_ARM	MRE11	-0.498366	NOT_WT_LOST
SIM-10040	Benign	NULL_ARM	RAD50	-1.122626	NOT_WT_LOST
SIM-10041	Benign	NULL_ARM	FANCM	0.743366	NOT_WT_LOST
SIM-10042	Benign	NULL_ARM	RAD50	-0.969743	NOT_WT_LOST
SIM-10043	Benign	NULL_ARM	MRE11	-0.29457	NOT_WT_LOST
SIM-10044	Benign	NULL_ARM	CHEK2	-1.871483	NOT_WT_LOST
SIM-10045	Benign	NULL_ARM	ATR	0.586953	NOT_WT_LOST
SIM-10046	Benign	NULL_ARM	ATR	-0.226978	NOT_WT_LOST
SIM-10047	Benign	NULL_ARM	ATR	-1.00868	NOT_WT_LOST
SIM-10048	Benign	NULL_ARM	FANCM	-0.809191	WT_LOST
SIM-10049	Benign	NULL_ARM	CHEK1	1.436388	NOT_WT_LOST
SIM-10050	Benign	NULL_ARM	NBN	-1.869487	NOT_WT_LOST
SIM-10051	Benign	NULL_ARM	ATM	-0.646001	NOT_WT_LOST
SIM-10052	Benign	NULL_ARM	CHEK2	-1.21363	NOT_WT_LOST
SIM-10053	Benign	NULL_ARM	CHEK1	0.612788	WT_LOST
SIM-10054	Benign	NULL_ARM	FANCM	-0.591331	NOT_WT_LOST
SIM-10055	Benign	NULL_ARM	MRE11	-0.00098	NOT_WT_LOST
SIM-10056	Benign	NULL_ARM	MRE11	-0.740636	WT_LOST
SIM-10057	Benign	NULL_ARM	ATM	-0.082284	NOT_WT_LOST
SIM-10058	Benign	NULL_ARM	ATM	0.53873	NOT_WT_LOST
SIM-10059	Benign	NULL_ARM	NBN	-1.420215	NOT_WT_LOST
SIM-10060	Benign	NULL_ARM	RAD50	-0.748068	NOT_WT_LOST
SIM-10061	Benign	NULL_ARM	MRE11	0.601867	WT_LOST
SIM-10062	Benign	NULL_ARM	NBN	-0.385451	NOT_WT_LOST
SIM-10063	Benign	NULL_ARM	FANCM	0.681493	WT_LOST
SIM-10064	Benign	NULL_ARM	CHEK2	1.302558	WT_LOST
SIM-10065	Benign	NULL_ARM	NBN	0.226523	NOT_WT_LOST
SIM-10066	Benign	NULL_ARM	CHEK1	0.865552	NOT_WT_LOST
SIM-10067	Benign	NULL_ARM	FANCM	-0.509063	NOT_WT_LOST
SIM-10068	Benign	NULL_ARM	CHEK1	0.033299	NOT_WT_LOST
SIM-10069	Benign	NULL_ARM	FANCM	1.608026	WT_LOST
SIM-10070	Benign	NULL_ARM	ATR	0.285234	NOT_WT_LOST
SIM-10071	Benign	NULL_ARM	FANCM	-1.529665	NOT_WT_LOST
SIM-10072	Benign	NULL_ARM	NBN	-0.4849	NOT_WT_LOST
SIM-10073	Benign	NULL_ARM	NBN	-1.459042	NOT_WT_LOST
SIM-10074	Benign	NULL_ARM	RAD50	-1.349865	NOT_WT_LOST
SIM-10075	Benign	NULL_ARM	FANCM	-0.994667	NOT_WT_LOST
SIM-10076	Benign	NULL_ARM	ATR	-0.482148	NOT_WT_LOST
SIM-10077	Benign	NULL_ARM	ATR	-1.870407	NOT_WT_LOST
SIM-10078	Benign	NULL_ARM	RAD50	1.042276	NOT_WT_LOST
SIM-10079	Benign	NULL_ARM	ATM	-0.3824	NOT_WT_LOST
SIM-10080	Benign	NULL_ARM	CHEK1	-1.655434	NOT_WT_LOST
SIM-10081	Benign	NULL_ARM	ATR	-1.603276	NOT_WT_LOST
SIM-10082	Benign	NULL_ARM	CHEK1	-0.237348	NOT_WT_LOST
SIM-10083	Benign	NULL_ARM	RAD50	-0.062113	NOT_WT_LOST
SIM-10084	Benign	NULL_ARM	CHEK1	0.931375	NOT_WT_LOST
SIM-10085	Benign	NULL_ARM	NBN	0.481223	WT_LOST
SIM-10086	Benign	NULL_ARM	FANCM	1.142268	WT_LOST
SIM-10087	Benign	NULL_ARM	RAD50	-2.052092	NOT_WT_LOST
SIM-10088	Benign	NULL_ARM	RAD50	-1.516614	WT_LOST
SIM-10089	Benign	NULL_ARM	FANCM	-0.226827	NOT_WT_LOST
SIM-10090	Benign	NULL_ARM	MRE11	0.768325	NOT_WT_LOST
SIM-10091	Benign	NULL_ARM	NBN	0.7428	NOT_WT_LOST
SIM-10092	Benign	NULL_ARM	MRE11	1.393325	WT_LOST
SIM-10093	Benign	NULL_ARM	CHEK1	-0.84035	NOT_WT_LOST
SIM-10094	Benign	NULL_ARM	CHEK1	-1.167119	NOT_WT_LOST
SIM-10095	Benign	NULL_ARM	CHEK1	-0.524683	NOT_WT_LOST
SIM-10096	Benign	NULL_ARM	MRE11	-0.439594	NOT_WT_LOST
SIM-10097	Benign	NULL_ARM	FANCM	0.162577	NOT_WT_LOST
SIM-10098	Benign	NULL_ARM	ATM	-0.842116	NOT_WT_LOST
SIM-10099	Benign	NULL_ARM	NBN	0.550153	NOT_WT_LOST
SIM-10100	Benign	NULL_ARM	CHEK1	-0.743643	NOT_WT_LOST
SIM-10101	Benign	NULL_ARM	CHEK1	-0.237627	NOT_WT_LOST
SIM-10102	Benign	NULL_ARM	CHEK1	-1.012308	NOT_WT_LOST
SIM-10103	Benign	NULL_ARM	CHEK1	0.503098	WT_LOST
SIM-10104	Benign	NULL_ARM	RAD50	0.343653	NOT_WT_LOST
SIM-10105	Benign	NULL_ARM	CHEK1	-0.543544	NOT_WT_LOST
SIM-10106	Benign	NULL_ARM	NBN	1.638385	WT_LOST
SIM-10107	Benign	NULL_ARM	CHEK2	0.839936	WT_LOST
SIM-10108	Benign	NULL_ARM	MRE11	0.783972	NOT_WT_LOST
SIM-10109	Benign	NULL_ARM	ATM	1.295153	WT_LOST
SIM-10110	Benign	NULL_ARM	ATR	0.286061	WT_LOST
SIM-10111	Benign	NULL_ARM	RAD50	-1.078747	NOT_WT_LOST
SIM-10112	Benign	NULL_ARM	ATR	-0.138137	NOT_WT_LOST
SIM-10113	Benign	NULL_ARM	ATM	-0.376068	NOT_WT_LOST
SIM-10114	Benign	NULL_ARM	ATR	-0.672871	NOT_WT_LOST
SIM-10115	Benign	NULL_ARM	ATR	0.397396	NOT_WT_LOST
SIM-10116	Benign	NULL_ARM	CHEK2	-0.464241	NOT_WT_LOST
SIM-10117	Benign	NULL_ARM	ATR	0.956159	WT_LOST
SIM-10118	Benign	NULL_ARM	CHEK2	1.051335	NOT_WT_LOST
SIM-10119	Benign	NULL_ARM	CHEK1	0.703752	NOT_WT_LOST
SIM-10120	Benign	NULL_ARM	MRE11	0.653796	WT_LOST
SIM-10121	Benign	NULL_ARM	ATM	-1.268065	NOT_WT_LOST
SIM-10122	Benign	NULL_ARM	ATM	-0.074671	WT_LOST
SIM-10123	Benign	NULL_ARM	FANCM	-0.823588	NOT_WT_LOST
SIM-10124	Benign	NULL_ARM	FANCM	-0.110095	NOT_WT_LOST
SIM-10125	Benign	NULL_ARM	CHEK1	0.851308	NOT_WT_LOST
SIM-10126	Benign	NULL_ARM	NBN	-1.287068	NOT_WT_LOST
SIM-10127	Benign	NULL_ARM	RAD50	1.860284	WT_LOST
SIM-10128	Benign	NULL_ARM	MRE11	-0.632144	NOT_WT_LOST
SIM-10129	Benign	NULL_ARM	RAD50	-0.215609	WT_LOST
SIM-10130	Benign	NULL_ARM	RAD50	-1.565203	NOT_WT_LOST
SIM-10131	Benign	NULL_ARM	FANCM	0.880778	NOT_WT_LOST
SIM-10132	Benign	NULL_ARM	FANCM	0.032164	NOT_WT_LOST
SIM-10133	Benign	NULL_ARM	CHEK1	0.634066	NOT_WT_LOST
SIM-10134	Benign	NULL_ARM	MRE11	0.790815	WT_LOST
SIM-10135	Benign	NULL_ARM	MRE11	0.224068	WT_LOST
SIM-10136	Benign	NULL_ARM	ATR	-0.168381	NOT_WT_LOST
SIM-10137	Benign	NULL_ARM	NBN	-1.008157	NOT_WT_LOST
SIM-10138	Benign	NULL_ARM	CHEK2	0.402972	WT_LOST
SIM-10139	Benign	NULL_ARM	RAD50	0.035851	NOT_WT_LOST
SIM-10140	Benign	NULL_ARM	MRE11	0.034366	NOT_WT_LOST
SIM-10141	Benign	NULL_ARM	ATM	-0.026099	NOT_WT_LOST
SIM-10142	Benign	NULL_ARM	MRE11	-0.714077	NOT_WT_LOST
SIM-10143	Benign	NULL_ARM	ATR	-0.820372	NOT_WT_LOST
SIM-10144	Benign	NULL_ARM	ATM	0.677417	WT_LOST
SIM-10145	Benign	NULL_ARM	CHEK1	-1.384644	NOT_WT_LOST
SIM-10146	Benign	NULL_ARM	CHEK2	2.041269	WT_LOST
SIM-10147	Benign	NULL_ARM	CHEK2	0.683458	WT_LOST
SIM-10148	Benign	NULL_ARM	ATM	-0.950019	NOT_WT_LOST
SIM-10149	Benign	NULL_ARM	MRE11	0.514642	WT_LOST
SIM-10150	Benign	NULL_ARM	ATR	-1.198279	NOT_WT_LOST
SIM-10151	Benign	NULL_ARM	RAD50	0.43645	NOT_WT_LOST
SIM-10152	Benign	NULL_ARM	CHEK1	0.631711	NOT_WT_LOST
SIM-10153	Benign	NULL_ARM	CHEK2	0.149127	NOT_WT_LOST
SIM-10154	Benign	NULL_ARM	FANCM	-1.026622	WT_LOST
SIM-10155	Benign	NULL_ARM	FANCM	0.614379	NOT_WT_LOST
SIM-10156	Benign	NULL_ARM	NBN	0.621439	WT_LOST
SIM-10157	Benign	NULL_ARM	ATR	0.744243	NOT_WT_LOST
SIM-10158	Benign	NULL_ARM	RAD50	2.125124	WT_LOST
SIM-10159	Benign	NULL_ARM	ATR	0.852145	NOT_WT_LOST
SIM-10160	Benign	NULL_ARM	ATM	-0.827273	NOT_WT_LOST
SIM-10161	Benign	NULL_ARM	ATM	0.86021	WT_LOST
SIM-10162	Benign	NULL_ARM	MRE11	0.39044	NOT_WT_LOST
SIM-10163	Benign	NULL_ARM	RAD50	-2.209795	NOT_WT_LOST
SIM-10164	Benign	NULL_ARM	ATM	-0.132731	NOT_WT_LOST
SIM-10165	Benign	NULL_ARM	RAD50	0.95997	NOT_WT_LOST
SIM-10166	Benign	NULL_ARM	NBN	1.051917	NOT_WT_LOST
SIM-10167	Benign	NULL_ARM	ATM	0.240269	NOT_WT_LOST
SIM-10168	Benign	NULL_ARM	CHEK1	-0.700578	NOT_WT_LOST
SIM-10169	Benign	NULL_ARM	FANCM	-1.42906	NOT_WT_LOST
SIM-10170	Benign	NULL_ARM	CHEK2	-1.120741	NOT_WT_LOST
SIM-10171	Benign	NULL_ARM	MRE11	-1.049703	NOT_WT_LOST
SIM-10172	Benign	NULL_ARM	MRE11	-0.854128	NOT_WT_LOST
SIM-10173	Benign	NULL_ARM	FANCM	0.160094	NOT_WT_LOST
SIM-10174	Benign	NULL_ARM	RAD50	-1.187926	NOT_WT_LOST
SIM-10175	Benign	NULL_ARM	RAD50	0.350405	NOT_WT_LOST
SIM-10176	Benign	NULL_ARM	ATR	0.892983	NOT_WT_LOST
SIM-10177	Benign	NULL_ARM	NBN	-0.856213	NOT_WT_LOST
SIM-10178	Benign	NULL_ARM	RAD50	0.158665	NOT_WT_LOST
SIM-10179	Benign	NULL_ARM	CHEK2	0.989022	NOT_WT_LOST
SIM-10180	Benign	NULL_ARM	NBN	-0.743324	NOT_WT_LOST
SIM-10181	Benign	NULL_ARM	CHEK2	0.192228	WT_LOST
SIM-10182	Benign	NULL_ARM	FANCM	-0.473288	NOT_WT_LOST
SIM-10183	Benign	NULL_ARM	MRE11	0.783789	WT_LOST
SIM-10184	Benign	NULL_ARM	FANCM	-0.12016	NOT_WT_LOST
SIM-10185	Benign	NULL_ARM	FANCM	-0.254648	NOT_WT_LOST
SIM-10186	Benign	NULL_ARM	FANCM	0.35881	NOT_WT_LOST
SIM-10187	Benign	NULL_ARM	RAD50	-1.389463	NOT_WT_LOST
SIM-10188	Benign	NULL_ARM	NBN	0.069844	WT_LOST
SIM-10189	Benign	NULL_ARM	CHEK2	1.054824	WT_LOST
SIM-10190	Benign	NULL_ARM	NBN	-0.009977	NOT_WT_LOST
SIM-10191	Benign	NULL_ARM	MRE11	-0.254697	WT_LOST
SIM-10192	Benign	NULL_ARM	RAD50	0.658487	NOT_WT_LOST
SIM-10193	Benign	NULL_ARM	ATR	0.891698	NOT_WT_LOST
SIM-10194	Benign	NULL_ARM	ATR	1.962619	WT_LOST
SIM-10195	Benign	NULL_ARM	ATR	0.995733	WT_LOST
SIM-10196	Benign	NULL_ARM	NBN	-0.045351	NOT_WT_LOST
SIM-10197	Benign	NULL_ARM	CHEK1	0.480184	NOT_WT_LOST
SIM-10198	Benign	NULL_ARM	ATM	1.972667	NOT_WT_LOST
SIM-10199	Benign	NULL_ARM	ATM	0.308679	NOT_WT_LOST
SIM-10200	Benign	NULL_ARM	CHEK1	0.320686	NOT_WT_LOST
SIM-10201	Benign	NULL_ARM	CHEK1	-0.120625	NOT_WT_LOST
SIM-10202	Benign	NULL_ARM	RAD50	0.045411	WT_LOST
SIM-10203	Benign	NULL_ARM	RAD50	0.431211	WT_LOST
SIM-10204	Benign	NULL_ARM	CHEK1	0.30147	NOT_WT_LOST
SIM-10205	Benign	NULL_ARM	RAD50	-0.657808	NOT_WT_LOST
SIM-10206	Benign	NULL_ARM	ATM	0.429223	NOT_WT_LOST
SIM-10207	Benign	NULL_ARM	ATM	-0.094078	NOT_WT_LOST
SIM-10208	Benign	NULL_ARM	CHEK1	-1.416459	NOT_WT_LOST
SIM-10209	Benign	NULL_ARM	NBN	-1.571264	NOT_WT_LOST
SIM-10210	Benign	NULL_ARM	MRE11	0.276564	NOT_WT_LOST
SIM-10211	Benign	NULL_ARM	NBN	-0.314338	NOT_WT_LOST
SIM-10212	Benign	NULL_ARM	ATM	-0.488797	NOT_WT_LOST
SIM-10213	Benign	NULL_ARM	ATR	1.094784	NOT_WT_LOST
SIM-10214	Benign	NULL_ARM	CHEK1	-1.12468	NOT_WT_LOST
SIM-10215	Benign	NULL_ARM	ATM	2.20889	WT_LOST
SIM-10216	Benign	NULL_ARM	CHEK1	-0.368343	NOT_WT_LOST
SIM-10217	Benign	NULL_ARM	MRE11	0.102411	NOT_WT_LOST
SIM-10218	Benign	NULL_ARM	CHEK2	-0.307818	NOT_WT_LOST
SIM-10219	Benign	NULL_ARM	FANCM	-0.471881	NOT_WT_LOST
SIM-10220	Benign	NULL_ARM	RAD50	-0.641484	NOT_WT_LOST
SIM-10221	Benign	NULL_ARM	CHEK2	0.04934	WT_LOST
SIM-10222	Benign	NULL_ARM	MRE11	-0.014542	NOT_WT_LOST
SIM-10223	Benign	NULL_ARM	MRE11	-0.49398	NOT_WT_LOST
SIM-10224	Benign	NULL_ARM	MRE11	-1.068376	NOT_WT_LOST
SIM-10225	Benign	NULL_ARM	ATR	0.796228	WT_LOST
SIM-10226	Benign	NULL_ARM	CHEK2	0.437726	NOT_WT_LOST
SIM-10227	Benign	NULL_ARM	CHEK1	-1.397894	NOT_WT_LOST
SIM-10228	Benign	NULL_ARM	NBN	0.288535	NOT_WT_LOST
SIM-10229	Benign	NULL_ARM	CHEK1	0.297323	NOT_WT_LOST
SIM-10230	Benign	NULL_ARM	RAD50	0.178971	NOT_WT_LOST
SIM-10231	Benign	NULL_ARM	ATR	-0.987759	NOT_WT_LOST
SIM-10232	Benign	NULL_ARM	ATM	0.277197	NOT_WT_LOST
SIM-10233	Benign	NULL_ARM	MRE11	-0.163133	WT_LOST
SIM-10234	Benign	NULL_ARM	NBN	0.660205	NOT_WT_LOST
SIM-10235	Benign	NULL_ARM	FANCM	-1.089985	NOT_WT_LOST
SIM-10236	Benign	NULL_ARM	FANCM	-0.829424	NOT_WT_LOST
SIM-10237	Benign	NULL_ARM	NBN	-1.364738	NOT_WT_LOST
SIM-10238	Benign	NULL_ARM	MRE11	1.313881	WT_LOST
SIM-10239	Benign	NULL_ARM	CHEK2	2.400487	WT_LOST
SIM-10240	Benign	NULL_ARM	NBN	-1.405816	NOT_WT_LOST
SIM-10241	Benign	NULL_ARM	ATM	0.233055	WT_LOST
SIM-10242	Benign	NULL_ARM	ATM	2.120036	WT_LOST
SIM-10243	Benign	NULL_ARM	ATR	-0.966334	NOT_WT_LOST
SIM-10244	Benign	NULL_ARM	CHEK2	-0.337191	NOT_WT_LOST
SIM-10245	Benign	NULL_ARM	CHEK2	-0.637878	NOT_WT_LOST
SIM-10246	Benign	NULL_ARM	NBN	-1.668456	NOT_WT_LOST
SIM-10247	Benign	NULL_ARM	ATM	-1.94953	NOT_WT_LOST
SIM-10248	Benign	NULL_ARM	FANCM	0.361158	NOT_WT_LOST
SIM-10249	Benign	NULL_ARM	ATR	-0.214184	NOT_WT_LOST
SIM-10250	Benign	NULL_ARM	FANCM	0.165138	NOT_WT_LOST
SIM-10251	Benign	NULL_ARM	CHEK1	1.76589	WT_LOST
SIM-10252	Benign	NULL_ARM	CHEK1	0.711671	NOT_WT_LOST
SIM-10253	Benign	NULL_ARM	NBN	-1.866681	NOT_WT_LOST
SIM-10254	Benign	NULL_ARM	MRE11	-0.75081	NOT_WT_LOST
SIM-10255	Benign	NULL_ARM	MRE11	1.16423	WT_LOST
SIM-10256	Benign	NULL_ARM	CHEK2	-0.343461	NOT_WT_LOST
SIM-10257	Benign	NULL_ARM	NBN	-0.747955	NOT_WT_LOST
SIM-10258	Benign	NULL_ARM	MRE11	-0.118768	WT_LOST
SIM-10259	Benign	NULL_ARM	ATM	-1.303722	NOT_WT_LOST
SIM-10260	Benign	NULL_ARM	FANCM	0.387177	WT_LOST
SIM-10261	Benign	NULL_ARM	MRE11	1.161966	WT_LOST
SIM-10262	Benign	NULL_ARM	RAD50	-0.216924	NOT_WT_LOST
SIM-10263	Benign	NULL_ARM	CHEK1	-0.424475	NOT_WT_LOST
SIM-10264	Benign	NULL_ARM	ATM	-1.992769	WT_LOST
SIM-10265	Benign	NULL_ARM	CHEK2	-0.916222	NOT_WT_LOST
SIM-10266	Benign	NULL_ARM	MRE11	1.359973	WT_LOST
SIM-10267	Benign	NULL_ARM	CHEK2	-0.670161	NOT_WT_LOST
SIM-10268	Benign	NULL_ARM	NBN	-0.318994	NOT_WT_LOST
SIM-10269	Benign	NULL_ARM	NBN	-0.606787	NOT_WT_LOST
SIM-10270	Benign	NULL_ARM	RAD50	-0.667189	NOT_WT_LOST
SIM-10271	Benign	NULL_ARM	ATR	-1.527135	NOT_WT_LOST
SIM-10272	Benign	NULL_ARM	CHEK2	-1.98196	NOT_WT_LOST
SIM-10273	Benign	NULL_ARM	ATR	0.570363	NOT_WT_LOST
SIM-10274	Benign	NULL_ARM	RAD50	0.242003	NOT_WT_LOST
SIM-10275	Benign	NULL_ARM	ATM	0.587323	WT_LOST
SIM-10276	Benign	NULL_ARM	CHEK1	0.436923	NOT_WT_LOST
SIM-10277	Benign	NULL_ARM	CHEK1	-1.025171	NOT_WT_LOST
SIM-10278	Benign	NULL_ARM	MRE11	-1.359883	WT_LOST
SIM-10279	Benign	NULL_ARM	RAD50	1.682855	WT_LOST
SIM-10280	Benign	NULL_ARM	CHEK1	-0.050815	NOT_WT_LOST
SIM-10281	Benign	NULL_ARM	CHEK2	1.901399	WT_LOST
SIM-10282	Benign	NULL_ARM	ATR	0.883055	NOT_WT_LOST
SIM-10283	Benign	NULL_ARM	ATR	0.866907	WT_LOST
SIM-10284	Benign	NULL_ARM	RAD50	-2.822238	NOT_WT_LOST
SIM-10285	Benign	NULL_ARM	ATR	0.381893	NOT_WT_LOST
SIM-10286	Benign	NULL_ARM	NBN	-0.809732	NOT_WT_LOST
SIM-10287	Benign	NULL_ARM	FANCM	0.912095	NOT_WT_LOST
SIM-10288	Benign	NULL_ARM	MRE11	-1.560028	NOT_WT_LOST
SIM-10289	Benign	NULL_ARM	RAD50	-1.178766	NOT_WT_LOST
SIM-10290	Benign	NULL_ARM	ATR	0.335163	NOT_WT_LOST
SIM-10291	Benign	NULL_ARM	CHEK1	0.904009	WT_LOST
SIM-10292	Benign	NULL_ARM	MRE11	0.143639	WT_LOST
SIM-10293	Benign	NULL_ARM	MRE11	-0.543499	WT_LOST
SIM-10294	Benign	NULL_ARM	MRE11	0.188195	NOT_WT_LOST
SIM-10295	Benign	NULL_ARM	RAD50	0.202549	NOT_WT_LOST
SIM-10296	Benign	NULL_ARM	ATR	-1.023636	NOT_WT_LOST
SIM-10297	Benign	NULL_ARM	CHEK1	-0.238304	NOT_WT_LOST
SIM-10298	Benign	NULL_ARM	MRE11	0.330282	NOT_WT_LOST
SIM-10299	Benign	NULL_ARM	FANCM	-0.943076	NOT_WT_LOST
SIM-10300	Benign	NULL_ARM	ATM	-0.932229	NOT_WT_LOST
SIM-10301	Benign	NULL_ARM	ATR	0.875186	WT_LOST
SIM-10302	Benign	NULL_ARM	MRE11	1.003403	WT_LOST
SIM-10303	Benign	NULL_ARM	CHEK1	-1.493759	NOT_WT_LOST
SIM-10304	Benign	NULL_ARM	FANCM	0.116113	NOT_WT_LOST
SIM-10305	Benign	NULL_ARM	NBN	0.963634	NOT_WT_LOST
SIM-10306	Benign	NULL_ARM	CHEK2	0.342932	NOT_WT_LOST
SIM-10307	Benign	NULL_ARM	FANCM	0.920508	WT_LOST
SIM-10308	Benign	NULL_ARM	NBN	0.443347	NOT_WT_LOST
SIM-10309	Benign	NULL_ARM	FANCM	-0.230333	WT_LOST
SIM-10310	Benign	NULL_ARM	RAD50	1.708311	NOT_WT_LOST
SIM-10311	Benign	NULL_ARM	MRE11	-1.109121	NOT_WT_LOST
SIM-10312	Benign	NULL_ARM	FANCM	-0.734272	NOT_WT_LOST
SIM-10313	Benign	NULL_ARM	CHEK2	0.31761	NOT_WT_LOST
SIM-10314	Benign	NULL_ARM	CHEK2	0.118787	WT_LOST
SIM-10315	Benign	NULL_ARM	NBN	0.013573	WT_LOST
SIM-10316	Benign	NULL_ARM	ATM	0.85087	NOT_WT_LOST
SIM-10317	Benign	NULL_ARM	MRE11	-0.038991	WT_LOST
SIM-10318	Benign	NULL_ARM	ATM	-0.647073	WT_LOST
SIM-10319	Benign	NULL_ARM	ATR	-1.291993	NOT_WT_LOST
SIM-10320	Benign	NULL_ARM	CHEK1	-0.289588	NOT_WT_LOST
SIM-10321	Benign	NULL_ARM	ATR	-0.727236	NOT_WT_LOST
SIM-10322	Benign	NULL_ARM	ATR	-1.828759	NOT_WT_LOST
SIM-10323	Benign	NULL_ARM	CHEK2	-0.697039	NOT_WT_LOST
SIM-10324	Benign	NULL_ARM	MRE11	0.558767	NOT_WT_LOST
SIM-10325	Benign	NULL_ARM	CHEK1	-1.044778	NOT_WT_LOST
SIM-10326	Benign	NULL_ARM	ATM	-2.034807	NOT_WT_LOST
SIM-10327	Benign	NULL_ARM	CHEK2	0.08909	WT_LOST
SIM-10328	Benign	NULL_ARM	RAD50	0.026722	NOT_WT_LOST
SIM-10329	Benign	NULL_ARM	ATM	0.879586	WT_LOST
SIM-10330	Benign	NULL_ARM	RAD50	-0.417176	NOT_WT_LOST
SIM-10331	Benign	NULL_ARM	FANCM	0.526808	WT_LOST
SIM-10332	Benign	NULL_ARM	MRE11	1.411692	WT_LOST
SIM-10333	Benign	NULL_ARM	MRE11	1.153193	WT_LOST
SIM-10334	Benign	NULL_ARM	MRE11	1.176796	WT_LOST
SIM-10335	Benign	NULL_ARM	FANCM	-2.25708	NOT_WT_LOST
SIM-10336	Benign	NULL_ARM	NBN	0.786729	NOT_WT_LOST
SIM-10337	Benign	NULL_ARM	MRE11	-0.063035	WT_LOST
SIM-10338	Benign	NULL_ARM	CHEK2	0.405076	NOT_WT_LOST
SIM-10339	Benign	NULL_ARM	ATM	1.517517	NOT_WT_LOST
SIM-10340	Benign	NULL_ARM	RAD50	-1.13901	NOT_WT_LOST
SIM-10341	Benign	NULL_ARM	MRE11	1.287075	WT_LOST
SIM-10342	Benign	NULL_ARM	FANCM	-0.126677	NOT_WT_LOST
SIM-10343	Benign	NULL_ARM	ATR	0.31216	WT_LOST
SIM-10344	Benign	NULL_ARM	CHEK1	0.408668	WT_LOST
SIM-10345	Benign	NULL_ARM	MRE11	-1.195469	NOT_WT_LOST
SIM-10346	Benign	NULL_ARM	RAD50	-0.537243	WT_LOST
SIM-10347	Benign	NULL_ARM	ATM	1.579066	WT_LOST
SIM-10348	Benign	NULL_ARM	CHEK2	1.080361	WT_LOST
SIM-10349	Benign	NULL_ARM	CHEK2	1.049988	WT_LOST
SIM-10350	Benign	NULL_ARM	RAD50	1.518588	WT_LOST
SIM-10351	Benign	NULL_ARM	MRE11	0.683187	WT_LOST
SIM-10352	Benign	NULL_ARM	RAD50	-0.769818	NOT_WT_LOST
SIM-10353	Benign	NULL_ARM	RAD50	0.010875	NOT_WT_LOST
SIM-10354	Benign	NULL_ARM	CHEK1	-0.195445	NOT_WT_LOST
SIM-10355	Benign	NULL_ARM	FANCM	0.4528	WT_LOST
SIM-10356	Benign	NULL_ARM	FANCM	-1.623753	NOT_WT_LOST
SIM-10357	Benign	NULL_ARM	CHEK1	-0.098402	NOT_WT_LOST
SIM-10358	Benign	NULL_ARM	RAD50	-1.510145	WT_LOST
SIM-10359	Benign	NULL_ARM	MRE11	1.251843	WT_LOST
SIM-10360	Benign	NULL_ARM	MRE11	0.162734	NOT_WT_LOST
SIM-10361	Benign	NULL_ARM	ATR	0.76511	WT_LOST
SIM-10362	Benign	NULL_ARM	RAD50	0.699709	NOT_WT_LOST
SIM-10363	Benign	NULL_ARM	ATM	1.158776	NOT_WT_LOST
SIM-10364	Benign	NULL_ARM	RAD50	-0.776832	NOT_WT_LOST
SIM-10365	Benign	NULL_ARM	FANCM	0.289104	NOT_WT_LOST
SIM-10366	Benign	NULL_ARM	FANCM	0.247343	WT_LOST
SIM-10367	Benign	NULL_ARM	RAD50	0.398123	NOT_WT_LOST
SIM-10368	Benign	NULL_ARM	RAD50	0.368724	WT_LOST
SIM-10369	Benign	NULL_ARM	CHEK1	-0.328726	WT_LOST
SIM-10370	Benign	NULL_ARM	ATM	1.067244	NOT_WT_LOST
SIM-10371	Benign	NULL_ARM	CHEK1	0.813444	WT_LOST
SIM-10372	Benign	NULL_ARM	NBN	-0.546426	NOT_WT_LOST
SIM-10373	Benign	NULL_ARM	RAD50	0.714234	WT_LOST
SIM-10374	Benign	NULL_ARM	NBN	0.299817	WT_LOST
SIM-10375	Benign	NULL_ARM	ATR	-1.36937	WT_LOST
SIM-10376	Benign	NULL_ARM	ATM	0.792244	WT_LOST
SIM-10377	Benign	NULL_ARM	NBN	1.655373	WT_LOST
SIM-10378	Benign	NULL_ARM	ATR	1.405363	NOT_WT_LOST
SIM-10379	Benign	NULL_ARM	CHEK2	-0.297556	NOT_WT_LOST
SIM-10380	Benign	NULL_ARM	ATR	0.140229	NOT_WT_LOST
SIM-10381	Benign	NULL_ARM	MRE11	0.862613	NOT_WT_LOST
SIM-10382	Benign	NULL_ARM	NBN	0.755093	WT_LOST
SIM-10383	Benign	NULL_ARM	CHEK1	1.258648	WT_LOST
SIM-10384	Benign	NULL_ARM	CHEK1	-0.305163	NOT_WT_LOST
SIM-10385	Benign	NULL_ARM	ATM	-0.314995	WT_LOST
SIM-10386	Benign	NULL_ARM	CHEK1	-0.157911	NOT_WT_LOST
SIM-10387	Benign	NULL_ARM	MRE11	-1.087533	NOT_WT_LOST
SIM-10388	Benign	NULL_ARM	CHEK2	2.427047	WT_LOST
SIM-10389	Benign	NULL_ARM	FANCM	0.188349	NOT_WT_LOST
SIM-10390	Benign	NULL_ARM	ATR	0.559135	NOT_WT_LOST
SIM-10391	Benign	NULL_ARM	NBN	0.532332	WT_LOST
SIM-10392	Benign	NULL_ARM	FANCM	-0.767812	NOT_WT_LOST
SIM-10393	Benign	NULL_ARM	FANCM	0.610827	WT_LOST
SIM-10394	Benign	NULL_ARM	NBN	-0.389437	WT_LOST
SIM-10395	Benign	NULL_ARM	CHEK1	1.747344	WT_LOST
SIM-10396	Benign	NULL_ARM	CHEK1	-0.266488	NOT_WT_LOST
SIM-10397	Benign	NULL_ARM	MRE11	-0.337281	NOT_WT_LOST
SIM-10398	Benign	NULL_ARM	NBN	-0.094171	NOT_WT_LOST
SIM-10399	Benign	NULL_ARM	ATR	-0.361073	NOT_WT_LOST
SIM-10400	Benign	NULL_ARM	FANCM	0.149415	NOT_WT_LOST
SIM-10401	Benign	NULL_ARM	CHEK2	-0.532437	WT_LOST
SIM-10402	Benign	NULL_ARM	MRE11	-0.983628	NOT_WT_LOST
SIM-10403	Benign	NULL_ARM	ATR	1.468408	WT_LOST
SIM-10404	Benign	NULL_ARM	ATR	-0.489764	NOT_WT_LOST
SIM-10405	Benign	NULL_ARM	RAD50	2.097129	WT_LOST
SIM-10406	Benign	NULL_ARM	ATM	0.301709	NOT_WT_LOST
SIM-10407	Benign	NULL_ARM	MRE11	-0.390122	NOT_WT_LOST
SIM-10408	Benign	NULL_ARM	RAD50	-0.016899	WT_LOST
SIM-10409	Benign	NULL_ARM	ATR	-0.286968	NOT_WT_LOST
SIM-10410	Benign	NULL_ARM	ATR	0.321047	NOT_WT_LOST
SIM-10411	Benign	NULL_ARM	NBN	-0.485617	NOT_WT_LOST
SIM-10412	Benign	NULL_ARM	RAD50	0.63088	NOT_WT_LOST
SIM-10413	Benign	NULL_ARM	MRE11	0.645556	WT_LOST
SIM-10414	Benign	NULL_ARM	NBN	0.201977	NOT_WT_LOST
SIM-10415	Benign	NULL_ARM	ATM	-0.701716	NOT_WT_LOST
SIM-10416	Benign	NULL_ARM	CHEK1	0.363805	NOT_WT_LOST
SIM-10417	Benign	NULL_ARM	ATR	3.037816	WT_LOST
SIM-10418	Benign	NULL_ARM	CHEK2	-0.272554	NOT_WT_LOST
SIM-10419	Benign	NULL_ARM	ATR	-0.905911	NOT_WT_LOST
SIM-10420	Benign	NULL_ARM	RAD50	0.142112	WT_LOST
SIM-10421	Benign	NULL_ARM	ATR	0.230338	NOT_WT_LOST
SIM-10422	Benign	NULL_ARM	ATR	-1.147867	NOT_WT_LOST
SIM-10423	Benign	NULL_ARM	MRE11	0.014427	NOT_WT_LOST
SIM-10424	Benign	NULL_ARM	FANCM	0.182676	WT_LOST
SIM-10425	Benign	NULL_ARM	ATR	-0.200059	NOT_WT_LOST
SIM-10426	Benign	NULL_ARM	FANCM	1.500849	NOT_WT_LOST
SIM-10427	Benign	NULL_ARM	NBN	0.900647	WT_LOST
SIM-10428	Benign	NULL_ARM	NBN	1.239987	WT_LOST
SIM-10429	Benign	NULL_ARM	FANCM	0.468751	WT_LOST
SIM-10430	Benign	NULL_ARM	FANCM	1.174522	WT_LOST
SIM-10431	Benign	NULL_ARM	MRE11	-0.59308	NOT_WT_LOST
SIM-10432	Benign	NULL_ARM	MRE11	-0.885143	NOT_WT_LOST
SIM-10433	Benign	NULL_ARM	RAD50	-1.274184	NOT_WT_LOST
SIM-10434	Benign	NULL_ARM	ATM	-0.172135	NOT_WT_LOST
SIM-10435	Benign	NULL_ARM	ATR	-0.667128	NOT_WT_LOST
SIM-10436	Benign	NULL_ARM	FANCM	-0.52652	NOT_WT_LOST
SIM-10437	Benign	NULL_ARM	RAD50	0.956964	NOT_WT_LOST
SIM-10438	Benign	NULL_ARM	ATM	-0.329733	NOT_WT_LOST
SIM-10439	Benign	NULL_ARM	CHEK2	0.942763	NOT_WT_LOST
SIM-10440	Benign	NULL_ARM	CHEK1	0.279275	WT_LOST
SIM-10441	Benign	NULL_ARM	MRE11	1.733456	WT_LOST
SIM-10442	Benign	NULL_ARM	FANCM	-0.112419	WT_LOST
SIM-10443	Benign	NULL_ARM	FANCM	-1.369144	WT_LOST
SIM-10444	Benign	NULL_ARM	ATR	1.012232	WT_LOST
SIM-10445	Benign	NULL_ARM	CHEK2	-1.445737	NOT_WT_LOST
SIM-10446	Benign	NULL_ARM	RAD50	1.394014	WT_LOST
SIM-10447	Benign	NULL_ARM	FANCM	-1.215162	NOT_WT_LOST
SIM-10448	Benign	NULL_ARM	RAD50	0.556096	WT_LOST
SIM-10449	Benign	NULL_ARM	ATR	-1.33074	NOT_WT_LOST
SIM-10450	Benign	NULL_ARM	CHEK2	-0.398152	NOT_WT_LOST
SIM-10451	Benign	NULL_ARM	CHEK2	1.812608	WT_LOST
SIM-10452	Benign	NULL_ARM	CHEK1	1.067942	WT_LOST
SIM-10453	Benign	NULL_ARM	FANCM	-0.332112	NOT_WT_LOST
SIM-10454	Benign	NULL_ARM	ATM	2.656275	WT_LOST
SIM-10455	Benign	NULL_ARM	NBN	0.293008	NOT_WT_LOST
SIM-10456	Benign	NULL_ARM	ATR	-0.609835	NOT_WT_LOST
SIM-10457	Benign	NULL_ARM	CHEK1	0.007379	NOT_WT_LOST
SIM-10458	Benign	NULL_ARM	ATM	-2.119769	NOT_WT_LOST
SIM-10459	Benign	NULL_ARM	ATR	-0.041817	WT_LOST
SIM-10460	Benign	NULL_ARM	NBN	0.32971	WT_LOST
SIM-10461	Benign	NULL_ARM	FANCM	2.026702	WT_LOST
SIM-10462	Benign	NULL_ARM	ATM	0.388761	WT_LOST
SIM-10463	Benign	NULL_ARM	CHEK1	-0.479158	NOT_WT_LOST
SIM-10464	Benign	NULL_ARM	ATR	-1.001752	NOT_WT_LOST
SIM-10465	Benign	NULL_ARM	CHEK2	-1.094724	NOT_EVALUABLE
SIM-10466	Benign	NULL_ARM	FANCM	0.805985	NOT_EVALUABLE
SIM-10467	Benign	NULL_ARM	FANCM	0.88025	NOT_EVALUABLE
SIM-10468	Benign	NULL_ARM	CHEK1	0.429831	NOT_EVALUABLE
SIM-10469	Benign	NULL_ARM	ATM	1.001924	NOT_EVALUABLE
SIM-10470	Benign	NULL_ARM	NBN	-1.710917	NOT_EVALUABLE
SIM-10471	Benign	NULL_ARM	NBN	1.125412	NOT_EVALUABLE
SIM-10472	Benign	NULL_ARM	FANCM	0.291626	NOT_EVALUABLE
SIM-10473	Benign	NULL_ARM	FANCM	-1.048715	NOT_WT_LOST
SIM-10474	Benign	NULL_ARM	NBN	-0.9444	NOT_WT_LOST
SIM-10475	Benign	NULL_ARM	RAD50	1.295114	WT_LOST
SIM-10476	Benign	NULL_ARM	NBN	0.609533	WT_LOST
SIM-10477	Benign	NULL_ARM	NBN	-0.608183	NOT_WT_LOST
SIM-10478	Benign	NULL_ARM	ATM	-0.108345	NOT_WT_LOST
SIM-10479	Benign	NULL_ARM	CHEK1	-0.662822	NOT_WT_LOST
SIM-10480	Benign	NULL_ARM	ATM	-2.883776	NOT_WT_LOST
SIM-10481	Benign	NULL_ARM	ATM	0.123123	WT_LOST
SIM-10482	Benign	NULL_ARM	ATR	0.190359	NOT_WT_LOST
SIM-10483	Benign	NULL_ARM	RAD50	2.448868	WT_LOST
SIM-10484	Benign	NULL_ARM	NBN	0.431259	NOT_WT_LOST
SIM-10485	Benign	NULL_ARM	RAD50	-1.388661	NOT_WT_LOST
SIM-10486	Benign	NULL_ARM	RAD50	0.52569	NOT_WT_LOST
SIM-10487	Benign	NULL_ARM	NBN	0.212379	NOT_WT_LOST
SIM-10488	Benign	NULL_ARM	ATR	-0.434812	NOT_WT_LOST
SIM-10489	Benign	NULL_ARM	ATR	-1.544037	NOT_WT_LOST
SIM-10490	Benign	NULL_ARM	ATM	-1.092812	NOT_WT_LOST
SIM-10491	Benign	NULL_ARM	CHEK1	-0.711486	NOT_WT_LOST
SIM-10492	Benign	NULL_ARM	ATR	-1.314012	NOT_WT_LOST
SIM-10493	Benign	NULL_ARM	CHEK1	-0.319272	NOT_WT_LOST
SIM-10494	Benign	NULL_ARM	MRE11	1.260428	NOT_WT_LOST
SIM-10495	Benign	NULL_ARM	RAD50	0.071284	NOT_WT_LOST
SIM-10496	Benign	NULL_ARM	FANCM	0.044009	NOT_WT_LOST
SIM-10497	Benign	NULL_ARM	CHEK2	0.370731	WT_LOST
SIM-10498	Benign	NULL_ARM	CHEK2	-0.11958	NOT_WT_LOST
SIM-10499	Benign	NULL_ARM	NBN	-0.630932	NOT_WT_LOST
SIM-10500	Benign	NULL_ARM	CHEK1	0.957899	WT_LOST
SIM-10501	Benign	NULL_ARM	NBN	-0.264711	NOT_WT_LOST
SIM-10502	Benign	NULL_ARM	FANCM	1.202804	NOT_WT_LOST
SIM-10503	Benign	NULL_ARM	ATM	0.099427	NOT_WT_LOST
SIM-10504	Benign	NULL_ARM	ATM	0.374995	WT_LOST
SIM-10505	Benign	NULL_ARM	ATM	-0.131948	NOT_WT_LOST
SIM-10506	Benign	NULL_ARM	CHEK1	0.884531	WT_LOST
SIM-10507	Benign	NULL_ARM	FANCM	0.985352	WT_LOST
SIM-10508	Benign	NULL_ARM	FANCM	-0.977904	NOT_WT_LOST
SIM-10509	Benign	NULL_ARM	NBN	-0.778717	NOT_WT_LOST
SIM-10510	Benign	NULL_ARM	CHEK2	0.176157	NOT_WT_LOST
SIM-10511	Benign	NULL_ARM	CHEK2	-0.507208	NOT_WT_LOST
SIM-10512	Benign	NULL_ARM	CHEK1	0.050512	NOT_WT_LOST
SIM-10513	Benign	NULL_ARM	CHEK1	-0.247725	NOT_WT_LOST
SIM-10514	Benign	NULL_ARM	FANCM	-1.459487	NOT_WT_LOST
SIM-10515	Benign	NULL_ARM	FANCM	-0.407886	NOT_WT_LOST
SIM-10516	Benign	NULL_ARM	CHEK2	-0.090373	NOT_WT_LOST
SIM-10517	Benign	NULL_ARM	CHEK1	-2.012377	NOT_WT_LOST
SIM-10518	Benign	NULL_ARM	CHEK1	1.552317	WT_LOST
SIM-10519	Benign	NULL_ARM	ATR	0.623587	WT_LOST
SIM-10520	Benign	NULL_ARM	ATM	-1.581532	NOT_WT_LOST
SIM-10521	Benign	NULL_ARM	CHEK2	1.046294	WT_LOST
SIM-10522	Benign	NULL_ARM	ATM	-1.059187	NOT_WT_LOST
SIM-10523	Benign	NULL_ARM	ATR	-0.699316	NOT_WT_LOST
SIM-10524	Benign	NULL_ARM	FANCM	-0.574859	NOT_WT_LOST
SIM-10525	Benign	NULL_ARM	NBN	0.52251	NOT_WT_LOST
SIM-10526	Benign	NULL_ARM	FANCM	-1.38123	NOT_WT_LOST
SIM-10527	Benign	NULL_ARM	CHEK1	1.743441	WT_LOST
SIM-10528	Benign	NULL_ARM	ATM	0.332317	NOT_WT_LOST
SIM-10529	Benign	NULL_ARM	FANCM	0.693215	WT_LOST
SIM-10530	Benign	NULL_ARM	MRE11	-0.085696	WT_LOST
SIM-10531	Benign	NULL_ARM	NBN	1.495348	NOT_WT_LOST
SIM-10532	Benign	NULL_ARM	CHEK2	-0.743208	NOT_WT_LOST
SIM-10533	Benign	NULL_ARM	FANCM	-0.277445	NOT_WT_LOST
SIM-10534	Benign	NULL_ARM	FANCM	2.071699	WT_LOST
SIM-10535	Benign	NULL_ARM	RAD50	0.767601	NOT_WT_LOST
SIM-10536	Benign	NULL_ARM	CHEK2	0.008622	NOT_WT_LOST
SIM-10537	Benign	NULL_ARM	NBN	0.146125	NOT_WT_LOST
SIM-10538	Benign	NULL_ARM	FANCM	-0.943206	NOT_WT_LOST
SIM-10539	Benign	NULL_ARM	MRE11	-0.849315	NOT_WT_LOST
SIM-10540	Benign	NULL_ARM	RAD50	-0.210626	NOT_WT_LOST
SIM-10541	Benign	NULL_ARM	NBN	0.401529	WT_LOST
SIM-10542	Benign	NULL_ARM	ATM	0.1778	WT_LOST
SIM-10543	Benign	NULL_ARM	CHEK1	-2.128252	NOT_WT_LOST
SIM-10544	Benign	NULL_ARM	RAD50	-1.058556	NOT_WT_LOST
SIM-10545	Benign	NULL_ARM	MRE11	0.747813	NOT_WT_LOST
SIM-10546	Benign	NULL_ARM	ATR	1.490789	WT_LOST
SIM-10547	Benign	NULL_ARM	ATR	-0.591014	WT_LOST
SIM-10548	Benign	NULL_ARM	MRE11	-0.728129	NOT_WT_LOST
SIM-10549	Benign	NULL_ARM	ATM	0.030142	NOT_WT_LOST
SIM-10550	Benign	NULL_ARM	RAD50	0.246416	WT_LOST
SIM-10551	Benign	NULL_ARM	NBN	-0.411122	WT_LOST
SIM-10552	Benign	NULL_ARM	ATR	1.315535	WT_LOST
SIM-10553	Benign	NULL_ARM	CHEK2	-1.156629	NOT_WT_LOST
SIM-10554	Benign	NULL_ARM	ATM	0.139383	WT_LOST
SIM-10555	Benign	NULL_ARM	MRE11	-1.647627	NOT_WT_LOST
SIM-10556	Benign	NULL_ARM	ATR	1.629924	WT_LOST
SIM-10557	Benign	NULL_ARM	CHEK1	2.011455	WT_LOST
SIM-10558	Benign	NULL_ARM	NBN	2.527748	WT_LOST
SIM-10559	Benign	NULL_ARM	CHEK1	1.042094	WT_LOST
SIM-10560	Benign	NULL_ARM	RAD50	-1.008883	NOT_WT_LOST
SIM-10561	Benign	NULL_ARM	FANCM	-0.267507	NOT_WT_LOST
SIM-10562	Benign	NULL_ARM	RAD50	0.403843	WT_LOST
SIM-10563	Benign	NULL_ARM	CHEK2	1.013433	NOT_WT_LOST
SIM-10564	Benign	NULL_ARM	MRE11	2.20475	NOT_WT_LOST
SIM-10565	Benign	NULL_ARM	CHEK1	0.401206	WT_LOST
SIM-10566	Benign	NULL_ARM	MRE11	0.102362	NOT_WT_LOST
SIM-10567	Benign	NULL_ARM	CHEK2	-0.094371	NOT_WT_LOST
SIM-10568	Benign	NULL_ARM	CHEK1	1.660787	WT_LOST
SIM-10569	Benign	NULL_ARM	MRE11	0.176004	NOT_WT_LOST
SIM-10570	Benign	NULL_ARM	ATR	1.234141	NOT_WT_LOST
SIM-10571	Benign	NULL_ARM	MRE11	-0.074856	NOT_WT_LOST
SIM-10572	Benign	NULL_ARM	CHEK1	-0.580561	WT_LOST
SIM-10573	Benign	NULL_ARM	CHEK2	-0.216637	NOT_WT_LOST
SIM-10574	Benign	NULL_ARM	CHEK1	0.498669	WT_LOST
SIM-10575	Benign	NULL_ARM	MRE11	1.609716	WT_LOST
SIM-10576	Benign	NULL_ARM	FANCM	0.518708	WT_LOST
SIM-10577	Benign	NULL_ARM	FANCM	-0.156319	NOT_WT_LOST
SIM-10578	Benign	NULL_ARM	RAD50	-0.870444	WT_LOST
SIM-10579	Benign	NULL_ARM	RAD50	-0.083363	NOT_WT_LOST
SIM-10580	Benign	NULL_ARM	NBN	0.773734	NOT_WT_LOST
SIM-10581	Benign	NULL_ARM	NBN	0.592611	NOT_WT_LOST
SIM-10582	Benign	NULL_ARM	RAD50	-0.688555	WT_LOST
SIM-10583	Benign	NULL_ARM	NBN	-0.774618	NOT_WT_LOST
SIM-10584	Benign	NULL_ARM	RAD50	-0.093071	NOT_WT_LOST
SIM-10585	Benign	NULL_ARM	ATM	1.264158	NOT_WT_LOST
SIM-10586	Benign	NULL_ARM	ATM	1.003407	WT_LOST
SIM-10587	Benign	NULL_ARM	CHEK1	-1.950805	NOT_WT_LOST
SIM-10588	Benign	NULL_ARM	FANCM	0.052323	WT_LOST
SIM-10589	Benign	NULL_ARM	CHEK1	0.171455	NOT_WT_LOST
SIM-10590	Benign	NULL_ARM	NBN	-0.187587	NOT_WT_LOST
SIM-10591	Benign	NULL_ARM	ATR	0.427574	WT_LOST
SIM-10592	Benign	NULL_ARM	ATM	-1.792589	NOT_WT_LOST
SIM-10593	Benign	NULL_ARM	CHEK2	-0.232883	NOT_WT_LOST
SIM-10594	Benign	NULL_ARM	NBN	0.002362	NOT_WT_LOST
SIM-10595	Benign	NULL_ARM	MRE11	0.467754	WT_LOST
SIM-10596	Benign	NULL_ARM	CHEK1	-1.393284	NOT_WT_LOST
SIM-10597	Benign	NULL_ARM	ATR	2.637698	WT_LOST
SIM-10598	Benign	NULL_ARM	ATR	-0.489162	NOT_WT_LOST
SIM-10599	Benign	NULL_ARM	CHEK2	0.159755	NOT_WT_LOST
SIM-10600	Benign	NULL_ARM	ATR	-0.599137	NOT_WT_LOST
SIM-10601	Benign	NULL_ARM	CHEK2	1.53699	WT_LOST
SIM-10602	Benign	NULL_ARM	CHEK1	-1.816982	NOT_WT_LOST
SIM-10603	Benign	NULL_ARM	ATR	-2.053269	NOT_WT_LOST
SIM-10604	Benign	NULL_ARM	ATM	-0.364727	NOT_WT_LOST
SIM-10605	Benign	NULL_ARM	CHEK1	-0.640799	NOT_WT_LOST
SIM-10606	Benign	NULL_ARM	RAD50	-1.265397	NOT_WT_LOST
SIM-10607	Benign	NULL_ARM	FANCM	0.645623	WT_LOST
SIM-10608	Benign	NULL_ARM	FANCM	0.116199	NOT_WT_LOST
SIM-10609	Benign	NULL_ARM	NBN	-0.45182	NOT_WT_LOST
SIM-10610	Benign	NULL_ARM	NBN	-1.873554	NOT_WT_LOST
SIM-10611	Benign	NULL_ARM	ATR	-0.146999	WT_LOST
SIM-10612	Benign	NULL_ARM	RAD50	-0.164816	NOT_WT_LOST
SIM-10613	Benign	NULL_ARM	CHEK2	-0.474472	NOT_WT_LOST
SIM-10614	Benign	NULL_ARM	ATR	0.46064	WT_LOST
SIM-10615	Benign	NULL_ARM	CHEK1	-2.472601	NOT_WT_LOST
SIM-10616	Benign	NULL_ARM	CHEK2	-0.529316	NOT_WT_LOST
SIM-10617	Benign	NULL_ARM	RAD50	-1.500821	NOT_WT_LOST
SIM-10618	Benign	NULL_ARM	NBN	0.225551	NOT_WT_LOST
SIM-10619	Benign	NULL_ARM	RAD50	0.393692	NOT_WT_LOST
SIM-10620	Benign	NULL_ARM	CHEK1	0.620017	NOT_WT_LOST
SIM-10621	Benign	NULL_ARM	ATR	0.222707	NOT_WT_LOST
SIM-10622	Benign	NULL_ARM	CHEK2	-0.77248	NOT_WT_LOST
SIM-10623	Benign	NULL_ARM	NBN	0.767343	NOT_WT_LOST
SIM-10624	Benign	NULL_ARM	CHEK1	0.599959	NOT_WT_LOST
SIM-10625	Benign	NULL_ARM	ATM	1.213414	WT_LOST
SIM-10626	Benign	NULL_ARM	RAD50	0.774506	WT_LOST
SIM-10627	Benign	NULL_ARM	MRE11	0.795939	WT_LOST
SIM-10628	Benign	NULL_ARM	NBN	-0.706063	NOT_WT_LOST
SIM-10629	Benign	NULL_ARM	CHEK1	1.312259	WT_LOST
SIM-10630	Benign	NULL_ARM	ATM	-0.196644	NOT_WT_LOST
SIM-10631	Benign	NULL_ARM	NBN	0.118994	NOT_WT_LOST
SIM-10632	Benign	NULL_ARM	ATR	2.726814	WT_LOST
SIM-10633	Benign	NULL_ARM	ATM	2.210227	WT_LOST
SIM-10634	Benign	NULL_ARM	ATR	-1.457473	NOT_WT_LOST
SIM-10635	Benign	NULL_ARM	ATR	0.999542	WT_LOST
SIM-10636	Benign	NULL_ARM	ATR	-0.98284	NOT_WT_LOST
SIM-10637	Benign	NULL_ARM	ATM	-0.447886	NOT_WT_LOST
SIM-10638	Benign	NULL_ARM	ATR	0.932057	WT_LOST
SIM-10639	Benign	NULL_ARM	ATR	0.047968	NOT_WT_LOST
SIM-10640	Benign	NULL_ARM	CHEK2	-0.491764	NOT_WT_LOST
SIM-10641	Benign	NULL_ARM	CHEK2	-0.247473	WT_LOST
SIM-10642	Benign	NULL_ARM	NBN	0.72107	WT_LOST
SIM-10643	Benign	NULL_ARM	MRE11	1.003984	WT_LOST
SIM-10644	Benign	NULL_ARM	CHEK2	0.724783	WT_LOST
SIM-10645	Benign	NULL_ARM	ATM	0.300044	WT_LOST
SIM-10646	Benign	NULL_ARM	NBN	-0.746922	NOT_WT_LOST
SIM-10647	Benign	NULL_ARM	RAD50	-0.867646	NOT_WT_LOST
SIM-10648	Benign	NULL_ARM	NBN	-0.708143	NOT_WT_LOST
SIM-10649	Benign	NULL_ARM	ATM	-0.036916	NOT_WT_LOST
SIM-10650	Benign	NULL_ARM	FANCM	-1.471285	NOT_WT_LOST
SIM-10651	Benign	NULL_ARM	RAD50	-0.823993	NOT_WT_LOST
SIM-10652	Benign	NULL_ARM	NBN	-1.83989	NOT_WT_LOST
SIM-10653	Benign	NULL_ARM	MRE11	-1.627957	NOT_WT_LOST
SIM-10654	Benign	NULL_ARM	RAD50	2.967196	WT_LOST
SIM-10655	Benign	NULL_ARM	ATR	-0.081297	NOT_WT_LOST
SIM-10656	Benign	NULL_ARM	CHEK1	1.232833	WT_LOST
SIM-10657	Benign	NULL_ARM	CHEK1	0.41175	NOT_WT_LOST
SIM-10658	Benign	NULL_ARM	CHEK1	-1.597341	NOT_WT_LOST
SIM-10659	Benign	NULL_ARM	CHEK1	-0.355337	NOT_WT_LOST
SIM-10660	Benign	NULL_ARM	RAD50	1.015497	NOT_WT_LOST
SIM-10661	Benign	NULL_ARM	CHEK2	-0.452092	NOT_WT_LOST
SIM-10662	Benign	NULL_ARM	ATM	0.523691	NOT_WT_LOST
SIM-10663	Benign	NULL_ARM	NBN	0.069116	WT_LOST
SIM-10664	Benign	NULL_ARM	ATR	0.682369	NOT_WT_LOST
SIM-10665	Benign	NULL_ARM	ATR	1.266815	WT_LOST
SIM-10666	Benign	NULL_ARM	RAD50	-0.844912	NOT_WT_LOST
SIM-10667	Benign	NULL_ARM	RAD50	1.136689	WT_LOST
SIM-10668	Benign	NULL_ARM	FANCM	0.052257	WT_LOST
SIM-10669	Benign	NULL_ARM	ATR	1.027251	NOT_WT_LOST
SIM-10670	Benign	NULL_ARM	NBN	-0.587277	NOT_WT_LOST
SIM-10671	Benign	NULL_ARM	MRE11	1.209616	WT_LOST
SIM-10672	Benign	NULL_ARM	MRE11	-0.140085	NOT_WT_LOST
SIM-10673	Benign	NULL_ARM	ATM	-1.845595	NOT_WT_LOST
SIM-10674	Benign	NULL_ARM	ATM	1.103006	WT_LOST
SIM-10675	Benign	NULL_ARM	NBN	-0.532023	NOT_WT_LOST
SIM-10676	Benign	NULL_ARM	FANCM	-1.707887	NOT_WT_LOST
SIM-10677	Benign	NULL_ARM	NBN	-0.457662	WT_LOST
SIM-10678	Benign	NULL_ARM	CHEK1	0.16588	WT_LOST
SIM-10679	Benign	NULL_ARM	ATR	-0.285762	NOT_WT_LOST
SIM-10680	Benign	NULL_ARM	FANCM	-0.688437	WT_LOST
SIM-10681	Benign	NULL_ARM	NBN	0.984403	WT_LOST
SIM-10682	Benign	NULL_ARM	FANCM	-0.385222	NOT_WT_LOST
SIM-10683	Benign	NULL_ARM	CHEK1	0.463158	WT_LOST
SIM-10684	Benign	NULL_ARM	RAD50	1.343919	WT_LOST
SIM-10685	Benign	NULL_ARM	FANCM	-2.972389	NOT_WT_LOST
SIM-10686	Benign	NULL_ARM	NBN	-1.133437	NOT_WT_LOST
SIM-10687	Benign	NULL_ARM	MRE11	-0.725139	NOT_WT_LOST
SIM-10688	Benign	NULL_ARM	FANCM	-0.8299	NOT_WT_LOST
SIM-10689	Benign	NULL_ARM	CHEK1	0.665529	WT_LOST
SIM-10690	Benign	NULL_ARM	FANCM	0.05368	WT_LOST
SIM-10691	Benign	NULL_ARM	CHEK2	-0.47866	NOT_WT_LOST
SIM-10692	Benign	NULL_ARM	MRE11	-0.428534	NOT_WT_LOST
SIM-10693	Benign	NULL_ARM	MRE11	-0.611226	NOT_WT_LOST
SIM-10694	Benign	NULL_ARM	CHEK1	0.06581	NOT_WT_LOST
SIM-10695	Benign	NULL_ARM	CHEK1	0.871672	WT_LOST
SIM-10696	Benign	NULL_ARM	CHEK1	-1.738658	NOT_WT_LOST
SIM-10697	Benign	NULL_ARM	ATM	1.230654	WT_LOST
SIM-10698	Benign	NULL_ARM	ATR	-0.329959	NOT_WT_LOST
SIM-10699	Benign	NULL_ARM	MRE11	-0.182621	NOT_WT_LOST
SIM-10700	Benign	NULL_ARM	ATM	-0.758428	NOT_WT_LOST
SIM-10701	Benign	NULL_ARM	CHEK1	-0.673175	WT_LOST
SIM-10702	Benign	NULL_ARM	ATR	0.873359	NOT_WT_LOST
SIM-10703	Benign	NULL_ARM	NBN	0.009078	NOT_WT_LOST
SIM-10704	Benign	NULL_ARM	ATM	0.867964	WT_LOST
SIM-10705	Benign	NULL_ARM	FANCM	-1.439026	NOT_WT_LOST
SIM-10706	Benign	NULL_ARM	FANCM	-0.442593	NOT_WT_LOST
SIM-10707	Benign	NULL_ARM	ATR	0.621813	NOT_WT_LOST
SIM-10708	Benign	NULL_ARM	NBN	-1.285318	NOT_WT_LOST
SIM-10709	Benign	NULL_ARM	ATM	0.111691	NOT_WT_LOST
SIM-10710	Benign	NULL_ARM	MRE11	-1.758521	NOT_WT_LOST
SIM-10711	Benign	NULL_ARM	CHEK2	-0.567373	NOT_WT_LOST
SIM-10712	Benign	NULL_ARM	ATM	-0.568391	NOT_WT_LOST
SIM-10713	Benign	NULL_ARM	FANCM	0.484357	NOT_WT_LOST
SIM-10714	Benign	NULL_ARM	MRE11	0.092787	WT_LOST
SIM-10715	Benign	NULL_ARM	NBN	1.93529	WT_LOST
SIM-10716	Benign	NULL_ARM	MRE11	-0.70699	NOT_WT_LOST
SIM-10717	Benign	NULL_ARM	ATM	-0.482371	NOT_WT_LOST
SIM-10718	Benign	NULL_ARM	CHEK1	1.739459	WT_LOST
SIM-10719	Benign	NULL_ARM	FANCM	-1.436907	WT_LOST
SIM-10720	Benign	NULL_ARM	FANCM	-1.635286	NOT_WT_LOST
SIM-10721	Benign	NULL_ARM	CHEK1	1.455798	WT_LOST
SIM-10722	Benign	NULL_ARM	CHEK2	-0.482407	NOT_WT_LOST
SIM-10723	Benign	NULL_ARM	CHEK1	-0.306278	NOT_WT_LOST
SIM-10724	Benign	NULL_ARM	FANCM	0.182608	WT_LOST
SIM-10725	Benign	NULL_ARM	FANCM	-1.549479	NOT_WT_LOST
SIM-10726	Benign	NULL_ARM	CHEK1	-1.345042	NOT_WT_LOST
SIM-10727	Benign	NULL_ARM	ATM	-0.05424	NOT_WT_LOST
SIM-10728	Benign	NULL_ARM	FANCM	1.035473	WT_LOST
SIM-10729	Benign	NULL_ARM	FANCM	0.122361	NOT_WT_LOST
SIM-10730	Benign	NULL_ARM	RAD50	0.505427	WT_LOST
SIM-10731	Benign	NULL_ARM	MRE11	-0.263077	NOT_WT_LOST
SIM-10732	Benign	NULL_ARM	ATR	-1.631735	NOT_WT_LOST
SIM-10733	Benign	NULL_ARM	MRE11	-1.11664	NOT_WT_LOST
SIM-10734	Benign	NULL_ARM	CHEK1	0.000977	NOT_WT_LOST
SIM-10735	Benign	NULL_ARM	FANCM	-1.108744	WT_LOST
SIM-10736	Benign	NULL_ARM	FANCM	-0.625695	NOT_WT_LOST
SIM-10737	Benign	NULL_ARM	ATR	-0.810296	NOT_WT_LOST
SIM-10738	Benign	NULL_ARM	ATR	0.899532	NOT_WT_LOST
SIM-10739	Benign	NULL_ARM	ATM	-1.148519	NOT_WT_LOST
SIM-10740	Benign	NULL_ARM	NBN	0.936474	WT_LOST
SIM-10741	Benign	NULL_ARM	MRE11	-0.953035	NOT_WT_LOST
SIM-10742	Benign	NULL_ARM	CHEK1	-0.184944	NOT_WT_LOST
SIM-10743	Benign	NULL_ARM	RAD50	-0.021936	NOT_WT_LOST
SIM-10744	Benign	NULL_ARM	MRE11	-0.698881	NOT_WT_LOST
SIM-10745	Benign	NULL_ARM	NBN	-0.095552	NOT_WT_LOST
SIM-10746	Benign	NULL_ARM	CHEK2	-0.045652	NOT_WT_LOST
SIM-10747	Benign	NULL_ARM	CHEK1	1.006518	WT_LOST
SIM-10748	Benign	NULL_ARM	CHEK2	1.305711	WT_LOST
SIM-10749	Benign	NULL_ARM	ATR	-0.959011	NOT_WT_LOST
SIM-10750	Benign	NULL_ARM	CHEK1	0.845294	NOT_WT_LOST
SIM-10751	Benign	NULL_ARM	RAD50	-1.103123	NOT_WT_LOST
SIM-10752	Benign	NULL_ARM	RAD50	0.450427	WT_LOST
SIM-10753	Benign	NULL_ARM	CHEK2	-0.531411	NOT_WT_LOST
SIM-10754	Benign	NULL_ARM	MRE11	-1.31425	NOT_WT_LOST
SIM-10755	Benign	NULL_ARM	CHEK2	0.103474	WT_LOST
SIM-10756	Benign	NULL_ARM	FANCM	0.396157	NOT_WT_LOST
SIM-10757	Benign	NULL_ARM	MRE11	-0.808424	NOT_WT_LOST
SIM-10758	Benign	NULL_ARM	CHEK1	-0.409605	NOT_WT_LOST
SIM-10759	Benign	NULL_ARM	NBN	0.570387	WT_LOST
SIM-10760	Benign	NULL_ARM	MRE11	0.295485	NOT_WT_LOST
SIM-10761	Benign	NULL_ARM	CHEK2	0.920456	NOT_WT_LOST
SIM-10762	Benign	NULL_ARM	ATR	-0.668704	NOT_WT_LOST
SIM-10763	Benign	NULL_ARM	CHEK2	0.493111	NOT_WT_LOST
SIM-10764	Benign	NULL_ARM	ATM	-0.356691	NOT_WT_LOST
SIM-10765	Benign	NULL_ARM	RAD50	0.856629	WT_LOST
SIM-10766	Benign	NULL_ARM	ATR	0.074511	NOT_WT_LOST
SIM-10767	Benign	NULL_ARM	FANCM	-0.745565	NOT_WT_LOST
SIM-10768	Benign	NULL_ARM	MRE11	0.082813	NOT_WT_LOST
SIM-10769	Benign	NULL_ARM	CHEK1	-0.88744	NOT_WT_LOST
SIM-10770	Benign	NULL_ARM	RAD50	-0.229697	WT_LOST
SIM-10771	Benign	NULL_ARM	FANCM	0.055662	NOT_WT_LOST
SIM-10772	Benign	NULL_ARM	FANCM	0.039611	NOT_WT_LOST
SIM-10773	Benign	NULL_ARM	ATM	0.909804	NOT_WT_LOST
SIM-10774	Benign	NULL_ARM	CHEK2	1.282127	NOT_WT_LOST
SIM-10775	Benign	NULL_ARM	ATR	-1.086484	NOT_WT_LOST
SIM-10776	Benign	NULL_ARM	ATM	-0.253084	WT_LOST
SIM-10777	Benign	NULL_ARM	ATM	-0.179688	NOT_WT_LOST
SIM-10778	Benign	NULL_ARM	CHEK1	0.395878	WT_LOST
SIM-10779	Benign	NULL_ARM	ATM	0.364445	WT_LOST
SIM-10780	Benign	NULL_ARM	CHEK1	0.388711	WT_LOST
SIM-10781	Benign	NULL_ARM	RAD50	0.911832	WT_LOST
SIM-10782	Benign	NULL_ARM	RAD50	-0.866148	NOT_WT_LOST
SIM-10783	Benign	NULL_ARM	RAD50	0.459896	NOT_WT_LOST
SIM-10784	Benign	NULL_ARM	CHEK1	-0.439133	NOT_WT_LOST
SIM-10785	Benign	NULL_ARM	CHEK1	0.697297	NOT_WT_LOST
SIM-10786	Benign	NULL_ARM	NBN	0.720922	NOT_WT_LOST
SIM-10787	Benign	NULL_ARM	RAD50	-0.189346	NOT_WT_LOST
SIM-10788	Benign	NULL_ARM	FANCM	0.417879	NOT_WT_LOST
SIM-10789	Benign	NULL_ARM	ATM	-0.925759	NOT_WT_LOST
SIM-10790	Benign	NULL_ARM	ATM	0.861279	NOT_WT_LOST
SIM-10791	Benign	NULL_ARM	NBN	0.834924	WT_LOST
SIM-10792	Benign	NULL_ARM	FANCM	2.075606	WT_LOST
SIM-10793	Benign	NULL_ARM	FANCM	0.75033	NOT_WT_LOST
SIM-10794	Benign	NULL_ARM	ATR	-0.518728	NOT_WT_LOST
SIM-10795	Benign	NULL_ARM	MRE11	0.06986	NOT_WT_LOST
SIM-10796	Benign	NULL_ARM	ATM	-1.11558	NOT_WT_LOST
SIM-10797	Benign	NULL_ARM	RAD50	-0.190933	NOT_WT_LOST
SIM-10798	Benign	NULL_ARM	ATR	0.695752	NOT_WT_LOST
SIM-10799	Benign	NULL_ARM	ATM	0.007746	NOT_WT_LOST
SIM-10800	Benign	NULL_ARM	RAD50	1.181172	NOT_WT_LOST
SIM-10801	Benign	NULL_ARM	NBN	-0.80048	NOT_WT_LOST
SIM-10802	Benign	NULL_ARM	FANCM	1.465912	WT_LOST
SIM-10803	Benign	NULL_ARM	FANCM	-0.366121	NOT_WT_LOST
SIM-10804	Benign	NULL_ARM	CHEK2	1.286853	WT_LOST
SIM-10805	Benign	NULL_ARM	RAD50	1.65035	WT_LOST
SIM-10806	Benign	NULL_ARM	MRE11	-0.476378	NOT_WT_LOST
SIM-10807	Benign	NULL_ARM	NBN	-0.049199	NOT_WT_LOST
SIM-10808	Benign	NULL_ARM	FANCM	-0.266736	WT_LOST
SIM-10809	Benign	NULL_ARM	ATR	0.855529	WT_LOST
SIM-10810	Benign	NULL_ARM	CHEK1	0.107283	WT_LOST
SIM-10811	Benign	NULL_ARM	MRE11	-1.506358	NOT_WT_LOST
SIM-10812	Benign	NULL_ARM	MRE11	-0.139263	NOT_WT_LOST
SIM-10813	Benign	NULL_ARM	RAD50	-1.185297	NOT_WT_LOST
SIM-10814	Benign	NULL_ARM	FANCM	2.254464	WT_LOST
SIM-10815	Benign	NULL_ARM	NBN	-1.076126	NOT_WT_LOST
SIM-10816	Benign	NULL_ARM	RAD50	0.978554	WT_LOST
SIM-10817	Benign	NULL_ARM	CHEK2	0.914442	WT_LOST
SIM-10818	Benign	NULL_ARM	CHEK2	1.705193	NOT_WT_LOST
SIM-10819	Benign	NULL_ARM	ATM	0.312051	NOT_WT_LOST
SIM-10820	Benign	NULL_ARM	FANCM	-2.022839	NOT_WT_LOST
SIM-10821	Benign	NULL_ARM	CHEK1	1.414785	WT_LOST
SIM-10822	Benign	NULL_ARM	CHEK2	3.156215	WT_LOST
SIM-10823	Benign	NULL_ARM	ATM	-0.880116	NOT_WT_LOST
SIM-10824	Benign	NULL_ARM	ATM	-0.294408	WT_LOST
SIM-10825	Benign	NULL_ARM	CHEK1	-1.116629	NOT_WT_LOST
SIM-10826	Benign	NULL_ARM	RAD50	-0.722934	WT_LOST
SIM-10827	Benign	NULL_ARM	MRE11	1.06612	WT_LOST
SIM-10828	Benign	NULL_ARM	CHEK1	-0.176875	WT_LOST
SIM-10829	Benign	NULL_ARM	ATM	-0.294193	NOT_WT_LOST
SIM-10830	Benign	NULL_ARM	ATR	0.547381	NOT_WT_LOST
SIM-10831	Benign	NULL_ARM	ATR	2.009515	WT_LOST
SIM-10832	Benign	NULL_ARM	FANCM	-1.36809	NOT_WT_LOST
SIM-10833	Benign	NULL_ARM	FANCM	1.154889	NOT_WT_LOST
SIM-10834	Benign	NULL_ARM	ATR	1.066577	NOT_WT_LOST
SIM-10835	Benign	NULL_ARM	CHEK1	1.147256	WT_LOST
SIM-10836	Benign	NULL_ARM	RAD50	0.14164	NOT_WT_LOST
SIM-10837	Benign	NULL_ARM	RAD50	0.230831	NOT_WT_LOST
SIM-10838	Benign	NULL_ARM	CHEK2	-0.340008	NOT_WT_LOST
SIM-10839	Benign	NULL_ARM	NBN	-0.776302	NOT_WT_LOST
SIM-10840	Benign	NULL_ARM	ATR	2.151461	WT_LOST
SIM-10841	Benign	NULL_ARM	CHEK1	0.471753	NOT_WT_LOST
SIM-10842	Benign	NULL_ARM	NBN	1.099384	WT_LOST
SIM-10843	Benign	NULL_ARM	ATM	1.051472	NOT_WT_LOST
SIM-10844	Benign	NULL_ARM	RAD50	-0.335825	WT_LOST
SIM-10845	Benign	NULL_ARM	RAD50	0.111555	NOT_WT_LOST
SIM-10846	Benign	NULL_ARM	CHEK1	-0.594797	NOT_WT_LOST
SIM-10847	Benign	NULL_ARM	ATM	-0.488739	NOT_WT_LOST
SIM-10848	Benign	NULL_ARM	CHEK2	-1.519433	NOT_WT_LOST
SIM-10849	Benign	NULL_ARM	ATR	-0.789459	NOT_WT_LOST
SIM-10850	Benign	NULL_ARM	MRE11	1.806079	WT_LOST
SIM-10851	Benign	NULL_ARM	CHEK2	0.471717	NOT_WT_LOST
SIM-10852	Benign	NULL_ARM	CHEK1	0.771062	NOT_WT_LOST
SIM-10853	Benign	NULL_ARM	CHEK1	1.038685	NOT_WT_LOST
SIM-10854	Benign	NULL_ARM	CHEK2	-1.357913	NOT_WT_LOST
SIM-10855	Benign	NULL_ARM	CHEK1	1.3929	WT_LOST
SIM-10856	Benign	NULL_ARM	NBN	0.414355	WT_LOST
SIM-10857	Benign	NULL_ARM	ATM	1.30005	NOT_WT_LOST
SIM-10858	Benign	NULL_ARM	FANCM	0.36936	WT_LOST
SIM-10859	Benign	NULL_ARM	CHEK2	0.244237	WT_LOST
SIM-10860	Benign	NULL_ARM	ATM	-1.008001	NOT_WT_LOST
SIM-10861	Benign	NULL_ARM	FANCM	1.180333	NOT_WT_LOST
SIM-10862	Benign	NULL_ARM	CHEK1	0.616353	WT_LOST
SIM-10863	Benign	NULL_ARM	RAD50	-1.226301	NOT_WT_LOST
SIM-10864	Benign	NULL_ARM	ATM	0.914644	WT_LOST
SIM-10865	Benign	NULL_ARM	ATM	1.5536	NOT_WT_LOST
SIM-10866	Benign	NULL_ARM	FANCM	-0.2129	NOT_WT_LOST
SIM-10867	Benign	NULL_ARM	FANCM	1.073922	WT_LOST
SIM-10868	Benign	NULL_ARM	RAD50	1.490408	WT_LOST
SIM-10869	Benign	NULL_ARM	MRE11	-0.856881	NOT_WT_LOST
SIM-10870	Benign	NULL_ARM	MRE11	-0.54496	NOT_WT_LOST
SIM-10871	Benign	NULL_ARM	RAD50	1.012019	NOT_WT_LOST
SIM-10872	Benign	NULL_ARM	MRE11	0.041245	NOT_WT_LOST
SIM-10873	Benign	NULL_ARM	RAD50	-1.034214	NOT_WT_LOST
SIM-10874	Benign	NULL_ARM	CHEK2	-1.372724	NOT_WT_LOST
SIM-10875	Benign	NULL_ARM	MRE11	0.551575	WT_LOST
SIM-10876	Benign	NULL_ARM	CHEK2	0.499648	NOT_WT_LOST
SIM-10877	Benign	NULL_ARM	NBN	1.11989	WT_LOST
SIM-10878	Benign	NULL_ARM	ATR	0.649212	WT_LOST
SIM-10879	Benign	NULL_ARM	ATR	-0.918988	NOT_WT_LOST
SIM-10880	Benign	NULL_ARM	ATR	-0.499262	NOT_WT_LOST
SIM-10881	Benign	NULL_ARM	CHEK2	-1.319061	NOT_WT_LOST
SIM-10882	Benign	NULL_ARM	RAD50	-0.76907	NOT_WT_LOST
SIM-10883	Benign	NULL_ARM	CHEK1	-1.052713	NOT_WT_LOST
SIM-10884	Benign	NULL_ARM	ATR	-0.093317	WT_LOST
SIM-10885	Benign	NULL_ARM	FANCM	0.018806	NOT_WT_LOST
SIM-10886	Benign	NULL_ARM	NBN	0.372154	NOT_WT_LOST
SIM-10887	Benign	NULL_ARM	MRE11	1.511504	WT_LOST
SIM-10888	Benign	NULL_ARM	ATR	-0.666134	NOT_WT_LOST
SIM-10889	Benign	NULL_ARM	ATM	-0.54149	NOT_WT_LOST
SIM-10890	Benign	NULL_ARM	ATM	-0.791381	NOT_WT_LOST
SIM-10891	Benign	NULL_ARM	CHEK1	-0.131659	NOT_WT_LOST
SIM-10892	Benign	NULL_ARM	CHEK2	0.865534	NOT_WT_LOST
SIM-10893	Benign	NULL_ARM	CHEK1	1.872158	WT_LOST
SIM-10894	Benign	NULL_ARM	RAD50	0.655609	WT_LOST
SIM-10895	Benign	NULL_ARM	CHEK2	-0.882898	NOT_WT_LOST
SIM-10896	Benign	NULL_ARM	FANCM	-0.79899	NOT_WT_LOST
SIM-10897	Benign	NULL_ARM	ATM	0.975274	NOT_WT_LOST
SIM-10898	Benign	NULL_ARM	CHEK1	-0.296962	NOT_WT_LOST
SIM-10899	Benign	NULL_ARM	RAD50	0.297778	WT_LOST
SIM-10900	Benign	NULL_ARM	FANCM	-0.150766	NOT_WT_LOST
SIM-10901	Benign	NULL_ARM	FANCM	-0.611103	NOT_WT_LOST
SIM-10902	Benign	NULL_ARM	NBN	0.700842	WT_LOST
SIM-10903	Benign	NULL_ARM	MRE11	0.883825	NOT_WT_LOST
SIM-10904	Benign	NULL_ARM	CHEK1	0.392396	WT_LOST
SIM-10905	Benign	NULL_ARM	CHEK1	1.186605	WT_LOST
SIM-10906	Benign	NULL_ARM	CHEK1	0.285969	NOT_WT_LOST
SIM-10907	Benign	NULL_ARM	ATR	-0.414198	WT_LOST
SIM-10908	Benign	NULL_ARM	NBN	0.34527	WT_LOST
SIM-10909	Benign	NULL_ARM	FANCM	0.111844	WT_LOST
SIM-10910	Benign	NULL_ARM	CHEK2	0.985243	NOT_WT_LOST
SIM-10911	Benign	NULL_ARM	ATM	-0.223258	NOT_WT_LOST
SIM-10912	Benign	NULL_ARM	RAD50	0.475352	WT_LOST
SIM-10913	Benign	NULL_ARM	CHEK2	0.346801	NOT_WT_LOST
SIM-10914	Benign	NULL_ARM	MRE11	-1.217286	NOT_WT_LOST
SIM-10915	Benign	NULL_ARM	RAD50	0.355885	NOT_WT_LOST
SIM-10916	Benign	NULL_ARM	MRE11	0.358762	NOT_WT_LOST
SIM-10917	Benign	NULL_ARM	CHEK1	-1.155311	NOT_WT_LOST
SIM-10918	Benign	NULL_ARM	RAD50	-1.134757	NOT_WT_LOST
SIM-10919	Benign	NULL_ARM	RAD50	-0.088735	NOT_WT_LOST
SIM-10920	Benign	NULL_ARM	NBN	1.014863	WT_LOST
SIM-10921	Benign	NULL_ARM	ATR	0.046597	WT_LOST
SIM-10922	Benign	NULL_ARM	CHEK2	0.286319	WT_LOST
SIM-10923	Benign	NULL_ARM	FANCM	-0.141921	WT_LOST
SIM-10924	Benign	NULL_ARM	FANCM	1.721532	NOT_WT_LOST
SIM-10925	Benign	NULL_ARM	MRE11	2.405624	WT_LOST
SIM-10926	Benign	NULL_ARM	NBN	-0.747718	NOT_WT_LOST
SIM-10927	Benign	NULL_ARM	MRE11	0.625769	NOT_WT_LOST
SIM-10928	Benign	NULL_ARM	CHEK1	-1.601011	NOT_WT_LOST
SIM-10929	Benign	NULL_ARM	RAD50	-1.145093	NOT_WT_LOST
SIM-10930	Benign	NULL_ARM	ATM	1.009035	WT_LOST
SIM-10931	Benign	NULL_ARM	ATR	-1.173047	WT_LOST
SIM-10932	Benign	NULL_ARM	ATR	0.297854	WT_LOST
SIM-10933	Benign	NULL_ARM	ATM	1.019648	WT_LOST
SIM-10934	Benign	NULL_ARM	CHEK2	-1.238881	NOT_WT_LOST
SIM-10935	Benign	NULL_ARM	RAD50	-1.380339	WT_LOST
SIM-10936	Benign	NULL_ARM	MRE11	-0.247159	NOT_WT_LOST
SIM-10937	Benign	NULL_ARM	FANCM	0.213672	NOT_WT_LOST
SIM-10938	Benign	NULL_ARM	NBN	0.064789	WT_LOST
SIM-10939	Benign	NULL_ARM	RAD50	-1.421573	NOT_WT_LOST
SIM-10940	Benign	NULL_ARM	CHEK2	-1.383138	NOT_WT_LOST
SIM-10941	Benign	NULL_ARM	FANCM	1.141895	NOT_WT_LOST
SIM-10942	Benign	NULL_ARM	ATM	-0.514616	NOT_WT_LOST
SIM-10943	Benign	NULL_ARM	FANCM	-0.240399	NOT_WT_LOST
SIM-10944	Benign	NULL_ARM	CHEK2	-2.391497	NOT_WT_LOST
SIM-10945	Benign	NULL_ARM	ATM	-0.221483	NOT_WT_LOST
SIM-10946	Benign	NULL_ARM	ATM	-0.563856	NOT_WT_LOST
SIM-10947	Benign	NULL_ARM	MRE11	0.610017	WT_LOST
SIM-10948	Benign	NULL_ARM	RAD50	-0.281542	NOT_WT_LOST
SIM-10949	Benign	NULL_ARM	ATR	-0.726231	NOT_WT_LOST
SIM-10950	Benign	NULL_ARM	CHEK1	1.642713	WT_LOST
SIM-10951	Benign	NULL_ARM	NBN	-1.265152	NOT_WT_LOST
SIM-10952	Benign	NULL_ARM	RAD50	-0.904782	WT_LOST
SIM-10953	Benign	NULL_ARM	ATR	0.376135	WT_LOST
SIM-10954	Benign	NULL_ARM	ATM	-1.770341	WT_LOST
SIM-10955	Benign	NULL_ARM	ATM	0.999164	WT_LOST
SIM-10956	Benign	NULL_ARM	ATM	0.512138	NOT_WT_LOST
SIM-10957	Benign	NULL_ARM	FANCM	0.315167	NOT_WT_LOST
SIM-10958	Benign	NULL_ARM	NBN	-0.058123	NOT_WT_LOST
SIM-10959	Benign	NULL_ARM	ATR	-1.600024	NOT_WT_LOST
SIM-10960	Benign	NULL_ARM	ATR	0.301035	NOT_WT_LOST
SIM-10961	Benign	NULL_ARM	NBN	1.368129	WT_LOST
SIM-10962	Benign	NULL_ARM	ATM	-0.945066	WT_LOST
SIM-10963	Benign	NULL_ARM	ATM	0.21128	WT_LOST
SIM-10964	Benign	NULL_ARM	ATM	-0.124783	WT_LOST
SIM-10965	Benign	NULL_ARM	FANCM	0.377094	NOT_WT_LOST
SIM-10966	Benign	NULL_ARM	FANCM	-0.990871	WT_LOST
SIM-10967	Benign	NULL_ARM	CHEK1	-0.215407	NOT_WT_LOST
SIM-10968	Benign	NULL_ARM	CHEK1	1.61233	WT_LOST
SIM-10969	Benign	NULL_ARM	MRE11	0.123772	WT_LOST
SIM-10970	Benign	NULL_ARM	NBN	1.309265	WT_LOST
SIM-10971	Benign	NULL_ARM	CHEK2	0.033973	NOT_WT_LOST
SIM-10972	Benign	NULL_ARM	ATR	-1.444407	NOT_WT_LOST
SIM-10973	Benign	NULL_ARM	ATM	-0.031001	NOT_WT_LOST
SIM-10974	Benign	NULL_ARM	RAD50	-0.517602	WT_LOST
SIM-10975	Benign	NULL_ARM	RAD50	-0.120329	WT_LOST
SIM-10976	Benign	NULL_ARM	FANCM	0.457502	WT_LOST
SIM-10977	Benign	NULL_ARM	FANCM	-0.367039	NOT_WT_LOST
SIM-10978	Benign	NULL_ARM	CHEK1	-1.673175	NOT_WT_LOST
SIM-10979	Benign	NULL_ARM	FANCM	-1.30654	NOT_WT_LOST
SIM-10980	Benign	NULL_ARM	NBN	0.31565	NOT_WT_LOST
SIM-10981	Benign	NULL_ARM	CHEK2	-0.495396	NOT_WT_LOST
SIM-10982	Benign	NULL_ARM	CHEK2	0.439896	WT_LOST
SIM-10983	Benign	NULL_ARM	CHEK2	1.377232	WT_LOST
SIM-10984	Benign	NULL_ARM	MRE11	-1.891778	NOT_WT_LOST
SIM-10985	Benign	NULL_ARM	ATR	-2.1566	NOT_WT_LOST
SIM-10986	Benign	NULL_ARM	CHEK2	0.468484	WT_LOST
SIM-10987	Benign	NULL_ARM	RAD50	-1.307482	NOT_WT_LOST
SIM-10988	Benign	NULL_ARM	NBN	0.92054	WT_LOST
SIM-10989	Benign	NULL_ARM	CHEK2	-0.673463	NOT_WT_LOST
SIM-10990	Benign	NULL_ARM	RAD50	-0.141335	NOT_WT_LOST
SIM-10991	Benign	NULL_ARM	CHEK1	-0.280554	NOT_WT_LOST
SIM-10992	Benign	NULL_ARM	CHEK1	-1.191025	NOT_WT_LOST
SIM-10993	Benign	NULL_ARM	ATM	-1.417756	NOT_WT_LOST
SIM-10994	Benign	NULL_ARM	RAD50	0.72057	WT_LOST
SIM-10995	Benign	NULL_ARM	NBN	-0.719195	NOT_WT_LOST
SIM-10996	Benign	NULL_ARM	CHEK1	0.830637	WT_LOST
SIM-10997	Benign	NULL_ARM	NBN	-0.96097	WT_LOST
SIM-10998	Benign	NULL_ARM	NBN	0.235055	WT_LOST
SIM-10999	Benign	NULL_ARM	ATM	-0.713153	NOT_WT_LOST
SIM-11000	Benign	NULL_ARM	MRE11	-0.33121	NOT_WT_LOST
SIM-11001	Benign	NULL_ARM	FANCM	0.627665	NOT_WT_LOST
SIM-11002	Benign	NULL_ARM	FANCM	0.082713	WT_LOST
SIM-11003	Benign	NULL_ARM	MRE11	-0.489003	WT_LOST
SIM-11004	Benign	NULL_ARM	FANCM	-0.768066	NOT_WT_LOST
SIM-11005	Benign	NULL_ARM	NBN	-1.954122	NOT_WT_LOST
SIM-11006	Benign	NULL_ARM	CHEK1	-0.670079	NOT_WT_LOST
SIM-11007	Benign	NULL_ARM	CHEK2	1.029063	NOT_WT_LOST
SIM-11008	Benign	NULL_ARM	MRE11	-1.03316	NOT_WT_LOST
SIM-11009	Benign	NULL_ARM	ATM	-0.648652	NOT_WT_LOST
SIM-11010	Benign	NULL_ARM	CHEK1	-0.492603	NOT_WT_LOST
SIM-11011	Benign	NULL_ARM	MRE11	0.700282	WT_LOST
SIM-11012	Benign	NULL_ARM	NBN	-0.39166	NOT_WT_LOST
SIM-11013	Benign	NULL_ARM	RAD50	0.224493	WT_LOST
SIM-11014	Benign	NULL_ARM	NBN	1.095898	NOT_WT_LOST
SIM-11015	Benign	NULL_ARM	MRE11	1.623834	WT_LOST
SIM-11016	Benign	NULL_ARM	ATM	0.480366	WT_LOST
SIM-11017	Benign	NULL_ARM	RAD50	-0.539572	NOT_WT_LOST
SIM-11018	Benign	NULL_ARM	MRE11	-0.401093	NOT_WT_LOST
SIM-11019	Benign	NULL_ARM	NBN	0.482181	NOT_WT_LOST
SIM-11020	Benign	NULL_ARM	MRE11	-0.35365	NOT_WT_LOST
SIM-11021	Benign	NULL_ARM	RAD50	-1.014455	NOT_WT_LOST
SIM-11022	Benign	NULL_ARM	NBN	-1.147911	NOT_WT_LOST
SIM-11023	Benign	NULL_ARM	FANCM	0.60442	NOT_WT_LOST
SIM-11024	Benign	NULL_ARM	ATM	-0.786039	NOT_WT_LOST
SIM-11025	Benign	NULL_ARM	CHEK2	0.392194	NOT_WT_LOST
SIM-11026	Benign	NULL_ARM	ATM	-0.460079	WT_LOST
SIM-11027	Benign	NULL_ARM	ATR	-1.161427	NOT_WT_LOST
SIM-11028	Benign	NULL_ARM	FANCM	-0.85109	NOT_WT_LOST
SIM-11029	Benign	NULL_ARM	ATR	-0.874337	NOT_WT_LOST
SIM-11030	Benign	NULL_ARM	NBN	0.359082	NOT_WT_LOST
SIM-11031	Benign	NULL_ARM	NBN	0.295639	NOT_WT_LOST
SIM-11032	Benign	NULL_ARM	MRE11	-0.211235	NOT_WT_LOST
SIM-11033	Benign	NULL_ARM	ATM	1.031146	WT_LOST
SIM-11034	Benign	NULL_ARM	MRE11	0.851016	WT_LOST
SIM-11035	Benign	NULL_ARM	CHEK1	-0.544297	NOT_WT_LOST
SIM-11036	Benign	NULL_ARM	MRE11	0.61429	WT_LOST
SIM-11037	Benign	NULL_ARM	RAD50	-1.630319	WT_LOST
SIM-11038	Benign	NULL_ARM	CHEK1	-1.220883	WT_LOST
SIM-11039	Benign	NULL_ARM	NBN	1.885569	WT_LOST
SIM-11040	Benign	NULL_ARM	FANCM	0.139319	WT_LOST
SIM-11041	Benign	NULL_ARM	FANCM	-1.406304	NOT_WT_LOST
SIM-11042	Benign	NULL_ARM	RAD50	2.045401	WT_LOST
SIM-11043	Benign	NULL_ARM	ATR	-0.661423	WT_LOST
SIM-11044	Benign	NULL_ARM	RAD50	0.638622	WT_LOST
SIM-11045	Benign	NULL_ARM	ATR	-1.229899	NOT_WT_LOST
SIM-11046	Benign	NULL_ARM	MRE11	0.67324	NOT_WT_LOST
SIM-11047	Benign	NULL_ARM	CHEK2	-0.761873	WT_LOST
SIM-11048	Benign	NULL_ARM	CHEK2	0.223968	NOT_WT_LOST
SIM-11049	Benign	NULL_ARM	CHEK2	-0.662425	NOT_WT_LOST
SIM-11050	Benign	NULL_ARM	MRE11	0.165792	NOT_WT_LOST
SIM-11051	Benign	NULL_ARM	RAD50	0.768318	NOT_WT_LOST
SIM-11052	Benign	NULL_ARM	RAD50	0.587825	WT_LOST
SIM-11053	Benign	NULL_ARM	ATM	-0.630986	NOT_WT_LOST
SIM-11054	Benign	NULL_ARM	CHEK1	-1.662447	NOT_WT_LOST
SIM-11055	Benign	NULL_ARM	CHEK2	-0.018831	NOT_WT_LOST
SIM-11056	Benign	NULL_ARM	RAD50	-1.521706	NOT_WT_LOST
SIM-11057	Benign	NULL_ARM	MRE11	-1.855649	NOT_WT_LOST
SIM-11058	Benign	NULL_ARM	ATM	1.00792	WT_LOST
SIM-11059	Benign	NULL_ARM	CHEK2	1.308886	WT_LOST
SIM-11060	Benign	NULL_ARM	FANCM	-1.118448	NOT_WT_LOST
SIM-11061	Benign	NULL_ARM	ATR	4.016173	WT_LOST
SIM-11062	Benign	NULL_ARM	ATM	-0.056425	NOT_WT_LOST
SIM-11063	Benign	NULL_ARM	FANCM	0.390103	WT_LOST
SIM-11064	Benign	NULL_ARM	ATM	-0.948674	NOT_WT_LOST
SIM-11065	Benign	NULL_ARM	NBN	0.75493	NOT_WT_LOST
SIM-11066	Benign	NULL_ARM	CHEK2	-1.254078	NOT_WT_LOST
SIM-11067	Benign	NULL_ARM	FANCM	0.013601	WT_LOST
SIM-11068	Benign	NULL_ARM	CHEK1	-0.423362	NOT_WT_LOST
SIM-11069	Benign	NULL_ARM	FANCM	0.118165	WT_LOST
SIM-11070	Benign	NULL_ARM	MRE11	-0.649023	NOT_WT_LOST
SIM-11071	Benign	NULL_ARM	ATR	-0.153702	WT_LOST
SIM-11072	Benign	NULL_ARM	NBN	0.803334	NOT_WT_LOST
SIM-11073	Benign	NULL_ARM	CHEK1	1.798915	NOT_WT_LOST
SIM-11074	Benign	NULL_ARM	CHEK1	0.836338	NOT_WT_LOST
SIM-11075	Benign	NULL_ARM	ATM	-0.246033	WT_LOST
SIM-11076	Benign	NULL_ARM	CHEK2	1.184623	WT_LOST
SIM-11077	Benign	NULL_ARM	CHEK2	0.225132	WT_LOST
SIM-11078	Benign	NULL_ARM	MRE11	-0.772914	WT_LOST
SIM-11079	Benign	NULL_ARM	RAD50	-0.457318	NOT_WT_LOST
SIM-11080	Benign	NULL_ARM	CHEK1	0.491283	WT_LOST
SIM-11081	Benign	NULL_ARM	CHEK1	-0.755735	NOT_EVALUABLE
SIM-11082	Benign	NULL_ARM	NBN	1.075856	NOT_EVALUABLE
SIM-11083	Benign	NULL_ARM	ATM	0.608005	NOT_EVALUABLE
SIM-11084	Benign	NULL_ARM	FANCM	-1.307096	NOT_EVALUABLE
SIM-11085	Benign	NULL_ARM	ATR	1.273123	NOT_EVALUABLE
SIM-11086	Benign	NULL_ARM	ATR	-1.515496	NOT_EVALUABLE
SIM-11087	Benign	NULL_ARM	CHEK2	-0.901755	NOT_EVALUABLE
SIM-11088	Benign	NULL_ARM	CHEK2	0.230977	NOT_EVALUABLE
